reservation_id,property_code,confirmation_number,guest_id,arrival_date,departure_date,room_type,rate_plan_code,price_plan_code,booking_status,room_count,total_revenue,currency,created_ts,updated_ts
RES100001,HYD001,CNF100001,GUEST100001,2026-05-20,2026-05-24,QUEEN,MEMBER,MEM_STD,MODIFIED,1,26388,INR,2026-05-11 00:31:43,2026-05-11 02:13:43
RES100002,MUM001,CNF100002,GUEST100002,2026-07-09,2026-07-11,DLX,PKG,PKG_DLX,MODIFIED,1,9980,INR,2026-05-11 22:33:31,2026-05-12 01:03:31
RES100003,BLR002,CNF100003,GUEST100003,2026-05-27,2026-05-28,STE,MEMBER,MEM_DLX,BOOKED,4,18676,INR,2026-05-11 23:11:46,2026-05-11 23:20:46
RES100004,BLR002,CNF100004,GUEST100004,2026-06-25,2026-06-28,STE,BAR,BAR_DLX,MODIFIED,1,42723,INR,2026-05-11 04:26:06,2026-05-11 06:27:06
RES100005,KER001,CNF100005,GUEST100005,2026-05-18,2026-05-22,STD,PREPAY,PPR_STD,MODIFIED,4,137552,INR,2026-05-11 07:05:50,2026-05-11 07:19:50
RES100006,DEL001,CNF100006,GUEST100006,2026-05-24,2026-05-28,KING,PREPAY,PPR_STD,BOOKED,2,90264,INR,2026-05-11 16:46:13,2026-05-11 18:23:13
RES100007,DEL002,CNF100007,GUEST100007,2026-06-02,2026-06-04,STD,PREPAY,PPR_STD,MODIFIED,1,10568,INR,2026-05-11 08:31:21,2026-05-11 10:44:21
RES100008,CHN001,CNF100008,GUEST100008,2026-05-14,2026-05-19,STD,BAR,BAR_DLX,BOOKED,4,139320,INR,2026-05-11 14:14:42,2026-05-11 14:17:42
RES100009,MUM002,CNF100009,GUEST100009,2026-06-16,2026-06-21,STD,BAR,BAR_DLX,MODIFIED,3,169485,INR,2026-05-11 10:54:44,2026-05-11 11:15:44
RES100010,KOL001,CNF100010,GUEST100010,2026-06-02,2026-06-06,DLX,CORP,CORP_DLX,BOOKED,1,34072,INR,2026-05-11 23:34:02,2026-05-12 00:42:02
RES100011,CHN001,CNF100011,GUEST100011,2026-05-25,2026-05-30,KING,PKG,PKG_STD,CANCELLED,1,0,INR,2026-05-11 13:13:29,2026-05-11 16:01:29
RES100012,CHA001,CNF100012,GUEST100012,2026-06-08,2026-06-09,STE,BAR,BAR_DLX,MODIFIED,3,19131,INR,2026-05-11 15:20:23,2026-05-11 17:08:23
RES100013,BLR002,CNF100013,GUEST100013,2026-07-10,2026-07-13,STE,CORP,CORP_STD,MODIFIED,2,51108,INR,2026-05-11 08:32:41,2026-05-11 09:28:41
RES100014,MUM002,CNF100014,GUEST100014,2026-05-28,2026-05-31,STD,PKG,PKG_STD,MODIFIED,4,111840,INR,2026-05-11 07:47:00,2026-05-11 10:13:00
RES100015,KOL001,CNF100015,GUEST100015,2026-05-25,2026-05-30,QUEEN,BAR,BAR_DLX,BOOKED,2,83870,INR,2026-05-11 04:54:09,2026-05-11 05:16:09
RES100016,MUM001,CNF100016,GUEST100016,2026-07-03,2026-07-05,STE,PREPAY,PPR_STD,CANCELLED,3,0,INR,2026-05-11 00:20:55,2026-05-11 01:09:55
RES100017,KOL001,CNF100017,GUEST100017,2026-06-22,2026-06-27,KING,CORP,CORP_DLX,CANCELLED,1,0,INR,2026-05-11 04:36:10,2026-05-11 06:21:10
RES100018,CHN001,CNF100018,GUEST100018,2026-06-29,2026-07-04,STD,BAR,BAR_STD,MODIFIED,4,218740,INR,2026-05-11 20:44:28,2026-05-11 23:37:28
RES100019,CHN001,CNF100019,GUEST100019,2026-05-31,2026-06-04,QUEEN,PREPAY,PPR_STD,CANCELLED,4,0,INR,2026-05-11 12:52:49,2026-05-11 14:15:49
RES100020,BLR002,CNF100020,GUEST100020,2026-06-30,2026-07-02,STD,PREPAY,PPR_DLX,BOOKED,4,72432,INR,2026-05-11 22:51:27,2026-05-12 00:02:27
RES100021,CHA001,CNF100021,GUEST100021,2026-06-26,2026-06-30,STD,MEMBER,MEM_STD,MODIFIED,2,29664,INR,2026-05-11 20:13:40,2026-05-11 22:52:40
RES100022,BLR001,CNF100022,GUEST100022,2026-06-29,2026-06-30,STE,PKG,PKG_STD,BOOKED,2,17206,INR,2026-05-11 20:32:43,2026-05-11 22:47:43
RES100023,CHA001,CNF100023,GUEST100023,2026-06-11,2026-06-15,QUEEN,PKG,PKG_DLX,BOOKED,1,29988,INR,2026-05-11 18:49:47,2026-05-11 19:31:47
RES100024,CHA001,CNF100024,GUEST100024,2026-05-30,2026-05-31,DLX,BAR,BAR_STD,CANCELLED,1,0,INR,2026-05-11 15:25:23,2026-05-11 15:47:23
RES100025,DEL002,CNF100025,GUEST100025,2026-06-30,2026-07-03,DLX,MEMBER,MEM_STD,BOOKED,4,107196,INR,2026-05-11 12:55:21,2026-05-11 15:36:21
RES100026,BLR002,CNF100026,GUEST100026,2026-05-30,2026-06-03,DLX,MEMBER,MEM_DLX,BOOKED,3,85320,INR,2026-05-11 19:29:34,2026-05-11 21:23:34
RES100027,CHA001,CNF100027,GUEST100027,2026-05-17,2026-05-21,QUEEN,PREPAY,PPR_STD,CANCELLED,4,0,INR,2026-05-11 00:25:08,2026-05-11 02:18:08
RES100028,KER001,CNF100028,GUEST100028,2026-06-15,2026-06-19,STE,MEMBER,MEM_STD,MODIFIED,1,46196,INR,2026-05-11 17:32:37,2026-05-11 19:43:37
RES100029,CHN001,CNF100029,GUEST100029,2026-07-04,2026-07-09,KING,PKG,PKG_DLX,CANCELLED,1,0,INR,2026-05-11 20:23:59,2026-05-11 20:58:59
RES100030,KOL001,CNF100030,GUEST100030,2026-07-03,2026-07-07,STD,MEMBER,MEM_DLX,CANCELLED,3,0,INR,2026-05-11 11:26:22,2026-05-11 13:11:22
RES100031,MUM001,CNF100031,GUEST100031,2026-06-17,2026-06-22,STE,MEMBER,MEM_STD,BOOKED,2,50330,INR,2026-05-11 03:39:52,2026-05-11 05:43:52
RES100032,MUM001,CNF100032,GUEST100032,2026-05-18,2026-05-23,QUEEN,BAR,BAR_STD,BOOKED,2,41570,INR,2026-05-11 15:32:48,2026-05-11 17:47:48
RES100033,CHN001,CNF100033,GUEST100033,2026-06-14,2026-06-17,DLX,CORP,CORP_STD,CANCELLED,3,0,INR,2026-05-11 19:10:01,2026-05-11 19:46:01
RES100034,CHA001,CNF100034,GUEST100034,2026-06-21,2026-06-22,KING,PREPAY,PPR_STD,MODIFIED,1,11254,INR,2026-05-11 22:03:58,2026-05-11 22:27:58
RES100035,DEL002,CNF100035,GUEST100035,2026-05-12,2026-05-14,KING,PREPAY,PPR_DLX,MODIFIED,3,45144,INR,2026-05-11 01:45:05,2026-05-11 03:17:05
RES100036,HYD001,CNF100036,GUEST100036,2026-06-15,2026-06-18,DLX,BAR,BAR_DLX,MODIFIED,2,82026,INR,2026-05-11 09:53:21,2026-05-11 12:34:21
RES100037,DEL001,CNF100037,GUEST100037,2026-06-02,2026-06-03,KING,MEMBER,MEM_DLX,CANCELLED,3,0,INR,2026-05-11 05:23:55,2026-05-11 06:27:55
RES100038,CHN001,CNF100038,GUEST100038,2026-05-25,2026-05-30,STE,PREPAY,PPR_DLX,BOOKED,2,110950,INR,2026-05-11 20:51:20,2026-05-11 22:11:20
RES100039,KOL001,CNF100039,GUEST100039,2026-05-24,2026-05-27,STD,PKG,PKG_STD,BOOKED,4,69804,INR,2026-05-11 13:03:08,2026-05-11 15:20:08
RES100040,MUM002,CNF100040,GUEST100040,2026-07-10,2026-07-14,KING,MEMBER,MEM_DLX,CANCELLED,4,0,INR,2026-05-11 13:04:04,2026-05-11 15:32:04
RES100041,MUM001,CNF100041,GUEST100041,2026-07-08,2026-07-11,DLX,CORP,CORP_DLX,BOOKED,4,140904,INR,2026-05-11 20:29:06,2026-05-11 20:41:06
RES100042,MUM001,CNF100042,GUEST100042,2026-06-22,2026-06-27,DLX,PKG,PKG_DLX,BOOKED,2,57490,INR,2026-05-11 11:12:42,2026-05-11 13:29:42
RES100043,KOL001,CNF100043,GUEST100043,2026-05-31,2026-06-04,QUEEN,MEMBER,MEM_DLX,MODIFIED,2,105672,INR,2026-05-11 11:24:41,2026-05-11 12:28:41
RES100044,CHA001,CNF100044,GUEST100044,2026-05-18,2026-05-20,STD,PKG,PKG_STD,MODIFIED,1,23892,INR,2026-05-11 10:42:00,2026-05-11 11:27:00
RES100045,MUM002,CNF100045,GUEST100045,2026-05-29,2026-05-31,STD,BAR,BAR_STD,CANCELLED,2,0,INR,2026-05-11 19:51:05,2026-05-11 21:38:05
RES100046,BLR001,CNF100046,GUEST100046,2026-06-13,2026-06-16,QUEEN,CORP,CORP_DLX,CANCELLED,1,0,INR,2026-05-11 12:01:50,2026-05-11 13:06:50
RES100047,CHN001,CNF100047,GUEST100047,2026-05-26,2026-05-31,DLX,CORP,CORP_STD,CANCELLED,4,0,INR,2026-05-11 03:17:08,2026-05-11 04:16:08
RES100048,MUM002,CNF100048,GUEST100048,2026-06-08,2026-06-10,DLX,BAR,BAR_STD,MODIFIED,2,22728,INR,2026-05-11 01:36:15,2026-05-11 03:11:15
RES100049,DEL001,CNF100049,GUEST100049,2026-06-15,2026-06-16,STE,PKG,PKG_STD,BOOKED,3,34152,INR,2026-05-11 01:21:05,2026-05-11 02:26:05
RES100050,CHN001,CNF100050,GUEST100050,2026-05-21,2026-05-24,KING,CORP,CORP_STD,CANCELLED,4,0,INR,2026-05-11 03:05:45,2026-05-11 04:45:45
RES100051,BLR001,CNF100051,GUEST100051,2026-07-04,2026-07-05,STD,BAR,BAR_STD,MODIFIED,2,23384,INR,2026-05-11 13:03:21,2026-05-11 13:06:21
RES100052,KER001,CNF100052,GUEST100052,2026-07-03,2026-07-06,KING,CORP,CORP_STD,BOOKED,4,141948,INR,2026-05-11 06:27:09,2026-05-11 06:30:09
RES100053,MUM002,CNF100053,GUEST100053,2026-06-17,2026-06-18,DLX,PREPAY,PPR_STD,BOOKED,1,14564,INR,2026-05-11 00:29:49,2026-05-11 00:50:49
RES100054,KER001,CNF100054,GUEST100054,2026-05-18,2026-05-21,KING,PREPAY,PPR_DLX,MODIFIED,1,20553,INR,2026-05-11 06:09:25,2026-05-11 09:09:25
RES100055,MUM001,CNF100055,GUEST100055,2026-06-20,2026-06-23,STE,BAR,BAR_STD,BOOKED,3,56493,INR,2026-05-11 18:50:39,2026-05-11 20:08:39
RES100056,KER001,CNF100056,GUEST100056,2026-05-23,2026-05-26,STE,CORP,CORP_DLX,MODIFIED,1,32937,INR,2026-05-11 23:12:37,2026-05-12 00:58:37
RES100057,CHN001,CNF100057,GUEST100057,2026-05-26,2026-05-30,STD,PREPAY,PPR_DLX,CANCELLED,1,0,INR,2026-05-11 19:52:07,2026-05-11 21:58:07
RES100058,CHA001,CNF100058,GUEST100058,2026-05-23,2026-05-25,KING,BAR,BAR_STD,BOOKED,3,32004,INR,2026-05-11 09:08:55,2026-05-11 10:22:55
RES100059,DEL001,CNF100059,GUEST100059,2026-06-28,2026-06-29,KING,PKG,PKG_DLX,BOOKED,1,9532,INR,2026-05-11 04:49:51,2026-05-11 05:06:51
RES100060,KOL001,CNF100060,GUEST100060,2026-05-19,2026-05-20,QUEEN,BAR,BAR_DLX,MODIFIED,3,17163,INR,2026-05-11 08:10:07,2026-05-11 08:26:07
RES100061,KOL001,CNF100061,GUEST100061,2026-07-03,2026-07-06,STE,PREPAY,PPR_STD,MODIFIED,1,41667,INR,2026-05-11 19:11:59,2026-05-11 19:50:59
RES100062,HYD001,CNF100062,GUEST100062,2026-06-21,2026-06-25,STE,MEMBER,MEM_STD,MODIFIED,1,58624,INR,2026-05-11 16:11:18,2026-05-11 18:30:18
RES100063,BLR001,CNF100063,GUEST100063,2026-06-25,2026-06-27,DLX,BAR,BAR_STD,BOOKED,3,77880,INR,2026-05-11 05:48:51,2026-05-11 07:20:51
RES100064,HYD001,CNF100064,GUEST100064,2026-05-27,2026-06-01,QUEEN,PREPAY,PPR_STD,CANCELLED,3,0,INR,2026-05-11 15:56:07,2026-05-11 16:26:07
RES100065,MUM001,CNF100065,GUEST100065,2026-07-07,2026-07-09,QUEEN,PKG,PKG_DLX,CANCELLED,2,0,INR,2026-05-11 03:10:15,2026-05-11 04:25:15
RES100066,DEL002,CNF100066,GUEST100066,2026-06-17,2026-06-18,DLX,PREPAY,PPR_DLX,BOOKED,3,36600,INR,2026-05-11 18:29:25,2026-05-11 20:16:25
RES100067,HYD001,CNF100067,GUEST100067,2026-06-07,2026-06-12,STE,PREPAY,PPR_STD,MODIFIED,1,65870,INR,2026-05-11 12:25:25,2026-05-11 12:46:25
RES100068,MUM002,CNF100068,GUEST100068,2026-05-28,2026-05-31,STD,CORP,CORP_DLX,MODIFIED,2,83724,INR,2026-05-11 07:54:16,2026-05-11 08:00:16
RES100069,CHA001,CNF100069,GUEST100069,2026-05-13,2026-05-16,STE,PREPAY,PPR_STD,BOOKED,4,92808,INR,2026-05-11 07:36:31,2026-05-11 08:14:31
RES100070,MUM001,CNF100070,GUEST100070,2026-05-30,2026-06-01,DLX,BAR,BAR_DLX,BOOKED,3,83622,INR,2026-05-11 01:25:14,2026-05-11 03:08:14
RES100071,CHA001,CNF100071,GUEST100071,2026-07-05,2026-07-07,STE,PREPAY,PPR_STD,MODIFIED,4,79688,INR,2026-05-11 02:48:55,2026-05-11 03:02:55
RES100072,CHA001,CNF100072,GUEST100072,2026-07-02,2026-07-06,QUEEN,CORP,CORP_STD,MODIFIED,3,173364,INR,2026-05-11 15:14:08,2026-05-11 17:45:08
RES100073,KOL001,CNF100073,GUEST100073,2026-06-03,2026-06-05,QUEEN,CORP,CORP_STD,MODIFIED,2,43572,INR,2026-05-11 09:51:10,2026-05-11 12:20:10
RES100074,CHA001,CNF100074,GUEST100074,2026-07-07,2026-07-11,STE,CORP,CORP_DLX,CANCELLED,2,0,INR,2026-05-11 19:45:48,2026-05-11 22:29:48
RES100075,MUM001,CNF100075,GUEST100075,2026-05-21,2026-05-24,STD,CORP,CORP_DLX,MODIFIED,2,66660,INR,2026-05-11 00:11:07,2026-05-11 02:37:07
RES100076,KER001,CNF100076,GUEST100076,2026-07-09,2026-07-13,STE,BAR,BAR_STD,MODIFIED,3,43752,INR,2026-05-11 16:57:44,2026-05-11 19:06:44
RES100077,CHA001,CNF100077,GUEST100077,2026-06-11,2026-06-12,STE,BAR,BAR_STD,BOOKED,4,48912,INR,2026-05-11 22:52:56,2026-05-11 23:10:56
RES100078,MUM001,CNF100078,GUEST100078,2026-05-23,2026-05-24,DLX,PREPAY,PPR_STD,BOOKED,1,11897,INR,2026-05-11 08:37:51,2026-05-11 10:45:51
RES100079,MUM002,CNF100079,GUEST100079,2026-05-26,2026-05-29,STE,PREPAY,PPR_STD,BOOKED,4,128472,INR,2026-05-11 00:12:52,2026-05-11 02:50:52
RES100080,KER001,CNF100080,GUEST100080,2026-06-03,2026-06-07,QUEEN,MEMBER,MEM_DLX,MODIFIED,1,41592,INR,2026-05-11 14:20:25,2026-05-11 17:15:25
RES100081,BLR001,CNF100081,GUEST100081,2026-06-06,2026-06-08,KING,PKG,PKG_STD,CANCELLED,2,0,INR,2026-05-11 01:11:51,2026-05-11 01:32:51
RES100082,CHN001,CNF100082,GUEST100082,2026-06-18,2026-06-21,STE,PREPAY,PPR_DLX,CANCELLED,2,0,INR,2026-05-11 09:41:48,2026-05-11 11:15:48
RES100083,DEL001,CNF100083,GUEST100083,2026-05-24,2026-05-25,KING,PKG,PKG_DLX,BOOKED,2,29202,INR,2026-05-11 09:20:02,2026-05-11 09:26:02
RES100084,CHA001,CNF100084,GUEST100084,2026-06-08,2026-06-10,STD,PREPAY,PPR_STD,CANCELLED,1,0,INR,2026-05-11 23:30:48,2026-05-12 01:14:48
RES100085,KOL001,CNF100085,GUEST100085,2026-07-02,2026-07-04,STD,BAR,BAR_DLX,CANCELLED,1,0,INR,2026-05-11 15:55:23,2026-05-11 18:48:23
RES100086,CHN001,CNF100086,GUEST100086,2026-06-14,2026-06-18,STE,PKG,PKG_DLX,CANCELLED,2,0,INR,2026-05-11 19:31:04,2026-05-11 19:36:04
RES100087,DEL001,CNF100087,GUEST100087,2026-05-26,2026-05-28,STE,MEMBER,MEM_DLX,BOOKED,4,44928,INR,2026-05-11 16:07:07,2026-05-11 18:13:07
RES100088,DEL001,CNF100088,GUEST100088,2026-06-15,2026-06-18,DLX,BAR,BAR_DLX,BOOKED,1,44973,INR,2026-05-11 03:57:24,2026-05-11 04:01:24
RES100089,CHN001,CNF100089,GUEST100089,2026-05-15,2026-05-18,DLX,BAR,BAR_STD,MODIFIED,2,63264,INR,2026-05-11 13:16:59,2026-05-11 13:43:59
RES100090,HYD001,CNF100090,GUEST100090,2026-05-25,2026-05-28,STD,PKG,PKG_DLX,MODIFIED,1,17409,INR,2026-05-11 00:15:57,2026-05-11 01:36:57
RES100091,MUM002,CNF100091,GUEST100091,2026-07-10,2026-07-11,QUEEN,PREPAY,PPR_DLX,CANCELLED,2,0,INR,2026-05-11 18:48:32,2026-05-11 21:25:32
RES100092,DEL001,CNF100092,GUEST100092,2026-05-26,2026-05-29,KING,BAR,BAR_STD,BOOKED,1,20838,INR,2026-05-11 21:06:48,2026-05-12 00:01:48
RES100093,MUM002,CNF100093,GUEST100093,2026-05-17,2026-05-18,KING,MEMBER,MEM_DLX,CANCELLED,2,0,INR,2026-05-11 18:49:25,2026-05-11 21:18:25
RES100094,MUM001,CNF100094,GUEST100094,2026-05-12,2026-05-13,KING,PKG,PKG_STD,BOOKED,2,8124,INR,2026-05-11 06:45:46,2026-05-11 07:58:46
RES100095,DEL001,CNF100095,GUEST100095,2026-06-13,2026-06-15,KING,BAR,BAR_STD,CANCELLED,2,0,INR,2026-05-11 18:02:09,2026-05-11 18:48:09
RES100096,BLR001,CNF100096,GUEST100096,2026-06-09,2026-06-13,QUEEN,MEMBER,MEM_DLX,BOOKED,3,176160,INR,2026-05-11 05:54:57,2026-05-11 07:34:57
RES100097,DEL001,CNF100097,GUEST100097,2026-06-16,2026-06-20,QUEEN,PREPAY,PPR_DLX,MODIFIED,4,194432,INR,2026-05-11 15:19:18,2026-05-11 17:35:18
RES100098,MUM002,CNF100098,GUEST100098,2026-06-18,2026-06-21,QUEEN,PKG,PKG_DLX,CANCELLED,4,0,INR,2026-05-11 20:42:27,2026-05-11 20:59:27
RES100099,KER001,CNF100099,GUEST100099,2026-07-04,2026-07-06,STD,PREPAY,PPR_DLX,CANCELLED,2,0,INR,2026-05-11 07:01:13,2026-05-11 08:39:13
RES100100,CHA001,CNF100100,GUEST100100,2026-06-22,2026-06-25,QUEEN,CORP,CORP_DLX,BOOKED,4,44784,INR,2026-05-11 16:01:43,2026-05-11 19:01:43
RES100101,HYD001,CNF100101,GUEST100101,2026-05-23,2026-05-27,DLX,BAR,BAR_DLX,BOOKED,4,84704,INR,2026-05-11 23:17:40,2026-05-11 23:17:40
RES100102,CHN001,CNF100102,GUEST100102,2026-06-01,2026-06-04,STE,MEMBER,MEM_STD,CANCELLED,3,0,INR,2026-05-11 23:58:28,2026-05-12 00:20:28
RES100103,MUM001,CNF100103,GUEST100103,2026-06-12,2026-06-14,STE,BAR,BAR_STD,BOOKED,3,65064,INR,2026-05-11 23:19:20,2026-05-12 02:09:20
RES100104,KER001,CNF100104,GUEST100104,2026-05-12,2026-05-14,STD,PREPAY,PPR_DLX,MODIFIED,1,17314,INR,2026-05-11 01:19:31,2026-05-11 03:41:31
RES100105,DEL001,CNF100105,GUEST100105,2026-06-15,2026-06-20,DLX,MEMBER,MEM_DLX,BOOKED,1,27495,INR,2026-05-11 06:07:01,2026-05-11 07:14:01
RES100106,HYD001,CNF100106,GUEST100106,2026-06-22,2026-06-23,QUEEN,PKG,PKG_DLX,CANCELLED,3,0,INR,2026-05-11 11:26:57,2026-05-11 13:49:57
RES100107,MUM002,CNF100107,GUEST100107,2026-05-18,2026-05-20,KING,PREPAY,PPR_DLX,BOOKED,3,82836,INR,2026-05-11 22:37:47,2026-05-12 01:04:47
RES100108,MUM001,CNF100108,GUEST100108,2026-07-04,2026-07-09,QUEEN,MEMBER,MEM_DLX,BOOKED,1,20465,INR,2026-05-11 01:54:41,2026-05-11 02:56:41
RES100109,MUM002,CNF100109,GUEST100109,2026-06-26,2026-06-28,STE,PKG,PKG_STD,MODIFIED,2,29956,INR,2026-05-11 15:38:37,2026-05-11 16:01:37
RES100110,DEL002,CNF100110,GUEST100110,2026-06-29,2026-06-30,STD,PREPAY,PPR_DLX,MODIFIED,4,38412,INR,2026-05-11 09:14:46,2026-05-11 09:45:46
RES100111,MUM002,CNF100111,GUEST100111,2026-05-30,2026-06-04,STD,PKG,PKG_DLX,MODIFIED,3,188490,INR,2026-05-11 07:49:08,2026-05-11 09:40:08
RES100112,CHN001,CNF100112,GUEST100112,2026-05-15,2026-05-18,QUEEN,CORP,CORP_STD,CANCELLED,3,0,INR,2026-05-11 20:58:16,2026-05-11 20:58:16
RES100113,BLR001,CNF100113,GUEST100113,2026-06-16,2026-06-18,QUEEN,CORP,CORP_STD,MODIFIED,1,21838,INR,2026-05-11 05:19:58,2026-05-11 06:50:58
RES100114,KER001,CNF100114,GUEST100114,2026-07-03,2026-07-05,KING,PREPAY,PPR_DLX,BOOKED,3,25506,INR,2026-05-11 13:01:39,2026-05-11 15:38:39
RES100115,HYD001,CNF100115,GUEST100115,2026-05-18,2026-05-23,DLX,PKG,PKG_STD,CANCELLED,3,0,INR,2026-05-11 23:31:06,2026-05-12 00:38:06
RES100116,BLR001,CNF100116,GUEST100116,2026-05-24,2026-05-28,STD,PKG,PKG_STD,CANCELLED,4,0,INR,2026-05-11 04:28:08,2026-05-11 06:33:08
RES100117,CHA001,CNF100117,GUEST100117,2026-05-31,2026-06-03,DLX,BAR,BAR_DLX,MODIFIED,3,57510,INR,2026-05-11 21:27:04,2026-05-11 22:24:04
RES100118,BLR002,CNF100118,GUEST100118,2026-05-22,2026-05-26,QUEEN,BAR,BAR_STD,BOOKED,4,70560,INR,2026-05-11 03:17:12,2026-05-11 05:59:12
RES100119,DEL001,CNF100119,GUEST100119,2026-05-18,2026-05-22,STE,BAR,BAR_DLX,BOOKED,1,19388,INR,2026-05-11 03:52:48,2026-05-11 04:10:48
RES100120,CHA001,CNF100120,GUEST100120,2026-06-17,2026-06-21,STE,CORP,CORP_DLX,BOOKED,4,57456,INR,2026-05-11 18:28:10,2026-05-11 20:34:10
RES100121,CHA001,CNF100121,GUEST100121,2026-05-27,2026-05-29,STD,CORP,CORP_DLX,BOOKED,2,26284,INR,2026-05-11 06:23:51,2026-05-11 06:38:51
RES100122,DEL002,CNF100122,GUEST100122,2026-06-13,2026-06-17,DLX,PREPAY,PPR_STD,CANCELLED,3,0,INR,2026-05-11 00:21:48,2026-05-11 02:07:48
RES100123,DEL001,CNF100123,GUEST100123,2026-05-21,2026-05-24,STE,PREPAY,PPR_STD,MODIFIED,3,48186,INR,2026-05-11 01:24:20,2026-05-11 02:35:20
RES100124,BLR001,CNF100124,GUEST100124,2026-06-03,2026-06-07,STD,CORP,CORP_DLX,BOOKED,4,111360,INR,2026-05-11 17:03:30,2026-05-11 19:35:30
RES100125,BLR002,CNF100125,GUEST100125,2026-06-16,2026-06-19,QUEEN,MEMBER,MEM_STD,MODIFIED,4,134256,INR,2026-05-11 22:42:19,2026-05-11 22:59:19
RES100126,BLR002,CNF100126,GUEST100126,2026-05-16,2026-05-18,DLX,BAR,BAR_STD,CANCELLED,3,0,INR,2026-05-11 01:41:24,2026-05-11 04:04:24
RES100127,KOL001,CNF100127,GUEST100127,2026-07-03,2026-07-08,STE,PREPAY,PPR_STD,CANCELLED,4,0,INR,2026-05-11 04:03:14,2026-05-11 04:55:14
RES100128,HYD001,CNF100128,GUEST100128,2026-06-12,2026-06-17,QUEEN,CORP,CORP_STD,BOOKED,3,173880,INR,2026-05-11 14:28:41,2026-05-11 15:43:41
RES100129,HYD001,CNF100129,GUEST100129,2026-06-07,2026-06-09,KING,BAR,BAR_DLX,MODIFIED,3,26058,INR,2026-05-11 07:02:05,2026-05-11 10:02:05
RES100130,HYD001,CNF100130,GUEST100130,2026-05-29,2026-05-30,QUEEN,MEMBER,MEM_DLX,BOOKED,1,14008,INR,2026-05-11 21:55:01,2026-05-12 00:12:01
RES100131,CHN001,CNF100131,GUEST100131,2026-05-28,2026-06-01,QUEEN,MEMBER,MEM_DLX,BOOKED,3,79044,INR,2026-05-11 17:44:27,2026-05-11 19:36:27
RES100132,MUM001,CNF100132,GUEST100132,2026-06-08,2026-06-10,STE,PKG,PKG_DLX,MODIFIED,3,53886,INR,2026-05-11 22:23:40,2026-05-11 23:54:40
RES100133,HYD001,CNF100133,GUEST100133,2026-05-20,2026-05-21,KING,MEMBER,MEM_STD,BOOKED,4,19224,INR,2026-05-11 21:05:04,2026-05-11 23:37:04
RES100134,KER001,CNF100134,GUEST100134,2026-06-03,2026-06-08,KING,PKG,PKG_STD,CANCELLED,4,0,INR,2026-05-11 11:39:57,2026-05-11 12:01:57
RES100135,KER001,CNF100135,GUEST100135,2026-07-09,2026-07-10,DLX,BAR,BAR_STD,CANCELLED,2,0,INR,2026-05-11 19:39:45,2026-05-11 20:46:45
RES100136,MUM001,CNF100136,GUEST100136,2026-06-11,2026-06-15,STE,PREPAY,PPR_DLX,CANCELLED,3,0,INR,2026-05-11 20:30:19,2026-05-11 23:20:19
RES100137,DEL002,CNF100137,GUEST100137,2026-07-08,2026-07-13,DLX,BAR,BAR_DLX,CANCELLED,3,0,INR,2026-05-11 03:21:47,2026-05-11 05:27:47
RES100138,BLR002,CNF100138,GUEST100138,2026-07-04,2026-07-05,STD,PKG,PKG_DLX,MODIFIED,2,14150,INR,2026-05-11 23:59:10,2026-05-12 00:40:10
RES100139,DEL001,CNF100139,GUEST100139,2026-06-13,2026-06-18,KING,PREPAY,PPR_STD,CANCELLED,1,0,INR,2026-05-11 23:27:52,2026-05-11 23:31:52
RES100140,MUM001,CNF100140,GUEST100140,2026-05-17,2026-05-21,DLX,PREPAY,PPR_DLX,MODIFIED,3,157572,INR,2026-05-11 11:22:32,2026-05-11 11:27:32
RES100141,KOL001,CNF100141,GUEST100141,2026-06-01,2026-06-02,DLX,PKG,PKG_DLX,CANCELLED,1,0,INR,2026-05-11 14:28:42,2026-05-11 16:02:42
RES100142,BLR002,CNF100142,GUEST100142,2026-06-02,2026-06-04,QUEEN,BAR,BAR_STD,CANCELLED,3,0,INR,2026-05-11 07:06:47,2026-05-11 08:45:47
RES100143,BLR002,CNF100143,GUEST100143,2026-05-25,2026-05-29,KING,MEMBER,MEM_STD,MODIFIED,3,42504,INR,2026-05-11 21:49:51,2026-05-12 00:30:51
RES100144,DEL001,CNF100144,GUEST100144,2026-05-25,2026-05-29,STE,PREPAY,PPR_STD,BOOKED,3,49620,INR,2026-05-11 11:59:19,2026-05-11 14:38:19
RES100145,CHN001,CNF100145,GUEST100145,2026-07-02,2026-07-07,STD,MEMBER,MEM_DLX,CANCELLED,1,0,INR,2026-05-11 08:14:52,2026-05-11 09:33:52
RES100146,BLR001,CNF100146,GUEST100146,2026-05-18,2026-05-20,STE,BAR,BAR_DLX,MODIFIED,1,24538,INR,2026-05-11 00:21:48,2026-05-11 01:37:48
RES100147,KOL001,CNF100147,GUEST100147,2026-05-15,2026-05-19,DLX,CORP,CORP_DLX,BOOKED,1,40516,INR,2026-05-11 19:53:23,2026-05-11 21:26:23
RES100148,MUM002,CNF100148,GUEST100148,2026-05-28,2026-06-01,QUEEN,MEMBER,MEM_STD,CANCELLED,2,0,INR,2026-05-11 05:30:32,2026-05-11 05:34:32
RES100149,MUM001,CNF100149,GUEST100149,2026-06-20,2026-06-25,DLX,CORP,CORP_DLX,CANCELLED,2,0,INR,2026-05-11 12:39:12,2026-05-11 12:57:12
RES100150,CHN001,CNF100150,GUEST100150,2026-05-21,2026-05-22,DLX,PREPAY,PPR_STD,BOOKED,2,26620,INR,2026-05-11 10:16:38,2026-05-11 12:47:38
RES100151,CHA001,CNF100151,GUEST100151,2026-06-03,2026-06-07,QUEEN,CORP,CORP_DLX,BOOKED,4,210016,INR,2026-05-11 20:44:54,2026-05-11 21:35:54
RES100152,BLR002,CNF100152,GUEST100152,2026-07-07,2026-07-12,KING,MEMBER,MEM_STD,CANCELLED,2,0,INR,2026-05-11 03:59:32,2026-05-11 04:51:32
RES100153,MUM001,CNF100153,GUEST100153,2026-05-17,2026-05-20,QUEEN,BAR,BAR_STD,MODIFIED,4,49656,INR,2026-05-11 18:57:06,2026-05-11 21:15:06
RES100154,HYD001,CNF100154,GUEST100154,2026-06-23,2026-06-28,DLX,PREPAY,PPR_DLX,BOOKED,1,44500,INR,2026-05-11 00:15:11,2026-05-11 02:10:11
RES100155,KER001,CNF100155,GUEST100155,2026-05-12,2026-05-17,STE,PKG,PKG_STD,CANCELLED,2,0,INR,2026-05-11 15:54:07,2026-05-11 16:45:07
RES100156,DEL001,CNF100156,GUEST100156,2026-05-15,2026-05-20,DLX,PKG,PKG_STD,MODIFIED,4,211480,INR,2026-05-11 23:02:45,2026-05-11 23:18:45
RES100157,MUM002,CNF100157,GUEST100157,2026-06-30,2026-07-03,KING,MEMBER,MEM_STD,MODIFIED,4,79188,INR,2026-05-11 06:39:15,2026-05-11 09:30:15
RES100158,HYD001,CNF100158,GUEST100158,2026-06-26,2026-06-29,KING,CORP,CORP_STD,MODIFIED,1,43935,INR,2026-05-11 15:11:38,2026-05-11 17:43:38
RES100159,HYD001,CNF100159,GUEST100159,2026-06-16,2026-06-21,STD,CORP,CORP_DLX,MODIFIED,2,119180,INR,2026-05-11 03:14:01,2026-05-11 04:14:01
RES100160,MUM001,CNF100160,GUEST100160,2026-05-29,2026-05-30,KING,MEMBER,MEM_DLX,MODIFIED,1,7091,INR,2026-05-11 03:45:08,2026-05-11 05:00:08
RES100161,HYD001,CNF100161,GUEST100161,2026-05-21,2026-05-23,STE,BAR,BAR_DLX,MODIFIED,2,14956,INR,2026-05-11 00:46:44,2026-05-11 01:01:44
RES100162,HYD001,CNF100162,GUEST100162,2026-07-02,2026-07-07,STD,CORP,CORP_STD,MODIFIED,4,108400,INR,2026-05-11 00:58:10,2026-05-11 03:22:10
RES100163,KER001,CNF100163,GUEST100163,2026-05-30,2026-06-04,STD,CORP,CORP_DLX,CANCELLED,1,0,INR,2026-05-11 00:02:02,2026-05-11 03:01:02
RES100164,DEL001,CNF100164,GUEST100164,2026-06-29,2026-07-01,QUEEN,CORP,CORP_STD,CANCELLED,2,0,INR,2026-05-11 17:29:43,2026-05-11 19:01:43
RES100165,HYD001,CNF100165,GUEST100165,2026-05-15,2026-05-19,QUEEN,PREPAY,PPR_DLX,MODIFIED,2,69336,INR,2026-05-11 06:52:01,2026-05-11 09:38:01
RES100166,CHA001,CNF100166,GUEST100166,2026-06-09,2026-06-13,STE,MEMBER,MEM_DLX,MODIFIED,3,68496,INR,2026-05-11 04:51:34,2026-05-11 07:28:34
RES100167,MUM002,CNF100167,GUEST100167,2026-06-04,2026-06-07,DLX,MEMBER,MEM_STD,CANCELLED,1,0,INR,2026-05-11 16:41:06,2026-05-11 19:17:06
RES100168,DEL001,CNF100168,GUEST100168,2026-06-30,2026-07-01,QUEEN,CORP,CORP_DLX,MODIFIED,3,21813,INR,2026-05-11 22:38:22,2026-05-12 01:03:22
RES100169,HYD001,CNF100169,GUEST100169,2026-05-16,2026-05-18,KING,MEMBER,MEM_DLX,CANCELLED,3,0,INR,2026-05-11 11:50:14,2026-05-11 13:54:14
RES100170,MUM001,CNF100170,GUEST100170,2026-06-11,2026-06-16,STE,MEMBER,MEM_DLX,BOOKED,1,38110,INR,2026-05-11 17:05:17,2026-05-11 18:54:17
RES100171,MUM001,CNF100171,GUEST100171,2026-06-13,2026-06-16,QUEEN,CORP,CORP_STD,MODIFIED,3,107550,INR,2026-05-11 23:46:51,2026-05-12 02:37:51
RES100172,DEL002,CNF100172,GUEST100172,2026-05-16,2026-05-18,QUEEN,BAR,BAR_DLX,BOOKED,1,11562,INR,2026-05-11 21:07:03,2026-05-11 22:00:03
RES100173,BLR002,CNF100173,GUEST100173,2026-05-17,2026-05-20,STE,MEMBER,MEM_STD,CANCELLED,2,0,INR,2026-05-11 09:17:48,2026-05-11 10:26:48
RES100174,HYD001,CNF100174,GUEST100174,2026-07-04,2026-07-08,STE,PREPAY,PPR_STD,BOOKED,1,33816,INR,2026-05-11 22:43:18,2026-05-11 22:53:18
RES100175,DEL002,CNF100175,GUEST100175,2026-05-13,2026-05-16,QUEEN,MEMBER,MEM_DLX,BOOKED,1,30606,INR,2026-05-11 14:01:19,2026-05-11 15:22:19
RES100176,CHA001,CNF100176,GUEST100176,2026-06-25,2026-06-28,STD,MEMBER,MEM_STD,BOOKED,4,51324,INR,2026-05-11 23:33:36,2026-05-11 23:47:36
RES100177,CHN001,CNF100177,GUEST100177,2026-06-27,2026-06-29,STE,MEMBER,MEM_STD,MODIFIED,3,25386,INR,2026-05-11 15:15:56,2026-05-11 16:40:56
RES100178,MUM001,CNF100178,GUEST100178,2026-05-26,2026-05-31,KING,CORP,CORP_DLX,MODIFIED,2,49380,INR,2026-05-11 22:25:38,2026-05-12 01:19:38
RES100179,BLR002,CNF100179,GUEST100179,2026-05-16,2026-05-20,QUEEN,MEMBER,MEM_STD,BOOKED,1,46532,INR,2026-05-11 20:03:39,2026-05-11 21:59:39
RES100180,MUM002,CNF100180,GUEST100180,2026-05-25,2026-05-29,QUEEN,PREPAY,PPR_STD,CANCELLED,4,0,INR,2026-05-11 09:29:07,2026-05-11 11:29:07
RES100181,MUM002,CNF100181,GUEST100181,2026-06-11,2026-06-13,STE,BAR,BAR_STD,MODIFIED,4,102816,INR,2026-05-11 08:57:52,2026-05-11 10:52:52
RES100182,KOL001,CNF100182,GUEST100182,2026-06-15,2026-06-19,DLX,PKG,PKG_STD,CANCELLED,1,0,INR,2026-05-11 09:41:36,2026-05-11 12:36:36
RES100183,MUM001,CNF100183,GUEST100183,2026-05-29,2026-05-30,QUEEN,MEMBER,MEM_STD,MODIFIED,4,40608,INR,2026-05-11 20:45:12,2026-05-11 21:26:12
RES100184,MUM002,CNF100184,GUEST100184,2026-06-04,2026-06-08,KING,PREPAY,PPR_DLX,MODIFIED,1,34176,INR,2026-05-11 11:39:43,2026-05-11 13:10:43
RES100185,HYD001,CNF100185,GUEST100185,2026-06-13,2026-06-16,DLX,PREPAY,PPR_DLX,CANCELLED,2,0,INR,2026-05-11 23:49:21,2026-05-12 01:41:21
RES100186,MUM001,CNF100186,GUEST100186,2026-07-08,2026-07-12,KING,PKG,PKG_STD,CANCELLED,2,0,INR,2026-05-11 13:54:43,2026-05-11 13:54:43
RES100187,BLR002,CNF100187,GUEST100187,2026-05-20,2026-05-22,KING,BAR,BAR_STD,MODIFIED,3,33996,INR,2026-05-11 16:22:31,2026-05-11 17:12:31
RES100188,BLR002,CNF100188,GUEST100188,2026-05-31,2026-06-03,KING,BAR,BAR_DLX,MODIFIED,4,157416,INR,2026-05-11 22:58:06,2026-05-12 01:15:06
RES100189,CHA001,CNF100189,GUEST100189,2026-05-29,2026-05-30,STE,PREPAY,PPR_DLX,MODIFIED,4,17088,INR,2026-05-11 06:07:23,2026-05-11 07:33:23
RES100190,BLR001,CNF100190,GUEST100190,2026-05-14,2026-05-19,STE,CORP,CORP_DLX,CANCELLED,2,0,INR,2026-05-11 06:09:01,2026-05-11 07:51:01
RES100191,CHN001,CNF100191,GUEST100191,2026-05-29,2026-06-02,STD,MEMBER,MEM_STD,CANCELLED,4,0,INR,2026-05-11 00:46:30,2026-05-11 01:42:30
RES100192,KOL001,CNF100192,GUEST100192,2026-06-03,2026-06-04,DLX,MEMBER,MEM_STD,CANCELLED,1,0,INR,2026-05-11 04:17:55,2026-05-11 06:22:55
RES100193,HYD001,CNF100193,GUEST100193,2026-07-01,2026-07-05,STD,PREPAY,PPR_STD,CANCELLED,4,0,INR,2026-05-11 07:48:52,2026-05-11 10:04:52
RES100194,CHA001,CNF100194,GUEST100194,2026-06-22,2026-06-25,KING,MEMBER,MEM_DLX,CANCELLED,3,0,INR,2026-05-11 08:38:54,2026-05-11 11:19:54
RES100195,DEL002,CNF100195,GUEST100195,2026-06-12,2026-06-13,QUEEN,PREPAY,PPR_DLX,CANCELLED,3,0,INR,2026-05-11 21:06:48,2026-05-11 22:56:48
RES100196,DEL001,CNF100196,GUEST100196,2026-07-01,2026-07-02,DLX,PKG,PKG_STD,CANCELLED,2,0,INR,2026-05-11 21:24:39,2026-05-11 21:40:39
RES100197,HYD001,CNF100197,GUEST100197,2026-06-11,2026-06-14,DLX,BAR,BAR_STD,BOOKED,4,110124,INR,2026-05-11 21:19:44,2026-05-11 22:20:44
RES100198,BLR002,CNF100198,GUEST100198,2026-06-21,2026-06-24,STD,MEMBER,MEM_DLX,MODIFIED,4,114240,INR,2026-05-11 04:06:12,2026-05-11 05:06:12
RES100199,KER001,CNF100199,GUEST100199,2026-06-28,2026-07-02,KING,CORP,CORP_DLX,BOOKED,3,103320,INR,2026-05-11 17:41:08,2026-05-11 20:00:08
RES100200,BLR001,CNF100200,GUEST100200,2026-06-02,2026-06-07,STE,BAR,BAR_STD,BOOKED,1,68850,INR,2026-05-11 03:14:03,2026-05-11 06:07:03
RES100201,MUM001,CNF100201,GUEST100201,2026-06-14,2026-06-18,QUEEN,MEMBER,MEM_STD,MODIFIED,2,81880,INR,2026-05-11 14:52:01,2026-05-11 14:58:01
RES100202,MUM002,CNF100202,GUEST100202,2026-05-26,2026-05-28,KING,PKG,PKG_DLX,CANCELLED,2,0,INR,2026-05-11 17:43:33,2026-05-11 20:04:33
RES100203,BLR001,CNF100203,GUEST100203,2026-05-16,2026-05-21,STD,CORP,CORP_DLX,CANCELLED,4,0,INR,2026-05-11 18:58:19,2026-05-11 20:33:19
RES100204,KOL001,CNF100204,GUEST100204,2026-06-22,2026-06-27,KING,MEMBER,MEM_STD,CANCELLED,4,0,INR,2026-05-11 05:20:01,2026-05-11 08:17:01
RES100205,CHN001,CNF100205,GUEST100205,2026-05-12,2026-05-17,KING,MEMBER,MEM_STD,MODIFIED,4,233460,INR,2026-05-11 22:31:07,2026-05-11 23:22:07
RES100206,HYD001,CNF100206,GUEST100206,2026-05-22,2026-05-25,QUEEN,MEMBER,MEM_STD,BOOKED,3,112311,INR,2026-05-11 15:33:57,2026-05-11 17:53:57
RES100207,KER001,CNF100207,GUEST100207,2026-05-23,2026-05-28,DLX,MEMBER,MEM_STD,BOOKED,3,134685,INR,2026-05-11 11:30:26,2026-05-11 13:28:26
RES100208,BLR002,CNF100208,GUEST100208,2026-06-01,2026-06-06,KING,BAR,BAR_STD,MODIFIED,1,26970,INR,2026-05-11 18:31:45,2026-05-11 21:00:45
RES100209,DEL002,CNF100209,GUEST100209,2026-06-16,2026-06-19,STD,CORP,CORP_STD,BOOKED,1,11814,INR,2026-05-11 22:52:18,2026-05-11 23:07:18
RES100210,KER001,CNF100210,GUEST100210,2026-06-21,2026-06-23,STD,BAR,BAR_STD,CANCELLED,2,0,INR,2026-05-11 05:35:58,2026-05-11 08:07:58
RES100211,HYD001,CNF100211,GUEST100211,2026-05-25,2026-05-27,STD,MEMBER,MEM_STD,CANCELLED,4,0,INR,2026-05-11 09:32:00,2026-05-11 10:49:00
RES100212,KOL001,CNF100212,GUEST100212,2026-07-04,2026-07-08,QUEEN,BAR,BAR_DLX,CANCELLED,1,0,INR,2026-05-11 10:08:38,2026-05-11 12:17:38
RES100213,KOL001,CNF100213,GUEST100213,2026-06-11,2026-06-16,KING,CORP,CORP_STD,MODIFIED,2,121830,INR,2026-05-11 22:06:07,2026-05-12 00:49:07
RES100214,MUM001,CNF100214,GUEST100214,2026-07-03,2026-07-08,DLX,CORP,CORP_DLX,MODIFIED,2,43930,INR,2026-05-11 13:14:31,2026-05-11 13:25:31
RES100215,DEL001,CNF100215,GUEST100215,2026-05-24,2026-05-28,QUEEN,PKG,PKG_STD,MODIFIED,2,105600,INR,2026-05-11 22:06:15,2026-05-12 00:19:15
RES100216,BLR002,CNF100216,GUEST100216,2026-07-10,2026-07-11,STD,PREPAY,PPR_DLX,BOOKED,3,20493,INR,2026-05-11 20:24:10,2026-05-11 21:33:10
RES100217,CHN001,CNF100217,GUEST100217,2026-07-06,2026-07-10,STE,CORP,CORP_STD,CANCELLED,1,0,INR,2026-05-11 15:39:41,2026-05-11 15:53:41
RES100218,CHA001,CNF100218,GUEST100218,2026-06-26,2026-06-30,DLX,BAR,BAR_DLX,MODIFIED,3,103956,INR,2026-05-11 12:21:21,2026-05-11 12:22:21
RES100219,MUM001,CNF100219,GUEST100219,2026-06-29,2026-06-30,KING,BAR,BAR_STD,BOOKED,3,20973,INR,2026-05-11 12:40:30,2026-05-11 14:56:30
RES100220,BLR001,CNF100220,GUEST100220,2026-07-07,2026-07-12,QUEEN,MEMBER,MEM_DLX,BOOKED,2,44560,INR,2026-05-11 19:12:42,2026-05-11 21:10:42
RES100221,CHA001,CNF100221,GUEST100221,2026-06-12,2026-06-16,STE,PKG,PKG_STD,CANCELLED,4,0,INR,2026-05-11 22:31:52,2026-05-11 22:42:52
RES100222,DEL001,CNF100222,GUEST100222,2026-06-15,2026-06-19,STD,BAR,BAR_DLX,BOOKED,4,152912,INR,2026-05-11 20:27:53,2026-05-11 21:43:53
RES100223,MUM001,CNF100223,GUEST100223,2026-06-09,2026-06-13,STD,PKG,PKG_STD,CANCELLED,4,0,INR,2026-05-11 03:17:05,2026-05-11 04:06:05
RES100224,KOL001,CNF100224,GUEST100224,2026-07-05,2026-07-07,QUEEN,MEMBER,MEM_DLX,CANCELLED,1,0,INR,2026-05-11 01:45:47,2026-05-11 02:40:47
RES100225,DEL002,CNF100225,GUEST100225,2026-05-23,2026-05-26,STE,CORP,CORP_STD,MODIFIED,2,64332,INR,2026-05-11 11:21:35,2026-05-11 12:07:35
RES100226,DEL002,CNF100226,GUEST100226,2026-06-21,2026-06-23,STD,PREPAY,PPR_STD,CANCELLED,4,0,INR,2026-05-11 06:38:40,2026-05-11 08:32:40
RES100227,KOL001,CNF100227,GUEST100227,2026-05-23,2026-05-27,QUEEN,MEMBER,MEM_DLX,CANCELLED,2,0,INR,2026-05-11 23:33:07,2026-05-12 00:19:07
RES100228,MUM002,CNF100228,GUEST100228,2026-05-31,2026-06-04,KING,CORP,CORP_STD,CANCELLED,3,0,INR,2026-05-11 15:33:27,2026-05-11 18:25:27
RES100229,BLR001,CNF100229,GUEST100229,2026-05-15,2026-05-17,STE,MEMBER,MEM_DLX,BOOKED,2,43156,INR,2026-05-11 02:42:10,2026-05-11 03:19:10
RES100230,BLR001,CNF100230,GUEST100230,2026-05-25,2026-05-27,QUEEN,MEMBER,MEM_DLX,CANCELLED,4,0,INR,2026-05-11 06:07:05,2026-05-11 07:53:05
RES100231,KER001,CNF100231,GUEST100231,2026-06-18,2026-06-19,KING,PREPAY,PPR_DLX,BOOKED,1,10360,INR,2026-05-11 18:19:41,2026-05-11 21:18:41
RES100232,BLR002,CNF100232,GUEST100232,2026-06-28,2026-07-01,STD,MEMBER,MEM_STD,CANCELLED,1,0,INR,2026-05-11 13:55:45,2026-05-11 14:16:45
RES100233,MUM001,CNF100233,GUEST100233,2026-06-06,2026-06-07,QUEEN,PKG,PKG_DLX,MODIFIED,4,56256,INR,2026-05-11 21:05:31,2026-05-11 22:58:31
RES100234,CHA001,CNF100234,GUEST100234,2026-07-01,2026-07-03,DLX,BAR,BAR_STD,MODIFIED,3,51120,INR,2026-05-11 07:03:03,2026-05-11 07:39:03
RES100235,KER001,CNF100235,GUEST100235,2026-06-15,2026-06-17,KING,BAR,BAR_STD,BOOKED,4,105512,INR,2026-05-11 18:22:21,2026-05-11 19:19:21
RES100236,MUM001,CNF100236,GUEST100236,2026-06-17,2026-06-19,STD,BAR,BAR_STD,CANCELLED,3,0,INR,2026-05-11 14:43:24,2026-05-11 16:44:24
RES100237,CHN001,CNF100237,GUEST100237,2026-06-01,2026-06-06,KING,BAR,BAR_DLX,BOOKED,3,108375,INR,2026-05-11 16:13:12,2026-05-11 18:23:12
RES100238,BLR002,CNF100238,GUEST100238,2026-05-26,2026-05-31,QUEEN,PKG,PKG_DLX,MODIFIED,2,67850,INR,2026-05-11 10:57:37,2026-05-11 11:28:37
RES100239,KER001,CNF100239,GUEST100239,2026-05-24,2026-05-28,STE,MEMBER,MEM_STD,CANCELLED,1,0,INR,2026-05-11 18:10:38,2026-05-11 19:24:38
RES100240,BLR002,CNF100240,GUEST100240,2026-06-18,2026-06-20,KING,PREPAY,PPR_STD,MODIFIED,2,36596,INR,2026-05-11 03:01:44,2026-05-11 03:14:44
RES100241,BLR001,CNF100241,GUEST100241,2026-07-06,2026-07-10,STE,BAR,BAR_DLX,BOOKED,3,66036,INR,2026-05-11 14:40:40,2026-05-11 17:20:40
RES100242,KER001,CNF100242,GUEST100242,2026-07-03,2026-07-05,QUEEN,PKG,PKG_DLX,CANCELLED,3,0,INR,2026-05-11 16:12:55,2026-05-11 17:50:55
RES100243,BLR001,CNF100243,GUEST100243,2026-07-02,2026-07-03,STD,CORP,CORP_DLX,BOOKED,2,7200,INR,2026-05-11 13:44:13,2026-05-11 16:32:13
RES100244,CHN001,CNF100244,GUEST100244,2026-05-29,2026-06-02,KING,PKG,PKG_DLX,MODIFIED,1,45680,INR,2026-05-11 12:47:16,2026-05-11 13:28:16
RES100245,MUM001,CNF100245,GUEST100245,2026-06-01,2026-06-05,STD,PKG,PKG_DLX,BOOKED,2,85280,INR,2026-05-11 05:06:33,2026-05-11 05:59:33
RES100246,KOL001,CNF100246,GUEST100246,2026-06-11,2026-06-14,STD,PREPAY,PPR_STD,CANCELLED,2,0,INR,2026-05-11 03:29:20,2026-05-11 06:13:20
RES100247,HYD001,CNF100247,GUEST100247,2026-05-23,2026-05-28,DLX,MEMBER,MEM_STD,CANCELLED,1,0,INR,2026-05-11 20:33:56,2026-05-11 21:26:56
RES100248,MUM001,CNF100248,GUEST100248,2026-06-18,2026-06-20,STE,PREPAY,PPR_DLX,CANCELLED,2,0,INR,2026-05-11 09:26:15,2026-05-11 10:54:15
RES100249,KOL001,CNF100249,GUEST100249,2026-06-03,2026-06-04,STD,BAR,BAR_DLX,BOOKED,3,39303,INR,2026-05-11 14:18:34,2026-05-11 15:46:34
RES100250,DEL002,CNF100250,GUEST100250,2026-06-15,2026-06-20,DLX,BAR,BAR_DLX,CANCELLED,2,0,INR,2026-05-11 09:35:50,2026-05-11 10:58:50
RES100251,HYD001,CNF100251,GUEST100251,2026-07-05,2026-07-08,KING,MEMBER,MEM_STD,MODIFIED,1,43122,INR,2026-05-11 19:52:21,2026-05-11 22:46:21
RES100252,CHA001,CNF100252,GUEST100252,2026-05-15,2026-05-19,DLX,PKG,PKG_STD,CANCELLED,4,0,INR,2026-05-11 21:21:15,2026-05-11 22:59:15
RES100253,MUM001,CNF100253,GUEST100253,2026-06-01,2026-06-06,STD,PKG,PKG_DLX,MODIFIED,1,21605,INR,2026-05-11 19:18:24,2026-05-11 19:49:24
RES100254,CHA001,CNF100254,GUEST100254,2026-05-26,2026-05-28,STD,CORP,CORP_DLX,CANCELLED,4,0,INR,2026-05-11 14:35:39,2026-05-11 14:59:39
RES100255,DEL001,CNF100255,GUEST100255,2026-06-11,2026-06-13,STE,BAR,BAR_STD,MODIFIED,4,79128,INR,2026-05-11 18:51:23,2026-05-11 21:42:23
RES100256,DEL001,CNF100256,GUEST100256,2026-06-26,2026-06-29,QUEEN,PKG,PKG_STD,CANCELLED,4,0,INR,2026-05-11 12:40:27,2026-05-11 14:47:27
RES100257,CHN001,CNF100257,GUEST100257,2026-05-26,2026-05-30,STE,MEMBER,MEM_STD,BOOKED,1,50748,INR,2026-05-11 22:29:54,2026-05-12 01:24:54
RES100258,KOL001,CNF100258,GUEST100258,2026-05-31,2026-06-03,STD,BAR,BAR_DLX,CANCELLED,2,0,INR,2026-05-11 08:04:51,2026-05-11 09:30:51
RES100259,DEL001,CNF100259,GUEST100259,2026-05-22,2026-05-23,STE,PREPAY,PPR_STD,CANCELLED,4,0,INR,2026-05-11 21:55:11,2026-05-12 00:55:11
RES100260,HYD001,CNF100260,GUEST100260,2026-06-29,2026-07-01,STD,BAR,BAR_DLX,CANCELLED,4,0,INR,2026-05-11 10:14:02,2026-05-11 10:42:02
RES100261,BLR002,CNF100261,GUEST100261,2026-05-18,2026-05-22,DLX,PREPAY,PPR_STD,MODIFIED,3,124920,INR,2026-05-11 19:04:07,2026-05-11 19:27:07
RES100262,KER001,CNF100262,GUEST100262,2026-05-25,2026-05-27,KING,MEMBER,MEM_STD,BOOKED,1,22496,INR,2026-05-11 07:03:47,2026-05-11 07:38:47
RES100263,DEL002,CNF100263,GUEST100263,2026-06-05,2026-06-09,STE,BAR,BAR_DLX,MODIFIED,1,26828,INR,2026-05-11 09:00:58,2026-05-11 09:14:58
RES100264,CHA001,CNF100264,GUEST100264,2026-07-02,2026-07-07,DLX,CORP,CORP_STD,BOOKED,1,72620,INR,2026-05-11 13:54:00,2026-05-11 15:29:00
RES100265,DEL002,CNF100265,GUEST100265,2026-05-15,2026-05-20,STE,BAR,BAR_DLX,CANCELLED,1,0,INR,2026-05-11 07:58:05,2026-05-11 09:21:05
RES100266,BLR001,CNF100266,GUEST100266,2026-05-13,2026-05-17,DLX,CORP,CORP_STD,CANCELLED,3,0,INR,2026-05-11 01:05:09,2026-05-11 03:45:09
RES100267,MUM002,CNF100267,GUEST100267,2026-06-15,2026-06-19,STD,PKG,PKG_STD,BOOKED,2,50432,INR,2026-05-11 21:45:27,2026-05-12 00:32:27
RES100268,BLR002,CNF100268,GUEST100268,2026-05-22,2026-05-26,STE,PKG,PKG_DLX,CANCELLED,2,0,INR,2026-05-11 21:50:07,2026-05-11 22:04:07
RES100269,MUM001,CNF100269,GUEST100269,2026-06-22,2026-06-24,DLX,CORP,CORP_DLX,CANCELLED,4,0,INR,2026-05-11 06:29:15,2026-05-11 08:06:15
RES100270,CHA001,CNF100270,GUEST100270,2026-05-23,2026-05-26,DLX,PREPAY,PPR_STD,CANCELLED,1,0,INR,2026-05-11 17:12:32,2026-05-11 19:00:32
RES100271,CHN001,CNF100271,GUEST100271,2026-06-20,2026-06-24,DLX,MEMBER,MEM_DLX,MODIFIED,3,70524,INR,2026-05-11 10:23:22,2026-05-11 13:18:22
RES100272,BLR002,CNF100272,GUEST100272,2026-05-12,2026-05-13,STD,PREPAY,PPR_STD,BOOKED,1,5586,INR,2026-05-11 21:46:43,2026-05-12 00:16:43
RES100273,DEL002,CNF100273,GUEST100273,2026-06-25,2026-06-28,DLX,BAR,BAR_DLX,BOOKED,4,122448,INR,2026-05-11 04:26:52,2026-05-11 06:31:52
RES100274,CHA001,CNF100274,GUEST100274,2026-07-10,2026-07-12,QUEEN,BAR,BAR_STD,CANCELLED,2,0,INR,2026-05-11 03:49:57,2026-05-11 04:56:57
RES100275,HYD001,CNF100275,GUEST100275,2026-05-25,2026-05-26,STE,MEMBER,MEM_DLX,MODIFIED,4,26448,INR,2026-05-11 21:50:43,2026-05-11 23:14:43
RES100276,CHA001,CNF100276,GUEST100276,2026-06-13,2026-06-16,STD,CORP,CORP_STD,MODIFIED,3,104058,INR,2026-05-11 10:57:14,2026-05-11 11:50:14
RES100277,DEL001,CNF100277,GUEST100277,2026-06-18,2026-06-23,STE,BAR,BAR_STD,CANCELLED,4,0,INR,2026-05-11 18:01:56,2026-05-11 18:04:56
RES100278,KER001,CNF100278,GUEST100278,2026-07-09,2026-07-13,STD,PKG,PKG_DLX,CANCELLED,4,0,INR,2026-05-11 14:19:43,2026-05-11 16:02:43
RES100279,HYD001,CNF100279,GUEST100279,2026-05-30,2026-06-02,STD,BAR,BAR_STD,MODIFIED,1,11613,INR,2026-05-11 11:26:17,2026-05-11 14:20:17
RES100280,KER001,CNF100280,GUEST100280,2026-06-13,2026-06-15,KING,PREPAY,PPR_STD,BOOKED,3,24342,INR,2026-05-11 19:49:10,2026-05-11 21:14:10
RES100281,DEL001,CNF100281,GUEST100281,2026-05-14,2026-05-17,QUEEN,CORP,CORP_STD,CANCELLED,1,0,INR,2026-05-11 19:18:39,2026-05-11 21:38:39
RES100282,HYD001,CNF100282,GUEST100282,2026-07-01,2026-07-04,STD,PKG,PKG_STD,MODIFIED,2,63660,INR,2026-05-11 06:42:22,2026-05-11 07:37:22
RES100283,DEL002,CNF100283,GUEST100283,2026-06-27,2026-06-29,KING,CORP,CORP_DLX,BOOKED,1,23828,INR,2026-05-11 10:14:55,2026-05-11 12:21:55
RES100284,BLR002,CNF100284,GUEST100284,2026-06-02,2026-06-04,STE,PKG,PKG_DLX,BOOKED,2,59776,INR,2026-05-11 01:31:40,2026-05-11 04:25:40
RES100285,BLR001,CNF100285,GUEST100285,2026-06-13,2026-06-16,QUEEN,PKG,PKG_STD,BOOKED,1,39060,INR,2026-05-11 23:05:37,2026-05-12 02:03:37
RES100286,CHN001,CNF100286,GUEST100286,2026-06-13,2026-06-17,DLX,PKG,PKG_DLX,CANCELLED,2,0,INR,2026-05-11 03:00:56,2026-05-11 04:30:56
RES100287,DEL002,CNF100287,GUEST100287,2026-05-12,2026-05-14,STE,PKG,PKG_STD,BOOKED,3,72396,INR,2026-05-11 12:17:17,2026-05-11 12:44:17
RES100288,KER001,CNF100288,GUEST100288,2026-05-26,2026-05-31,DLX,BAR,BAR_DLX,BOOKED,2,79010,INR,2026-05-11 23:53:57,2026-05-12 02:08:57
RES100289,KER001,CNF100289,GUEST100289,2026-05-26,2026-05-29,KING,PREPAY,PPR_DLX,CANCELLED,3,0,INR,2026-05-11 08:44:18,2026-05-11 09:17:18
RES100290,HYD001,CNF100290,GUEST100290,2026-06-13,2026-06-16,STD,CORP,CORP_DLX,BOOKED,2,89754,INR,2026-05-11 19:10:48,2026-05-11 21:26:48
RES100291,DEL001,CNF100291,GUEST100291,2026-06-12,2026-06-13,DLX,PREPAY,PPR_STD,BOOKED,2,12202,INR,2026-05-11 05:14:44,2026-05-11 07:59:44
RES100292,CHN001,CNF100292,GUEST100292,2026-07-06,2026-07-09,STE,CORP,CORP_STD,MODIFIED,4,85776,INR,2026-05-11 11:12:55,2026-05-11 11:41:55
RES100293,MUM002,CNF100293,GUEST100293,2026-07-04,2026-07-09,STD,PKG,PKG_STD,CANCELLED,2,0,INR,2026-05-11 20:51:07,2026-05-11 21:34:07
RES100294,MUM001,CNF100294,GUEST100294,2026-06-27,2026-06-30,DLX,CORP,CORP_STD,BOOKED,4,120660,INR,2026-05-11 13:22:48,2026-05-11 16:11:48
RES100295,KER001,CNF100295,GUEST100295,2026-05-15,2026-05-17,KING,MEMBER,MEM_STD,CANCELLED,4,0,INR,2026-05-11 00:42:48,2026-05-11 01:32:48
RES100296,CHA001,CNF100296,GUEST100296,2026-06-22,2026-06-27,STD,BAR,BAR_DLX,CANCELLED,2,0,INR,2026-05-11 00:46:04,2026-05-11 03:06:04
RES100297,DEL002,CNF100297,GUEST100297,2026-06-21,2026-06-24,STD,PREPAY,PPR_DLX,CANCELLED,4,0,INR,2026-05-11 15:38:23,2026-05-11 17:51:23
RES100298,CHN001,CNF100298,GUEST100298,2026-06-24,2026-06-26,QUEEN,BAR,BAR_DLX,CANCELLED,3,0,INR,2026-05-11 12:50:16,2026-05-11 14:18:16
RES100299,KOL001,CNF100299,GUEST100299,2026-06-03,2026-06-06,KING,PKG,PKG_DLX,CANCELLED,4,0,INR,2026-05-11 07:32:56,2026-05-11 09:04:56
RES100300,MUM001,CNF100300,GUEST100300,2026-05-28,2026-05-30,QUEEN,CORP,CORP_STD,CANCELLED,3,0,INR,2026-05-11 09:04:55,2026-05-11 11:11:55
RES100301,MUM001,CNF100301,GUEST100301,2026-06-21,2026-06-25,DLX,PREPAY,PPR_STD,CANCELLED,3,0,INR,2026-05-11 11:09:11,2026-05-11 12:47:11
RES100302,DEL001,CNF100302,GUEST100302,2026-05-31,2026-06-01,DLX,MEMBER,MEM_DLX,BOOKED,4,43416,INR,2026-05-11 10:49:01,2026-05-11 11:58:01
RES100303,DEL001,CNF100303,GUEST100303,2026-06-22,2026-06-25,KING,BAR,BAR_DLX,CANCELLED,4,0,INR,2026-05-11 11:58:50,2026-05-11 13:54:50
RES100304,HYD001,CNF100304,GUEST100304,2026-06-27,2026-06-29,STD,MEMBER,MEM_DLX,MODIFIED,3,36582,INR,2026-05-11 22:49:14,2026-05-12 00:59:14
RES100305,MUM002,CNF100305,GUEST100305,2026-05-17,2026-05-19,STE,PREPAY,PPR_STD,CANCELLED,4,0,INR,2026-05-11 06:47:51,2026-05-11 07:38:51
RES100306,DEL001,CNF100306,GUEST100306,2026-07-10,2026-07-11,STE,PKG,PKG_DLX,CANCELLED,1,0,INR,2026-05-11 17:21:34,2026-05-11 17:29:34
RES100307,CHA001,CNF100307,GUEST100307,2026-06-01,2026-06-03,QUEEN,MEMBER,MEM_DLX,BOOKED,4,67392,INR,2026-05-11 05:11:31,2026-05-11 06:28:31
RES100308,HYD001,CNF100308,GUEST100308,2026-07-03,2026-07-05,KING,CORP,CORP_STD,BOOKED,2,32044,INR,2026-05-11 00:26:57,2026-05-11 02:29:57
RES100309,MUM001,CNF100309,GUEST100309,2026-05-22,2026-05-24,KING,MEMBER,MEM_STD,CANCELLED,2,0,INR,2026-05-11 09:06:21,2026-05-11 11:06:21
RES100310,CHA001,CNF100310,GUEST100310,2026-06-28,2026-07-03,STE,PREPAY,PPR_DLX,CANCELLED,2,0,INR,2026-05-11 03:36:17,2026-05-11 06:18:17
RES100311,HYD001,CNF100311,GUEST100311,2026-06-05,2026-06-06,STD,PREPAY,PPR_DLX,MODIFIED,2,13464,INR,2026-05-11 20:33:03,2026-05-11 23:03:03
RES100312,KER001,CNF100312,GUEST100312,2026-05-17,2026-05-21,KING,PREPAY,PPR_STD,MODIFIED,3,147888,INR,2026-05-11 01:49:05,2026-05-11 04:21:05
RES100313,DEL001,CNF100313,GUEST100313,2026-05-31,2026-06-01,QUEEN,PKG,PKG_DLX,CANCELLED,1,0,INR,2026-05-11 02:40:18,2026-05-11 02:41:18
RES100314,DEL002,CNF100314,GUEST100314,2026-06-25,2026-06-29,KING,MEMBER,MEM_STD,BOOKED,1,39896,INR,2026-05-11 02:02:03,2026-05-11 03:58:03
RES100315,HYD001,CNF100315,GUEST100315,2026-06-03,2026-06-05,KING,CORP,CORP_STD,MODIFIED,1,12680,INR,2026-05-11 18:20:09,2026-05-11 19:34:09
RES100316,CHN001,CNF100316,GUEST100316,2026-05-29,2026-06-01,KING,PREPAY,PPR_DLX,CANCELLED,4,0,INR,2026-05-11 04:45:03,2026-05-11 07:35:03
RES100317,KOL001,CNF100317,GUEST100317,2026-05-15,2026-05-20,STD,BAR,BAR_STD,BOOKED,4,216260,INR,2026-05-11 04:44:09,2026-05-11 07:05:09
RES100318,DEL001,CNF100318,GUEST100318,2026-06-30,2026-07-03,STD,CORP,CORP_STD,CANCELLED,1,0,INR,2026-05-11 01:37:29,2026-05-11 03:27:29
RES100319,HYD001,CNF100319,GUEST100319,2026-06-19,2026-06-21,QUEEN,CORP,CORP_STD,MODIFIED,2,38864,INR,2026-05-11 14:22:31,2026-05-11 15:29:31
RES100320,HYD001,CNF100320,GUEST100320,2026-06-08,2026-06-12,KING,MEMBER,MEM_DLX,MODIFIED,4,231040,INR,2026-05-11 02:34:58,2026-05-11 04:54:58
RES100321,CHN001,CNF100321,GUEST100321,2026-07-01,2026-07-06,DLX,PKG,PKG_DLX,BOOKED,2,120000,INR,2026-05-11 23:54:03,2026-05-12 01:44:03
RES100322,BLR002,CNF100322,GUEST100322,2026-06-02,2026-06-06,STE,PKG,PKG_DLX,BOOKED,3,108456,INR,2026-05-11 13:43:22,2026-05-11 15:51:22
RES100323,KER001,CNF100323,GUEST100323,2026-05-29,2026-06-01,KING,CORP,CORP_DLX,CANCELLED,3,0,INR,2026-05-11 19:26:11,2026-05-11 21:19:11
RES100324,DEL001,CNF100324,GUEST100324,2026-05-17,2026-05-18,STE,PREPAY,PPR_STD,MODIFIED,3,27753,INR,2026-05-11 22:27:56,2026-05-11 22:58:56
RES100325,HYD001,CNF100325,GUEST100325,2026-06-03,2026-06-05,KING,CORP,CORP_DLX,MODIFIED,2,32580,INR,2026-05-11 15:58:34,2026-05-11 16:34:34
RES100326,BLR001,CNF100326,GUEST100326,2026-06-10,2026-06-13,DLX,PKG,PKG_DLX,BOOKED,3,71577,INR,2026-05-11 15:57:01,2026-05-11 18:37:01
RES100327,MUM002,CNF100327,GUEST100327,2026-05-12,2026-05-14,KING,BAR,BAR_DLX,BOOKED,3,78594,INR,2026-05-11 03:17:36,2026-05-11 05:46:36
RES100328,CHN001,CNF100328,GUEST100328,2026-05-13,2026-05-18,KING,BAR,BAR_DLX,MODIFIED,4,268980,INR,2026-05-11 15:59:00,2026-05-11 16:26:00
RES100329,CHA001,CNF100329,GUEST100329,2026-07-08,2026-07-12,QUEEN,MEMBER,MEM_DLX,MODIFIED,1,43932,INR,2026-05-11 16:24:02,2026-05-11 19:21:02
RES100330,HYD001,CNF100330,GUEST100330,2026-06-04,2026-06-08,STE,MEMBER,MEM_STD,MODIFIED,1,54800,INR,2026-05-11 14:45:03,2026-05-11 17:27:03
RES100331,HYD001,CNF100331,GUEST100331,2026-05-31,2026-06-04,DLX,CORP,CORP_STD,MODIFIED,1,43340,INR,2026-05-11 01:21:26,2026-05-11 03:45:26
RES100332,CHA001,CNF100332,GUEST100332,2026-05-25,2026-05-29,DLX,MEMBER,MEM_STD,BOOKED,4,87904,INR,2026-05-11 01:04:13,2026-05-11 02:11:13
RES100333,KOL001,CNF100333,GUEST100333,2026-07-08,2026-07-12,STD,BAR,BAR_STD,MODIFIED,3,101952,INR,2026-05-11 06:44:10,2026-05-11 07:35:10
RES100334,HYD001,CNF100334,GUEST100334,2026-06-24,2026-06-26,STD,BAR,BAR_DLX,MODIFIED,1,25052,INR,2026-05-11 15:54:18,2026-05-11 16:49:18
RES100335,CHN001,CNF100335,GUEST100335,2026-06-30,2026-07-03,DLX,CORP,CORP_STD,CANCELLED,4,0,INR,2026-05-11 12:44:49,2026-05-11 15:01:49
RES100336,DEL002,CNF100336,GUEST100336,2026-05-24,2026-05-25,DLX,BAR,BAR_DLX,MODIFIED,2,19876,INR,2026-05-11 04:26:21,2026-05-11 06:05:21
RES100337,KOL001,CNF100337,GUEST100337,2026-05-30,2026-06-01,QUEEN,PREPAY,PPR_DLX,BOOKED,4,118584,INR,2026-05-11 13:14:21,2026-05-11 15:37:21
RES100338,KOL001,CNF100338,GUEST100338,2026-07-05,2026-07-08,DLX,PKG,PKG_STD,CANCELLED,3,0,INR,2026-05-11 17:40:52,2026-05-11 18:34:52
RES100339,DEL002,CNF100339,GUEST100339,2026-07-09,2026-07-11,QUEEN,BAR,BAR_DLX,CANCELLED,2,0,INR,2026-05-11 08:07:13,2026-05-11 10:00:13
RES100340,CHA001,CNF100340,GUEST100340,2026-06-26,2026-06-28,KING,PREPAY,PPR_STD,CANCELLED,3,0,INR,2026-05-11 22:44:38,2026-05-12 01:15:38
RES100341,MUM002,CNF100341,GUEST100341,2026-06-29,2026-07-02,DLX,CORP,CORP_STD,CANCELLED,1,0,INR,2026-05-11 03:57:19,2026-05-11 04:35:19
RES100342,MUM002,CNF100342,GUEST100342,2026-05-31,2026-06-04,STE,MEMBER,MEM_DLX,BOOKED,4,235904,INR,2026-05-11 15:33:56,2026-05-11 16:30:56
RES100343,CHA001,CNF100343,GUEST100343,2026-07-05,2026-07-10,STD,MEMBER,MEM_DLX,CANCELLED,3,0,INR,2026-05-11 23:22:21,2026-05-12 02:14:21
RES100344,MUM002,CNF100344,GUEST100344,2026-05-17,2026-05-21,DLX,PREPAY,PPR_STD,MODIFIED,1,38324,INR,2026-05-11 13:44:12,2026-05-11 15:50:12
RES100345,BLR001,CNF100345,GUEST100345,2026-05-26,2026-05-27,STE,CORP,CORP_DLX,MODIFIED,4,44304,INR,2026-05-11 13:21:25,2026-05-11 15:55:25
RES100346,HYD001,CNF100346,GUEST100346,2026-07-09,2026-07-13,KING,PREPAY,PPR_STD,MODIFIED,2,60752,INR,2026-05-11 18:31:38,2026-05-11 18:40:38
RES100347,MUM002,CNF100347,GUEST100347,2026-05-20,2026-05-21,STD,MEMBER,MEM_STD,MODIFIED,2,10634,INR,2026-05-11 04:13:56,2026-05-11 06:01:56
RES100348,KER001,CNF100348,GUEST100348,2026-06-12,2026-06-15,DLX,MEMBER,MEM_DLX,CANCELLED,4,0,INR,2026-05-11 11:27:22,2026-05-11 12:56:22
RES100349,KOL001,CNF100349,GUEST100349,2026-05-27,2026-06-01,QUEEN,BAR,BAR_STD,BOOKED,4,274400,INR,2026-05-11 05:42:51,2026-05-11 07:58:51
RES100350,KER001,CNF100350,GUEST100350,2026-05-22,2026-05-23,DLX,CORP,CORP_DLX,BOOKED,1,10720,INR,2026-05-11 20:28:53,2026-05-11 21:05:53
RES100351,BLR002,CNF100351,GUEST100351,2026-05-17,2026-05-22,STD,PKG,PKG_STD,MODIFIED,3,61725,INR,2026-05-11 15:15:02,2026-05-11 16:05:02
RES100352,CHN001,CNF100352,GUEST100352,2026-07-02,2026-07-06,STD,BAR,BAR_DLX,BOOKED,4,160720,INR,2026-05-11 10:58:00,2026-05-11 11:14:00
RES100353,CHA001,CNF100353,GUEST100353,2026-05-26,2026-05-30,KING,PKG,PKG_STD,MODIFIED,1,58208,INR,2026-05-11 01:44:46,2026-05-11 02:21:46
RES100354,CHN001,CNF100354,GUEST100354,2026-06-11,2026-06-13,QUEEN,CORP,CORP_DLX,MODIFIED,1,28936,INR,2026-05-11 22:22:33,2026-05-11 23:07:33
RES100355,HYD001,CNF100355,GUEST100355,2026-06-28,2026-07-01,STE,PKG,PKG_DLX,CANCELLED,4,0,INR,2026-05-11 09:42:14,2026-05-11 12:20:14
RES100356,HYD001,CNF100356,GUEST100356,2026-07-01,2026-07-06,DLX,BAR,BAR_STD,MODIFIED,2,99170,INR,2026-05-11 14:19:46,2026-05-11 17:13:46
RES100357,MUM002,CNF100357,GUEST100357,2026-06-16,2026-06-21,STE,BAR,BAR_DLX,BOOKED,1,37905,INR,2026-05-11 07:30:37,2026-05-11 10:18:37
RES100358,HYD001,CNF100358,GUEST100358,2026-05-22,2026-05-26,DLX,PREPAY,PPR_DLX,BOOKED,3,62616,INR,2026-05-11 04:01:18,2026-05-11 06:55:18
RES100359,DEL002,CNF100359,GUEST100359,2026-06-29,2026-07-04,DLX,MEMBER,MEM_DLX,MODIFIED,2,138940,INR,2026-05-11 20:25:39,2026-05-11 20:25:39
RES100360,KER001,CNF100360,GUEST100360,2026-05-27,2026-06-01,QUEEN,PREPAY,PPR_DLX,BOOKED,3,207495,INR,2026-05-11 17:14:45,2026-05-11 19:59:45
RES100361,DEL002,CNF100361,GUEST100361,2026-06-19,2026-06-23,QUEEN,PKG,PKG_STD,MODIFIED,4,132880,INR,2026-05-11 23:13:31,2026-05-12 02:01:31
RES100362,CHA001,CNF100362,GUEST100362,2026-05-23,2026-05-26,STD,MEMBER,MEM_STD,BOOKED,4,150108,INR,2026-05-11 13:29:14,2026-05-11 15:52:14
RES100363,HYD001,CNF100363,GUEST100363,2026-06-10,2026-06-13,KING,PREPAY,PPR_DLX,CANCELLED,4,0,INR,2026-05-11 23:23:57,2026-05-12 02:11:57
RES100364,HYD001,CNF100364,GUEST100364,2026-06-19,2026-06-24,QUEEN,PREPAY,PPR_STD,MODIFIED,3,141315,INR,2026-05-11 15:29:28,2026-05-11 17:06:28
RES100365,KOL001,CNF100365,GUEST100365,2026-07-03,2026-07-06,STE,PKG,PKG_DLX,CANCELLED,2,0,INR,2026-05-11 10:55:07,2026-05-11 12:30:07
RES100366,DEL002,CNF100366,GUEST100366,2026-06-03,2026-06-08,KING,MEMBER,MEM_DLX,MODIFIED,4,78400,INR,2026-05-11 13:56:09,2026-05-11 16:55:09
RES100367,HYD001,CNF100367,GUEST100367,2026-06-18,2026-06-21,STE,PKG,PKG_STD,MODIFIED,3,37863,INR,2026-05-11 06:46:01,2026-05-11 07:34:01
RES100368,MUM001,CNF100368,GUEST100368,2026-07-09,2026-07-11,STD,MEMBER,MEM_DLX,BOOKED,3,56112,INR,2026-05-11 12:09:04,2026-05-11 14:43:04
RES100369,BLR002,CNF100369,GUEST100369,2026-06-22,2026-06-24,KING,MEMBER,MEM_STD,BOOKED,1,15430,INR,2026-05-11 18:12:28,2026-05-11 21:09:28
RES100370,MUM001,CNF100370,GUEST100370,2026-07-04,2026-07-08,KING,PKG,PKG_STD,MODIFIED,1,25384,INR,2026-05-11 11:59:57,2026-05-11 12:21:57
RES100371,BLR001,CNF100371,GUEST100371,2026-06-02,2026-06-03,DLX,MEMBER,MEM_STD,CANCELLED,3,0,INR,2026-05-11 22:34:25,2026-05-11 23:45:25
RES100372,HYD001,CNF100372,GUEST100372,2026-06-12,2026-06-16,DLX,BAR,BAR_DLX,BOOKED,1,38772,INR,2026-05-11 04:50:34,2026-05-11 06:53:34
RES100373,BLR001,CNF100373,GUEST100373,2026-07-05,2026-07-10,DLX,PREPAY,PPR_DLX,BOOKED,2,88880,INR,2026-05-11 05:13:19,2026-05-11 08:13:19
RES100374,CHA001,CNF100374,GUEST100374,2026-06-09,2026-06-12,STE,BAR,BAR_DLX,BOOKED,3,80181,INR,2026-05-11 08:13:08,2026-05-11 08:47:08
RES100375,CHN001,CNF100375,GUEST100375,2026-06-03,2026-06-08,KING,MEMBER,MEM_STD,BOOKED,3,164265,INR,2026-05-11 15:50:27,2026-05-11 16:00:27
RES100376,CHA001,CNF100376,GUEST100376,2026-06-07,2026-06-11,KING,BAR,BAR_STD,MODIFIED,3,174108,INR,2026-05-11 11:56:46,2026-05-11 12:05:46
RES100377,MUM002,CNF100377,GUEST100377,2026-06-30,2026-07-05,DLX,PKG,PKG_DLX,BOOKED,4,262900,INR,2026-05-11 03:33:05,2026-05-11 04:19:05
RES100378,HYD001,CNF100378,GUEST100378,2026-06-24,2026-06-28,KING,MEMBER,MEM_DLX,MODIFIED,2,29064,INR,2026-05-11 10:02:28,2026-05-11 10:12:28
RES100379,MUM001,CNF100379,GUEST100379,2026-06-18,2026-06-19,STD,BAR,BAR_STD,CANCELLED,2,0,INR,2026-05-11 00:34:09,2026-05-11 01:51:09
RES100380,CHA001,CNF100380,GUEST100380,2026-06-09,2026-06-12,KING,CORP,CORP_STD,CANCELLED,1,0,INR,2026-05-11 03:12:23,2026-05-11 05:35:23
RES100381,HYD001,CNF100381,GUEST100381,2026-06-11,2026-06-14,DLX,CORP,CORP_DLX,CANCELLED,1,0,INR,2026-05-11 03:10:14,2026-05-11 05:24:14
RES100382,KOL001,CNF100382,GUEST100382,2026-06-06,2026-06-08,STD,PREPAY,PPR_DLX,CANCELLED,1,0,INR,2026-05-11 12:22:19,2026-05-11 13:05:19
RES100383,KOL001,CNF100383,GUEST100383,2026-06-05,2026-06-07,DLX,PREPAY,PPR_STD,MODIFIED,1,19580,INR,2026-05-11 13:33:30,2026-05-11 14:42:30
RES100384,MUM001,CNF100384,GUEST100384,2026-06-03,2026-06-07,DLX,MEMBER,MEM_STD,MODIFIED,1,35428,INR,2026-05-11 11:10:10,2026-05-11 13:24:10
RES100385,DEL002,CNF100385,GUEST100385,2026-06-26,2026-07-01,STD,CORP,CORP_STD,MODIFIED,4,105980,INR,2026-05-11 21:31:36,2026-05-12 00:25:36
RES100386,MUM002,CNF100386,GUEST100386,2026-05-14,2026-05-15,STE,MEMBER,MEM_STD,BOOKED,3,18840,INR,2026-05-11 04:08:27,2026-05-11 05:13:27
RES100387,MUM001,CNF100387,GUEST100387,2026-06-16,2026-06-19,QUEEN,CORP,CORP_STD,BOOKED,3,133947,INR,2026-05-11 01:29:54,2026-05-11 04:20:54
RES100388,KOL001,CNF100388,GUEST100388,2026-06-06,2026-06-11,STE,CORP,CORP_DLX,BOOKED,4,180760,INR,2026-05-11 23:26:24,2026-05-12 00:25:24
RES100389,DEL001,CNF100389,GUEST100389,2026-06-12,2026-06-13,QUEEN,CORP,CORP_DLX,MODIFIED,3,20577,INR,2026-05-11 23:27:40,2026-05-11 23:31:40
RES100390,KER001,CNF100390,GUEST100390,2026-06-19,2026-06-22,QUEEN,PKG,PKG_DLX,MODIFIED,4,177876,INR,2026-05-11 21:43:45,2026-05-11 22:08:45
RES100391,BLR001,CNF100391,GUEST100391,2026-07-05,2026-07-10,STD,PREPAY,PPR_STD,BOOKED,1,68260,INR,2026-05-11 18:15:58,2026-05-11 20:16:58
RES100392,BLR001,CNF100392,GUEST100392,2026-06-19,2026-06-23,KING,CORP,CORP_DLX,BOOKED,4,216640,INR,2026-05-11 22:11:38,2026-05-12 00:46:38
RES100393,HYD001,CNF100393,GUEST100393,2026-06-02,2026-06-04,STE,CORP,CORP_STD,MODIFIED,4,65360,INR,2026-05-11 00:10:43,2026-05-11 02:09:43
RES100394,CHN001,CNF100394,GUEST100394,2026-06-24,2026-06-25,DLX,BAR,BAR_STD,BOOKED,4,40520,INR,2026-05-11 13:38:47,2026-05-11 16:03:47
RES100395,HYD001,CNF100395,GUEST100395,2026-05-20,2026-05-24,QUEEN,MEMBER,MEM_STD,BOOKED,1,20844,INR,2026-05-11 18:27:56,2026-05-11 21:23:56
RES100396,DEL002,CNF100396,GUEST100396,2026-06-13,2026-06-18,QUEEN,PKG,PKG_DLX,CANCELLED,3,0,INR,2026-05-11 04:47:17,2026-05-11 06:44:17
RES100397,KOL001,CNF100397,GUEST100397,2026-06-05,2026-06-10,STD,PREPAY,PPR_STD,CANCELLED,2,0,INR,2026-05-11 15:23:30,2026-05-11 16:47:30
RES100398,HYD001,CNF100398,GUEST100398,2026-06-11,2026-06-13,QUEEN,PKG,PKG_STD,CANCELLED,3,0,INR,2026-05-11 20:53:23,2026-05-11 20:56:23
RES100399,DEL002,CNF100399,GUEST100399,2026-06-23,2026-06-24,QUEEN,PKG,PKG_STD,MODIFIED,1,4524,INR,2026-05-11 03:54:22,2026-05-11 06:03:22
RES100400,BLR002,CNF100400,GUEST100400,2026-07-04,2026-07-06,STD,PKG,PKG_STD,CANCELLED,1,0,INR,2026-05-11 03:22:44,2026-05-11 05:38:44
RES100401,DEL002,CNF100401,GUEST100401,2026-05-14,2026-05-16,STE,CORP,CORP_DLX,MODIFIED,4,55104,INR,2026-05-11 12:43:45,2026-05-11 13:41:45
RES100402,BLR001,CNF100402,GUEST100402,2026-05-24,2026-05-28,QUEEN,CORP,CORP_STD,MODIFIED,4,146608,INR,2026-05-11 19:58:39,2026-05-11 21:08:39
RES100403,DEL001,CNF100403,GUEST100403,2026-05-13,2026-05-14,KING,PREPAY,PPR_STD,MODIFIED,1,8099,INR,2026-05-11 20:56:51,2026-05-11 21:25:51
RES100404,MUM002,CNF100404,GUEST100404,2026-06-13,2026-06-17,STE,BAR,BAR_DLX,BOOKED,1,49820,INR,2026-05-11 10:21:57,2026-05-11 12:48:57
RES100405,KER001,CNF100405,GUEST100405,2026-06-26,2026-06-30,KING,PKG,PKG_DLX,MODIFIED,4,219600,INR,2026-05-11 20:04:20,2026-05-11 22:08:20
RES100406,BLR002,CNF100406,GUEST100406,2026-05-24,2026-05-27,STE,PKG,PKG_DLX,MODIFIED,2,89826,INR,2026-05-11 17:45:11,2026-05-11 19:57:11
RES100407,KER001,CNF100407,GUEST100407,2026-06-01,2026-06-02,STE,BAR,BAR_STD,BOOKED,2,21260,INR,2026-05-11 09:48:49,2026-05-11 11:53:49
RES100408,DEL001,CNF100408,GUEST100408,2026-07-08,2026-07-10,STD,PKG,PKG_STD,MODIFIED,3,82890,INR,2026-05-11 14:30:16,2026-05-11 16:37:16
RES100409,HYD001,CNF100409,GUEST100409,2026-05-21,2026-05-24,QUEEN,MEMBER,MEM_DLX,MODIFIED,3,128691,INR,2026-05-11 02:04:37,2026-05-11 04:29:37
RES100410,DEL002,CNF100410,GUEST100410,2026-07-09,2026-07-12,STD,MEMBER,MEM_STD,MODIFIED,3,65619,INR,2026-05-11 03:23:40,2026-05-11 04:04:40
RES100411,HYD001,CNF100411,GUEST100411,2026-06-07,2026-06-09,STD,CORP,CORP_DLX,BOOKED,3,27594,INR,2026-05-11 04:38:06,2026-05-11 05:51:06
RES100412,CHN001,CNF100412,GUEST100412,2026-05-25,2026-05-29,KING,CORP,CORP_STD,MODIFIED,2,56656,INR,2026-05-11 12:43:38,2026-05-11 14:52:38
RES100413,HYD001,CNF100413,GUEST100413,2026-05-12,2026-05-14,QUEEN,MEMBER,MEM_STD,MODIFIED,2,28040,INR,2026-05-11 09:59:25,2026-05-11 12:38:25
RES100414,DEL002,CNF100414,GUEST100414,2026-06-12,2026-06-17,STE,CORP,CORP_DLX,CANCELLED,3,0,INR,2026-05-11 15:07:09,2026-05-11 15:21:09
RES100415,DEL002,CNF100415,GUEST100415,2026-06-29,2026-07-04,STE,CORP,CORP_STD,BOOKED,1,56700,INR,2026-05-11 15:48:08,2026-05-11 17:09:08
RES100416,MUM001,CNF100416,GUEST100416,2026-05-22,2026-05-27,STD,MEMBER,MEM_STD,MODIFIED,3,207285,INR,2026-05-11 19:28:39,2026-05-11 20:43:39
RES100417,MUM002,CNF100417,GUEST100417,2026-06-02,2026-06-05,STE,MEMBER,MEM_STD,CANCELLED,3,0,INR,2026-05-11 08:55:08,2026-05-11 10:07:08
RES100418,BLR002,CNF100418,GUEST100418,2026-06-10,2026-06-15,STE,MEMBER,MEM_DLX,BOOKED,4,255000,INR,2026-05-11 00:10:03,2026-05-11 01:44:03
RES100419,KER001,CNF100419,GUEST100419,2026-06-30,2026-07-01,QUEEN,PKG,PKG_DLX,CANCELLED,1,0,INR,2026-05-11 18:30:40,2026-05-11 21:01:40
RES100420,DEL002,CNF100420,GUEST100420,2026-06-10,2026-06-12,KING,CORP,CORP_STD,MODIFIED,2,35736,INR,2026-05-11 16:15:17,2026-05-11 17:17:17
RES100421,HYD001,CNF100421,GUEST100421,2026-07-07,2026-07-09,DLX,CORP,CORP_DLX,BOOKED,2,47132,INR,2026-05-11 20:18:28,2026-05-11 21:28:28
RES100422,MUM001,CNF100422,GUEST100422,2026-07-02,2026-07-07,STD,PREPAY,PPR_DLX,MODIFIED,4,125300,INR,2026-05-11 08:29:20,2026-05-11 08:50:20
RES100423,KER001,CNF100423,GUEST100423,2026-06-06,2026-06-10,KING,MEMBER,MEM_DLX,CANCELLED,1,0,INR,2026-05-11 10:04:56,2026-05-11 12:59:56
RES100424,DEL001,CNF100424,GUEST100424,2026-06-08,2026-06-12,QUEEN,CORP,CORP_STD,MODIFIED,1,35328,INR,2026-05-11 14:37:16,2026-05-11 15:20:16
RES100425,CHN001,CNF100425,GUEST100425,2026-06-26,2026-06-28,STD,PKG,PKG_STD,MODIFIED,1,27152,INR,2026-05-11 04:38:49,2026-05-11 05:36:49
RES100426,DEL001,CNF100426,GUEST100426,2026-05-20,2026-05-22,STD,CORP,CORP_DLX,BOOKED,2,42616,INR,2026-05-11 04:01:13,2026-05-11 05:13:13
RES100427,DEL001,CNF100427,GUEST100427,2026-05-25,2026-05-27,STE,BAR,BAR_DLX,MODIFIED,2,51692,INR,2026-05-11 22:07:30,2026-05-11 23:19:30
RES100428,KOL001,CNF100428,GUEST100428,2026-05-27,2026-06-01,QUEEN,MEMBER,MEM_STD,BOOKED,1,45985,INR,2026-05-11 00:29:03,2026-05-11 01:21:03
RES100429,MUM002,CNF100429,GUEST100429,2026-07-08,2026-07-10,STD,PKG,PKG_STD,CANCELLED,3,0,INR,2026-05-11 05:23:39,2026-05-11 06:25:39
RES100430,CHN001,CNF100430,GUEST100430,2026-05-29,2026-06-03,KING,BAR,BAR_DLX,CANCELLED,4,0,INR,2026-05-11 16:06:48,2026-05-11 17:51:48
RES100431,DEL001,CNF100431,GUEST100431,2026-05-13,2026-05-18,DLX,CORP,CORP_STD,MODIFIED,3,104265,INR,2026-05-11 14:58:15,2026-05-11 15:16:15
RES100432,CHA001,CNF100432,GUEST100432,2026-05-19,2026-05-22,DLX,MEMBER,MEM_DLX,CANCELLED,3,0,INR,2026-05-11 20:20:48,2026-05-11 21:48:48
RES100433,CHN001,CNF100433,GUEST100433,2026-05-19,2026-05-20,KING,PKG,PKG_STD,CANCELLED,2,0,INR,2026-05-11 23:58:49,2026-05-12 01:00:49
RES100434,CHA001,CNF100434,GUEST100434,2026-07-02,2026-07-07,KING,CORP,CORP_STD,MODIFIED,2,57810,INR,2026-05-11 09:29:55,2026-05-11 12:29:55
RES100435,CHA001,CNF100435,GUEST100435,2026-06-23,2026-06-26,DLX,PKG,PKG_STD,BOOKED,3,64953,INR,2026-05-11 13:34:45,2026-05-11 14:21:45
RES100436,BLR002,CNF100436,GUEST100436,2026-06-20,2026-06-21,STD,MEMBER,MEM_DLX,BOOKED,2,14104,INR,2026-05-11 17:46:14,2026-05-11 18:16:14
RES100437,CHA001,CNF100437,GUEST100437,2026-06-29,2026-07-03,KING,CORP,CORP_STD,MODIFIED,3,123372,INR,2026-05-11 23:24:13,2026-05-12 01:09:13
RES100438,HYD001,CNF100438,GUEST100438,2026-07-04,2026-07-08,STE,PREPAY,PPR_STD,MODIFIED,4,202272,INR,2026-05-11 08:02:29,2026-05-11 09:53:29
RES100439,BLR002,CNF100439,GUEST100439,2026-06-18,2026-06-20,STD,BAR,BAR_DLX,CANCELLED,2,0,INR,2026-05-11 06:26:02,2026-05-11 06:42:02
RES100440,HYD001,CNF100440,GUEST100440,2026-07-03,2026-07-08,QUEEN,PKG,PKG_STD,MODIFIED,1,50125,INR,2026-05-11 04:15:04,2026-05-11 06:01:04
RES100441,DEL002,CNF100441,GUEST100441,2026-06-10,2026-06-15,DLX,PKG,PKG_DLX,MODIFIED,3,58185,INR,2026-05-11 20:04:23,2026-05-11 22:23:23
RES100442,BLR001,CNF100442,GUEST100442,2026-05-25,2026-05-30,DLX,CORP,CORP_STD,BOOKED,1,36585,INR,2026-05-11 06:13:11,2026-05-11 06:36:11
RES100443,DEL001,CNF100443,GUEST100443,2026-06-11,2026-06-13,KING,MEMBER,MEM_DLX,CANCELLED,3,0,INR,2026-05-11 14:33:45,2026-05-11 17:26:45
RES100444,BLR002,CNF100444,GUEST100444,2026-05-15,2026-05-18,QUEEN,CORP,CORP_DLX,MODIFIED,4,147372,INR,2026-05-11 22:07:05,2026-05-12 01:02:05
RES100445,BLR002,CNF100445,GUEST100445,2026-05-17,2026-05-18,STD,CORP,CORP_DLX,MODIFIED,1,11745,INR,2026-05-11 01:34:23,2026-05-11 03:38:23
RES100446,HYD001,CNF100446,GUEST100446,2026-06-24,2026-06-27,KING,PKG,PKG_STD,MODIFIED,4,156408,INR,2026-05-11 20:31:10,2026-05-11 21:51:10
RES100447,CHN001,CNF100447,GUEST100447,2026-05-16,2026-05-18,QUEEN,CORP,CORP_STD,BOOKED,1,22696,INR,2026-05-11 06:35:53,2026-05-11 07:19:53
RES100448,KER001,CNF100448,GUEST100448,2026-06-24,2026-06-26,DLX,PREPAY,PPR_DLX,CANCELLED,1,0,INR,2026-05-11 20:35:19,2026-05-11 22:28:19
RES100449,BLR002,CNF100449,GUEST100449,2026-05-23,2026-05-28,KING,CORP,CORP_STD,BOOKED,4,282120,INR,2026-05-11 18:35:08,2026-05-11 21:21:08
RES100450,KER001,CNF100450,GUEST100450,2026-05-29,2026-06-02,KING,PKG,PKG_DLX,BOOKED,2,39552,INR,2026-05-11 20:40:00,2026-05-11 20:42:00
RES100451,MUM002,CNF100451,GUEST100451,2026-05-14,2026-05-19,KING,MEMBER,MEM_STD,MODIFIED,1,54875,INR,2026-05-11 18:38:14,2026-05-11 20:39:14
RES100452,KOL001,CNF100452,GUEST100452,2026-05-25,2026-05-30,DLX,PKG,PKG_DLX,MODIFIED,2,36250,INR,2026-05-11 19:01:45,2026-05-11 19:52:45
RES100453,BLR002,CNF100453,GUEST100453,2026-06-09,2026-06-14,DLX,MEMBER,MEM_DLX,BOOKED,4,247640,INR,2026-05-11 04:12:50,2026-05-11 06:23:50
RES100454,DEL001,CNF100454,GUEST100454,2026-06-21,2026-06-23,STE,PKG,PKG_STD,BOOKED,2,42208,INR,2026-05-11 14:34:21,2026-05-11 14:49:21
RES100455,BLR002,CNF100455,GUEST100455,2026-07-07,2026-07-09,KING,BAR,BAR_DLX,BOOKED,2,29216,INR,2026-05-11 23:48:53,2026-05-12 00:39:53
RES100456,BLR002,CNF100456,GUEST100456,2026-05-16,2026-05-20,STD,BAR,BAR_STD,BOOKED,4,192928,INR,2026-05-11 17:16:49,2026-05-11 17:48:49
RES100457,DEL002,CNF100457,GUEST100457,2026-05-20,2026-05-25,DLX,PKG,PKG_DLX,BOOKED,3,140130,INR,2026-05-11 16:52:58,2026-05-11 18:57:58
RES100458,KOL001,CNF100458,GUEST100458,2026-06-05,2026-06-07,KING,PKG,PKG_DLX,MODIFIED,4,106368,INR,2026-05-11 16:57:53,2026-05-11 18:37:53
RES100459,KER001,CNF100459,GUEST100459,2026-05-28,2026-05-30,STE,CORP,CORP_DLX,MODIFIED,2,21136,INR,2026-05-11 01:05:32,2026-05-11 03:24:32
RES100460,KOL001,CNF100460,GUEST100460,2026-05-28,2026-05-30,KING,PKG,PKG_DLX,MODIFIED,1,17448,INR,2026-05-11 07:55:20,2026-05-11 10:38:20
RES100461,DEL001,CNF100461,GUEST100461,2026-06-12,2026-06-15,QUEEN,PKG,PKG_STD,MODIFIED,4,67848,INR,2026-05-11 10:36:23,2026-05-11 13:34:23
RES100462,MUM002,CNF100462,GUEST100462,2026-06-01,2026-06-02,STE,BAR,BAR_STD,CANCELLED,4,0,INR,2026-05-11 02:30:54,2026-05-11 03:47:54
RES100463,DEL002,CNF100463,GUEST100463,2026-05-15,2026-05-16,DLX,PKG,PKG_STD,MODIFIED,2,21890,INR,2026-05-11 17:00:47,2026-05-11 18:07:47
RES100464,BLR001,CNF100464,GUEST100464,2026-07-04,2026-07-05,STD,CORP,CORP_DLX,BOOKED,1,14398,INR,2026-05-11 07:06:44,2026-05-11 07:18:44
RES100465,BLR002,CNF100465,GUEST100465,2026-05-19,2026-05-21,STE,PREPAY,PPR_STD,BOOKED,2,23420,INR,2026-05-11 12:16:23,2026-05-11 13:02:23
RES100466,CHN001,CNF100466,GUEST100466,2026-05-19,2026-05-21,STE,BAR,BAR_DLX,BOOKED,1,20182,INR,2026-05-11 13:31:30,2026-05-11 16:14:30
RES100467,KOL001,CNF100467,GUEST100467,2026-07-04,2026-07-06,QUEEN,PKG,PKG_STD,BOOKED,3,77442,INR,2026-05-11 13:50:38,2026-05-11 14:19:38
RES100468,HYD001,CNF100468,GUEST100468,2026-05-31,2026-06-04,QUEEN,PREPAY,PPR_STD,BOOKED,2,65144,INR,2026-05-11 17:40:54,2026-05-11 18:15:54
RES100469,BLR001,CNF100469,GUEST100469,2026-06-05,2026-06-06,STD,MEMBER,MEM_DLX,CANCELLED,3,0,INR,2026-05-11 19:32:12,2026-05-11 21:07:12
RES100470,CHA001,CNF100470,GUEST100470,2026-06-24,2026-06-26,STE,BAR,BAR_DLX,BOOKED,4,83176,INR,2026-05-11 17:36:11,2026-05-11 17:41:11
RES100471,KER001,CNF100471,GUEST100471,2026-06-23,2026-06-25,QUEEN,MEMBER,MEM_DLX,MODIFIED,4,54912,INR,2026-05-11 07:37:22,2026-05-11 10:20:22
RES100472,CHA001,CNF100472,GUEST100472,2026-07-03,2026-07-05,QUEEN,CORP,CORP_STD,BOOKED,4,102912,INR,2026-05-11 02:03:13,2026-05-11 03:15:13
RES100473,CHA001,CNF100473,GUEST100473,2026-05-24,2026-05-29,KING,BAR,BAR_STD,CANCELLED,4,0,INR,2026-05-11 01:18:54,2026-05-11 02:42:54
RES100474,KOL001,CNF100474,GUEST100474,2026-06-20,2026-06-22,STD,MEMBER,MEM_STD,MODIFIED,3,33540,INR,2026-05-11 20:04:44,2026-05-11 21:57:44
RES100475,BLR002,CNF100475,GUEST100475,2026-06-12,2026-06-17,QUEEN,PKG,PKG_DLX,CANCELLED,3,0,INR,2026-05-11 18:54:08,2026-05-11 19:53:08
RES100476,BLR002,CNF100476,GUEST100476,2026-06-03,2026-06-04,STE,BAR,BAR_STD,BOOKED,2,20584,INR,2026-05-11 21:14:06,2026-05-11 22:44:06
RES100477,KOL001,CNF100477,GUEST100477,2026-05-26,2026-05-31,QUEEN,MEMBER,MEM_DLX,CANCELLED,3,0,INR,2026-05-11 09:16:31,2026-05-11 11:15:31
RES100478,BLR002,CNF100478,GUEST100478,2026-06-18,2026-06-20,STD,PKG,PKG_DLX,MODIFIED,1,15966,INR,2026-05-11 16:14:17,2026-05-11 18:03:17
RES100479,BLR002,CNF100479,GUEST100479,2026-07-04,2026-07-05,QUEEN,PREPAY,PPR_STD,BOOKED,4,42512,INR,2026-05-11 21:20:49,2026-05-11 23:07:49
RES100480,BLR002,CNF100480,GUEST100480,2026-05-27,2026-05-30,DLX,BAR,BAR_STD,CANCELLED,4,0,INR,2026-05-11 07:21:53,2026-05-11 08:20:53
RES100481,MUM002,CNF100481,GUEST100481,2026-06-17,2026-06-18,QUEEN,PREPAY,PPR_DLX,MODIFIED,2,18312,INR,2026-05-11 06:40:34,2026-05-11 06:54:34
RES100482,MUM002,CNF100482,GUEST100482,2026-06-13,2026-06-16,STD,MEMBER,MEM_DLX,CANCELLED,1,0,INR,2026-05-11 05:12:40,2026-05-11 07:28:40
RES100483,BLR001,CNF100483,GUEST100483,2026-06-06,2026-06-08,KING,BAR,BAR_STD,BOOKED,1,24864,INR,2026-05-11 07:41:08,2026-05-11 07:47:08
RES100484,DEL001,CNF100484,GUEST100484,2026-05-22,2026-05-25,QUEEN,CORP,CORP_DLX,MODIFIED,1,27228,INR,2026-05-11 03:24:00,2026-05-11 06:08:00
RES100485,KER001,CNF100485,GUEST100485,2026-06-27,2026-07-02,KING,BAR,BAR_DLX,CANCELLED,2,0,INR,2026-05-11 21:36:33,2026-05-11 22:22:33
RES100486,KER001,CNF100486,GUEST100486,2026-05-21,2026-05-26,STE,PREPAY,PPR_DLX,MODIFIED,3,156615,INR,2026-05-11 16:08:38,2026-05-11 17:04:38
RES100487,CHN001,CNF100487,GUEST100487,2026-06-15,2026-06-19,KING,MEMBER,MEM_STD,CANCELLED,4,0,INR,2026-05-11 22:37:03,2026-05-12 01:37:03
RES100488,CHA001,CNF100488,GUEST100488,2026-05-31,2026-06-04,KING,MEMBER,MEM_STD,CANCELLED,3,0,INR,2026-05-11 15:50:06,2026-05-11 18:46:06
RES100489,MUM002,CNF100489,GUEST100489,2026-07-02,2026-07-05,STD,BAR,BAR_STD,MODIFIED,3,106452,INR,2026-05-11 03:19:43,2026-05-11 05:08:43
RES100490,CHA001,CNF100490,GUEST100490,2026-05-13,2026-05-16,KING,MEMBER,MEM_STD,CANCELLED,2,0,INR,2026-05-11 11:19:35,2026-05-11 11:47:35
RES100491,DEL001,CNF100491,GUEST100491,2026-06-02,2026-06-04,KING,BAR,BAR_DLX,CANCELLED,1,0,INR,2026-05-11 20:46:15,2026-05-11 22:41:15
RES100492,MUM002,CNF100492,GUEST100492,2026-05-27,2026-06-01,STD,CORP,CORP_DLX,BOOKED,4,198900,INR,2026-05-11 03:35:30,2026-05-11 06:34:30
RES100493,CHN001,CNF100493,GUEST100493,2026-07-10,2026-07-11,KING,CORP,CORP_DLX,CANCELLED,2,0,INR,2026-05-11 04:48:42,2026-05-11 05:31:42
RES100494,CHN001,CNF100494,GUEST100494,2026-05-29,2026-05-31,STE,BAR,BAR_DLX,BOOKED,3,44856,INR,2026-05-11 14:48:35,2026-05-11 16:03:35
RES100495,DEL001,CNF100495,GUEST100495,2026-06-04,2026-06-09,QUEEN,CORP,CORP_STD,MODIFIED,4,144200,INR,2026-05-11 16:43:20,2026-05-11 19:39:20
RES100496,HYD001,CNF100496,GUEST100496,2026-06-14,2026-06-15,STE,CORP,CORP_DLX,BOOKED,1,5197,INR,2026-05-11 17:12:49,2026-05-11 17:56:49
RES100497,BLR001,CNF100497,GUEST100497,2026-05-29,2026-05-31,STE,PREPAY,PPR_DLX,MODIFIED,4,48000,INR,2026-05-11 12:20:06,2026-05-11 14:48:06
RES100498,CHA001,CNF100498,GUEST100498,2026-06-26,2026-06-27,STE,CORP,CORP_DLX,MODIFIED,3,40710,INR,2026-05-11 04:09:18,2026-05-11 05:17:18
RES100499,MUM001,CNF100499,GUEST100499,2026-07-08,2026-07-13,QUEEN,BAR,BAR_STD,CANCELLED,2,0,INR,2026-05-11 04:07:01,2026-05-11 04:20:01
RES100500,MUM001,CNF100500,GUEST100500,2026-05-24,2026-05-26,QUEEN,PKG,PKG_STD,BOOKED,4,98808,INR,2026-05-11 14:52:35,2026-05-11 15:46:35
RES100501,HYD001,CNF100501,GUEST100501,2026-06-30,2026-07-01,KING,BAR,BAR_DLX,CANCELLED,3,0,INR,2026-05-11 17:58:16,2026-05-11 19:07:16
RES100502,KER001,CNF100502,GUEST100502,2026-05-25,2026-05-27,QUEEN,BAR,BAR_STD,BOOKED,2,23412,INR,2026-05-11 10:07:54,2026-05-11 12:25:54
RES100503,BLR001,CNF100503,GUEST100503,2026-06-26,2026-06-30,KING,MEMBER,MEM_DLX,CANCELLED,4,0,INR,2026-05-11 19:57:22,2026-05-11 20:50:22
RES100504,BLR002,CNF100504,GUEST100504,2026-06-23,2026-06-25,STD,PKG,PKG_DLX,BOOKED,2,17048,INR,2026-05-11 22:15:20,2026-05-11 22:50:20
RES100505,KER001,CNF100505,GUEST100505,2026-07-05,2026-07-10,STD,BAR,BAR_DLX,BOOKED,3,219825,INR,2026-05-11 17:18:24,2026-05-11 19:14:24
RES100506,KOL001,CNF100506,GUEST100506,2026-05-24,2026-05-28,STD,MEMBER,MEM_DLX,BOOKED,2,33544,INR,2026-05-11 19:24:51,2026-05-11 20:23:51
RES100507,MUM002,CNF100507,GUEST100507,2026-05-26,2026-05-30,STE,PREPAY,PPR_DLX,BOOKED,4,231904,INR,2026-05-11 14:57:22,2026-05-11 15:32:22
RES100508,DEL002,CNF100508,GUEST100508,2026-05-20,2026-05-21,STE,PKG,PKG_DLX,BOOKED,2,20628,INR,2026-05-11 04:49:37,2026-05-11 05:55:37
RES100509,DEL001,CNF100509,GUEST100509,2026-06-08,2026-06-10,DLX,BAR,BAR_DLX,BOOKED,4,66576,INR,2026-05-11 07:00:07,2026-05-11 07:44:07
RES100510,MUM002,CNF100510,GUEST100510,2026-05-18,2026-05-21,DLX,CORP,CORP_STD,BOOKED,1,15711,INR,2026-05-11 02:05:42,2026-05-11 04:00:42
RES100511,KOL001,CNF100511,GUEST100511,2026-05-17,2026-05-19,KING,MEMBER,MEM_DLX,MODIFIED,3,78606,INR,2026-05-11 19:03:47,2026-05-11 20:47:47
RES100512,DEL001,CNF100512,GUEST100512,2026-06-21,2026-06-26,KING,PKG,PKG_STD,CANCELLED,4,0,INR,2026-05-11 12:30:54,2026-05-11 12:39:54
RES100513,KER001,CNF100513,GUEST100513,2026-06-13,2026-06-17,KING,PKG,PKG_DLX,MODIFIED,3,127380,INR,2026-05-11 16:26:28,2026-05-11 16:56:28
RES100514,CHN001,CNF100514,GUEST100514,2026-07-10,2026-07-14,QUEEN,PKG,PKG_STD,MODIFIED,2,46304,INR,2026-05-11 07:18:08,2026-05-11 09:03:08
RES100515,DEL002,CNF100515,GUEST100515,2026-07-10,2026-07-13,STD,MEMBER,MEM_DLX,CANCELLED,1,0,INR,2026-05-11 08:02:12,2026-05-11 10:06:12
RES100516,MUM001,CNF100516,GUEST100516,2026-06-10,2026-06-13,QUEEN,BAR,BAR_STD,MODIFIED,2,36894,INR,2026-05-11 20:49:12,2026-05-11 22:18:12
RES100517,HYD001,CNF100517,GUEST100517,2026-06-26,2026-06-30,QUEEN,PKG,PKG_STD,MODIFIED,2,60928,INR,2026-05-11 16:06:41,2026-05-11 16:27:41
RES100518,DEL001,CNF100518,GUEST100518,2026-05-19,2026-05-22,STD,PREPAY,PPR_STD,CANCELLED,2,0,INR,2026-05-11 15:05:00,2026-05-11 16:51:00
RES100519,HYD001,CNF100519,GUEST100519,2026-07-05,2026-07-09,DLX,MEMBER,MEM_DLX,BOOKED,1,47000,INR,2026-05-11 19:44:21,2026-05-11 21:12:21
RES100520,HYD001,CNF100520,GUEST100520,2026-06-15,2026-06-20,STD,PREPAY,PPR_DLX,MODIFIED,4,237480,INR,2026-05-11 00:10:10,2026-05-11 01:35:10
RES100521,CHA001,CNF100521,GUEST100521,2026-07-08,2026-07-12,QUEEN,PKG,PKG_DLX,CANCELLED,3,0,INR,2026-05-11 20:39:41,2026-05-11 23:16:41
RES100522,BLR002,CNF100522,GUEST100522,2026-06-16,2026-06-17,STD,BAR,BAR_DLX,MODIFIED,2,11250,INR,2026-05-11 11:43:14,2026-05-11 11:45:14
RES100523,BLR001,CNF100523,GUEST100523,2026-06-01,2026-06-02,STE,BAR,BAR_DLX,MODIFIED,1,13271,INR,2026-05-11 16:14:07,2026-05-11 16:31:07
RES100524,CHA001,CNF100524,GUEST100524,2026-06-24,2026-06-25,STD,CORP,CORP_DLX,MODIFIED,1,10306,INR,2026-05-11 05:59:02,2026-05-11 07:51:02
RES100525,DEL002,CNF100525,GUEST100525,2026-05-14,2026-05-15,STE,BAR,BAR_DLX,CANCELLED,1,0,INR,2026-05-11 20:50:36,2026-05-11 21:19:36
RES100526,DEL001,CNF100526,GUEST100526,2026-06-25,2026-06-30,KING,CORP,CORP_DLX,CANCELLED,2,0,INR,2026-05-11 23:37:48,2026-05-12 00:57:48
RES100527,MUM002,CNF100527,GUEST100527,2026-05-20,2026-05-25,KING,PKG,PKG_STD,MODIFIED,2,47360,INR,2026-05-11 12:55:08,2026-05-11 15:50:08
RES100528,KER001,CNF100528,GUEST100528,2026-06-01,2026-06-05,STE,BAR,BAR_DLX,CANCELLED,3,0,INR,2026-05-11 04:22:38,2026-05-11 05:48:38
RES100529,KER001,CNF100529,GUEST100529,2026-06-28,2026-07-02,QUEEN,MEMBER,MEM_DLX,BOOKED,3,97320,INR,2026-05-11 04:26:44,2026-05-11 05:45:44
RES100530,MUM001,CNF100530,GUEST100530,2026-06-10,2026-06-13,KING,PKG,PKG_DLX,MODIFIED,3,43776,INR,2026-05-11 09:53:14,2026-05-11 10:39:14
RES100531,MUM002,CNF100531,GUEST100531,2026-06-05,2026-06-07,QUEEN,CORP,CORP_STD,MODIFIED,2,49388,INR,2026-05-11 00:51:19,2026-05-11 03:25:19
RES100532,DEL001,CNF100532,GUEST100532,2026-05-26,2026-05-28,DLX,BAR,BAR_STD,MODIFIED,3,72330,INR,2026-05-11 16:53:45,2026-05-11 16:53:45
RES100533,HYD001,CNF100533,GUEST100533,2026-06-30,2026-07-01,KING,BAR,BAR_DLX,CANCELLED,4,0,INR,2026-05-11 22:51:29,2026-05-12 01:08:29
RES100534,CHA001,CNF100534,GUEST100534,2026-05-30,2026-06-04,DLX,PKG,PKG_DLX,CANCELLED,3,0,INR,2026-05-11 15:33:06,2026-05-11 16:04:06
RES100535,CHA001,CNF100535,GUEST100535,2026-05-29,2026-06-02,STE,CORP,CORP_STD,MODIFIED,2,92112,INR,2026-05-11 22:17:51,2026-05-12 00:58:51
RES100536,BLR001,CNF100536,GUEST100536,2026-05-16,2026-05-17,STD,PKG,PKG_STD,CANCELLED,1,0,INR,2026-05-11 03:04:28,2026-05-11 04:29:28
RES100537,KOL001,CNF100537,GUEST100537,2026-06-25,2026-06-30,DLX,PREPAY,PPR_DLX,CANCELLED,1,0,INR,2026-05-11 16:59:18,2026-05-11 19:11:18
RES100538,DEL002,CNF100538,GUEST100538,2026-06-20,2026-06-23,DLX,MEMBER,MEM_DLX,MODIFIED,4,162216,INR,2026-05-11 08:07:38,2026-05-11 09:33:38
RES100539,CHA001,CNF100539,GUEST100539,2026-05-30,2026-06-03,DLX,PREPAY,PPR_STD,BOOKED,4,159072,INR,2026-05-11 10:54:12,2026-05-11 11:13:12
RES100540,KER001,CNF100540,GUEST100540,2026-06-08,2026-06-10,QUEEN,MEMBER,MEM_STD,BOOKED,2,17108,INR,2026-05-11 17:13:54,2026-05-11 19:00:54
RES100541,KOL001,CNF100541,GUEST100541,2026-05-22,2026-05-27,DLX,PKG,PKG_DLX,MODIFIED,2,39020,INR,2026-05-11 01:56:38,2026-05-11 02:30:38
RES100542,BLR002,CNF100542,GUEST100542,2026-05-18,2026-05-19,DLX,CORP,CORP_DLX,CANCELLED,2,0,INR,2026-05-11 05:29:37,2026-05-11 07:27:37
RES100543,CHA001,CNF100543,GUEST100543,2026-06-03,2026-06-06,STD,MEMBER,MEM_STD,CANCELLED,2,0,INR,2026-05-11 02:08:56,2026-05-11 04:00:56
RES100544,CHA001,CNF100544,GUEST100544,2026-06-13,2026-06-14,QUEEN,MEMBER,MEM_STD,BOOKED,4,31600,INR,2026-05-11 16:32:12,2026-05-11 17:25:12
RES100545,HYD001,CNF100545,GUEST100545,2026-05-18,2026-05-20,QUEEN,BAR,BAR_DLX,MODIFIED,2,14152,INR,2026-05-11 10:19:18,2026-05-11 11:17:18
RES100546,CHN001,CNF100546,GUEST100546,2026-07-10,2026-07-15,STE,PKG,PKG_DLX,CANCELLED,4,0,INR,2026-05-11 00:07:49,2026-05-11 01:32:49
RES100547,BLR002,CNF100547,GUEST100547,2026-06-20,2026-06-23,STD,PKG,PKG_STD,CANCELLED,3,0,INR,2026-05-11 13:10:58,2026-05-11 15:05:58
RES100548,BLR001,CNF100548,GUEST100548,2026-05-25,2026-05-30,QUEEN,PREPAY,PPR_STD,CANCELLED,4,0,INR,2026-05-11 03:43:11,2026-05-11 04:28:11
RES100549,MUM001,CNF100549,GUEST100549,2026-06-15,2026-06-16,DLX,MEMBER,MEM_STD,BOOKED,4,44564,INR,2026-05-11 02:43:50,2026-05-11 05:15:50
RES100550,DEL002,CNF100550,GUEST100550,2026-06-28,2026-06-30,DLX,CORP,CORP_DLX,MODIFIED,2,40140,INR,2026-05-11 07:41:01,2026-05-11 10:11:01
RES100551,CHN001,CNF100551,GUEST100551,2026-07-09,2026-07-11,DLX,PKG,PKG_STD,CANCELLED,4,0,INR,2026-05-11 03:15:33,2026-05-11 06:04:33
RES100552,BLR001,CNF100552,GUEST100552,2026-05-19,2026-05-20,STE,MEMBER,MEM_DLX,MODIFIED,4,50444,INR,2026-05-11 01:21:52,2026-05-11 01:35:52
RES100553,KER001,CNF100553,GUEST100553,2026-05-22,2026-05-23,KING,PKG,PKG_DLX,BOOKED,2,18016,INR,2026-05-11 16:01:17,2026-05-11 18:26:17
RES100554,CHA001,CNF100554,GUEST100554,2026-07-05,2026-07-07,STD,PREPAY,PPR_STD,BOOKED,4,88056,INR,2026-05-11 09:13:29,2026-05-11 09:15:29
RES100555,MUM001,CNF100555,GUEST100555,2026-07-09,2026-07-12,DLX,CORP,CORP_STD,MODIFIED,4,168444,INR,2026-05-11 18:31:24,2026-05-11 20:39:24
RES100556,MUM002,CNF100556,GUEST100556,2026-06-23,2026-06-26,DLX,PKG,PKG_STD,BOOKED,4,62880,INR,2026-05-11 03:56:00,2026-05-11 05:02:00
RES100557,HYD001,CNF100557,GUEST100557,2026-06-27,2026-06-29,DLX,MEMBER,MEM_STD,BOOKED,4,86856,INR,2026-05-11 18:44:04,2026-05-11 18:53:04
RES100558,CHN001,CNF100558,GUEST100558,2026-06-20,2026-06-21,STD,CORP,CORP_STD,BOOKED,3,37260,INR,2026-05-11 09:41:49,2026-05-11 10:20:49
RES100559,BLR001,CNF100559,GUEST100559,2026-07-08,2026-07-09,DLX,CORP,CORP_DLX,CANCELLED,1,0,INR,2026-05-11 18:12:04,2026-05-11 20:52:04
RES100560,KOL001,CNF100560,GUEST100560,2026-05-19,2026-05-22,STE,BAR,BAR_STD,BOOKED,2,22290,INR,2026-05-11 14:53:25,2026-05-11 17:10:25
RES100561,BLR002,CNF100561,GUEST100561,2026-07-05,2026-07-07,QUEEN,CORP,CORP_DLX,CANCELLED,3,0,INR,2026-05-11 05:01:09,2026-05-11 05:50:09
RES100562,MUM001,CNF100562,GUEST100562,2026-07-09,2026-07-13,DLX,PREPAY,PPR_DLX,MODIFIED,4,192304,INR,2026-05-11 15:47:20,2026-05-11 16:11:20
RES100563,MUM002,CNF100563,GUEST100563,2026-06-11,2026-06-14,STE,PKG,PKG_DLX,BOOKED,2,55080,INR,2026-05-11 02:59:11,2026-05-11 04:17:11
RES100564,MUM002,CNF100564,GUEST100564,2026-05-15,2026-05-18,QUEEN,BAR,BAR_DLX,CANCELLED,1,0,INR,2026-05-11 18:11:42,2026-05-11 19:53:42
RES100565,HYD001,CNF100565,GUEST100565,2026-05-15,2026-05-19,KING,PREPAY,PPR_DLX,CANCELLED,1,0,INR,2026-05-11 05:38:36,2026-05-11 08:35:36
RES100566,DEL001,CNF100566,GUEST100566,2026-07-06,2026-07-07,KING,MEMBER,MEM_DLX,CANCELLED,1,0,INR,2026-05-11 03:00:14,2026-05-11 03:06:14
RES100567,BLR002,CNF100567,GUEST100567,2026-05-17,2026-05-18,KING,BAR,BAR_STD,BOOKED,4,30868,INR,2026-05-11 06:28:27,2026-05-11 07:40:27
RES100568,CHA001,CNF100568,GUEST100568,2026-07-06,2026-07-08,QUEEN,PKG,PKG_STD,BOOKED,1,16768,INR,2026-05-11 17:12:36,2026-05-11 20:08:36
RES100569,BLR002,CNF100569,GUEST100569,2026-05-18,2026-05-20,STD,BAR,BAR_STD,MODIFIED,4,97872,INR,2026-05-11 17:16:16,2026-05-11 18:18:16
RES100570,BLR002,CNF100570,GUEST100570,2026-06-26,2026-07-01,KING,PKG,PKG_DLX,CANCELLED,3,0,INR,2026-05-11 00:23:46,2026-05-11 02:12:46
RES100571,KOL001,CNF100571,GUEST100571,2026-06-16,2026-06-19,DLX,CORP,CORP_DLX,CANCELLED,2,0,INR,2026-05-11 19:45:27,2026-05-11 20:15:27
RES100572,MUM001,CNF100572,GUEST100572,2026-05-18,2026-05-23,STD,BAR,BAR_DLX,MODIFIED,2,110830,INR,2026-05-11 05:07:08,2026-05-11 05:43:08
RES100573,DEL002,CNF100573,GUEST100573,2026-05-19,2026-05-21,KING,PKG,PKG_DLX,CANCELLED,2,0,INR,2026-05-11 02:02:01,2026-05-11 04:05:01
RES100574,KER001,CNF100574,GUEST100574,2026-06-07,2026-06-12,STE,CORP,CORP_DLX,CANCELLED,3,0,INR,2026-05-11 13:23:09,2026-05-11 16:10:09
RES100575,DEL001,CNF100575,GUEST100575,2026-07-01,2026-07-03,KING,PKG,PKG_STD,BOOKED,1,23834,INR,2026-05-11 15:50:17,2026-05-11 17:56:17
RES100576,KOL001,CNF100576,GUEST100576,2026-06-02,2026-06-06,STD,BAR,BAR_STD,MODIFIED,1,43948,INR,2026-05-11 07:38:16,2026-05-11 08:15:16
RES100577,MUM002,CNF100577,GUEST100577,2026-06-10,2026-06-13,STD,PREPAY,PPR_DLX,MODIFIED,1,24930,INR,2026-05-11 21:34:46,2026-05-12 00:20:46
RES100578,MUM001,CNF100578,GUEST100578,2026-06-07,2026-06-11,STD,BAR,BAR_DLX,MODIFIED,3,71736,INR,2026-05-11 03:06:48,2026-05-11 04:11:48
RES100579,DEL001,CNF100579,GUEST100579,2026-06-26,2026-06-27,KING,BAR,BAR_STD,BOOKED,3,36696,INR,2026-05-11 08:03:53,2026-05-11 10:30:53
RES100580,BLR001,CNF100580,GUEST100580,2026-06-10,2026-06-11,STD,MEMBER,MEM_DLX,CANCELLED,1,0,INR,2026-05-11 11:12:52,2026-05-11 13:21:52
RES100581,KER001,CNF100581,GUEST100581,2026-06-11,2026-06-15,DLX,PREPAY,PPR_STD,BOOKED,1,14888,INR,2026-05-11 20:08:18,2026-05-11 20:51:18
RES100582,CHN001,CNF100582,GUEST100582,2026-05-29,2026-06-03,KING,CORP,CORP_DLX,MODIFIED,4,174140,INR,2026-05-11 17:46:26,2026-05-11 20:39:26
RES100583,DEL001,CNF100583,GUEST100583,2026-07-06,2026-07-08,STE,BAR,BAR_DLX,BOOKED,4,32280,INR,2026-05-11 12:48:29,2026-05-11 13:36:29
RES100584,CHN001,CNF100584,GUEST100584,2026-05-30,2026-06-02,QUEEN,CORP,CORP_DLX,CANCELLED,3,0,INR,2026-05-11 08:49:01,2026-05-11 11:38:01
RES100585,HYD001,CNF100585,GUEST100585,2026-05-27,2026-05-29,QUEEN,MEMBER,MEM_DLX,MODIFIED,1,13620,INR,2026-05-11 03:12:38,2026-05-11 03:24:38
RES100586,BLR002,CNF100586,GUEST100586,2026-06-26,2026-06-30,STD,PKG,PKG_STD,MODIFIED,3,132060,INR,2026-05-11 13:06:54,2026-05-11 15:00:54
RES100587,BLR001,CNF100587,GUEST100587,2026-06-29,2026-07-01,STE,CORP,CORP_STD,MODIFIED,1,28016,INR,2026-05-11 04:48:24,2026-05-11 07:21:24
RES100588,BLR001,CNF100588,GUEST100588,2026-07-01,2026-07-04,STD,PKG,PKG_STD,BOOKED,2,66816,INR,2026-05-11 19:26:46,2026-05-11 22:14:46
RES100589,DEL001,CNF100589,GUEST100589,2026-06-27,2026-07-02,KING,CORP,CORP_STD,MODIFIED,1,51860,INR,2026-05-11 22:40:23,2026-05-12 01:12:23
RES100590,BLR002,CNF100590,GUEST100590,2026-07-01,2026-07-04,KING,PKG,PKG_STD,BOOKED,2,29520,INR,2026-05-11 15:14:26,2026-05-11 15:36:26
RES100591,KOL001,CNF100591,GUEST100591,2026-06-24,2026-06-29,STE,PKG,PKG_STD,BOOKED,3,102030,INR,2026-05-11 21:04:27,2026-05-11 23:21:27
RES100592,KER001,CNF100592,GUEST100592,2026-07-08,2026-07-12,QUEEN,MEMBER,MEM_DLX,CANCELLED,2,0,INR,2026-05-11 21:39:28,2026-05-11 22:06:28
RES100593,BLR001,CNF100593,GUEST100593,2026-06-30,2026-07-05,KING,BAR,BAR_DLX,MODIFIED,4,272720,INR,2026-05-11 04:52:37,2026-05-11 06:38:37
RES100594,CHN001,CNF100594,GUEST100594,2026-06-21,2026-06-24,DLX,CORP,CORP_STD,CANCELLED,3,0,INR,2026-05-11 14:10:20,2026-05-11 15:55:20
RES100595,DEL001,CNF100595,GUEST100595,2026-06-20,2026-06-25,QUEEN,PKG,PKG_STD,MODIFIED,1,50525,INR,2026-05-11 11:55:53,2026-05-11 13:29:53
RES100596,KOL001,CNF100596,GUEST100596,2026-05-27,2026-05-31,DLX,CORP,CORP_STD,MODIFIED,4,216336,INR,2026-05-11 12:41:55,2026-05-11 13:08:55
RES100597,DEL002,CNF100597,GUEST100597,2026-06-20,2026-06-21,STD,PKG,PKG_DLX,CANCELLED,1,0,INR,2026-05-11 17:21:25,2026-05-11 20:21:25
RES100598,MUM001,CNF100598,GUEST100598,2026-06-07,2026-06-11,KING,MEMBER,MEM_DLX,CANCELLED,1,0,INR,2026-05-11 19:32:57,2026-05-11 20:52:57
RES100599,KER001,CNF100599,GUEST100599,2026-06-11,2026-06-14,DLX,MEMBER,MEM_STD,CANCELLED,3,0,INR,2026-05-11 23:01:20,2026-05-12 01:57:20
RES100600,MUM002,CNF100600,GUEST100600,2026-07-08,2026-07-12,QUEEN,PKG,PKG_STD,CANCELLED,1,0,INR,2026-05-11 11:01:46,2026-05-11 13:29:46
RES100601,CHA001,CNF100601,GUEST100601,2026-06-23,2026-06-25,QUEEN,BAR,BAR_DLX,BOOKED,1,27584,INR,2026-05-11 13:33:24,2026-05-11 13:49:24
RES100602,BLR002,CNF100602,GUEST100602,2026-06-22,2026-06-24,STD,BAR,BAR_DLX,BOOKED,1,9286,INR,2026-05-11 08:47:10,2026-05-11 11:28:10
RES100603,CHA001,CNF100603,GUEST100603,2026-05-17,2026-05-21,KING,CORP,CORP_DLX,MODIFIED,1,24116,INR,2026-05-11 02:01:00,2026-05-11 03:32:00
RES100604,KOL001,CNF100604,GUEST100604,2026-06-05,2026-06-06,KING,PKG,PKG_DLX,CANCELLED,4,0,INR,2026-05-11 00:35:27,2026-05-11 02:54:27
RES100605,MUM002,CNF100605,GUEST100605,2026-05-22,2026-05-23,DLX,BAR,BAR_STD,MODIFIED,3,11874,INR,2026-05-11 18:30:00,2026-05-11 19:14:00
RES100606,BLR001,CNF100606,GUEST100606,2026-05-30,2026-06-03,STE,MEMBER,MEM_STD,BOOKED,3,45636,INR,2026-05-11 12:18:32,2026-05-11 12:27:32
RES100607,MUM002,CNF100607,GUEST100607,2026-06-03,2026-06-06,QUEEN,BAR,BAR_STD,BOOKED,2,72960,INR,2026-05-11 20:41:55,2026-05-11 22:44:55
RES100608,KER001,CNF100608,GUEST100608,2026-05-17,2026-05-21,DLX,MEMBER,MEM_STD,CANCELLED,2,0,INR,2026-05-11 00:34:13,2026-05-11 02:57:13
RES100609,DEL001,CNF100609,GUEST100609,2026-06-09,2026-06-12,STE,PREPAY,PPR_STD,MODIFIED,4,47928,INR,2026-05-11 13:14:57,2026-05-11 14:57:57
RES100610,CHA001,CNF100610,GUEST100610,2026-05-26,2026-05-28,DLX,CORP,CORP_DLX,CANCELLED,3,0,INR,2026-05-11 12:11:01,2026-05-11 12:55:01
RES100611,BLR001,CNF100611,GUEST100611,2026-06-02,2026-06-05,QUEEN,MEMBER,MEM_DLX,BOOKED,2,39000,INR,2026-05-11 23:29:34,2026-05-11 23:31:34
RES100612,HYD001,CNF100612,GUEST100612,2026-06-07,2026-06-11,KING,PREPAY,PPR_STD,MODIFIED,4,101232,INR,2026-05-11 14:52:54,2026-05-11 16:56:54
RES100613,DEL002,CNF100613,GUEST100613,2026-07-04,2026-07-05,QUEEN,MEMBER,MEM_STD,MODIFIED,1,5211,INR,2026-05-11 21:27:39,2026-05-11 23:39:39
RES100614,BLR001,CNF100614,GUEST100614,2026-06-17,2026-06-22,DLX,PKG,PKG_STD,BOOKED,4,161700,INR,2026-05-11 20:00:48,2026-05-11 20:03:48
RES100615,CHN001,CNF100615,GUEST100615,2026-06-15,2026-06-20,STE,MEMBER,MEM_STD,MODIFIED,4,223320,INR,2026-05-11 08:22:36,2026-05-11 08:37:36
RES100616,KOL001,CNF100616,GUEST100616,2026-06-29,2026-07-02,QUEEN,BAR,BAR_DLX,CANCELLED,3,0,INR,2026-05-11 12:21:28,2026-05-11 12:38:28
RES100617,MUM001,CNF100617,GUEST100617,2026-05-26,2026-05-29,KING,PREPAY,PPR_STD,BOOKED,1,19497,INR,2026-05-11 16:32:21,2026-05-11 17:39:21
RES100618,HYD001,CNF100618,GUEST100618,2026-05-22,2026-05-27,DLX,BAR,BAR_DLX,CANCELLED,2,0,INR,2026-05-11 15:29:18,2026-05-11 17:28:18
RES100619,HYD001,CNF100619,GUEST100619,2026-06-05,2026-06-09,QUEEN,PREPAY,PPR_DLX,BOOKED,2,74472,INR,2026-05-11 10:59:34,2026-05-11 13:57:34
RES100620,MUM001,CNF100620,GUEST100620,2026-07-08,2026-07-13,STD,MEMBER,MEM_STD,CANCELLED,2,0,INR,2026-05-11 04:10:03,2026-05-11 04:36:03
RES100621,CHN001,CNF100621,GUEST100621,2026-07-09,2026-07-13,STD,BAR,BAR_DLX,BOOKED,1,18404,INR,2026-05-11 02:33:34,2026-05-11 04:51:34
RES100622,KOL001,CNF100622,GUEST100622,2026-06-15,2026-06-19,STD,CORP,CORP_STD,CANCELLED,3,0,INR,2026-05-11 15:18:30,2026-05-11 16:21:30
RES100623,HYD001,CNF100623,GUEST100623,2026-06-15,2026-06-17,STE,BAR,BAR_DLX,CANCELLED,4,0,INR,2026-05-11 08:00:21,2026-05-11 10:10:21
RES100624,HYD001,CNF100624,GUEST100624,2026-06-07,2026-06-12,STE,PREPAY,PPR_DLX,MODIFIED,4,77240,INR,2026-05-11 19:17:29,2026-05-11 19:17:29
RES100625,BLR001,CNF100625,GUEST100625,2026-05-17,2026-05-20,KING,PREPAY,PPR_DLX,BOOKED,4,119748,INR,2026-05-11 19:58:12,2026-05-11 21:11:12
RES100626,CHA001,CNF100626,GUEST100626,2026-05-20,2026-05-25,QUEEN,PREPAY,PPR_DLX,CANCELLED,2,0,INR,2026-05-11 03:29:25,2026-05-11 05:37:25
RES100627,HYD001,CNF100627,GUEST100627,2026-07-01,2026-07-06,QUEEN,MEMBER,MEM_STD,CANCELLED,3,0,INR,2026-05-11 21:41:59,2026-05-11 22:50:59
RES100628,KOL001,CNF100628,GUEST100628,2026-05-28,2026-05-30,QUEEN,MEMBER,MEM_STD,CANCELLED,4,0,INR,2026-05-11 15:24:18,2026-05-11 16:46:18
RES100629,DEL001,CNF100629,GUEST100629,2026-06-07,2026-06-12,QUEEN,CORP,CORP_STD,CANCELLED,2,0,INR,2026-05-11 20:17:06,2026-05-11 22:09:06
RES100630,MUM002,CNF100630,GUEST100630,2026-07-10,2026-07-12,STD,PREPAY,PPR_STD,MODIFIED,1,29326,INR,2026-05-11 10:13:10,2026-05-11 10:24:10
RES100631,BLR001,CNF100631,GUEST100631,2026-05-26,2026-05-29,QUEEN,CORP,CORP_STD,MODIFIED,3,72720,INR,2026-05-11 06:47:29,2026-05-11 07:28:29
RES100632,MUM001,CNF100632,GUEST100632,2026-06-20,2026-06-23,STD,PREPAY,PPR_STD,CANCELLED,1,0,INR,2026-05-11 10:48:40,2026-05-11 12:51:40
RES100633,BLR002,CNF100633,GUEST100633,2026-06-03,2026-06-06,KING,CORP,CORP_STD,MODIFIED,1,17760,INR,2026-05-11 21:29:03,2026-05-11 23:42:03
RES100634,KER001,CNF100634,GUEST100634,2026-05-19,2026-05-20,STE,MEMBER,MEM_DLX,BOOKED,2,12798,INR,2026-05-11 16:55:26,2026-05-11 19:34:26
RES100635,BLR002,CNF100635,GUEST100635,2026-07-10,2026-07-15,KING,MEMBER,MEM_STD,BOOKED,3,120360,INR,2026-05-11 02:02:44,2026-05-11 03:27:44
RES100636,CHA001,CNF100636,GUEST100636,2026-05-16,2026-05-19,STE,BAR,BAR_STD,BOOKED,1,23226,INR,2026-05-11 10:56:50,2026-05-11 13:46:50
RES100637,DEL001,CNF100637,GUEST100637,2026-05-18,2026-05-22,QUEEN,PKG,PKG_STD,MODIFIED,4,77904,INR,2026-05-11 00:20:17,2026-05-11 02:48:17
RES100638,KOL001,CNF100638,GUEST100638,2026-06-13,2026-06-14,DLX,PREPAY,PPR_STD,CANCELLED,4,0,INR,2026-05-11 06:10:07,2026-05-11 08:24:07
RES100639,DEL002,CNF100639,GUEST100639,2026-05-16,2026-05-19,KING,PKG,PKG_STD,MODIFIED,4,141696,INR,2026-05-11 21:18:54,2026-05-11 23:20:54
RES100640,DEL002,CNF100640,GUEST100640,2026-07-01,2026-07-06,STD,BAR,BAR_STD,BOOKED,3,79140,INR,2026-05-11 04:37:00,2026-05-11 06:59:00
RES100641,KOL001,CNF100641,GUEST100641,2026-05-22,2026-05-27,STD,CORP,CORP_DLX,MODIFIED,2,119760,INR,2026-05-11 00:30:46,2026-05-11 01:52:46
RES100642,HYD001,CNF100642,GUEST100642,2026-06-20,2026-06-25,STD,CORP,CORP_DLX,MODIFIED,4,264640,INR,2026-05-11 13:11:55,2026-05-11 15:26:55
RES100643,CHN001,CNF100643,GUEST100643,2026-07-05,2026-07-07,STD,PREPAY,PPR_STD,BOOKED,2,51332,INR,2026-05-11 03:48:53,2026-05-11 04:27:53
RES100644,CHN001,CNF100644,GUEST100644,2026-06-12,2026-06-13,STE,PKG,PKG_DLX,BOOKED,1,10985,INR,2026-05-11 01:11:39,2026-05-11 03:35:39
RES100645,DEL002,CNF100645,GUEST100645,2026-05-30,2026-06-01,QUEEN,BAR,BAR_DLX,MODIFIED,3,65418,INR,2026-05-11 22:01:37,2026-05-11 22:53:37
RES100646,DEL002,CNF100646,GUEST100646,2026-06-22,2026-06-26,QUEEN,CORP,CORP_STD,MODIFIED,2,84872,INR,2026-05-11 15:20:46,2026-05-11 17:42:46
RES100647,CHN001,CNF100647,GUEST100647,2026-05-26,2026-05-30,STD,MEMBER,MEM_STD,BOOKED,1,37216,INR,2026-05-11 12:51:37,2026-05-11 15:40:37
RES100648,DEL002,CNF100648,GUEST100648,2026-07-10,2026-07-11,STE,PKG,PKG_STD,MODIFIED,3,27729,INR,2026-05-11 00:00:21,2026-05-11 02:39:21
RES100649,CHA001,CNF100649,GUEST100649,2026-06-04,2026-06-06,QUEEN,CORP,CORP_STD,CANCELLED,1,0,INR,2026-05-11 16:11:24,2026-05-11 18:18:24
RES100650,BLR002,CNF100650,GUEST100650,2026-05-13,2026-05-16,KING,PREPAY,PPR_STD,BOOKED,4,91224,INR,2026-05-11 10:17:59,2026-05-11 10:50:59
RES100651,CHN001,CNF100651,GUEST100651,2026-05-31,2026-06-05,KING,CORP,CORP_STD,BOOKED,4,183560,INR,2026-05-11 02:45:49,2026-05-11 05:14:49
RES100652,KOL001,CNF100652,GUEST100652,2026-07-01,2026-07-05,DLX,PREPAY,PPR_STD,CANCELLED,3,0,INR,2026-05-11 13:07:16,2026-05-11 13:57:16
RES100653,HYD001,CNF100653,GUEST100653,2026-07-08,2026-07-11,QUEEN,CORP,CORP_DLX,CANCELLED,4,0,INR,2026-05-11 18:31:50,2026-05-11 19:49:50
RES100654,KER001,CNF100654,GUEST100654,2026-05-31,2026-06-01,STE,PREPAY,PPR_DLX,CANCELLED,4,0,INR,2026-05-11 10:15:31,2026-05-11 11:59:31
RES100655,CHN001,CNF100655,GUEST100655,2026-05-20,2026-05-21,DLX,BAR,BAR_DLX,CANCELLED,1,0,INR,2026-05-11 23:29:40,2026-05-12 01:01:40
RES100656,MUM002,CNF100656,GUEST100656,2026-05-31,2026-06-05,QUEEN,PREPAY,PPR_DLX,CANCELLED,4,0,INR,2026-05-11 22:47:59,2026-05-11 23:54:59
RES100657,CHA001,CNF100657,GUEST100657,2026-07-10,2026-07-12,DLX,CORP,CORP_DLX,CANCELLED,3,0,INR,2026-05-11 20:03:31,2026-05-11 21:55:31
RES100658,DEL002,CNF100658,GUEST100658,2026-06-05,2026-06-08,STD,BAR,BAR_DLX,CANCELLED,3,0,INR,2026-05-11 19:34:01,2026-05-11 20:25:01
RES100659,CHA001,CNF100659,GUEST100659,2026-07-01,2026-07-03,KING,PREPAY,PPR_STD,CANCELLED,3,0,INR,2026-05-11 06:01:03,2026-05-11 06:40:03
RES100660,BLR001,CNF100660,GUEST100660,2026-06-13,2026-06-18,KING,PKG,PKG_STD,BOOKED,1,23480,INR,2026-05-11 09:43:04,2026-05-11 10:43:04
RES100661,BLR001,CNF100661,GUEST100661,2026-06-18,2026-06-19,KING,PKG,PKG_DLX,BOOKED,3,40431,INR,2026-05-11 18:14:33,2026-05-11 18:51:33
RES100662,MUM001,CNF100662,GUEST100662,2026-06-17,2026-06-21,STD,MEMBER,MEM_DLX,BOOKED,3,129096,INR,2026-05-11 07:39:16,2026-05-11 09:13:16
RES100663,BLR001,CNF100663,GUEST100663,2026-06-08,2026-06-09,STE,BAR,BAR_DLX,MODIFIED,1,10732,INR,2026-05-11 15:49:56,2026-05-11 16:36:56
RES100664,KER001,CNF100664,GUEST100664,2026-05-29,2026-06-01,QUEEN,BAR,BAR_STD,BOOKED,4,118416,INR,2026-05-11 13:49:08,2026-05-11 14:07:08
RES100665,DEL001,CNF100665,GUEST100665,2026-05-20,2026-05-24,QUEEN,PREPAY,PPR_STD,CANCELLED,1,0,INR,2026-05-11 04:48:55,2026-05-11 05:03:55
RES100666,CHN001,CNF100666,GUEST100666,2026-05-30,2026-06-02,DLX,PREPAY,PPR_DLX,BOOKED,2,28230,INR,2026-05-11 23:45:38,2026-05-12 01:18:38
RES100667,MUM002,CNF100667,GUEST100667,2026-06-27,2026-07-02,DLX,PKG,PKG_STD,MODIFIED,3,187935,INR,2026-05-11 17:14:58,2026-05-11 19:55:58
RES100668,BLR002,CNF100668,GUEST100668,2026-07-05,2026-07-08,QUEEN,BAR,BAR_STD,MODIFIED,3,112122,INR,2026-05-11 04:38:01,2026-05-11 05:53:01
RES100669,MUM002,CNF100669,GUEST100669,2026-05-26,2026-05-31,STD,CORP,CORP_DLX,BOOKED,3,97125,INR,2026-05-11 04:56:58,2026-05-11 07:15:58
RES100670,BLR001,CNF100670,GUEST100670,2026-07-10,2026-07-11,KING,BAR,BAR_STD,BOOKED,4,40956,INR,2026-05-11 06:18:40,2026-05-11 07:33:40
RES100671,DEL001,CNF100671,GUEST100671,2026-05-17,2026-05-18,STD,PKG,PKG_DLX,CANCELLED,1,0,INR,2026-05-11 05:33:12,2026-05-11 07:28:12
RES100672,CHA001,CNF100672,GUEST100672,2026-05-15,2026-05-18,KING,PKG,PKG_DLX,MODIFIED,3,65340,INR,2026-05-11 09:57:11,2026-05-11 11:17:11
RES100673,MUM002,CNF100673,GUEST100673,2026-06-02,2026-06-06,KING,PREPAY,PPR_DLX,BOOKED,3,169140,INR,2026-05-11 08:42:16,2026-05-11 09:03:16
RES100674,DEL001,CNF100674,GUEST100674,2026-06-28,2026-06-29,STD,PREPAY,PPR_DLX,MODIFIED,2,28094,INR,2026-05-11 19:23:06,2026-05-11 21:09:06
RES100675,BLR001,CNF100675,GUEST100675,2026-05-24,2026-05-26,DLX,CORP,CORP_DLX,BOOKED,4,107496,INR,2026-05-11 01:43:12,2026-05-11 02:51:12
RES100676,BLR001,CNF100676,GUEST100676,2026-06-17,2026-06-21,STD,BAR,BAR_DLX,BOOKED,3,130500,INR,2026-05-11 13:51:10,2026-05-11 16:43:10
RES100677,KER001,CNF100677,GUEST100677,2026-06-24,2026-06-28,QUEEN,BAR,BAR_DLX,MODIFIED,1,37072,INR,2026-05-11 13:19:00,2026-05-11 14:07:00
RES100678,MUM001,CNF100678,GUEST100678,2026-06-11,2026-06-15,KING,PKG,PKG_DLX,BOOKED,4,200512,INR,2026-05-11 03:52:11,2026-05-11 04:43:11
RES100679,CHA001,CNF100679,GUEST100679,2026-06-05,2026-06-06,DLX,PKG,PKG_DLX,CANCELLED,1,0,INR,2026-05-11 04:53:47,2026-05-11 06:39:47
RES100680,KER001,CNF100680,GUEST100680,2026-06-03,2026-06-05,STD,BAR,BAR_DLX,MODIFIED,4,30448,INR,2026-05-11 19:13:27,2026-05-11 19:19:27
RES100681,KOL001,CNF100681,GUEST100681,2026-06-28,2026-07-03,STD,PREPAY,PPR_DLX,CANCELLED,1,0,INR,2026-05-11 20:20:19,2026-05-11 20:23:19
RES100682,MUM001,CNF100682,GUEST100682,2026-06-09,2026-06-12,QUEEN,PREPAY,PPR_STD,CANCELLED,2,0,INR,2026-05-11 08:13:55,2026-05-11 10:01:55
RES100683,KOL001,CNF100683,GUEST100683,2026-05-14,2026-05-15,QUEEN,PKG,PKG_STD,BOOKED,3,34770,INR,2026-05-11 10:27:36,2026-05-11 12:56:36
RES100684,CHA001,CNF100684,GUEST100684,2026-05-22,2026-05-25,DLX,PREPAY,PPR_DLX,BOOKED,4,153168,INR,2026-05-11 11:01:32,2026-05-11 13:22:32
RES100685,DEL001,CNF100685,GUEST100685,2026-05-19,2026-05-20,STE,BAR,BAR_STD,CANCELLED,2,0,INR,2026-05-11 09:51:13,2026-05-11 11:23:13
RES100686,KER001,CNF100686,GUEST100686,2026-07-03,2026-07-08,QUEEN,CORP,CORP_STD,MODIFIED,2,55590,INR,2026-05-11 05:27:32,2026-05-11 07:36:32
RES100687,BLR002,CNF100687,GUEST100687,2026-06-20,2026-06-21,QUEEN,PKG,PKG_DLX,CANCELLED,3,0,INR,2026-05-11 10:31:06,2026-05-11 12:58:06
RES100688,CHN001,CNF100688,GUEST100688,2026-07-02,2026-07-06,QUEEN,MEMBER,MEM_DLX,BOOKED,4,177376,INR,2026-05-11 04:13:45,2026-05-11 05:23:45
RES100689,CHN001,CNF100689,GUEST100689,2026-05-31,2026-06-01,KING,CORP,CORP_STD,BOOKED,1,11561,INR,2026-05-11 16:21:44,2026-05-11 18:37:44
RES100690,BLR001,CNF100690,GUEST100690,2026-05-27,2026-06-01,KING,PKG,PKG_DLX,CANCELLED,2,0,INR,2026-05-11 17:40:22,2026-05-11 17:55:22
RES100691,KER001,CNF100691,GUEST100691,2026-05-21,2026-05-26,STD,MEMBER,MEM_STD,BOOKED,2,45100,INR,2026-05-11 22:56:53,2026-05-12 01:29:53
RES100692,DEL002,CNF100692,GUEST100692,2026-05-27,2026-06-01,STD,BAR,BAR_STD,MODIFIED,4,151140,INR,2026-05-11 10:34:04,2026-05-11 10:34:04
RES100693,KER001,CNF100693,GUEST100693,2026-07-10,2026-07-13,KING,BAR,BAR_STD,BOOKED,3,98352,INR,2026-05-11 22:51:55,2026-05-11 23:01:55
RES100694,BLR001,CNF100694,GUEST100694,2026-06-06,2026-06-09,DLX,CORP,CORP_STD,MODIFIED,3,35991,INR,2026-05-11 04:12:15,2026-05-11 07:11:15
RES100695,CHN001,CNF100695,GUEST100695,2026-05-19,2026-05-24,DLX,CORP,CORP_STD,BOOKED,2,137810,INR,2026-05-11 14:58:23,2026-05-11 15:55:23
RES100696,DEL001,CNF100696,GUEST100696,2026-05-23,2026-05-25,KING,BAR,BAR_STD,MODIFIED,3,88626,INR,2026-05-11 11:35:53,2026-05-11 14:21:53
RES100697,HYD001,CNF100697,GUEST100697,2026-07-01,2026-07-06,QUEEN,PKG,PKG_DLX,MODIFIED,1,51000,INR,2026-05-11 01:42:59,2026-05-11 03:30:59
RES100698,DEL002,CNF100698,GUEST100698,2026-05-15,2026-05-20,KING,CORP,CORP_STD,CANCELLED,3,0,INR,2026-05-11 12:17:10,2026-05-11 15:04:10
RES100699,BLR002,CNF100699,GUEST100699,2026-05-20,2026-05-22,DLX,MEMBER,MEM_STD,BOOKED,4,94712,INR,2026-05-11 08:47:30,2026-05-11 10:31:30
RES100700,CHA001,CNF100700,GUEST100700,2026-05-25,2026-05-26,KING,BAR,BAR_STD,MODIFIED,2,9174,INR,2026-05-11 13:01:00,2026-05-11 15:59:00
RES100701,KOL001,CNF100701,GUEST100701,2026-05-26,2026-05-27,STD,BAR,BAR_STD,MODIFIED,2,22486,INR,2026-05-11 18:19:35,2026-05-11 19:51:35
RES100702,HYD001,CNF100702,GUEST100702,2026-05-31,2026-06-05,KING,PKG,PKG_DLX,MODIFIED,1,39635,INR,2026-05-11 06:37:49,2026-05-11 08:47:49
RES100703,KOL001,CNF100703,GUEST100703,2026-06-09,2026-06-11,STD,PREPAY,PPR_DLX,MODIFIED,1,12842,INR,2026-05-11 12:21:33,2026-05-11 14:26:33
RES100704,KOL001,CNF100704,GUEST100704,2026-06-05,2026-06-09,QUEEN,PREPAY,PPR_DLX,MODIFIED,4,113072,INR,2026-05-11 04:10:57,2026-05-11 06:18:57
RES100705,CHA001,CNF100705,GUEST100705,2026-07-09,2026-07-10,KING,MEMBER,MEM_STD,CANCELLED,1,0,INR,2026-05-11 12:24:34,2026-05-11 12:57:34
RES100706,KER001,CNF100706,GUEST100706,2026-07-09,2026-07-11,STE,MEMBER,MEM_STD,BOOKED,3,74394,INR,2026-05-11 21:58:43,2026-05-11 22:55:43
RES100707,MUM001,CNF100707,GUEST100707,2026-05-18,2026-05-20,DLX,MEMBER,MEM_DLX,CANCELLED,3,0,INR,2026-05-11 21:53:51,2026-05-12 00:03:51
RES100708,CHA001,CNF100708,GUEST100708,2026-06-11,2026-06-16,STE,BAR,BAR_DLX,BOOKED,4,264640,INR,2026-05-11 12:45:42,2026-05-11 13:46:42
RES100709,KER001,CNF100709,GUEST100709,2026-06-07,2026-06-09,QUEEN,PKG,PKG_STD,CANCELLED,4,0,INR,2026-05-11 02:36:57,2026-05-11 05:19:57
RES100710,CHA001,CNF100710,GUEST100710,2026-06-01,2026-06-05,KING,PKG,PKG_STD,CANCELLED,1,0,INR,2026-05-11 04:58:25,2026-05-11 05:16:25
RES100711,DEL002,CNF100711,GUEST100711,2026-05-27,2026-05-29,KING,BAR,BAR_STD,BOOKED,3,83526,INR,2026-05-11 14:36:11,2026-05-11 15:55:11
RES100712,MUM001,CNF100712,GUEST100712,2026-06-18,2026-06-23,QUEEN,PKG,PKG_STD,CANCELLED,2,0,INR,2026-05-11 18:46:35,2026-05-11 19:35:35
RES100713,DEL002,CNF100713,GUEST100713,2026-06-29,2026-07-02,KING,MEMBER,MEM_STD,MODIFIED,3,52317,INR,2026-05-11 16:14:50,2026-05-11 16:44:50
RES100714,KOL001,CNF100714,GUEST100714,2026-05-29,2026-05-31,STE,PKG,PKG_DLX,BOOKED,2,51676,INR,2026-05-11 21:13:49,2026-05-11 23:33:49
RES100715,MUM001,CNF100715,GUEST100715,2026-07-02,2026-07-05,KING,MEMBER,MEM_DLX,MODIFIED,1,31041,INR,2026-05-11 05:55:27,2026-05-11 07:03:27
RES100716,MUM001,CNF100716,GUEST100716,2026-05-20,2026-05-23,KING,BAR,BAR_DLX,CANCELLED,1,0,INR,2026-05-11 09:40:29,2026-05-11 12:31:29
RES100717,KOL001,CNF100717,GUEST100717,2026-06-04,2026-06-09,STD,BAR,BAR_STD,CANCELLED,1,0,INR,2026-05-11 14:57:26,2026-05-11 16:00:26
RES100718,MUM002,CNF100718,GUEST100718,2026-06-04,2026-06-08,KING,PKG,PKG_STD,MODIFIED,4,97056,INR,2026-05-11 06:18:44,2026-05-11 07:49:44
RES100719,DEL001,CNF100719,GUEST100719,2026-05-19,2026-05-21,DLX,PKG,PKG_STD,MODIFIED,3,78348,INR,2026-05-11 17:40:04,2026-05-11 18:30:04
RES100720,MUM002,CNF100720,GUEST100720,2026-05-17,2026-05-22,STD,BAR,BAR_DLX,MODIFIED,2,59900,INR,2026-05-11 01:11:11,2026-05-11 01:48:11
RES100721,DEL001,CNF100721,GUEST100721,2026-05-13,2026-05-15,STD,MEMBER,MEM_STD,CANCELLED,3,0,INR,2026-05-11 23:40:03,2026-05-12 00:14:03
RES100722,BLR001,CNF100722,GUEST100722,2026-07-07,2026-07-10,DLX,MEMBER,MEM_DLX,BOOKED,4,84396,INR,2026-05-11 14:25:47,2026-05-11 15:54:47
RES100723,DEL002,CNF100723,GUEST100723,2026-06-07,2026-06-09,DLX,MEMBER,MEM_STD,MODIFIED,2,50272,INR,2026-05-11 13:03:07,2026-05-11 14:20:07
RES100724,CHA001,CNF100724,GUEST100724,2026-06-13,2026-06-16,STE,CORP,CORP_DLX,CANCELLED,3,0,INR,2026-05-11 00:47:10,2026-05-11 02:25:10
RES100725,CHN001,CNF100725,GUEST100725,2026-06-09,2026-06-12,STE,PREPAY,PPR_DLX,MODIFIED,2,80970,INR,2026-05-11 20:19:29,2026-05-11 21:27:29
RES100726,DEL001,CNF100726,GUEST100726,2026-06-02,2026-06-05,QUEEN,PKG,PKG_DLX,BOOKED,1,17973,INR,2026-05-11 11:45:07,2026-05-11 14:21:07
RES100727,BLR001,CNF100727,GUEST100727,2026-06-29,2026-07-01,QUEEN,PREPAY,PPR_DLX,MODIFIED,4,80192,INR,2026-05-11 00:14:59,2026-05-11 01:44:59
RES100728,MUM001,CNF100728,GUEST100728,2026-05-18,2026-05-21,STD,MEMBER,MEM_STD,CANCELLED,1,0,INR,2026-05-11 12:46:27,2026-05-11 13:41:27
RES100729,KER001,CNF100729,GUEST100729,2026-06-24,2026-06-28,DLX,PKG,PKG_DLX,CANCELLED,3,0,INR,2026-05-11 12:44:42,2026-05-11 14:21:42
RES100730,KOL001,CNF100730,GUEST100730,2026-05-15,2026-05-19,KING,CORP,CORP_DLX,MODIFIED,4,214304,INR,2026-05-11 00:52:46,2026-05-11 03:26:46
RES100731,CHN001,CNF100731,GUEST100731,2026-05-20,2026-05-22,QUEEN,PKG,PKG_STD,CANCELLED,4,0,INR,2026-05-11 22:51:39,2026-05-11 23:40:39
RES100732,DEL001,CNF100732,GUEST100732,2026-05-31,2026-06-01,STE,CORP,CORP_STD,CANCELLED,4,0,INR,2026-05-11 11:25:36,2026-05-11 13:27:36
RES100733,HYD001,CNF100733,GUEST100733,2026-06-29,2026-06-30,QUEEN,MEMBER,MEM_STD,CANCELLED,1,0,INR,2026-05-11 16:51:55,2026-05-11 18:39:55
RES100734,KER001,CNF100734,GUEST100734,2026-06-30,2026-07-04,DLX,CORP,CORP_DLX,BOOKED,4,239232,INR,2026-05-11 16:20:45,2026-05-11 17:21:45
RES100735,CHA001,CNF100735,GUEST100735,2026-07-03,2026-07-08,KING,PKG,PKG_DLX,BOOKED,4,197500,INR,2026-05-11 12:33:12,2026-05-11 13:15:12
RES100736,DEL002,CNF100736,GUEST100736,2026-07-05,2026-07-10,KING,PKG,PKG_STD,CANCELLED,3,0,INR,2026-05-11 03:47:03,2026-05-11 05:39:03
RES100737,KOL001,CNF100737,GUEST100737,2026-06-04,2026-06-05,QUEEN,PREPAY,PPR_DLX,MODIFIED,3,25095,INR,2026-05-11 09:01:35,2026-05-11 10:06:35
RES100738,DEL001,CNF100738,GUEST100738,2026-05-12,2026-05-15,STD,CORP,CORP_DLX,CANCELLED,2,0,INR,2026-05-11 15:11:26,2026-05-11 18:09:26
RES100739,DEL001,CNF100739,GUEST100739,2026-05-23,2026-05-25,STE,MEMBER,MEM_STD,CANCELLED,4,0,INR,2026-05-11 09:55:16,2026-05-11 10:46:16
RES100740,BLR002,CNF100740,GUEST100740,2026-06-26,2026-06-29,QUEEN,PKG,PKG_STD,CANCELLED,4,0,INR,2026-05-11 11:43:40,2026-05-11 13:38:40
RES100741,KER001,CNF100741,GUEST100741,2026-07-07,2026-07-12,STD,BAR,BAR_STD,MODIFIED,4,218400,INR,2026-05-11 03:54:58,2026-05-11 05:31:58
RES100742,CHN001,CNF100742,GUEST100742,2026-06-10,2026-06-12,STD,MEMBER,MEM_STD,CANCELLED,3,0,INR,2026-05-11 10:49:38,2026-05-11 12:17:38
RES100743,DEL002,CNF100743,GUEST100743,2026-06-03,2026-06-06,QUEEN,PREPAY,PPR_DLX,MODIFIED,3,107730,INR,2026-05-11 04:53:18,2026-05-11 07:33:18
RES100744,MUM001,CNF100744,GUEST100744,2026-06-05,2026-06-09,STD,MEMBER,MEM_STD,BOOKED,2,85360,INR,2026-05-11 00:10:47,2026-05-11 03:05:47
RES100745,DEL001,CNF100745,GUEST100745,2026-07-07,2026-07-09,STD,BAR,BAR_STD,BOOKED,4,74048,INR,2026-05-11 04:37:23,2026-05-11 05:52:23
RES100746,DEL001,CNF100746,GUEST100746,2026-07-05,2026-07-08,KING,BAR,BAR_DLX,MODIFIED,1,29193,INR,2026-05-11 16:20:42,2026-05-11 18:32:42
RES100747,DEL002,CNF100747,GUEST100747,2026-06-15,2026-06-20,STE,PREPAY,PPR_STD,CANCELLED,3,0,INR,2026-05-11 14:39:25,2026-05-11 15:55:25
RES100748,CHA001,CNF100748,GUEST100748,2026-05-23,2026-05-28,DLX,PKG,PKG_STD,MODIFIED,1,70625,INR,2026-05-11 20:43:53,2026-05-11 21:37:53
RES100749,HYD001,CNF100749,GUEST100749,2026-07-09,2026-07-12,QUEEN,PREPAY,PPR_STD,BOOKED,1,14283,INR,2026-05-11 06:51:43,2026-05-11 09:33:43
RES100750,BLR002,CNF100750,GUEST100750,2026-06-12,2026-06-14,STD,PREPAY,PPR_DLX,MODIFIED,4,41848,INR,2026-05-11 05:28:40,2026-05-11 08:28:40
RES100751,BLR001,CNF100751,GUEST100751,2026-06-26,2026-06-29,STE,CORP,CORP_STD,BOOKED,2,43524,INR,2026-05-11 10:05:33,2026-05-11 10:45:33
RES100752,MUM002,CNF100752,GUEST100752,2026-07-09,2026-07-14,DLX,MEMBER,MEM_DLX,CANCELLED,3,0,INR,2026-05-11 01:21:58,2026-05-11 02:47:58
RES100753,CHA001,CNF100753,GUEST100753,2026-07-07,2026-07-11,STE,BAR,BAR_STD,CANCELLED,3,0,INR,2026-05-11 16:16:45,2026-05-11 17:17:45
RES100754,BLR002,CNF100754,GUEST100754,2026-05-30,2026-06-02,KING,PKG,PKG_DLX,BOOKED,2,42534,INR,2026-05-11 09:42:37,2026-05-11 10:49:37
RES100755,BLR002,CNF100755,GUEST100755,2026-05-21,2026-05-26,KING,PKG,PKG_STD,CANCELLED,1,0,INR,2026-05-11 00:25:37,2026-05-11 01:42:37
RES100756,CHA001,CNF100756,GUEST100756,2026-05-23,2026-05-24,STE,MEMBER,MEM_STD,BOOKED,4,46636,INR,2026-05-11 01:35:37,2026-05-11 04:03:37
RES100757,KER001,CNF100757,GUEST100757,2026-06-16,2026-06-19,STE,CORP,CORP_STD,CANCELLED,3,0,INR,2026-05-11 01:17:03,2026-05-11 02:55:03
RES100758,KOL001,CNF100758,GUEST100758,2026-06-15,2026-06-17,DLX,PKG,PKG_STD,BOOKED,4,90400,INR,2026-05-11 07:36:43,2026-05-11 09:25:43
RES100759,HYD001,CNF100759,GUEST100759,2026-06-29,2026-06-30,QUEEN,CORP,CORP_STD,CANCELLED,4,0,INR,2026-05-11 08:52:03,2026-05-11 09:14:03
RES100760,HYD001,CNF100760,GUEST100760,2026-06-22,2026-06-26,KING,CORP,CORP_STD,BOOKED,4,228656,INR,2026-05-11 10:12:59,2026-05-11 11:51:59
RES100761,BLR002,CNF100761,GUEST100761,2026-07-05,2026-07-09,DLX,BAR,BAR_DLX,CANCELLED,3,0,INR,2026-05-11 20:48:06,2026-05-11 21:44:06
RES100762,MUM001,CNF100762,GUEST100762,2026-07-07,2026-07-11,QUEEN,PREPAY,PPR_STD,BOOKED,3,62844,INR,2026-05-11 23:31:14,2026-05-12 00:28:14
RES100763,CHN001,CNF100763,GUEST100763,2026-06-03,2026-06-05,QUEEN,BAR,BAR_STD,CANCELLED,3,0,INR,2026-05-11 22:35:19,2026-05-11 23:54:19
RES100764,MUM002,CNF100764,GUEST100764,2026-06-11,2026-06-15,STE,MEMBER,MEM_STD,MODIFIED,4,186000,INR,2026-05-11 11:50:20,2026-05-11 12:43:20
RES100765,HYD001,CNF100765,GUEST100765,2026-06-19,2026-06-24,STE,CORP,CORP_STD,BOOKED,2,131120,INR,2026-05-11 21:08:15,2026-05-11 22:29:15
RES100766,CHN001,CNF100766,GUEST100766,2026-06-14,2026-06-17,QUEEN,PKG,PKG_STD,BOOKED,3,84060,INR,2026-05-11 01:36:03,2026-05-11 02:13:03
RES100767,KER001,CNF100767,GUEST100767,2026-06-21,2026-06-22,KING,PKG,PKG_STD,MODIFIED,2,12126,INR,2026-05-11 15:20:22,2026-05-11 18:04:22
RES100768,KOL001,CNF100768,GUEST100768,2026-05-15,2026-05-17,QUEEN,PKG,PKG_DLX,MODIFIED,2,16384,INR,2026-05-11 22:41:46,2026-05-11 22:53:46
RES100769,BLR002,CNF100769,GUEST100769,2026-06-04,2026-06-06,DLX,PKG,PKG_STD,BOOKED,2,58400,INR,2026-05-11 22:20:55,2026-05-11 22:26:55
RES100770,DEL001,CNF100770,GUEST100770,2026-06-05,2026-06-06,QUEEN,PREPAY,PPR_DLX,BOOKED,1,11352,INR,2026-05-11 17:38:27,2026-05-11 19:57:27
RES100771,CHA001,CNF100771,GUEST100771,2026-07-04,2026-07-07,STE,PREPAY,PPR_DLX,MODIFIED,2,89976,INR,2026-05-11 04:26:08,2026-05-11 07:10:08
RES100772,CHA001,CNF100772,GUEST100772,2026-06-18,2026-06-21,DLX,PREPAY,PPR_DLX,CANCELLED,3,0,INR,2026-05-11 09:14:12,2026-05-11 11:56:12
RES100773,MUM001,CNF100773,GUEST100773,2026-05-27,2026-05-31,STD,MEMBER,MEM_DLX,MODIFIED,1,36972,INR,2026-05-11 08:11:42,2026-05-11 10:49:42
RES100774,BLR002,CNF100774,GUEST100774,2026-07-05,2026-07-07,STD,PREPAY,PPR_DLX,MODIFIED,2,30324,INR,2026-05-11 21:47:45,2026-05-12 00:19:45
RES100775,DEL001,CNF100775,GUEST100775,2026-05-23,2026-05-26,STD,MEMBER,MEM_DLX,CANCELLED,3,0,INR,2026-05-11 04:56:05,2026-05-11 05:44:05
RES100776,KER001,CNF100776,GUEST100776,2026-06-29,2026-07-04,KING,MEMBER,MEM_STD,CANCELLED,1,0,INR,2026-05-11 08:53:33,2026-05-11 11:35:33
RES100777,CHA001,CNF100777,GUEST100777,2026-06-18,2026-06-23,STD,CORP,CORP_DLX,BOOKED,2,96010,INR,2026-05-11 16:35:15,2026-05-11 18:02:15
RES100778,CHA001,CNF100778,GUEST100778,2026-07-09,2026-07-12,QUEEN,PREPAY,PPR_STD,BOOKED,2,50532,INR,2026-05-11 01:43:50,2026-05-11 04:04:50
RES100779,KER001,CNF100779,GUEST100779,2026-05-25,2026-05-29,STE,MEMBER,MEM_DLX,CANCELLED,3,0,INR,2026-05-11 01:55:56,2026-05-11 04:31:56
RES100780,DEL001,CNF100780,GUEST100780,2026-06-02,2026-06-06,QUEEN,MEMBER,MEM_DLX,MODIFIED,1,20548,INR,2026-05-11 09:39:20,2026-05-11 11:59:20
RES100781,KOL001,CNF100781,GUEST100781,2026-07-07,2026-07-11,STE,PREPAY,PPR_DLX,CANCELLED,4,0,INR,2026-05-11 11:29:41,2026-05-11 11:44:41
RES100782,MUM001,CNF100782,GUEST100782,2026-07-05,2026-07-08,DLX,CORP,CORP_DLX,CANCELLED,4,0,INR,2026-05-11 06:13:44,2026-05-11 06:25:44
RES100783,KOL001,CNF100783,GUEST100783,2026-05-18,2026-05-23,DLX,BAR,BAR_STD,BOOKED,1,28495,INR,2026-05-11 18:52:34,2026-05-11 20:37:34
RES100784,DEL002,CNF100784,GUEST100784,2026-06-09,2026-06-13,STD,PREPAY,PPR_DLX,MODIFIED,4,159232,INR,2026-05-11 19:16:49,2026-05-11 21:18:49
RES100785,DEL001,CNF100785,GUEST100785,2026-05-28,2026-05-29,STE,PREPAY,PPR_DLX,BOOKED,1,7937,INR,2026-05-11 18:09:43,2026-05-11 18:35:43
RES100786,DEL002,CNF100786,GUEST100786,2026-06-25,2026-06-29,DLX,BAR,BAR_STD,CANCELLED,4,0,INR,2026-05-11 07:26:46,2026-05-11 09:30:46
RES100787,KER001,CNF100787,GUEST100787,2026-06-12,2026-06-17,STE,BAR,BAR_STD,MODIFIED,1,34390,INR,2026-05-11 10:08:22,2026-05-11 10:53:22
RES100788,BLR002,CNF100788,GUEST100788,2026-05-17,2026-05-22,STE,CORP,CORP_DLX,BOOKED,4,100500,INR,2026-05-11 13:28:16,2026-05-11 14:06:16
RES100789,DEL001,CNF100789,GUEST100789,2026-07-10,2026-07-11,DLX,CORP,CORP_DLX,MODIFIED,4,19120,INR,2026-05-11 06:22:28,2026-05-11 06:48:28
RES100790,DEL002,CNF100790,GUEST100790,2026-07-01,2026-07-04,DLX,CORP,CORP_DLX,CANCELLED,4,0,INR,2026-05-11 23:25:51,2026-05-12 01:30:51
RES100791,BLR001,CNF100791,GUEST100791,2026-05-17,2026-05-20,QUEEN,CORP,CORP_DLX,BOOKED,2,68040,INR,2026-05-11 21:35:38,2026-05-11 22:26:38
RES100792,HYD001,CNF100792,GUEST100792,2026-06-14,2026-06-18,DLX,BAR,BAR_DLX,BOOKED,1,25776,INR,2026-05-11 09:43:55,2026-05-11 10:17:55
RES100793,BLR002,CNF100793,GUEST100793,2026-05-24,2026-05-28,QUEEN,CORP,CORP_DLX,MODIFIED,3,108876,INR,2026-05-11 00:41:15,2026-05-11 02:01:15
RES100794,MUM001,CNF100794,GUEST100794,2026-05-19,2026-05-20,KING,BAR,BAR_DLX,CANCELLED,3,0,INR,2026-05-11 17:53:31,2026-05-11 17:54:31
RES100795,KOL001,CNF100795,GUEST100795,2026-06-07,2026-06-09,DLX,PREPAY,PPR_STD,MODIFIED,3,62472,INR,2026-05-11 22:41:00,2026-05-11 23:52:00
RES100796,BLR002,CNF100796,GUEST100796,2026-06-23,2026-06-25,QUEEN,MEMBER,MEM_STD,BOOKED,1,16752,INR,2026-05-11 03:54:41,2026-05-11 04:23:41
RES100797,CHA001,CNF100797,GUEST100797,2026-06-18,2026-06-23,STD,PKG,PKG_STD,CANCELLED,2,0,INR,2026-05-11 05:10:50,2026-05-11 08:00:50
RES100798,BLR002,CNF100798,GUEST100798,2026-06-27,2026-06-28,KING,BAR,BAR_STD,BOOKED,4,16796,INR,2026-05-11 17:56:12,2026-05-11 20:28:12
RES100799,KER001,CNF100799,GUEST100799,2026-06-22,2026-06-25,STD,CORP,CORP_STD,MODIFIED,1,23763,INR,2026-05-11 13:32:11,2026-05-11 13:34:11
RES100800,DEL001,CNF100800,GUEST100800,2026-05-20,2026-05-22,QUEEN,PKG,PKG_DLX,BOOKED,4,119984,INR,2026-05-11 17:10:50,2026-05-11 18:21:50
RES100801,KER001,CNF100801,GUEST100801,2026-07-06,2026-07-10,QUEEN,PREPAY,PPR_STD,CANCELLED,3,0,INR,2026-05-11 20:12:40,2026-05-11 20:50:40
RES100802,DEL001,CNF100802,GUEST100802,2026-06-10,2026-06-13,KING,CORP,CORP_STD,CANCELLED,2,0,INR,2026-05-11 14:26:33,2026-05-11 16:57:33
RES100803,HYD001,CNF100803,GUEST100803,2026-05-18,2026-05-22,STD,BAR,BAR_DLX,CANCELLED,4,0,INR,2026-05-11 20:42:53,2026-05-11 22:34:53
RES100804,HYD001,CNF100804,GUEST100804,2026-06-18,2026-06-22,KING,BAR,BAR_STD,CANCELLED,4,0,INR,2026-05-11 06:26:52,2026-05-11 08:42:52
RES100805,HYD001,CNF100805,GUEST100805,2026-06-30,2026-07-05,DLX,PREPAY,PPR_DLX,BOOKED,4,236560,INR,2026-05-11 00:20:43,2026-05-11 02:39:43
RES100806,KOL001,CNF100806,GUEST100806,2026-05-26,2026-05-31,STD,MEMBER,MEM_DLX,MODIFIED,1,71800,INR,2026-05-11 03:27:30,2026-05-11 04:08:30
RES100807,CHN001,CNF100807,GUEST100807,2026-06-29,2026-07-01,KING,BAR,BAR_STD,BOOKED,4,83608,INR,2026-05-11 04:23:34,2026-05-11 04:23:34
RES100808,BLR002,CNF100808,GUEST100808,2026-05-14,2026-05-18,QUEEN,PREPAY,PPR_STD,MODIFIED,1,57552,INR,2026-05-11 08:39:44,2026-05-11 09:50:44
RES100809,DEL001,CNF100809,GUEST100809,2026-06-17,2026-06-20,STD,MEMBER,MEM_STD,MODIFIED,2,49140,INR,2026-05-11 14:32:06,2026-05-11 15:36:06
RES100810,DEL001,CNF100810,GUEST100810,2026-06-22,2026-06-26,STE,CORP,CORP_STD,CANCELLED,4,0,INR,2026-05-11 08:32:13,2026-05-11 08:59:13
RES100811,CHA001,CNF100811,GUEST100811,2026-07-09,2026-07-10,STE,MEMBER,MEM_DLX,MODIFIED,2,8068,INR,2026-05-11 01:28:30,2026-05-11 02:48:30
RES100812,CHA001,CNF100812,GUEST100812,2026-05-24,2026-05-28,QUEEN,BAR,BAR_STD,BOOKED,3,117624,INR,2026-05-11 09:46:27,2026-05-11 10:31:27
RES100813,BLR001,CNF100813,GUEST100813,2026-07-05,2026-07-07,DLX,CORP,CORP_STD,BOOKED,1,11990,INR,2026-05-11 14:57:26,2026-05-11 16:32:26
RES100814,DEL002,CNF100814,GUEST100814,2026-07-10,2026-07-11,DLX,MEMBER,MEM_DLX,CANCELLED,1,0,INR,2026-05-11 00:58:07,2026-05-11 01:19:07
RES100815,HYD001,CNF100815,GUEST100815,2026-05-14,2026-05-17,QUEEN,CORP,CORP_STD,BOOKED,1,12723,INR,2026-05-11 11:15:28,2026-05-11 13:07:28
RES100816,HYD001,CNF100816,GUEST100816,2026-06-03,2026-06-05,KING,BAR,BAR_STD,BOOKED,3,24978,INR,2026-05-11 00:28:59,2026-05-11 01:30:59
RES100817,KOL001,CNF100817,GUEST100817,2026-07-02,2026-07-06,KING,PREPAY,PPR_STD,BOOKED,3,66888,INR,2026-05-11 00:10:03,2026-05-11 02:05:03
RES100818,KER001,CNF100818,GUEST100818,2026-06-13,2026-06-17,STD,PREPAY,PPR_STD,BOOKED,2,117296,INR,2026-05-11 12:31:55,2026-05-11 14:23:55
RES100819,CHN001,CNF100819,GUEST100819,2026-07-04,2026-07-06,STE,PKG,PKG_DLX,BOOKED,3,63996,INR,2026-05-11 10:31:40,2026-05-11 11:00:40
RES100820,BLR001,CNF100820,GUEST100820,2026-05-17,2026-05-20,KING,CORP,CORP_DLX,BOOKED,2,87024,INR,2026-05-11 19:19:30,2026-05-11 20:27:30
RES100821,DEL001,CNF100821,GUEST100821,2026-06-28,2026-06-29,DLX,CORP,CORP_STD,MODIFIED,3,13179,INR,2026-05-11 22:50:54,2026-05-12 01:19:54
RES100822,MUM002,CNF100822,GUEST100822,2026-07-06,2026-07-07,STD,MEMBER,MEM_STD,CANCELLED,1,0,INR,2026-05-11 22:59:57,2026-05-12 01:43:57
RES100823,BLR001,CNF100823,GUEST100823,2026-06-17,2026-06-22,QUEEN,BAR,BAR_STD,MODIFIED,4,88420,INR,2026-05-11 20:30:26,2026-05-11 21:12:26
RES100824,BLR001,CNF100824,GUEST100824,2026-05-20,2026-05-23,DLX,CORP,CORP_STD,MODIFIED,3,133398,INR,2026-05-11 22:20:38,2026-05-12 01:10:38
RES100825,MUM002,CNF100825,GUEST100825,2026-05-31,2026-06-03,DLX,MEMBER,MEM_DLX,MODIFIED,4,130188,INR,2026-05-11 10:56:37,2026-05-11 13:01:37
RES100826,HYD001,CNF100826,GUEST100826,2026-06-30,2026-07-02,STD,BAR,BAR_DLX,CANCELLED,3,0,INR,2026-05-11 05:12:33,2026-05-11 07:47:33
RES100827,KER001,CNF100827,GUEST100827,2026-06-08,2026-06-11,STE,MEMBER,MEM_STD,CANCELLED,1,0,INR,2026-05-11 10:25:14,2026-05-11 12:47:14
RES100828,KER001,CNF100828,GUEST100828,2026-05-27,2026-05-28,DLX,BAR,BAR_STD,CANCELLED,4,0,INR,2026-05-11 13:14:52,2026-05-11 15:28:52
RES100829,MUM001,CNF100829,GUEST100829,2026-06-16,2026-06-20,QUEEN,CORP,CORP_DLX,CANCELLED,2,0,INR,2026-05-11 15:07:37,2026-05-11 17:16:37
RES100830,MUM001,CNF100830,GUEST100830,2026-07-01,2026-07-02,STE,CORP,CORP_DLX,CANCELLED,4,0,INR,2026-05-11 22:09:39,2026-05-11 23:34:39
RES100831,BLR002,CNF100831,GUEST100831,2026-06-10,2026-06-12,STD,BAR,BAR_DLX,MODIFIED,2,50964,INR,2026-05-11 15:29:32,2026-05-11 15:47:32
RES100832,CHN001,CNF100832,GUEST100832,2026-06-08,2026-06-11,STD,CORP,CORP_STD,CANCELLED,1,0,INR,2026-05-11 23:31:32,2026-05-12 00:57:32
RES100833,KOL001,CNF100833,GUEST100833,2026-06-27,2026-06-30,KING,PREPAY,PPR_STD,BOOKED,2,67464,INR,2026-05-11 20:01:59,2026-05-11 20:40:59
RES100834,BLR001,CNF100834,GUEST100834,2026-06-21,2026-06-23,DLX,PREPAY,PPR_STD,BOOKED,1,19854,INR,2026-05-11 19:13:12,2026-05-11 22:00:12
RES100835,BLR002,CNF100835,GUEST100835,2026-05-24,2026-05-29,STE,PKG,PKG_DLX,CANCELLED,2,0,INR,2026-05-11 16:04:53,2026-05-11 16:19:53
RES100836,DEL001,CNF100836,GUEST100836,2026-06-30,2026-07-01,STE,PREPAY,PPR_DLX,CANCELLED,2,0,INR,2026-05-11 18:52:09,2026-05-11 20:08:09
RES100837,DEL001,CNF100837,GUEST100837,2026-07-08,2026-07-09,STD,BAR,BAR_STD,BOOKED,1,12767,INR,2026-05-11 16:09:16,2026-05-11 17:40:16
RES100838,DEL002,CNF100838,GUEST100838,2026-06-20,2026-06-25,QUEEN,PKG,PKG_DLX,MODIFIED,3,196770,INR,2026-05-11 20:20:59,2026-05-11 20:35:59
RES100839,KER001,CNF100839,GUEST100839,2026-05-12,2026-05-13,QUEEN,PKG,PKG_STD,CANCELLED,3,0,INR,2026-05-11 15:52:49,2026-05-11 16:08:49
RES100840,HYD001,CNF100840,GUEST100840,2026-06-14,2026-06-18,KING,MEMBER,MEM_STD,CANCELLED,2,0,INR,2026-05-11 13:20:37,2026-05-11 15:33:37
RES100841,DEL001,CNF100841,GUEST100841,2026-06-13,2026-06-16,DLX,PKG,PKG_STD,MODIFIED,2,69606,INR,2026-05-11 00:55:12,2026-05-11 03:44:12
RES100842,MUM001,CNF100842,GUEST100842,2026-05-19,2026-05-24,KING,MEMBER,MEM_STD,MODIFIED,4,226560,INR,2026-05-11 00:30:45,2026-05-11 03:04:45
RES100843,BLR001,CNF100843,GUEST100843,2026-06-10,2026-06-11,QUEEN,PREPAY,PPR_STD,MODIFIED,3,36336,INR,2026-05-11 08:13:05,2026-05-11 08:27:05
RES100844,CHA001,CNF100844,GUEST100844,2026-06-06,2026-06-09,KING,PKG,PKG_STD,CANCELLED,3,0,INR,2026-05-11 03:30:46,2026-05-11 06:07:46
RES100845,KOL001,CNF100845,GUEST100845,2026-05-18,2026-05-21,QUEEN,MEMBER,MEM_STD,BOOKED,2,57438,INR,2026-05-11 11:35:47,2026-05-11 11:54:47
RES100846,KER001,CNF100846,GUEST100846,2026-07-05,2026-07-09,STD,CORP,CORP_STD,MODIFIED,3,165324,INR,2026-05-11 22:39:46,2026-05-11 23:11:46
RES100847,DEL001,CNF100847,GUEST100847,2026-06-18,2026-06-23,KING,BAR,BAR_DLX,BOOKED,4,145640,INR,2026-05-11 20:11:18,2026-05-11 20:16:18
RES100848,KER001,CNF100848,GUEST100848,2026-07-03,2026-07-06,DLX,BAR,BAR_DLX,BOOKED,4,174984,INR,2026-05-11 10:29:58,2026-05-11 13:15:58
RES100849,BLR002,CNF100849,GUEST100849,2026-05-25,2026-05-28,STD,PKG,PKG_DLX,BOOKED,2,82644,INR,2026-05-11 12:51:28,2026-05-11 14:11:28
RES100850,KER001,CNF100850,GUEST100850,2026-05-30,2026-06-04,QUEEN,CORP,CORP_STD,BOOKED,2,136240,INR,2026-05-11 23:37:19,2026-05-12 02:10:19
RES100851,CHN001,CNF100851,GUEST100851,2026-06-27,2026-06-28,QUEEN,PKG,PKG_DLX,CANCELLED,1,0,INR,2026-05-11 14:13:51,2026-05-11 14:40:51
RES100852,DEL002,CNF100852,GUEST100852,2026-05-29,2026-05-30,DLX,PKG,PKG_STD,CANCELLED,2,0,INR,2026-05-11 17:27:05,2026-05-11 20:06:05
RES100853,DEL002,CNF100853,GUEST100853,2026-07-02,2026-07-04,STD,CORP,CORP_DLX,BOOKED,3,41868,INR,2026-05-11 20:57:47,2026-05-11 23:37:47
RES100854,HYD001,CNF100854,GUEST100854,2026-06-24,2026-06-29,QUEEN,BAR,BAR_STD,BOOKED,3,91890,INR,2026-05-11 00:28:41,2026-05-11 01:58:41
RES100855,MUM001,CNF100855,GUEST100855,2026-06-14,2026-06-15,STD,CORP,CORP_DLX,CANCELLED,1,0,INR,2026-05-11 12:24:36,2026-05-11 13:40:36
RES100856,MUM001,CNF100856,GUEST100856,2026-06-25,2026-06-29,DLX,CORP,CORP_STD,CANCELLED,4,0,INR,2026-05-11 13:53:14,2026-05-11 13:53:14
RES100857,CHA001,CNF100857,GUEST100857,2026-06-21,2026-06-26,STE,PKG,PKG_STD,CANCELLED,2,0,INR,2026-05-11 13:55:48,2026-05-11 15:35:48
RES100858,CHN001,CNF100858,GUEST100858,2026-06-16,2026-06-18,STD,PREPAY,PPR_DLX,BOOKED,2,24448,INR,2026-05-11 14:22:50,2026-05-11 14:24:50
RES100859,MUM001,CNF100859,GUEST100859,2026-05-16,2026-05-20,KING,BAR,BAR_DLX,MODIFIED,2,51064,INR,2026-05-11 20:16:13,2026-05-11 23:11:13
RES100860,CHN001,CNF100860,GUEST100860,2026-06-18,2026-06-21,DLX,BAR,BAR_DLX,MODIFIED,1,42756,INR,2026-05-11 16:37:14,2026-05-11 19:28:14
RES100861,BLR001,CNF100861,GUEST100861,2026-05-29,2026-05-30,KING,PKG,PKG_DLX,BOOKED,1,4897,INR,2026-05-11 00:36:49,2026-05-11 01:43:49
RES100862,MUM001,CNF100862,GUEST100862,2026-06-05,2026-06-10,STE,CORP,CORP_STD,MODIFIED,4,77400,INR,2026-05-11 11:35:38,2026-05-11 13:06:38
RES100863,HYD001,CNF100863,GUEST100863,2026-05-27,2026-05-31,STD,PKG,PKG_DLX,MODIFIED,4,128768,INR,2026-05-11 13:42:11,2026-05-11 14:35:11
RES100864,MUM001,CNF100864,GUEST100864,2026-06-04,2026-06-07,STD,BAR,BAR_STD,BOOKED,4,70212,INR,2026-05-11 15:07:06,2026-05-11 16:38:06
RES100865,KER001,CNF100865,GUEST100865,2026-06-10,2026-06-13,KING,PKG,PKG_STD,BOOKED,4,107364,INR,2026-05-11 13:03:20,2026-05-11 15:01:20
RES100866,KOL001,CNF100866,GUEST100866,2026-05-23,2026-05-28,DLX,CORP,CORP_DLX,BOOKED,3,222810,INR,2026-05-11 12:41:31,2026-05-11 12:45:31
RES100867,MUM001,CNF100867,GUEST100867,2026-06-24,2026-06-25,STD,CORP,CORP_STD,MODIFIED,1,11806,INR,2026-05-11 15:52:29,2026-05-11 18:45:29
RES100868,HYD001,CNF100868,GUEST100868,2026-06-22,2026-06-24,STE,MEMBER,MEM_DLX,MODIFIED,3,28278,INR,2026-05-11 16:15:48,2026-05-11 16:45:48
RES100869,HYD001,CNF100869,GUEST100869,2026-06-23,2026-06-28,STE,BAR,BAR_STD,BOOKED,1,56630,INR,2026-05-11 04:49:28,2026-05-11 05:10:28
RES100870,DEL001,CNF100870,GUEST100870,2026-07-10,2026-07-12,KING,PREPAY,PPR_STD,MODIFIED,1,26424,INR,2026-05-11 06:03:13,2026-05-11 06:39:13
RES100871,HYD001,CNF100871,GUEST100871,2026-07-06,2026-07-08,DLX,CORP,CORP_DLX,CANCELLED,1,0,INR,2026-05-11 05:05:38,2026-05-11 06:56:38
RES100872,CHN001,CNF100872,GUEST100872,2026-05-15,2026-05-17,KING,PKG,PKG_STD,BOOKED,3,43014,INR,2026-05-11 05:59:02,2026-05-11 08:19:02
RES100873,KER001,CNF100873,GUEST100873,2026-06-19,2026-06-22,STE,PKG,PKG_STD,CANCELLED,3,0,INR,2026-05-11 09:52:33,2026-05-11 12:06:33
RES100874,MUM001,CNF100874,GUEST100874,2026-05-22,2026-05-23,DLX,MEMBER,MEM_STD,BOOKED,1,5607,INR,2026-05-11 08:20:00,2026-05-11 08:28:00
RES100875,BLR001,CNF100875,GUEST100875,2026-06-17,2026-06-18,DLX,CORP,CORP_STD,CANCELLED,1,0,INR,2026-05-11 11:23:23,2026-05-11 11:44:23
RES100876,BLR002,CNF100876,GUEST100876,2026-06-20,2026-06-24,DLX,PKG,PKG_DLX,BOOKED,3,79572,INR,2026-05-11 09:06:04,2026-05-11 11:31:04
RES100877,CHN001,CNF100877,GUEST100877,2026-06-26,2026-06-28,QUEEN,MEMBER,MEM_DLX,BOOKED,2,27688,INR,2026-05-11 13:01:26,2026-05-11 14:04:26
RES100878,DEL001,CNF100878,GUEST100878,2026-06-08,2026-06-10,KING,BAR,BAR_STD,MODIFIED,4,59096,INR,2026-05-11 08:43:18,2026-05-11 09:55:18
RES100879,CHN001,CNF100879,GUEST100879,2026-06-06,2026-06-09,STE,CORP,CORP_STD,CANCELLED,1,0,INR,2026-05-11 10:31:17,2026-05-11 12:58:17
RES100880,CHA001,CNF100880,GUEST100880,2026-06-09,2026-06-13,STD,PREPAY,PPR_DLX,BOOKED,4,194064,INR,2026-05-11 07:35:00,2026-05-11 08:39:00
RES100881,MUM001,CNF100881,GUEST100881,2026-05-29,2026-06-01,DLX,CORP,CORP_DLX,MODIFIED,2,54702,INR,2026-05-11 20:26:46,2026-05-11 22:57:46
RES100882,DEL002,CNF100882,GUEST100882,2026-06-21,2026-06-26,STE,BAR,BAR_STD,BOOKED,1,25130,INR,2026-05-11 15:02:29,2026-05-11 17:41:29
RES100883,CHA001,CNF100883,GUEST100883,2026-05-14,2026-05-17,STD,PREPAY,PPR_DLX,MODIFIED,4,42300,INR,2026-05-11 03:33:51,2026-05-11 03:34:51
RES100884,KOL001,CNF100884,GUEST100884,2026-06-26,2026-06-30,STD,CORP,CORP_STD,MODIFIED,2,45792,INR,2026-05-11 23:03:17,2026-05-12 00:23:17
RES100885,KER001,CNF100885,GUEST100885,2026-06-28,2026-07-02,DLX,MEMBER,MEM_DLX,MODIFIED,3,170172,INR,2026-05-11 07:48:25,2026-05-11 09:56:25
RES100886,DEL001,CNF100886,GUEST100886,2026-05-14,2026-05-19,QUEEN,CORP,CORP_STD,CANCELLED,3,0,INR,2026-05-11 16:56:45,2026-05-11 17:36:45
RES100887,CHA001,CNF100887,GUEST100887,2026-05-19,2026-05-20,KING,PREPAY,PPR_STD,CANCELLED,4,0,INR,2026-05-11 10:36:36,2026-05-11 10:58:36
RES100888,MUM001,CNF100888,GUEST100888,2026-06-17,2026-06-20,STE,PKG,PKG_STD,MODIFIED,3,65007,INR,2026-05-11 08:14:46,2026-05-11 08:20:46
RES100889,CHN001,CNF100889,GUEST100889,2026-06-26,2026-06-29,QUEEN,PREPAY,PPR_DLX,MODIFIED,2,27840,INR,2026-05-11 05:43:25,2026-05-11 08:34:25
RES100890,DEL002,CNF100890,GUEST100890,2026-06-20,2026-06-25,KING,MEMBER,MEM_DLX,CANCELLED,1,0,INR,2026-05-11 03:00:05,2026-05-11 05:01:05
RES100891,CHN001,CNF100891,GUEST100891,2026-06-28,2026-07-03,STD,PREPAY,PPR_STD,MODIFIED,1,69020,INR,2026-05-11 10:37:52,2026-05-11 13:06:52
RES100892,MUM001,CNF100892,GUEST100892,2026-06-10,2026-06-11,STD,PREPAY,PPR_STD,MODIFIED,4,50652,INR,2026-05-11 16:59:51,2026-05-11 17:36:51
RES100893,BLR002,CNF100893,GUEST100893,2026-05-20,2026-05-21,STD,BAR,BAR_DLX,BOOKED,1,7026,INR,2026-05-11 12:40:40,2026-05-11 14:23:40
RES100894,MUM001,CNF100894,GUEST100894,2026-05-13,2026-05-14,STD,MEMBER,MEM_STD,MODIFIED,2,21790,INR,2026-05-11 16:36:31,2026-05-11 19:29:31
RES100895,BLR001,CNF100895,GUEST100895,2026-06-03,2026-06-04,DLX,PKG,PKG_STD,CANCELLED,3,0,INR,2026-05-11 04:58:08,2026-05-11 05:39:08
RES100896,DEL002,CNF100896,GUEST100896,2026-06-17,2026-06-22,STE,PREPAY,PPR_DLX,MODIFIED,1,48785,INR,2026-05-11 17:45:06,2026-05-11 19:03:06
RES100897,BLR002,CNF100897,GUEST100897,2026-05-22,2026-05-24,DLX,BAR,BAR_DLX,CANCELLED,2,0,INR,2026-05-11 04:04:24,2026-05-11 06:07:24
RES100898,BLR001,CNF100898,GUEST100898,2026-07-01,2026-07-04,KING,PREPAY,PPR_STD,CANCELLED,3,0,INR,2026-05-11 23:07:02,2026-05-12 01:12:02
RES100899,MUM001,CNF100899,GUEST100899,2026-07-10,2026-07-14,QUEEN,BAR,BAR_STD,MODIFIED,1,30076,INR,2026-05-11 21:18:46,2026-05-11 22:10:46
RES100900,BLR002,CNF100900,GUEST100900,2026-05-27,2026-05-30,KING,MEMBER,MEM_STD,CANCELLED,1,0,INR,2026-05-11 03:07:30,2026-05-11 05:19:30
RES100901,CHA001,CNF100901,GUEST100901,2026-06-07,2026-06-09,QUEEN,CORP,CORP_STD,MODIFIED,1,20284,INR,2026-05-11 21:37:46,2026-05-12 00:36:46
RES100902,BLR001,CNF100902,GUEST100902,2026-05-16,2026-05-19,QUEEN,PREPAY,PPR_DLX,MODIFIED,4,55740,INR,2026-05-11 13:48:22,2026-05-11 14:28:22
RES100903,DEL002,CNF100903,GUEST100903,2026-06-29,2026-07-04,STD,PKG,PKG_DLX,MODIFIED,3,66480,INR,2026-05-11 18:08:59,2026-05-11 19:39:59
RES100904,MUM001,CNF100904,GUEST100904,2026-06-28,2026-07-02,STD,BAR,BAR_DLX,CANCELLED,3,0,INR,2026-05-11 18:13:58,2026-05-11 21:01:58
RES100905,BLR001,CNF100905,GUEST100905,2026-06-15,2026-06-19,QUEEN,MEMBER,MEM_DLX,MODIFIED,2,31352,INR,2026-05-11 14:54:48,2026-05-11 15:10:48
RES100906,KER001,CNF100906,GUEST100906,2026-06-17,2026-06-18,STE,PREPAY,PPR_DLX,CANCELLED,1,0,INR,2026-05-11 09:52:14,2026-05-11 12:46:14
RES100907,BLR002,CNF100907,GUEST100907,2026-05-23,2026-05-28,DLX,PREPAY,PPR_STD,MODIFIED,4,266700,INR,2026-05-11 17:23:05,2026-05-11 19:43:05
RES100908,MUM002,CNF100908,GUEST100908,2026-05-30,2026-06-02,DLX,PKG,PKG_STD,BOOKED,4,78828,INR,2026-05-11 20:12:56,2026-05-11 20:21:56
RES100909,MUM002,CNF100909,GUEST100909,2026-06-24,2026-06-28,DLX,PKG,PKG_DLX,CANCELLED,4,0,INR,2026-05-11 02:47:16,2026-05-11 02:56:16
RES100910,BLR001,CNF100910,GUEST100910,2026-06-19,2026-06-20,STD,BAR,BAR_DLX,MODIFIED,4,41292,INR,2026-05-11 18:19:58,2026-05-11 19:15:58
RES100911,DEL001,CNF100911,GUEST100911,2026-06-03,2026-06-04,QUEEN,PKG,PKG_DLX,BOOKED,1,12831,INR,2026-05-11 23:05:27,2026-05-12 00:24:27
RES100912,BLR002,CNF100912,GUEST100912,2026-07-04,2026-07-05,QUEEN,PREPAY,PPR_STD,BOOKED,2,20120,INR,2026-05-11 04:50:22,2026-05-11 05:43:22
RES100913,BLR002,CNF100913,GUEST100913,2026-06-06,2026-06-09,QUEEN,CORP,CORP_DLX,MODIFIED,3,33939,INR,2026-05-11 13:35:23,2026-05-11 16:30:23
RES100914,KOL001,CNF100914,GUEST100914,2026-06-01,2026-06-06,STE,MEMBER,MEM_STD,CANCELLED,4,0,INR,2026-05-11 01:32:45,2026-05-11 03:19:45
RES100915,MUM002,CNF100915,GUEST100915,2026-06-19,2026-06-21,STE,CORP,CORP_DLX,CANCELLED,1,0,INR,2026-05-11 03:31:04,2026-05-11 06:03:04
RES100916,CHN001,CNF100916,GUEST100916,2026-06-27,2026-07-01,DLX,CORP,CORP_DLX,BOOKED,1,24992,INR,2026-05-11 22:35:38,2026-05-11 23:47:38
RES100917,BLR002,CNF100917,GUEST100917,2026-05-19,2026-05-20,KING,PREPAY,PPR_STD,BOOKED,3,31413,INR,2026-05-11 23:31:55,2026-05-12 02:01:55
RES100918,MUM002,CNF100918,GUEST100918,2026-06-22,2026-06-26,DLX,PREPAY,PPR_STD,BOOKED,1,56896,INR,2026-05-11 04:33:49,2026-05-11 05:05:49
RES100919,BLR002,CNF100919,GUEST100919,2026-07-01,2026-07-04,KING,MEMBER,MEM_DLX,BOOKED,1,13188,INR,2026-05-11 03:04:11,2026-05-11 03:19:11
RES100920,DEL002,CNF100920,GUEST100920,2026-06-06,2026-06-07,DLX,CORP,CORP_STD,MODIFIED,4,47472,INR,2026-05-11 00:54:28,2026-05-11 02:09:28
RES100921,DEL001,CNF100921,GUEST100921,2026-07-05,2026-07-07,KING,BAR,BAR_DLX,BOOKED,4,68232,INR,2026-05-11 22:54:32,2026-05-12 01:45:32
RES100922,DEL002,CNF100922,GUEST100922,2026-07-01,2026-07-04,STD,CORP,CORP_DLX,CANCELLED,2,0,INR,2026-05-11 20:22:25,2026-05-11 21:59:25
RES100923,KER001,CNF100923,GUEST100923,2026-06-01,2026-06-04,QUEEN,CORP,CORP_STD,MODIFIED,3,70326,INR,2026-05-11 23:39:54,2026-05-12 00:21:54
RES100924,CHN001,CNF100924,GUEST100924,2026-06-19,2026-06-20,DLX,PREPAY,PPR_STD,BOOKED,3,30660,INR,2026-05-11 12:42:27,2026-05-11 15:08:27
RES100925,MUM001,CNF100925,GUEST100925,2026-06-03,2026-06-07,STD,CORP,CORP_DLX,MODIFIED,2,37088,INR,2026-05-11 10:57:13,2026-05-11 12:32:13
RES100926,CHN001,CNF100926,GUEST100926,2026-06-07,2026-06-12,STE,PKG,PKG_DLX,MODIFIED,4,247780,INR,2026-05-11 07:11:40,2026-05-11 09:16:40
RES100927,MUM001,CNF100927,GUEST100927,2026-05-28,2026-06-02,STD,CORP,CORP_DLX,BOOKED,3,168135,INR,2026-05-11 22:35:24,2026-05-12 01:03:24
RES100928,DEL002,CNF100928,GUEST100928,2026-05-20,2026-05-22,QUEEN,PREPAY,PPR_DLX,MODIFIED,2,26192,INR,2026-05-11 05:07:09,2026-05-11 05:19:09
RES100929,KER001,CNF100929,GUEST100929,2026-05-12,2026-05-15,STE,MEMBER,MEM_DLX,MODIFIED,2,27576,INR,2026-05-11 17:06:50,2026-05-11 18:33:50
RES100930,CHA001,CNF100930,GUEST100930,2026-05-27,2026-05-28,QUEEN,MEMBER,MEM_DLX,MODIFIED,1,13506,INR,2026-05-11 22:02:44,2026-05-11 22:55:44
RES100931,CHA001,CNF100931,GUEST100931,2026-06-23,2026-06-28,QUEEN,MEMBER,MEM_DLX,MODIFIED,4,255320,INR,2026-05-11 10:01:28,2026-05-11 11:07:28
RES100932,CHA001,CNF100932,GUEST100932,2026-07-02,2026-07-06,STD,PREPAY,PPR_DLX,CANCELLED,4,0,INR,2026-05-11 06:30:18,2026-05-11 09:13:18
RES100933,HYD001,CNF100933,GUEST100933,2026-05-21,2026-05-23,QUEEN,PREPAY,PPR_STD,BOOKED,1,16908,INR,2026-05-11 03:57:18,2026-05-11 06:49:18
RES100934,BLR001,CNF100934,GUEST100934,2026-06-21,2026-06-26,DLX,CORP,CORP_DLX,CANCELLED,1,0,INR,2026-05-11 20:38:59,2026-05-11 21:45:59
RES100935,CHA001,CNF100935,GUEST100935,2026-05-19,2026-05-23,STD,BAR,BAR_STD,MODIFIED,4,128384,INR,2026-05-11 06:32:57,2026-05-11 07:34:57
RES100936,DEL002,CNF100936,GUEST100936,2026-06-25,2026-06-26,KING,BAR,BAR_STD,CANCELLED,3,0,INR,2026-05-11 03:10:03,2026-05-11 05:03:03
RES100937,CHN001,CNF100937,GUEST100937,2026-05-29,2026-05-31,QUEEN,BAR,BAR_DLX,BOOKED,4,112160,INR,2026-05-11 01:22:59,2026-05-11 01:54:59
RES100938,MUM001,CNF100938,GUEST100938,2026-06-14,2026-06-16,QUEEN,MEMBER,MEM_DLX,BOOKED,3,55788,INR,2026-05-11 22:08:37,2026-05-11 23:24:37
RES100939,MUM001,CNF100939,GUEST100939,2026-05-20,2026-05-24,STD,PKG,PKG_DLX,MODIFIED,1,44296,INR,2026-05-11 04:34:47,2026-05-11 04:58:47
RES100940,DEL002,CNF100940,GUEST100940,2026-06-01,2026-06-02,STE,CORP,CORP_STD,CANCELLED,1,0,INR,2026-05-11 05:32:31,2026-05-11 07:21:31
RES100941,BLR002,CNF100941,GUEST100941,2026-07-07,2026-07-10,STD,PREPAY,PPR_STD,MODIFIED,1,17667,INR,2026-05-11 18:29:48,2026-05-11 19:06:48
RES100942,HYD001,CNF100942,GUEST100942,2026-07-03,2026-07-05,STD,MEMBER,MEM_DLX,BOOKED,4,108112,INR,2026-05-11 07:10:35,2026-05-11 08:13:35
RES100943,BLR002,CNF100943,GUEST100943,2026-06-14,2026-06-15,STE,MEMBER,MEM_STD,BOOKED,1,12673,INR,2026-05-11 12:32:54,2026-05-11 14:11:54
RES100944,KER001,CNF100944,GUEST100944,2026-06-17,2026-06-18,STE,PREPAY,PPR_DLX,MODIFIED,4,55076,INR,2026-05-11 08:58:52,2026-05-11 10:54:52
RES100945,MUM002,CNF100945,GUEST100945,2026-05-31,2026-06-02,STD,CORP,CORP_STD,MODIFIED,1,9104,INR,2026-05-11 17:15:27,2026-05-11 17:34:27
RES100946,KOL001,CNF100946,GUEST100946,2026-06-13,2026-06-14,STD,PREPAY,PPR_STD,MODIFIED,4,29708,INR,2026-05-11 02:06:21,2026-05-11 04:28:21
RES100947,HYD001,CNF100947,GUEST100947,2026-05-23,2026-05-24,STE,MEMBER,MEM_STD,CANCELLED,3,0,INR,2026-05-11 23:46:22,2026-05-12 02:27:22
RES100948,MUM002,CNF100948,GUEST100948,2026-05-21,2026-05-25,STE,MEMBER,MEM_DLX,BOOKED,4,169600,INR,2026-05-11 05:51:34,2026-05-11 08:15:34
RES100949,BLR002,CNF100949,GUEST100949,2026-07-04,2026-07-05,STE,BAR,BAR_DLX,MODIFIED,4,27716,INR,2026-05-11 07:50:34,2026-05-11 10:50:34
RES100950,MUM002,CNF100950,GUEST100950,2026-06-13,2026-06-18,STE,PREPAY,PPR_DLX,CANCELLED,4,0,INR,2026-05-11 02:28:30,2026-05-11 04:02:30
RES100951,MUM001,CNF100951,GUEST100951,2026-05-15,2026-05-19,KING,PKG,PKG_STD,CANCELLED,2,0,INR,2026-05-11 18:01:33,2026-05-11 18:19:33
RES100952,KER001,CNF100952,GUEST100952,2026-07-01,2026-07-03,STE,PREPAY,PPR_DLX,MODIFIED,3,61812,INR,2026-05-11 09:06:26,2026-05-11 11:17:26
RES100953,DEL001,CNF100953,GUEST100953,2026-06-14,2026-06-16,STD,PKG,PKG_STD,MODIFIED,3,73518,INR,2026-05-11 06:55:40,2026-05-11 07:04:40
RES100954,CHN001,CNF100954,GUEST100954,2026-07-07,2026-07-12,STD,PKG,PKG_DLX,BOOKED,4,76800,INR,2026-05-11 09:01:04,2026-05-11 09:23:04
RES100955,DEL001,CNF100955,GUEST100955,2026-05-24,2026-05-25,STE,CORP,CORP_STD,CANCELLED,1,0,INR,2026-05-11 21:16:26,2026-05-11 23:32:26
RES100956,HYD001,CNF100956,GUEST100956,2026-06-14,2026-06-17,QUEEN,BAR,BAR_DLX,CANCELLED,4,0,INR,2026-05-11 05:01:36,2026-05-11 06:39:36
RES100957,KOL001,CNF100957,GUEST100957,2026-07-06,2026-07-09,KING,PKG,PKG_DLX,CANCELLED,2,0,INR,2026-05-11 11:15:59,2026-05-11 13:45:59
RES100958,MUM001,CNF100958,GUEST100958,2026-05-26,2026-05-28,STD,CORP,CORP_STD,BOOKED,1,18028,INR,2026-05-11 02:15:27,2026-05-11 03:38:27
RES100959,MUM002,CNF100959,GUEST100959,2026-06-23,2026-06-28,STE,MEMBER,MEM_DLX,BOOKED,3,89235,INR,2026-05-11 17:32:20,2026-05-11 20:01:20
RES100960,BLR001,CNF100960,GUEST100960,2026-07-05,2026-07-08,STD,MEMBER,MEM_DLX,MODIFIED,3,69102,INR,2026-05-11 09:04:52,2026-05-11 11:38:52
RES100961,KER001,CNF100961,GUEST100961,2026-05-21,2026-05-22,QUEEN,PKG,PKG_STD,CANCELLED,1,0,INR,2026-05-11 11:27:27,2026-05-11 12:58:27
RES100962,HYD001,CNF100962,GUEST100962,2026-06-03,2026-06-07,KING,BAR,BAR_STD,MODIFIED,1,50716,INR,2026-05-11 15:40:40,2026-05-11 17:05:40
RES100963,DEL001,CNF100963,GUEST100963,2026-05-18,2026-05-22,DLX,PREPAY,PPR_STD,BOOKED,3,96132,INR,2026-05-11 03:43:55,2026-05-11 03:56:55
RES100964,KOL001,CNF100964,GUEST100964,2026-06-17,2026-06-19,DLX,PKG,PKG_STD,BOOKED,3,68616,INR,2026-05-11 06:55:42,2026-05-11 09:11:42
RES100965,KER001,CNF100965,GUEST100965,2026-05-24,2026-05-27,DLX,CORP,CORP_STD,CANCELLED,1,0,INR,2026-05-11 14:34:15,2026-05-11 16:08:15
RES100966,KOL001,CNF100966,GUEST100966,2026-06-04,2026-06-08,KING,BAR,BAR_DLX,MODIFIED,2,40064,INR,2026-05-11 15:43:04,2026-05-11 16:29:04
RES100967,BLR002,CNF100967,GUEST100967,2026-06-11,2026-06-14,QUEEN,PREPAY,PPR_DLX,CANCELLED,4,0,INR,2026-05-11 19:43:50,2026-05-11 20:14:50
RES100968,DEL001,CNF100968,GUEST100968,2026-05-12,2026-05-16,KING,CORP,CORP_DLX,BOOKED,1,20392,INR,2026-05-11 08:58:54,2026-05-11 11:39:54
RES100969,MUM001,CNF100969,GUEST100969,2026-07-07,2026-07-10,STD,PREPAY,PPR_DLX,BOOKED,1,33327,INR,2026-05-11 00:42:07,2026-05-11 01:13:07
RES100970,MUM001,CNF100970,GUEST100970,2026-07-09,2026-07-13,DLX,PKG,PKG_DLX,BOOKED,3,93528,INR,2026-05-11 20:02:20,2026-05-11 21:41:20
RES100971,CHN001,CNF100971,GUEST100971,2026-06-16,2026-06-20,STD,MEMBER,MEM_DLX,MODIFIED,2,86736,INR,2026-05-11 05:47:09,2026-05-11 06:21:09
RES100972,BLR002,CNF100972,GUEST100972,2026-07-04,2026-07-07,QUEEN,PREPAY,PPR_STD,MODIFIED,4,51852,INR,2026-05-11 19:19:36,2026-05-11 21:54:36
RES100973,KER001,CNF100973,GUEST100973,2026-06-19,2026-06-22,STD,CORP,CORP_STD,CANCELLED,4,0,INR,2026-05-11 19:18:33,2026-05-11 21:24:33
RES100974,DEL002,CNF100974,GUEST100974,2026-06-18,2026-06-23,DLX,PREPAY,PPR_STD,MODIFIED,2,77340,INR,2026-05-11 21:36:14,2026-05-12 00:03:14
RES100975,DEL001,CNF100975,GUEST100975,2026-06-21,2026-06-22,STD,MEMBER,MEM_STD,MODIFIED,1,8610,INR,2026-05-11 18:32:49,2026-05-11 20:39:49
RES100976,HYD001,CNF100976,GUEST100976,2026-05-14,2026-05-17,QUEEN,MEMBER,MEM_DLX,BOOKED,2,72888,INR,2026-05-11 04:49:26,2026-05-11 05:58:26
RES100977,DEL002,CNF100977,GUEST100977,2026-06-11,2026-06-14,STE,BAR,BAR_DLX,BOOKED,3,33759,INR,2026-05-11 14:14:18,2026-05-11 14:57:18
RES100978,DEL001,CNF100978,GUEST100978,2026-06-02,2026-06-04,DLX,BAR,BAR_DLX,MODIFIED,4,49768,INR,2026-05-11 11:13:36,2026-05-11 14:02:36
RES100979,HYD001,CNF100979,GUEST100979,2026-05-21,2026-05-23,KING,PREPAY,PPR_DLX,MODIFIED,2,23436,INR,2026-05-11 07:55:20,2026-05-11 08:36:20
RES100980,MUM001,CNF100980,GUEST100980,2026-05-29,2026-06-03,KING,MEMBER,MEM_DLX,CANCELLED,1,0,INR,2026-05-11 15:14:53,2026-05-11 16:02:53
RES100981,KOL001,CNF100981,GUEST100981,2026-06-16,2026-06-17,STD,BAR,BAR_STD,BOOKED,4,32264,INR,2026-05-11 17:31:40,2026-05-11 17:42:40
RES100982,MUM002,CNF100982,GUEST100982,2026-06-02,2026-06-05,DLX,MEMBER,MEM_STD,CANCELLED,2,0,INR,2026-05-11 17:24:11,2026-05-11 20:04:11
RES100983,KER001,CNF100983,GUEST100983,2026-05-21,2026-05-22,QUEEN,PREPAY,PPR_STD,CANCELLED,2,0,INR,2026-05-11 02:30:45,2026-05-11 03:13:45
RES100984,BLR002,CNF100984,GUEST100984,2026-05-19,2026-05-21,DLX,CORP,CORP_DLX,MODIFIED,4,107800,INR,2026-05-11 17:29:57,2026-05-11 17:50:57
RES100985,KER001,CNF100985,GUEST100985,2026-05-30,2026-06-01,KING,PREPAY,PPR_DLX,BOOKED,3,62352,INR,2026-05-11 06:36:59,2026-05-11 09:04:59
RES100986,MUM002,CNF100986,GUEST100986,2026-07-02,2026-07-03,STE,PREPAY,PPR_STD,MODIFIED,4,51968,INR,2026-05-11 00:08:04,2026-05-11 01:25:04
RES100987,DEL002,CNF100987,GUEST100987,2026-06-24,2026-06-26,STD,CORP,CORP_DLX,CANCELLED,3,0,INR,2026-05-11 00:33:00,2026-05-11 03:27:00
RES100988,BLR001,CNF100988,GUEST100988,2026-06-26,2026-06-30,KING,MEMBER,MEM_DLX,CANCELLED,3,0,INR,2026-05-11 09:16:18,2026-05-11 10:29:18
RES100989,KER001,CNF100989,GUEST100989,2026-06-21,2026-06-24,STD,MEMBER,MEM_DLX,BOOKED,1,40296,INR,2026-05-11 04:29:46,2026-05-11 06:49:46
RES100990,BLR001,CNF100990,GUEST100990,2026-06-26,2026-06-28,QUEEN,BAR,BAR_DLX,MODIFIED,2,21552,INR,2026-05-11 10:49:34,2026-05-11 13:32:34
RES100991,CHA001,CNF100991,GUEST100991,2026-05-15,2026-05-20,STD,BAR,BAR_STD,CANCELLED,1,0,INR,2026-05-11 11:23:22,2026-05-11 12:05:22
RES100992,BLR002,CNF100992,GUEST100992,2026-06-10,2026-06-13,STE,PREPAY,PPR_STD,CANCELLED,3,0,INR,2026-05-11 14:18:08,2026-05-11 14:27:08
RES100993,MUM001,CNF100993,GUEST100993,2026-06-30,2026-07-02,DLX,BAR,BAR_DLX,BOOKED,2,44472,INR,2026-05-11 09:17:50,2026-05-11 09:46:50
RES100994,KER001,CNF100994,GUEST100994,2026-05-25,2026-05-27,QUEEN,PKG,PKG_STD,CANCELLED,3,0,INR,2026-05-11 09:38:40,2026-05-11 10:43:40
RES100995,BLR002,CNF100995,GUEST100995,2026-06-19,2026-06-22,DLX,PKG,PKG_DLX,MODIFIED,3,95859,INR,2026-05-11 19:03:27,2026-05-11 21:53:27
RES100996,KER001,CNF100996,GUEST100996,2026-06-09,2026-06-10,DLX,MEMBER,MEM_DLX,CANCELLED,1,0,INR,2026-05-11 00:19:25,2026-05-11 02:15:25
RES100997,DEL001,CNF100997,GUEST100997,2026-06-14,2026-06-16,STD,BAR,BAR_STD,CANCELLED,3,0,INR,2026-05-11 16:06:03,2026-05-11 18:57:03
RES100998,KOL001,CNF100998,GUEST100998,2026-05-23,2026-05-24,DLX,PREPAY,PPR_STD,BOOKED,2,14758,INR,2026-05-11 22:55:13,2026-05-12 00:03:13
RES100999,BLR001,CNF100999,GUEST100999,2026-06-16,2026-06-20,KING,BAR,BAR_DLX,BOOKED,2,85424,INR,2026-05-11 23:39:47,2026-05-12 01:57:47
RES101000,BLR001,CNF101000,GUEST101000,2026-05-19,2026-05-20,KING,PREPAY,PPR_STD,BOOKED,3,43506,INR,2026-05-11 20:53:00,2026-05-11 22:19:00
RES101001,KOL001,CNF101001,GUEST101001,2026-06-04,2026-06-06,QUEEN,PREPAY,PPR_DLX,MODIFIED,1,18202,INR,2026-05-11 13:54:21,2026-05-11 15:38:21
RES101002,BLR001,CNF101002,GUEST101002,2026-05-17,2026-05-18,STE,PKG,PKG_DLX,MODIFIED,4,40124,INR,2026-05-11 02:22:38,2026-05-11 02:32:38
RES101003,KOL001,CNF101003,GUEST101003,2026-06-14,2026-06-18,QUEEN,PREPAY,PPR_STD,BOOKED,2,77648,INR,2026-05-11 00:21:46,2026-05-11 01:38:46
RES101004,KOL001,CNF101004,GUEST101004,2026-06-20,2026-06-22,KING,MEMBER,MEM_STD,CANCELLED,4,0,INR,2026-05-11 12:19:24,2026-05-11 12:51:24
RES101005,BLR001,CNF101005,GUEST101005,2026-05-25,2026-05-29,DLX,BAR,BAR_DLX,MODIFIED,3,127632,INR,2026-05-11 12:31:45,2026-05-11 12:40:45
RES101006,KOL001,CNF101006,GUEST101006,2026-05-21,2026-05-23,STE,PKG,PKG_DLX,MODIFIED,2,48764,INR,2026-05-11 18:37:55,2026-05-11 21:24:55
RES101007,CHA001,CNF101007,GUEST101007,2026-05-27,2026-05-29,STD,CORP,CORP_DLX,BOOKED,3,87426,INR,2026-05-11 11:26:04,2026-05-11 13:22:04
RES101008,BLR002,CNF101008,GUEST101008,2026-06-14,2026-06-17,STE,PREPAY,PPR_STD,MODIFIED,2,83772,INR,2026-05-11 11:07:15,2026-05-11 11:30:15
RES101009,BLR001,CNF101009,GUEST101009,2026-06-23,2026-06-25,DLX,PKG,PKG_DLX,CANCELLED,3,0,INR,2026-05-11 12:37:08,2026-05-11 12:41:08
RES101010,CHN001,CNF101010,GUEST101010,2026-06-05,2026-06-10,STE,PREPAY,PPR_DLX,BOOKED,1,45395,INR,2026-05-11 02:36:26,2026-05-11 04:42:26
RES101011,BLR002,CNF101011,GUEST101011,2026-07-07,2026-07-09,KING,MEMBER,MEM_STD,CANCELLED,1,0,INR,2026-05-11 04:09:33,2026-05-11 05:58:33
RES101012,MUM002,CNF101012,GUEST101012,2026-07-07,2026-07-11,KING,PREPAY,PPR_STD,BOOKED,3,173388,INR,2026-05-11 17:30:07,2026-05-11 19:52:07
RES101013,CHA001,CNF101013,GUEST101013,2026-06-14,2026-06-16,STD,MEMBER,MEM_DLX,MODIFIED,4,30216,INR,2026-05-11 16:23:45,2026-05-11 18:22:45
RES101014,BLR002,CNF101014,GUEST101014,2026-07-01,2026-07-04,QUEEN,BAR,BAR_DLX,MODIFIED,1,33165,INR,2026-05-11 19:37:28,2026-05-11 21:41:28
RES101015,CHN001,CNF101015,GUEST101015,2026-07-07,2026-07-11,DLX,MEMBER,MEM_STD,BOOKED,1,57720,INR,2026-05-11 01:20:26,2026-05-11 03:51:26
RES101016,DEL001,CNF101016,GUEST101016,2026-06-09,2026-06-11,KING,PKG,PKG_DLX,BOOKED,1,7112,INR,2026-05-11 07:42:59,2026-05-11 10:27:59
RES101017,CHN001,CNF101017,GUEST101017,2026-06-29,2026-07-03,QUEEN,PREPAY,PPR_STD,CANCELLED,1,0,INR,2026-05-11 22:04:51,2026-05-11 23:46:51
RES101018,BLR002,CNF101018,GUEST101018,2026-06-20,2026-06-22,STE,MEMBER,MEM_DLX,CANCELLED,3,0,INR,2026-05-11 11:50:29,2026-05-11 14:49:29
RES101019,HYD001,CNF101019,GUEST101019,2026-05-20,2026-05-21,DLX,CORP,CORP_DLX,CANCELLED,2,0,INR,2026-05-11 07:02:11,2026-05-11 08:49:11
RES101020,BLR002,CNF101020,GUEST101020,2026-06-04,2026-06-08,DLX,PREPAY,PPR_STD,BOOKED,1,35168,INR,2026-05-11 20:42:52,2026-05-11 23:03:52
RES101021,BLR002,CNF101021,GUEST101021,2026-05-30,2026-06-04,STE,CORP,CORP_STD,CANCELLED,2,0,INR,2026-05-11 07:17:52,2026-05-11 07:36:52
RES101022,BLR002,CNF101022,GUEST101022,2026-06-06,2026-06-09,KING,PREPAY,PPR_STD,CANCELLED,4,0,INR,2026-05-11 15:04:20,2026-05-11 15:47:20
RES101023,BLR001,CNF101023,GUEST101023,2026-06-28,2026-06-30,KING,PREPAY,PPR_DLX,BOOKED,1,25096,INR,2026-05-11 08:44:14,2026-05-11 11:05:14
RES101024,KOL001,CNF101024,GUEST101024,2026-05-20,2026-05-23,QUEEN,CORP,CORP_DLX,BOOKED,4,149496,INR,2026-05-11 22:54:45,2026-05-12 00:56:45
RES101025,KOL001,CNF101025,GUEST101025,2026-05-28,2026-06-01,KING,BAR,BAR_DLX,CANCELLED,3,0,INR,2026-05-11 22:43:05,2026-05-11 23:27:05
RES101026,KOL001,CNF101026,GUEST101026,2026-06-27,2026-06-30,QUEEN,PREPAY,PPR_DLX,CANCELLED,1,0,INR,2026-05-11 12:09:21,2026-05-11 14:53:21
RES101027,HYD001,CNF101027,GUEST101027,2026-06-24,2026-06-27,STE,PKG,PKG_DLX,CANCELLED,3,0,INR,2026-05-11 00:31:26,2026-05-11 01:08:26
RES101028,DEL002,CNF101028,GUEST101028,2026-06-03,2026-06-08,DLX,CORP,CORP_DLX,BOOKED,2,84090,INR,2026-05-11 16:51:07,2026-05-11 17:50:07
RES101029,MUM002,CNF101029,GUEST101029,2026-06-29,2026-07-04,STE,PKG,PKG_STD,BOOKED,3,84915,INR,2026-05-11 23:05:23,2026-05-12 01:56:23
RES101030,BLR001,CNF101030,GUEST101030,2026-06-01,2026-06-02,STD,BAR,BAR_STD,MODIFIED,4,55928,INR,2026-05-11 13:08:05,2026-05-11 15:21:05
RES101031,DEL001,CNF101031,GUEST101031,2026-07-02,2026-07-07,DLX,PREPAY,PPR_STD,BOOKED,3,137325,INR,2026-05-11 20:50:19,2026-05-11 21:57:19
RES101032,MUM001,CNF101032,GUEST101032,2026-06-01,2026-06-04,DLX,BAR,BAR_DLX,CANCELLED,3,0,INR,2026-05-11 20:00:22,2026-05-11 20:04:22
RES101033,BLR001,CNF101033,GUEST101033,2026-07-05,2026-07-06,KING,CORP,CORP_STD,BOOKED,4,39940,INR,2026-05-11 14:10:02,2026-05-11 14:36:02
RES101034,BLR002,CNF101034,GUEST101034,2026-06-21,2026-06-23,DLX,CORP,CORP_DLX,CANCELLED,4,0,INR,2026-05-11 11:16:09,2026-05-11 12:10:09
RES101035,BLR002,CNF101035,GUEST101035,2026-06-04,2026-06-07,KING,PKG,PKG_STD,MODIFIED,3,32067,INR,2026-05-11 01:41:41,2026-05-11 02:00:41
RES101036,CHN001,CNF101036,GUEST101036,2026-06-09,2026-06-12,QUEEN,MEMBER,MEM_STD,BOOKED,2,37554,INR,2026-05-11 23:27:47,2026-05-12 01:01:47
RES101037,DEL002,CNF101037,GUEST101037,2026-06-29,2026-06-30,STE,BAR,BAR_DLX,CANCELLED,2,0,INR,2026-05-11 03:49:22,2026-05-11 05:33:22
RES101038,MUM001,CNF101038,GUEST101038,2026-06-14,2026-06-18,KING,PREPAY,PPR_DLX,CANCELLED,1,0,INR,2026-05-11 16:58:50,2026-05-11 17:15:50
RES101039,MUM001,CNF101039,GUEST101039,2026-06-01,2026-06-03,DLX,CORP,CORP_DLX,CANCELLED,1,0,INR,2026-05-11 09:11:19,2026-05-11 10:53:19
RES101040,BLR002,CNF101040,GUEST101040,2026-07-06,2026-07-11,QUEEN,CORP,CORP_STD,CANCELLED,2,0,INR,2026-05-11 03:47:05,2026-05-11 05:19:05
RES101041,MUM001,CNF101041,GUEST101041,2026-06-19,2026-06-21,STD,PREPAY,PPR_DLX,BOOKED,3,28386,INR,2026-05-11 12:10:58,2026-05-11 13:53:58
RES101042,MUM002,CNF101042,GUEST101042,2026-06-18,2026-06-20,DLX,PKG,PKG_STD,BOOKED,3,56034,INR,2026-05-11 21:56:13,2026-05-11 22:59:13
RES101043,KOL001,CNF101043,GUEST101043,2026-07-07,2026-07-11,KING,PREPAY,PPR_STD,BOOKED,3,146100,INR,2026-05-11 00:40:32,2026-05-11 03:39:32
RES101044,DEL001,CNF101044,GUEST101044,2026-07-10,2026-07-12,QUEEN,PKG,PKG_DLX,BOOKED,3,42426,INR,2026-05-11 22:59:36,2026-05-12 01:41:36
RES101045,CHA001,CNF101045,GUEST101045,2026-05-13,2026-05-14,STD,PREPAY,PPR_DLX,BOOKED,2,14298,INR,2026-05-11 03:24:36,2026-05-11 05:34:36
RES101046,KOL001,CNF101046,GUEST101046,2026-06-21,2026-06-23,STD,BAR,BAR_DLX,MODIFIED,1,9812,INR,2026-05-11 03:42:43,2026-05-11 06:34:43
RES101047,MUM002,CNF101047,GUEST101047,2026-07-04,2026-07-09,QUEEN,CORP,CORP_STD,MODIFIED,3,173835,INR,2026-05-11 10:45:01,2026-05-11 12:11:01
RES101048,MUM002,CNF101048,GUEST101048,2026-07-10,2026-07-13,STE,BAR,BAR_STD,MODIFIED,1,14544,INR,2026-05-11 17:12:51,2026-05-11 18:41:51
RES101049,DEL002,CNF101049,GUEST101049,2026-06-16,2026-06-20,DLX,PREPAY,PPR_DLX,BOOKED,4,142640,INR,2026-05-11 06:44:40,2026-05-11 08:14:40
RES101050,DEL002,CNF101050,GUEST101050,2026-07-03,2026-07-06,STD,BAR,BAR_DLX,CANCELLED,4,0,INR,2026-05-11 21:36:03,2026-05-11 21:41:03
RES101051,KER001,CNF101051,GUEST101051,2026-05-22,2026-05-27,KING,MEMBER,MEM_STD,BOOKED,4,268840,INR,2026-05-11 20:42:34,2026-05-11 21:31:34
RES101052,MUM002,CNF101052,GUEST101052,2026-05-20,2026-05-21,STD,PKG,PKG_STD,CANCELLED,1,0,INR,2026-05-11 08:24:58,2026-05-11 09:18:58
RES101053,MUM002,CNF101053,GUEST101053,2026-06-13,2026-06-17,KING,CORP,CORP_DLX,CANCELLED,3,0,INR,2026-05-11 01:07:49,2026-05-11 02:40:49
RES101054,CHN001,CNF101054,GUEST101054,2026-05-17,2026-05-21,QUEEN,PREPAY,PPR_STD,CANCELLED,1,0,INR,2026-05-11 00:57:25,2026-05-11 03:02:25
RES101055,HYD001,CNF101055,GUEST101055,2026-06-17,2026-06-22,KING,MEMBER,MEM_DLX,BOOKED,4,232080,INR,2026-05-11 13:55:12,2026-05-11 15:16:12
RES101056,CHN001,CNF101056,GUEST101056,2026-05-15,2026-05-16,STE,MEMBER,MEM_DLX,CANCELLED,4,0,INR,2026-05-11 06:34:45,2026-05-11 07:11:45
RES101057,CHA001,CNF101057,GUEST101057,2026-05-26,2026-05-28,STE,CORP,CORP_STD,CANCELLED,3,0,INR,2026-05-11 00:24:56,2026-05-11 03:01:56
RES101058,MUM002,CNF101058,GUEST101058,2026-06-08,2026-06-10,STD,CORP,CORP_DLX,CANCELLED,2,0,INR,2026-05-11 00:36:02,2026-05-11 01:13:02
RES101059,BLR001,CNF101059,GUEST101059,2026-06-17,2026-06-18,DLX,BAR,BAR_DLX,BOOKED,4,48956,INR,2026-05-11 06:53:37,2026-05-11 07:30:37
RES101060,DEL002,CNF101060,GUEST101060,2026-07-08,2026-07-11,STE,PREPAY,PPR_DLX,MODIFIED,4,84264,INR,2026-05-11 18:40:37,2026-05-11 19:44:37
RES101061,KER001,CNF101061,GUEST101061,2026-07-05,2026-07-07,STD,CORP,CORP_STD,CANCELLED,3,0,INR,2026-05-11 06:04:40,2026-05-11 07:33:40
RES101062,KER001,CNF101062,GUEST101062,2026-05-27,2026-05-29,STD,PKG,PKG_DLX,MODIFIED,2,36116,INR,2026-05-11 17:35:57,2026-05-11 20:08:57
RES101063,MUM001,CNF101063,GUEST101063,2026-05-23,2026-05-26,STD,BAR,BAR_DLX,MODIFIED,3,84123,INR,2026-05-11 04:25:27,2026-05-11 05:18:27
RES101064,DEL002,CNF101064,GUEST101064,2026-07-06,2026-07-10,STD,MEMBER,MEM_STD,BOOKED,3,56028,INR,2026-05-11 14:02:48,2026-05-11 15:53:48
RES101065,KER001,CNF101065,GUEST101065,2026-06-26,2026-07-01,DLX,MEMBER,MEM_DLX,BOOKED,4,77440,INR,2026-05-11 22:31:04,2026-05-11 22:45:04
RES101066,DEL001,CNF101066,GUEST101066,2026-05-26,2026-05-31,STE,BAR,BAR_STD,MODIFIED,2,52940,INR,2026-05-11 02:29:37,2026-05-11 05:00:37
RES101067,KER001,CNF101067,GUEST101067,2026-06-12,2026-06-14,QUEEN,PREPAY,PPR_DLX,CANCELLED,2,0,INR,2026-05-11 04:35:37,2026-05-11 05:00:37
RES101068,KOL001,CNF101068,GUEST101068,2026-05-15,2026-05-19,KING,PKG,PKG_STD,MODIFIED,2,69640,INR,2026-05-11 06:56:29,2026-05-11 09:26:29
RES101069,KOL001,CNF101069,GUEST101069,2026-06-09,2026-06-14,STD,PKG,PKG_STD,BOOKED,1,55565,INR,2026-05-11 16:39:43,2026-05-11 17:32:43
RES101070,KER001,CNF101070,GUEST101070,2026-06-12,2026-06-14,STE,MEMBER,MEM_DLX,MODIFIED,1,16272,INR,2026-05-11 12:45:37,2026-05-11 15:35:37
RES101071,CHA001,CNF101071,GUEST101071,2026-07-08,2026-07-11,QUEEN,PREPAY,PPR_DLX,BOOKED,4,115164,INR,2026-05-11 21:32:10,2026-05-12 00:32:10
RES101072,MUM002,CNF101072,GUEST101072,2026-06-04,2026-06-08,DLX,PKG,PKG_STD,BOOKED,4,181136,INR,2026-05-11 04:02:37,2026-05-11 06:12:37
RES101073,CHN001,CNF101073,GUEST101073,2026-07-08,2026-07-12,QUEEN,CORP,CORP_DLX,CANCELLED,4,0,INR,2026-05-11 11:53:11,2026-05-11 14:04:11
RES101074,DEL001,CNF101074,GUEST101074,2026-05-24,2026-05-29,DLX,BAR,BAR_STD,MODIFIED,2,81600,INR,2026-05-11 18:08:50,2026-05-11 18:32:50
RES101075,BLR002,CNF101075,GUEST101075,2026-05-14,2026-05-17,DLX,MEMBER,MEM_STD,BOOKED,1,23436,INR,2026-05-11 01:36:01,2026-05-11 03:22:01
RES101076,MUM002,CNF101076,GUEST101076,2026-06-21,2026-06-26,KING,CORP,CORP_STD,CANCELLED,2,0,INR,2026-05-11 22:11:14,2026-05-12 01:10:14
RES101077,DEL001,CNF101077,GUEST101077,2026-07-08,2026-07-13,DLX,CORP,CORP_STD,BOOKED,1,52960,INR,2026-05-11 04:54:20,2026-05-11 07:30:20
RES101078,CHN001,CNF101078,GUEST101078,2026-06-06,2026-06-10,STE,MEMBER,MEM_STD,MODIFIED,3,165720,INR,2026-05-11 09:49:52,2026-05-11 11:31:52
RES101079,BLR001,CNF101079,GUEST101079,2026-06-16,2026-06-18,DLX,CORP,CORP_DLX,BOOKED,4,63688,INR,2026-05-11 16:04:35,2026-05-11 18:28:35
RES101080,BLR002,CNF101080,GUEST101080,2026-07-09,2026-07-12,DLX,MEMBER,MEM_STD,CANCELLED,3,0,INR,2026-05-11 22:59:04,2026-05-12 00:14:04
RES101081,MUM001,CNF101081,GUEST101081,2026-06-05,2026-06-09,STE,BAR,BAR_STD,CANCELLED,1,0,INR,2026-05-11 15:02:37,2026-05-11 16:31:37
RES101082,MUM002,CNF101082,GUEST101082,2026-05-20,2026-05-22,STD,PKG,PKG_DLX,MODIFIED,2,28876,INR,2026-05-11 17:42:20,2026-05-11 19:32:20
RES101083,CHN001,CNF101083,GUEST101083,2026-05-26,2026-05-28,KING,PKG,PKG_STD,CANCELLED,3,0,INR,2026-05-11 22:19:51,2026-05-11 23:56:51
RES101084,CHN001,CNF101084,GUEST101084,2026-07-06,2026-07-09,STD,PREPAY,PPR_DLX,MODIFIED,3,91602,INR,2026-05-11 06:10:36,2026-05-11 06:11:36
RES101085,KER001,CNF101085,GUEST101085,2026-06-16,2026-06-20,DLX,CORP,CORP_DLX,BOOKED,1,28392,INR,2026-05-11 00:01:32,2026-05-11 00:59:32
RES101086,BLR002,CNF101086,GUEST101086,2026-06-07,2026-06-12,STE,CORP,CORP_STD,BOOKED,1,74245,INR,2026-05-11 05:43:32,2026-05-11 06:57:32
RES101087,CHA001,CNF101087,GUEST101087,2026-05-19,2026-05-20,STD,MEMBER,MEM_DLX,MODIFIED,2,12154,INR,2026-05-11 05:31:47,2026-05-11 05:39:47
RES101088,KOL001,CNF101088,GUEST101088,2026-05-25,2026-05-28,DLX,PREPAY,PPR_STD,CANCELLED,2,0,INR,2026-05-11 08:54:39,2026-05-11 11:29:39
RES101089,CHN001,CNF101089,GUEST101089,2026-05-27,2026-05-30,KING,BAR,BAR_STD,CANCELLED,4,0,INR,2026-05-11 18:22:48,2026-05-11 19:44:48
RES101090,BLR001,CNF101090,GUEST101090,2026-06-05,2026-06-06,KING,CORP,CORP_STD,MODIFIED,3,33756,INR,2026-05-11 15:18:07,2026-05-11 16:39:07
RES101091,MUM002,CNF101091,GUEST101091,2026-07-06,2026-07-11,KING,MEMBER,MEM_STD,CANCELLED,2,0,INR,2026-05-11 18:35:27,2026-05-11 19:55:27
RES101092,KER001,CNF101092,GUEST101092,2026-05-26,2026-05-30,STE,PKG,PKG_STD,CANCELLED,4,0,INR,2026-05-11 06:29:40,2026-05-11 07:01:40
RES101093,MUM001,CNF101093,GUEST101093,2026-06-13,2026-06-16,STE,BAR,BAR_DLX,BOOKED,2,61344,INR,2026-05-11 14:37:16,2026-05-11 16:37:16
RES101094,DEL001,CNF101094,GUEST101094,2026-07-10,2026-07-11,STE,CORP,CORP_DLX,CANCELLED,4,0,INR,2026-05-11 09:49:59,2026-05-11 11:19:59
RES101095,DEL001,CNF101095,GUEST101095,2026-06-10,2026-06-11,QUEEN,BAR,BAR_DLX,MODIFIED,2,26376,INR,2026-05-11 15:53:08,2026-05-11 18:10:08
RES101096,MUM002,CNF101096,GUEST101096,2026-05-18,2026-05-19,DLX,CORP,CORP_DLX,MODIFIED,1,10071,INR,2026-05-11 07:38:15,2026-05-11 09:13:15
RES101097,CHN001,CNF101097,GUEST101097,2026-05-23,2026-05-27,DLX,CORP,CORP_STD,BOOKED,4,112096,INR,2026-05-11 04:23:42,2026-05-11 05:16:42
RES101098,MUM001,CNF101098,GUEST101098,2026-06-03,2026-06-06,STD,MEMBER,MEM_STD,CANCELLED,3,0,INR,2026-05-11 18:31:33,2026-05-11 19:59:33
RES101099,DEL001,CNF101099,GUEST101099,2026-05-24,2026-05-29,QUEEN,MEMBER,MEM_STD,MODIFIED,2,116610,INR,2026-05-11 05:25:23,2026-05-11 07:52:23
RES101100,KOL001,CNF101100,GUEST101100,2026-06-16,2026-06-21,QUEEN,PREPAY,PPR_DLX,MODIFIED,4,290140,INR,2026-05-11 09:13:09,2026-05-11 10:22:09
RES101101,HYD001,CNF101101,GUEST101101,2026-06-02,2026-06-03,STD,BAR,BAR_STD,BOOKED,1,3692,INR,2026-05-11 14:15:44,2026-05-11 15:34:44
RES101102,HYD001,CNF101102,GUEST101102,2026-07-06,2026-07-07,KING,PKG,PKG_STD,BOOKED,2,13948,INR,2026-05-11 01:25:04,2026-05-11 03:55:04
RES101103,DEL001,CNF101103,GUEST101103,2026-06-02,2026-06-05,STD,BAR,BAR_STD,CANCELLED,2,0,INR,2026-05-11 03:12:43,2026-05-11 03:27:43
RES101104,HYD001,CNF101104,GUEST101104,2026-06-30,2026-07-03,KING,CORP,CORP_STD,MODIFIED,3,104661,INR,2026-05-11 19:04:12,2026-05-11 19:19:12
RES101105,CHN001,CNF101105,GUEST101105,2026-06-17,2026-06-22,STD,MEMBER,MEM_STD,BOOKED,3,199335,INR,2026-05-11 00:31:11,2026-05-11 00:57:11
RES101106,BLR001,CNF101106,GUEST101106,2026-07-08,2026-07-09,STD,PREPAY,PPR_DLX,MODIFIED,4,57360,INR,2026-05-11 18:04:27,2026-05-11 18:16:27
RES101107,MUM002,CNF101107,GUEST101107,2026-07-05,2026-07-06,KING,CORP,CORP_DLX,BOOKED,1,9086,INR,2026-05-11 06:28:36,2026-05-11 08:15:36
RES101108,BLR002,CNF101108,GUEST101108,2026-06-07,2026-06-11,DLX,CORP,CORP_DLX,MODIFIED,1,31780,INR,2026-05-11 02:47:51,2026-05-11 05:23:51
RES101109,DEL001,CNF101109,GUEST101109,2026-07-05,2026-07-06,KING,BAR,BAR_STD,CANCELLED,1,0,INR,2026-05-11 06:49:51,2026-05-11 08:54:51
RES101110,CHN001,CNF101110,GUEST101110,2026-05-26,2026-05-31,STE,MEMBER,MEM_STD,CANCELLED,3,0,INR,2026-05-11 16:56:27,2026-05-11 17:23:27
RES101111,DEL001,CNF101111,GUEST101111,2026-07-02,2026-07-05,KING,PREPAY,PPR_DLX,CANCELLED,4,0,INR,2026-05-11 00:52:44,2026-05-11 03:35:44
RES101112,CHN001,CNF101112,GUEST101112,2026-06-20,2026-06-25,QUEEN,PREPAY,PPR_STD,BOOKED,3,162015,INR,2026-05-11 20:27:36,2026-05-11 21:41:36
RES101113,DEL001,CNF101113,GUEST101113,2026-06-10,2026-06-12,STD,PKG,PKG_DLX,CANCELLED,4,0,INR,2026-05-11 09:42:19,2026-05-11 11:32:19
RES101114,CHA001,CNF101114,GUEST101114,2026-05-29,2026-06-03,DLX,BAR,BAR_STD,MODIFIED,4,232320,INR,2026-05-11 22:31:23,2026-05-11 23:20:23
RES101115,DEL001,CNF101115,GUEST101115,2026-05-21,2026-05-23,STE,PKG,PKG_STD,MODIFIED,3,69366,INR,2026-05-11 17:38:04,2026-05-11 18:22:04
RES101116,KOL001,CNF101116,GUEST101116,2026-05-23,2026-05-25,QUEEN,CORP,CORP_STD,MODIFIED,4,97128,INR,2026-05-11 22:48:19,2026-05-12 01:45:19
RES101117,MUM002,CNF101117,GUEST101117,2026-05-19,2026-05-20,STE,PKG,PKG_DLX,BOOKED,4,23712,INR,2026-05-11 21:46:29,2026-05-12 00:08:29
RES101118,CHA001,CNF101118,GUEST101118,2026-05-22,2026-05-27,DLX,BAR,BAR_STD,BOOKED,1,33280,INR,2026-05-11 17:42:45,2026-05-11 19:25:45
RES101119,MUM001,CNF101119,GUEST101119,2026-06-28,2026-07-02,KING,BAR,BAR_STD,MODIFIED,1,51716,INR,2026-05-11 16:57:22,2026-05-11 18:58:22
RES101120,MUM001,CNF101120,GUEST101120,2026-06-05,2026-06-06,DLX,MEMBER,MEM_DLX,CANCELLED,4,0,INR,2026-05-11 12:24:35,2026-05-11 15:02:35
RES101121,MUM001,CNF101121,GUEST101121,2026-06-01,2026-06-06,KING,MEMBER,MEM_STD,CANCELLED,2,0,INR,2026-05-11 08:17:21,2026-05-11 10:20:21
RES101122,DEL001,CNF101122,GUEST101122,2026-06-06,2026-06-07,STD,BAR,BAR_STD,MODIFIED,3,11856,INR,2026-05-11 10:22:35,2026-05-11 12:27:35
RES101123,KOL001,CNF101123,GUEST101123,2026-05-17,2026-05-19,STD,BAR,BAR_DLX,BOOKED,1,9362,INR,2026-05-11 07:43:40,2026-05-11 10:25:40
RES101124,CHN001,CNF101124,GUEST101124,2026-07-04,2026-07-09,DLX,MEMBER,MEM_DLX,MODIFIED,4,183500,INR,2026-05-11 22:18:33,2026-05-12 00:54:33
RES101125,MUM001,CNF101125,GUEST101125,2026-07-08,2026-07-09,KING,BAR,BAR_STD,BOOKED,1,9900,INR,2026-05-11 17:44:30,2026-05-11 19:40:30
RES101126,BLR002,CNF101126,GUEST101126,2026-06-26,2026-06-27,STE,CORP,CORP_DLX,MODIFIED,2,19000,INR,2026-05-11 10:16:56,2026-05-11 13:13:56
RES101127,BLR001,CNF101127,GUEST101127,2026-05-16,2026-05-21,STE,PREPAY,PPR_STD,MODIFIED,3,96675,INR,2026-05-11 20:22:39,2026-05-11 21:23:39
RES101128,CHN001,CNF101128,GUEST101128,2026-05-12,2026-05-17,STE,PREPAY,PPR_DLX,BOOKED,1,40720,INR,2026-05-11 00:26:02,2026-05-11 01:00:02
RES101129,CHN001,CNF101129,GUEST101129,2026-06-25,2026-06-26,DLX,PREPAY,PPR_STD,BOOKED,4,21552,INR,2026-05-11 17:29:46,2026-05-11 18:24:46
RES101130,DEL001,CNF101130,GUEST101130,2026-05-22,2026-05-26,QUEEN,MEMBER,MEM_DLX,MODIFIED,1,56972,INR,2026-05-11 03:30:20,2026-05-11 05:32:20
RES101131,KER001,CNF101131,GUEST101131,2026-06-11,2026-06-13,STE,PKG,PKG_DLX,BOOKED,2,31668,INR,2026-05-11 02:03:23,2026-05-11 04:39:23
RES101132,CHN001,CNF101132,GUEST101132,2026-06-16,2026-06-17,STE,MEMBER,MEM_STD,MODIFIED,3,40269,INR,2026-05-11 11:27:04,2026-05-11 13:51:04
RES101133,KER001,CNF101133,GUEST101133,2026-05-19,2026-05-23,KING,PKG,PKG_DLX,BOOKED,3,86748,INR,2026-05-11 18:12:47,2026-05-11 18:43:47
RES101134,HYD001,CNF101134,GUEST101134,2026-05-13,2026-05-15,STE,CORP,CORP_DLX,CANCELLED,3,0,INR,2026-05-11 12:43:27,2026-05-11 14:02:27
RES101135,BLR002,CNF101135,GUEST101135,2026-07-09,2026-07-13,QUEEN,PKG,PKG_STD,BOOKED,4,139136,INR,2026-05-11 15:00:07,2026-05-11 17:58:07
RES101136,BLR002,CNF101136,GUEST101136,2026-07-02,2026-07-04,QUEEN,PREPAY,PPR_STD,MODIFIED,4,79736,INR,2026-05-11 12:11:47,2026-05-11 12:54:47
RES101137,CHN001,CNF101137,GUEST101137,2026-06-24,2026-06-25,STE,PREPAY,PPR_STD,MODIFIED,2,28880,INR,2026-05-11 14:58:48,2026-05-11 17:57:48
RES101138,KOL001,CNF101138,GUEST101138,2026-06-27,2026-07-02,KING,CORP,CORP_DLX,MODIFIED,4,247460,INR,2026-05-11 21:14:18,2026-05-11 21:51:18
RES101139,DEL002,CNF101139,GUEST101139,2026-06-08,2026-06-11,KING,PREPAY,PPR_DLX,MODIFIED,1,40203,INR,2026-05-11 16:23:22,2026-05-11 17:02:22
RES101140,DEL002,CNF101140,GUEST101140,2026-05-26,2026-05-31,KING,CORP,CORP_STD,CANCELLED,4,0,INR,2026-05-11 10:07:45,2026-05-11 12:40:45
RES101141,BLR001,CNF101141,GUEST101141,2026-05-31,2026-06-04,QUEEN,MEMBER,MEM_STD,CANCELLED,3,0,INR,2026-05-11 06:26:57,2026-05-11 06:35:57
RES101142,BLR002,CNF101142,GUEST101142,2026-06-28,2026-07-01,DLX,CORP,CORP_DLX,MODIFIED,4,45144,INR,2026-05-11 10:59:56,2026-05-11 12:38:56
RES101143,CHN001,CNF101143,GUEST101143,2026-06-23,2026-06-25,QUEEN,CORP,CORP_STD,BOOKED,1,21448,INR,2026-05-11 05:53:08,2026-05-11 08:12:08
RES101144,CHA001,CNF101144,GUEST101144,2026-05-22,2026-05-23,DLX,CORP,CORP_DLX,MODIFIED,1,11828,INR,2026-05-11 07:24:43,2026-05-11 09:06:43
RES101145,CHN001,CNF101145,GUEST101145,2026-05-26,2026-05-27,DLX,PKG,PKG_STD,MODIFIED,3,27354,INR,2026-05-11 21:28:42,2026-05-11 23:55:42
RES101146,DEL001,CNF101146,GUEST101146,2026-06-22,2026-06-24,STE,BAR,BAR_DLX,MODIFIED,3,51450,INR,2026-05-11 03:32:21,2026-05-11 03:39:21
RES101147,CHA001,CNF101147,GUEST101147,2026-05-21,2026-05-23,STD,CORP,CORP_STD,CANCELLED,1,0,INR,2026-05-11 09:09:08,2026-05-11 11:59:08
RES101148,HYD001,CNF101148,GUEST101148,2026-06-02,2026-06-03,QUEEN,PREPAY,PPR_STD,BOOKED,4,56728,INR,2026-05-11 21:44:48,2026-05-12 00:01:48
RES101149,DEL001,CNF101149,GUEST101149,2026-06-15,2026-06-16,STD,PKG,PKG_DLX,MODIFIED,2,18404,INR,2026-05-11 02:28:17,2026-05-11 04:42:17
RES101150,BLR002,CNF101150,GUEST101150,2026-05-14,2026-05-19,DLX,CORP,CORP_STD,CANCELLED,4,0,INR,2026-05-11 21:36:28,2026-05-12 00:24:28
RES101151,BLR001,CNF101151,GUEST101151,2026-05-14,2026-05-16,KING,CORP,CORP_STD,BOOKED,1,24130,INR,2026-05-11 19:39:01,2026-05-11 19:43:01
RES101152,MUM001,CNF101152,GUEST101152,2026-06-06,2026-06-10,STD,MEMBER,MEM_DLX,BOOKED,1,55472,INR,2026-05-11 19:06:43,2026-05-11 21:15:43
RES101153,CHN001,CNF101153,GUEST101153,2026-07-02,2026-07-06,STE,CORP,CORP_STD,MODIFIED,1,22076,INR,2026-05-11 15:32:18,2026-05-11 17:48:18
RES101154,CHA001,CNF101154,GUEST101154,2026-06-17,2026-06-18,DLX,BAR,BAR_DLX,BOOKED,2,17904,INR,2026-05-11 08:18:51,2026-05-11 09:16:51
RES101155,HYD001,CNF101155,GUEST101155,2026-05-16,2026-05-19,STD,BAR,BAR_DLX,BOOKED,4,92184,INR,2026-05-11 21:05:19,2026-05-11 23:30:19
RES101156,DEL001,CNF101156,GUEST101156,2026-06-03,2026-06-04,QUEEN,PREPAY,PPR_DLX,MODIFIED,1,6825,INR,2026-05-11 22:09:42,2026-05-11 23:02:42
RES101157,MUM002,CNF101157,GUEST101157,2026-06-30,2026-07-02,DLX,BAR,BAR_DLX,MODIFIED,2,21988,INR,2026-05-11 02:27:13,2026-05-11 04:36:13
RES101158,BLR001,CNF101158,GUEST101158,2026-05-19,2026-05-22,QUEEN,BAR,BAR_DLX,BOOKED,2,58830,INR,2026-05-11 15:07:05,2026-05-11 17:18:05
RES101159,MUM002,CNF101159,GUEST101159,2026-06-01,2026-06-05,DLX,CORP,CORP_DLX,CANCELLED,1,0,INR,2026-05-11 01:26:40,2026-05-11 03:09:40
RES101160,MUM001,CNF101160,GUEST101160,2026-06-16,2026-06-19,KING,PREPAY,PPR_DLX,MODIFIED,2,77904,INR,2026-05-11 22:44:44,2026-05-12 00:47:44
RES101161,BLR001,CNF101161,GUEST101161,2026-06-23,2026-06-26,KING,PREPAY,PPR_STD,BOOKED,3,112896,INR,2026-05-11 22:35:08,2026-05-11 23:19:08
RES101162,MUM002,CNF101162,GUEST101162,2026-06-28,2026-06-29,KING,PREPAY,PPR_STD,MODIFIED,1,11951,INR,2026-05-11 04:47:09,2026-05-11 07:28:09
RES101163,CHA001,CNF101163,GUEST101163,2026-07-03,2026-07-08,STE,PKG,PKG_DLX,BOOKED,4,192300,INR,2026-05-11 06:45:12,2026-05-11 07:27:12
RES101164,DEL001,CNF101164,GUEST101164,2026-06-12,2026-06-14,QUEEN,MEMBER,MEM_STD,BOOKED,3,45864,INR,2026-05-11 06:02:35,2026-05-11 07:44:35
RES101165,CHN001,CNF101165,GUEST101165,2026-06-28,2026-07-02,KING,PREPAY,PPR_DLX,BOOKED,4,196240,INR,2026-05-11 02:46:39,2026-05-11 03:44:39
RES101166,HYD001,CNF101166,GUEST101166,2026-05-30,2026-06-02,KING,MEMBER,MEM_STD,MODIFIED,4,59916,INR,2026-05-11 05:05:37,2026-05-11 07:02:37
RES101167,KOL001,CNF101167,GUEST101167,2026-07-03,2026-07-07,STE,CORP,CORP_DLX,CANCELLED,2,0,INR,2026-05-11 22:01:20,2026-05-11 23:59:20
RES101168,MUM001,CNF101168,GUEST101168,2026-05-31,2026-06-04,DLX,BAR,BAR_DLX,BOOKED,3,172356,INR,2026-05-11 22:55:42,2026-05-12 01:54:42
RES101169,HYD001,CNF101169,GUEST101169,2026-05-15,2026-05-17,STE,PREPAY,PPR_DLX,MODIFIED,4,62720,INR,2026-05-11 10:59:58,2026-05-11 12:54:58
RES101170,BLR001,CNF101170,GUEST101170,2026-05-22,2026-05-26,STD,CORP,CORP_STD,CANCELLED,2,0,INR,2026-05-11 01:56:35,2026-05-11 02:25:35
RES101171,MUM001,CNF101171,GUEST101171,2026-05-29,2026-06-03,STE,MEMBER,MEM_STD,MODIFIED,1,71330,INR,2026-05-11 23:45:02,2026-05-12 00:47:02
RES101172,CHN001,CNF101172,GUEST101172,2026-06-03,2026-06-06,QUEEN,BAR,BAR_DLX,MODIFIED,1,14565,INR,2026-05-11 15:16:50,2026-05-11 17:03:50
RES101173,MUM002,CNF101173,GUEST101173,2026-05-17,2026-05-21,DLX,PREPAY,PPR_DLX,BOOKED,4,85376,INR,2026-05-11 16:12:06,2026-05-11 19:05:06
RES101174,BLR002,CNF101174,GUEST101174,2026-07-02,2026-07-05,STE,PREPAY,PPR_STD,MODIFIED,1,35880,INR,2026-05-11 19:05:10,2026-05-11 19:30:10
RES101175,CHN001,CNF101175,GUEST101175,2026-05-22,2026-05-23,DLX,CORP,CORP_STD,BOOKED,1,12495,INR,2026-05-11 22:43:12,2026-05-11 23:12:12
RES101176,KOL001,CNF101176,GUEST101176,2026-07-03,2026-07-05,STE,MEMBER,MEM_STD,BOOKED,3,89676,INR,2026-05-11 23:45:00,2026-05-12 02:08:00
RES101177,HYD001,CNF101177,GUEST101177,2026-07-03,2026-07-05,DLX,PREPAY,PPR_DLX,CANCELLED,4,0,INR,2026-05-11 13:36:28,2026-05-11 14:07:28
RES101178,KOL001,CNF101178,GUEST101178,2026-05-18,2026-05-19,STE,CORP,CORP_STD,BOOKED,1,9435,INR,2026-05-11 10:55:38,2026-05-11 12:59:38
RES101179,KOL001,CNF101179,GUEST101179,2026-07-09,2026-07-11,STD,MEMBER,MEM_DLX,CANCELLED,3,0,INR,2026-05-11 06:52:43,2026-05-11 08:20:43
RES101180,DEL002,CNF101180,GUEST101180,2026-06-12,2026-06-15,DLX,CORP,CORP_DLX,BOOKED,3,35721,INR,2026-05-11 13:06:38,2026-05-11 13:52:38
RES101181,BLR001,CNF101181,GUEST101181,2026-06-03,2026-06-06,KING,PREPAY,PPR_DLX,BOOKED,4,91260,INR,2026-05-11 01:23:52,2026-05-11 03:25:52
RES101182,DEL001,CNF101182,GUEST101182,2026-06-14,2026-06-18,STD,PKG,PKG_DLX,BOOKED,3,134424,INR,2026-05-11 04:13:44,2026-05-11 04:15:44
RES101183,HYD001,CNF101183,GUEST101183,2026-06-29,2026-07-02,STD,MEMBER,MEM_STD,BOOKED,3,77661,INR,2026-05-11 14:28:51,2026-05-11 16:43:51
RES101184,KER001,CNF101184,GUEST101184,2026-05-26,2026-05-29,STE,PREPAY,PPR_DLX,CANCELLED,4,0,INR,2026-05-11 00:32:41,2026-05-11 03:16:41
RES101185,DEL001,CNF101185,GUEST101185,2026-06-19,2026-06-22,QUEEN,PKG,PKG_DLX,MODIFIED,3,119016,INR,2026-05-11 04:43:23,2026-05-11 06:54:23
RES101186,MUM001,CNF101186,GUEST101186,2026-07-06,2026-07-11,QUEEN,BAR,BAR_DLX,MODIFIED,3,130605,INR,2026-05-11 02:19:44,2026-05-11 04:15:44
RES101187,CHN001,CNF101187,GUEST101187,2026-07-02,2026-07-03,KING,MEMBER,MEM_DLX,BOOKED,4,27372,INR,2026-05-11 10:48:32,2026-05-11 13:36:32
RES101188,BLR001,CNF101188,GUEST101188,2026-05-19,2026-05-21,QUEEN,PREPAY,PPR_STD,MODIFIED,2,42348,INR,2026-05-11 16:50:44,2026-05-11 18:12:44
RES101189,DEL002,CNF101189,GUEST101189,2026-07-06,2026-07-09,STD,PREPAY,PPR_DLX,MODIFIED,4,94032,INR,2026-05-11 00:22:47,2026-05-11 03:09:47
RES101190,DEL001,CNF101190,GUEST101190,2026-05-24,2026-05-26,KING,BAR,BAR_STD,CANCELLED,2,0,INR,2026-05-11 02:20:42,2026-05-11 03:39:42
RES101191,CHN001,CNF101191,GUEST101191,2026-05-15,2026-05-16,KING,BAR,BAR_DLX,BOOKED,2,16960,INR,2026-05-11 20:51:49,2026-05-11 21:19:49
RES101192,CHN001,CNF101192,GUEST101192,2026-05-30,2026-06-01,DLX,BAR,BAR_DLX,BOOKED,2,29828,INR,2026-05-11 20:00:04,2026-05-11 20:38:04
RES101193,CHN001,CNF101193,GUEST101193,2026-05-28,2026-06-02,QUEEN,PKG,PKG_STD,MODIFIED,1,43335,INR,2026-05-11 19:51:01,2026-05-11 19:51:01
RES101194,HYD001,CNF101194,GUEST101194,2026-06-18,2026-06-21,QUEEN,MEMBER,MEM_STD,CANCELLED,1,0,INR,2026-05-11 02:17:17,2026-05-11 02:23:17
RES101195,DEL001,CNF101195,GUEST101195,2026-06-05,2026-06-07,STD,MEMBER,MEM_STD,CANCELLED,2,0,INR,2026-05-11 22:13:02,2026-05-11 23:57:02
RES101196,BLR002,CNF101196,GUEST101196,2026-06-26,2026-06-29,STE,PREPAY,PPR_DLX,CANCELLED,1,0,INR,2026-05-11 18:28:54,2026-05-11 20:00:54
RES101197,BLR002,CNF101197,GUEST101197,2026-06-02,2026-06-05,KING,PKG,PKG_STD,BOOKED,3,100530,INR,2026-05-11 04:59:46,2026-05-11 07:26:46
RES101198,HYD001,CNF101198,GUEST101198,2026-06-18,2026-06-23,QUEEN,BAR,BAR_STD,MODIFIED,1,38685,INR,2026-05-11 15:31:45,2026-05-11 18:29:45
RES101199,BLR001,CNF101199,GUEST101199,2026-07-07,2026-07-09,STD,CORP,CORP_DLX,BOOKED,2,58044,INR,2026-05-11 07:28:14,2026-05-11 09:23:14
RES101200,CHN001,CNF101200,GUEST101200,2026-06-25,2026-06-28,KING,PREPAY,PPR_STD,MODIFIED,4,158904,INR,2026-05-11 09:07:10,2026-05-11 09:45:10
RES101201,HYD001,CNF101201,GUEST101201,2026-05-29,2026-06-01,STD,MEMBER,MEM_STD,BOOKED,1,15666,INR,2026-05-11 01:55:21,2026-05-11 03:50:21
RES101202,BLR002,CNF101202,GUEST101202,2026-05-29,2026-06-02,DLX,PKG,PKG_DLX,CANCELLED,3,0,INR,2026-05-11 10:24:56,2026-05-11 11:15:56
RES101203,BLR001,CNF101203,GUEST101203,2026-05-26,2026-05-27,QUEEN,BAR,BAR_STD,BOOKED,1,12210,INR,2026-05-11 09:31:13,2026-05-11 11:15:13
RES101204,HYD001,CNF101204,GUEST101204,2026-06-18,2026-06-20,KING,CORP,CORP_DLX,CANCELLED,3,0,INR,2026-05-11 08:59:25,2026-05-11 09:10:25
RES101205,HYD001,CNF101205,GUEST101205,2026-06-17,2026-06-18,STD,BAR,BAR_STD,BOOKED,3,18228,INR,2026-05-11 14:11:35,2026-05-11 16:44:35
RES101206,KOL001,CNF101206,GUEST101206,2026-06-17,2026-06-22,KING,MEMBER,MEM_STD,BOOKED,1,71500,INR,2026-05-11 04:58:03,2026-05-11 06:48:03
RES101207,MUM001,CNF101207,GUEST101207,2026-07-01,2026-07-04,DLX,BAR,BAR_STD,MODIFIED,1,15909,INR,2026-05-11 10:25:03,2026-05-11 13:25:03
RES101208,DEL002,CNF101208,GUEST101208,2026-05-22,2026-05-25,KING,MEMBER,MEM_STD,MODIFIED,3,107190,INR,2026-05-11 10:14:40,2026-05-11 10:41:40
RES101209,HYD001,CNF101209,GUEST101209,2026-06-30,2026-07-02,KING,PKG,PKG_DLX,MODIFIED,2,57708,INR,2026-05-11 15:32:15,2026-05-11 17:32:15
RES101210,HYD001,CNF101210,GUEST101210,2026-05-30,2026-05-31,DLX,CORP,CORP_STD,BOOKED,2,16466,INR,2026-05-11 01:55:25,2026-05-11 04:10:25
RES101211,BLR002,CNF101211,GUEST101211,2026-05-19,2026-05-23,STE,MEMBER,MEM_DLX,BOOKED,2,95376,INR,2026-05-11 01:57:22,2026-05-11 04:02:22
RES101212,CHA001,CNF101212,GUEST101212,2026-06-29,2026-06-30,QUEEN,MEMBER,MEM_DLX,MODIFIED,4,44460,INR,2026-05-11 17:29:21,2026-05-11 20:02:21
RES101213,KOL001,CNF101213,GUEST101213,2026-05-22,2026-05-27,STD,CORP,CORP_STD,CANCELLED,1,0,INR,2026-05-11 13:09:06,2026-05-11 13:21:06
RES101214,BLR001,CNF101214,GUEST101214,2026-05-31,2026-06-05,KING,PREPAY,PPR_STD,BOOKED,2,63680,INR,2026-05-11 20:39:36,2026-05-11 22:52:36
RES101215,HYD001,CNF101215,GUEST101215,2026-07-08,2026-07-09,DLX,BAR,BAR_STD,MODIFIED,1,6918,INR,2026-05-11 00:48:30,2026-05-11 03:03:30
RES101216,MUM001,CNF101216,GUEST101216,2026-06-13,2026-06-16,DLX,CORP,CORP_DLX,CANCELLED,3,0,INR,2026-05-11 13:11:39,2026-05-11 14:00:39
RES101217,MUM002,CNF101217,GUEST101217,2026-06-13,2026-06-17,STE,CORP,CORP_STD,MODIFIED,4,179008,INR,2026-05-11 15:30:13,2026-05-11 16:25:13
RES101218,MUM001,CNF101218,GUEST101218,2026-06-17,2026-06-20,DLX,CORP,CORP_DLX,BOOKED,2,25908,INR,2026-05-11 21:02:08,2026-05-11 21:16:08
RES101219,CHA001,CNF101219,GUEST101219,2026-06-04,2026-06-09,STE,CORP,CORP_STD,MODIFIED,1,74370,INR,2026-05-11 02:17:00,2026-05-11 05:03:00
RES101220,CHN001,CNF101220,GUEST101220,2026-06-22,2026-06-24,STE,PKG,PKG_STD,BOOKED,3,49320,INR,2026-05-11 14:45:07,2026-05-11 14:50:07
RES101221,CHN001,CNF101221,GUEST101221,2026-07-05,2026-07-07,DLX,PREPAY,PPR_DLX,CANCELLED,4,0,INR,2026-05-11 03:34:02,2026-05-11 05:23:02
RES101222,MUM002,CNF101222,GUEST101222,2026-05-17,2026-05-22,STD,MEMBER,MEM_STD,CANCELLED,1,0,INR,2026-05-11 04:53:07,2026-05-11 05:56:07
RES101223,CHN001,CNF101223,GUEST101223,2026-05-23,2026-05-26,KING,PREPAY,PPR_STD,MODIFIED,2,23910,INR,2026-05-11 00:43:44,2026-05-11 02:53:44
RES101224,MUM002,CNF101224,GUEST101224,2026-07-06,2026-07-10,QUEEN,CORP,CORP_DLX,BOOKED,4,169264,INR,2026-05-11 15:21:42,2026-05-11 16:36:42
RES101225,DEL002,CNF101225,GUEST101225,2026-06-17,2026-06-22,STD,PREPAY,PPR_STD,CANCELLED,2,0,INR,2026-05-11 02:24:37,2026-05-11 02:25:37
RES101226,CHN001,CNF101226,GUEST101226,2026-06-15,2026-06-16,STE,MEMBER,MEM_STD,MODIFIED,2,9020,INR,2026-05-11 13:26:58,2026-05-11 14:48:58
RES101227,DEL002,CNF101227,GUEST101227,2026-06-19,2026-06-24,STD,PKG,PKG_STD,MODIFIED,3,73785,INR,2026-05-11 17:41:09,2026-05-11 17:47:09
RES101228,KOL001,CNF101228,GUEST101228,2026-07-05,2026-07-08,KING,PREPAY,PPR_STD,MODIFIED,1,34959,INR,2026-05-11 16:37:11,2026-05-11 17:35:11
RES101229,BLR002,CNF101229,GUEST101229,2026-06-26,2026-06-28,STD,PREPAY,PPR_STD,MODIFIED,3,62862,INR,2026-05-11 08:14:06,2026-05-11 10:18:06
RES101230,KOL001,CNF101230,GUEST101230,2026-07-01,2026-07-05,STD,PKG,PKG_DLX,CANCELLED,3,0,INR,2026-05-11 14:55:48,2026-05-11 17:18:48
RES101231,BLR001,CNF101231,GUEST101231,2026-06-04,2026-06-08,QUEEN,CORP,CORP_STD,CANCELLED,2,0,INR,2026-05-11 22:39:30,2026-05-11 23:35:30
RES101232,DEL001,CNF101232,GUEST101232,2026-06-17,2026-06-19,DLX,CORP,CORP_STD,MODIFIED,2,52648,INR,2026-05-11 14:26:10,2026-05-11 16:48:10
RES101233,MUM002,CNF101233,GUEST101233,2026-06-04,2026-06-06,STE,PKG,PKG_DLX,CANCELLED,4,0,INR,2026-05-11 16:20:50,2026-05-11 16:46:50
RES101234,HYD001,CNF101234,GUEST101234,2026-05-27,2026-05-29,STD,BAR,BAR_STD,BOOKED,1,15852,INR,2026-05-11 20:12:02,2026-05-11 21:32:02
RES101235,MUM001,CNF101235,GUEST101235,2026-05-18,2026-05-22,QUEEN,PKG,PKG_DLX,CANCELLED,4,0,INR,2026-05-11 16:32:36,2026-05-11 17:19:36
RES101236,KOL001,CNF101236,GUEST101236,2026-06-16,2026-06-19,STE,CORP,CORP_DLX,MODIFIED,4,168684,INR,2026-05-11 13:58:19,2026-05-11 14:31:19
RES101237,DEL001,CNF101237,GUEST101237,2026-06-02,2026-06-04,KING,PKG,PKG_DLX,BOOKED,3,87294,INR,2026-05-11 17:12:16,2026-05-11 19:44:16
RES101238,DEL002,CNF101238,GUEST101238,2026-06-26,2026-06-28,STD,PKG,PKG_STD,MODIFIED,3,85770,INR,2026-05-11 22:28:00,2026-05-11 22:54:00
RES101239,DEL001,CNF101239,GUEST101239,2026-06-06,2026-06-08,DLX,BAR,BAR_STD,MODIFIED,4,54552,INR,2026-05-11 16:33:11,2026-05-11 16:35:11
RES101240,MUM001,CNF101240,GUEST101240,2026-07-07,2026-07-09,KING,MEMBER,MEM_STD,CANCELLED,2,0,INR,2026-05-11 14:01:20,2026-05-11 16:41:20
RES101241,CHA001,CNF101241,GUEST101241,2026-07-05,2026-07-09,STD,BAR,BAR_STD,BOOKED,1,17964,INR,2026-05-11 12:10:17,2026-05-11 13:39:17
RES101242,HYD001,CNF101242,GUEST101242,2026-06-16,2026-06-17,STE,MEMBER,MEM_DLX,BOOKED,1,8815,INR,2026-05-11 20:56:20,2026-05-11 23:50:20
RES101243,BLR002,CNF101243,GUEST101243,2026-06-05,2026-06-08,DLX,CORP,CORP_STD,CANCELLED,2,0,INR,2026-05-11 10:20:57,2026-05-11 11:43:57
RES101244,DEL001,CNF101244,GUEST101244,2026-05-29,2026-06-03,KING,MEMBER,MEM_STD,BOOKED,3,169140,INR,2026-05-11 19:07:05,2026-05-11 19:47:05
RES101245,CHA001,CNF101245,GUEST101245,2026-06-09,2026-06-14,STE,PREPAY,PPR_STD,MODIFIED,2,36630,INR,2026-05-11 17:47:03,2026-05-11 17:56:03
RES101246,DEL002,CNF101246,GUEST101246,2026-06-24,2026-06-25,KING,PKG,PKG_DLX,CANCELLED,4,0,INR,2026-05-11 22:00:32,2026-05-11 22:51:32
RES101247,CHN001,CNF101247,GUEST101247,2026-06-04,2026-06-07,DLX,CORP,CORP_STD,CANCELLED,2,0,INR,2026-05-11 12:24:30,2026-05-11 13:05:30
RES101248,BLR002,CNF101248,GUEST101248,2026-06-28,2026-07-02,DLX,BAR,BAR_STD,CANCELLED,1,0,INR,2026-05-11 11:38:41,2026-05-11 12:19:41
RES101249,DEL001,CNF101249,GUEST101249,2026-06-03,2026-06-04,STD,CORP,CORP_DLX,CANCELLED,4,0,INR,2026-05-11 19:58:19,2026-05-11 20:44:19
RES101250,CHA001,CNF101250,GUEST101250,2026-05-19,2026-05-21,DLX,MEMBER,MEM_STD,CANCELLED,1,0,INR,2026-05-11 08:59:30,2026-05-11 11:38:30
RES101251,KER001,CNF101251,GUEST101251,2026-05-17,2026-05-18,QUEEN,MEMBER,MEM_DLX,CANCELLED,4,0,INR,2026-05-11 15:11:56,2026-05-11 17:11:56
RES101252,DEL002,CNF101252,GUEST101252,2026-06-29,2026-07-01,STD,MEMBER,MEM_DLX,MODIFIED,1,18272,INR,2026-05-11 11:38:30,2026-05-11 13:56:30
RES101253,CHA001,CNF101253,GUEST101253,2026-05-29,2026-05-31,DLX,MEMBER,MEM_STD,MODIFIED,1,17570,INR,2026-05-11 11:08:21,2026-05-11 13:06:21
RES101254,MUM002,CNF101254,GUEST101254,2026-06-23,2026-06-24,QUEEN,PKG,PKG_DLX,MODIFIED,4,40700,INR,2026-05-11 10:12:12,2026-05-11 12:08:12
RES101255,HYD001,CNF101255,GUEST101255,2026-05-25,2026-05-28,DLX,MEMBER,MEM_DLX,MODIFIED,3,94239,INR,2026-05-11 23:37:00,2026-05-11 23:38:00
RES101256,CHN001,CNF101256,GUEST101256,2026-06-11,2026-06-16,KING,MEMBER,MEM_DLX,CANCELLED,4,0,INR,2026-05-11 20:40:11,2026-05-11 22:40:11
RES101257,MUM002,CNF101257,GUEST101257,2026-05-12,2026-05-17,STE,CORP,CORP_DLX,BOOKED,1,36765,INR,2026-05-11 09:16:20,2026-05-11 11:31:20
RES101258,DEL001,CNF101258,GUEST101258,2026-07-08,2026-07-09,KING,PKG,PKG_STD,BOOKED,3,21696,INR,2026-05-11 10:54:24,2026-05-11 11:45:24
RES101259,MUM002,CNF101259,GUEST101259,2026-05-14,2026-05-19,DLX,BAR,BAR_DLX,CANCELLED,1,0,INR,2026-05-11 03:32:34,2026-05-11 06:16:34
RES101260,HYD001,CNF101260,GUEST101260,2026-07-02,2026-07-04,STD,PREPAY,PPR_STD,BOOKED,4,56184,INR,2026-05-11 18:53:41,2026-05-11 19:44:41
RES101261,HYD001,CNF101261,GUEST101261,2026-05-30,2026-05-31,QUEEN,PREPAY,PPR_STD,CANCELLED,4,0,INR,2026-05-11 21:50:29,2026-05-11 22:40:29
RES101262,HYD001,CNF101262,GUEST101262,2026-05-23,2026-05-26,KING,PKG,PKG_DLX,BOOKED,1,22764,INR,2026-05-11 10:14:58,2026-05-11 10:46:58
RES101263,DEL001,CNF101263,GUEST101263,2026-07-05,2026-07-08,STD,BAR,BAR_DLX,BOOKED,2,69936,INR,2026-05-11 09:37:25,2026-05-11 09:53:25
RES101264,CHN001,CNF101264,GUEST101264,2026-05-16,2026-05-19,STD,PREPAY,PPR_DLX,BOOKED,4,130272,INR,2026-05-11 06:33:39,2026-05-11 08:15:39
RES101265,CHA001,CNF101265,GUEST101265,2026-07-02,2026-07-06,KING,PREPAY,PPR_STD,CANCELLED,3,0,INR,2026-05-11 01:20:51,2026-05-11 01:36:51
RES101266,BLR001,CNF101266,GUEST101266,2026-05-25,2026-05-28,QUEEN,BAR,BAR_DLX,BOOKED,2,68448,INR,2026-05-11 00:36:25,2026-05-11 02:24:25
RES101267,DEL002,CNF101267,GUEST101267,2026-05-18,2026-05-22,STD,PKG,PKG_DLX,CANCELLED,1,0,INR,2026-05-11 08:40:49,2026-05-11 09:54:49
RES101268,KER001,CNF101268,GUEST101268,2026-07-04,2026-07-08,QUEEN,PREPAY,PPR_STD,CANCELLED,2,0,INR,2026-05-11 10:52:30,2026-05-11 13:48:30
RES101269,MUM001,CNF101269,GUEST101269,2026-06-11,2026-06-12,STD,MEMBER,MEM_STD,CANCELLED,4,0,INR,2026-05-11 01:12:44,2026-05-11 01:39:44
RES101270,DEL002,CNF101270,GUEST101270,2026-06-03,2026-06-06,DLX,CORP,CORP_STD,BOOKED,1,42963,INR,2026-05-11 22:24:57,2026-05-11 23:14:57
RES101271,DEL001,CNF101271,GUEST101271,2026-06-14,2026-06-15,KING,BAR,BAR_STD,MODIFIED,4,46044,INR,2026-05-11 00:28:30,2026-05-11 00:54:30
RES101272,BLR001,CNF101272,GUEST101272,2026-07-07,2026-07-08,STE,BAR,BAR_STD,CANCELLED,2,0,INR,2026-05-11 09:55:40,2026-05-11 11:43:40
RES101273,MUM002,CNF101273,GUEST101273,2026-06-14,2026-06-19,STD,CORP,CORP_STD,BOOKED,4,118540,INR,2026-05-11 22:22:19,2026-05-11 22:49:19
RES101274,MUM001,CNF101274,GUEST101274,2026-06-04,2026-06-09,KING,CORP,CORP_DLX,MODIFIED,2,85540,INR,2026-05-11 22:37:57,2026-05-11 23:17:57
RES101275,DEL002,CNF101275,GUEST101275,2026-06-30,2026-07-05,STD,BAR,BAR_DLX,BOOKED,2,66450,INR,2026-05-11 19:08:52,2026-05-11 21:55:52
RES101276,DEL001,CNF101276,GUEST101276,2026-07-08,2026-07-09,QUEEN,MEMBER,MEM_STD,MODIFIED,2,9066,INR,2026-05-11 17:43:46,2026-05-11 19:55:46
RES101277,KOL001,CNF101277,GUEST101277,2026-05-30,2026-06-02,DLX,PREPAY,PPR_DLX,BOOKED,4,99684,INR,2026-05-11 05:15:02,2026-05-11 08:04:02
RES101278,DEL001,CNF101278,GUEST101278,2026-06-01,2026-06-02,QUEEN,BAR,BAR_DLX,BOOKED,2,26490,INR,2026-05-11 05:36:38,2026-05-11 05:52:38
RES101279,BLR002,CNF101279,GUEST101279,2026-07-06,2026-07-11,QUEEN,CORP,CORP_STD,CANCELLED,3,0,INR,2026-05-11 18:37:43,2026-05-11 20:12:43
RES101280,HYD001,CNF101280,GUEST101280,2026-05-15,2026-05-18,QUEEN,CORP,CORP_STD,BOOKED,3,91881,INR,2026-05-11 19:02:33,2026-05-11 21:15:33
RES101281,HYD001,CNF101281,GUEST101281,2026-06-18,2026-06-21,STD,CORP,CORP_STD,CANCELLED,1,0,INR,2026-05-11 00:07:24,2026-05-11 01:50:24
RES101282,BLR001,CNF101282,GUEST101282,2026-06-23,2026-06-28,DLX,PREPAY,PPR_DLX,CANCELLED,3,0,INR,2026-05-11 13:24:41,2026-05-11 15:02:41
RES101283,DEL001,CNF101283,GUEST101283,2026-05-26,2026-05-28,DLX,PKG,PKG_DLX,MODIFIED,2,42824,INR,2026-05-11 17:44:04,2026-05-11 18:48:04
RES101284,MUM002,CNF101284,GUEST101284,2026-07-07,2026-07-09,STD,CORP,CORP_DLX,CANCELLED,3,0,INR,2026-05-11 17:15:28,2026-05-11 18:29:28
RES101285,BLR001,CNF101285,GUEST101285,2026-05-21,2026-05-23,STD,BAR,BAR_STD,MODIFIED,1,10010,INR,2026-05-11 05:26:27,2026-05-11 06:32:27
RES101286,HYD001,CNF101286,GUEST101286,2026-06-08,2026-06-11,QUEEN,PREPAY,PPR_STD,CANCELLED,2,0,INR,2026-05-11 09:01:45,2026-05-11 11:39:45
RES101287,CHN001,CNF101287,GUEST101287,2026-05-12,2026-05-16,KING,PREPAY,PPR_DLX,CANCELLED,3,0,INR,2026-05-11 13:37:43,2026-05-11 16:04:43
RES101288,MUM002,CNF101288,GUEST101288,2026-05-13,2026-05-16,DLX,PREPAY,PPR_DLX,MODIFIED,2,61572,INR,2026-05-11 22:58:58,2026-05-12 00:32:58
RES101289,DEL002,CNF101289,GUEST101289,2026-05-26,2026-05-31,STE,MEMBER,MEM_STD,MODIFIED,1,39435,INR,2026-05-11 22:46:38,2026-05-11 23:15:38
RES101290,KER001,CNF101290,GUEST101290,2026-05-14,2026-05-16,STD,PREPAY,PPR_DLX,BOOKED,4,34624,INR,2026-05-11 12:07:35,2026-05-11 14:11:35
RES101291,DEL001,CNF101291,GUEST101291,2026-05-25,2026-05-27,QUEEN,MEMBER,MEM_STD,MODIFIED,1,21636,INR,2026-05-11 10:08:17,2026-05-11 12:22:17
RES101292,KER001,CNF101292,GUEST101292,2026-06-22,2026-06-27,KING,MEMBER,MEM_STD,CANCELLED,2,0,INR,2026-05-11 17:38:15,2026-05-11 18:25:15
RES101293,DEL001,CNF101293,GUEST101293,2026-07-01,2026-07-05,KING,PREPAY,PPR_STD,BOOKED,1,28268,INR,2026-05-11 18:31:08,2026-05-11 19:56:08
RES101294,BLR001,CNF101294,GUEST101294,2026-05-15,2026-05-20,KING,MEMBER,MEM_STD,BOOKED,2,99740,INR,2026-05-11 17:59:11,2026-05-11 19:24:11
RES101295,DEL001,CNF101295,GUEST101295,2026-06-06,2026-06-10,KING,PREPAY,PPR_DLX,BOOKED,3,70320,INR,2026-05-11 15:56:38,2026-05-11 16:09:38
RES101296,MUM002,CNF101296,GUEST101296,2026-06-16,2026-06-19,STE,PKG,PKG_DLX,BOOKED,2,34182,INR,2026-05-11 14:41:45,2026-05-11 16:32:45
RES101297,BLR002,CNF101297,GUEST101297,2026-05-12,2026-05-15,KING,PKG,PKG_DLX,MODIFIED,1,17031,INR,2026-05-11 00:33:38,2026-05-11 01:56:38
RES101298,DEL001,CNF101298,GUEST101298,2026-05-29,2026-06-03,DLX,MEMBER,MEM_DLX,BOOKED,1,26645,INR,2026-05-11 07:46:01,2026-05-11 09:10:01
RES101299,CHN001,CNF101299,GUEST101299,2026-05-25,2026-05-29,KING,PKG,PKG_STD,CANCELLED,1,0,INR,2026-05-11 09:11:30,2026-05-11 10:45:30
RES101300,DEL001,CNF101300,GUEST101300,2026-05-29,2026-06-03,KING,PKG,PKG_DLX,BOOKED,2,57890,INR,2026-05-11 16:38:31,2026-05-11 18:27:31
RES101301,KER001,CNF101301,GUEST101301,2026-06-15,2026-06-19,STE,PKG,PKG_STD,CANCELLED,3,0,INR,2026-05-11 03:26:00,2026-05-11 04:31:00
RES101302,CHA001,CNF101302,GUEST101302,2026-07-02,2026-07-07,KING,MEMBER,MEM_DLX,MODIFIED,4,190160,INR,2026-05-11 14:44:28,2026-05-11 14:47:28
RES101303,BLR001,CNF101303,GUEST101303,2026-05-16,2026-05-18,STD,BAR,BAR_STD,BOOKED,1,13752,INR,2026-05-11 19:43:03,2026-05-11 20:49:03
RES101304,BLR002,CNF101304,GUEST101304,2026-06-12,2026-06-13,KING,BAR,BAR_STD,CANCELLED,2,0,INR,2026-05-11 17:52:15,2026-05-11 20:07:15
RES101305,KER001,CNF101305,GUEST101305,2026-05-31,2026-06-01,DLX,BAR,BAR_STD,BOOKED,1,10156,INR,2026-05-11 20:03:45,2026-05-11 21:10:45
RES101306,BLR002,CNF101306,GUEST101306,2026-06-17,2026-06-18,DLX,PKG,PKG_STD,MODIFIED,4,33936,INR,2026-05-11 07:14:15,2026-05-11 08:50:15
RES101307,KER001,CNF101307,GUEST101307,2026-05-19,2026-05-23,KING,MEMBER,MEM_STD,MODIFIED,2,70704,INR,2026-05-11 02:35:43,2026-05-11 05:13:43
RES101308,BLR001,CNF101308,GUEST101308,2026-07-04,2026-07-07,DLX,BAR,BAR_STD,CANCELLED,4,0,INR,2026-05-11 15:56:37,2026-05-11 18:55:37
RES101309,MUM002,CNF101309,GUEST101309,2026-06-13,2026-06-16,STE,BAR,BAR_STD,BOOKED,1,40260,INR,2026-05-11 13:48:36,2026-05-11 15:01:36
RES101310,BLR001,CNF101310,GUEST101310,2026-06-03,2026-06-05,STD,PREPAY,PPR_DLX,MODIFIED,1,19594,INR,2026-05-11 05:56:31,2026-05-11 08:44:31
RES101311,DEL001,CNF101311,GUEST101311,2026-06-10,2026-06-14,STD,PREPAY,PPR_DLX,CANCELLED,1,0,INR,2026-05-11 18:38:48,2026-05-11 19:21:48
RES101312,DEL002,CNF101312,GUEST101312,2026-05-26,2026-05-28,KING,PREPAY,PPR_STD,CANCELLED,3,0,INR,2026-05-11 03:00:48,2026-05-11 05:22:48
RES101313,KOL001,CNF101313,GUEST101313,2026-07-04,2026-07-07,STE,MEMBER,MEM_DLX,CANCELLED,3,0,INR,2026-05-11 02:47:54,2026-05-11 04:57:54
RES101314,DEL001,CNF101314,GUEST101314,2026-05-27,2026-05-30,DLX,BAR,BAR_DLX,BOOKED,2,84504,INR,2026-05-11 16:02:42,2026-05-11 16:50:42
RES101315,MUM002,CNF101315,GUEST101315,2026-07-07,2026-07-10,DLX,PKG,PKG_DLX,CANCELLED,4,0,INR,2026-05-11 22:12:10,2026-05-11 22:14:10
RES101316,DEL001,CNF101316,GUEST101316,2026-05-24,2026-05-28,DLX,PREPAY,PPR_DLX,CANCELLED,3,0,INR,2026-05-11 22:54:42,2026-05-12 00:32:42
RES101317,MUM002,CNF101317,GUEST101317,2026-06-26,2026-06-28,STD,MEMBER,MEM_STD,BOOKED,4,51944,INR,2026-05-11 22:28:02,2026-05-11 23:52:02
RES101318,KER001,CNF101318,GUEST101318,2026-05-23,2026-05-26,KING,CORP,CORP_STD,CANCELLED,4,0,INR,2026-05-11 21:20:04,2026-05-11 22:45:04
RES101319,CHA001,CNF101319,GUEST101319,2026-06-02,2026-06-03,KING,PKG,PKG_STD,BOOKED,1,3984,INR,2026-05-11 23:38:53,2026-05-12 01:04:53
RES101320,BLR001,CNF101320,GUEST101320,2026-05-20,2026-05-22,STE,PKG,PKG_DLX,BOOKED,4,114072,INR,2026-05-11 05:44:32,2026-05-11 07:53:32
RES101321,MUM001,CNF101321,GUEST101321,2026-06-23,2026-06-26,KING,BAR,BAR_DLX,CANCELLED,3,0,INR,2026-05-11 04:57:47,2026-05-11 07:46:47
RES101322,MUM001,CNF101322,GUEST101322,2026-05-27,2026-05-30,QUEEN,PKG,PKG_STD,BOOKED,1,41448,INR,2026-05-11 20:39:17,2026-05-11 23:10:17
RES101323,HYD001,CNF101323,GUEST101323,2026-07-02,2026-07-05,QUEEN,PREPAY,PPR_STD,CANCELLED,3,0,INR,2026-05-11 12:58:46,2026-05-11 14:55:46
RES101324,DEL002,CNF101324,GUEST101324,2026-06-04,2026-06-08,KING,PKG,PKG_STD,MODIFIED,4,204640,INR,2026-05-11 12:58:15,2026-05-11 15:43:15
RES101325,DEL002,CNF101325,GUEST101325,2026-05-30,2026-06-02,QUEEN,PREPAY,PPR_STD,BOOKED,4,94056,INR,2026-05-11 07:06:05,2026-05-11 07:26:05
RES101326,MUM001,CNF101326,GUEST101326,2026-06-07,2026-06-12,STE,BAR,BAR_STD,BOOKED,1,60300,INR,2026-05-11 21:25:05,2026-05-11 22:24:05
RES101327,DEL002,CNF101327,GUEST101327,2026-06-05,2026-06-07,DLX,PREPAY,PPR_DLX,BOOKED,3,27510,INR,2026-05-11 18:38:19,2026-05-11 20:24:19
RES101328,KER001,CNF101328,GUEST101328,2026-06-25,2026-06-29,KING,CORP,CORP_STD,MODIFIED,4,101936,INR,2026-05-11 16:40:06,2026-05-11 19:32:06
RES101329,KER001,CNF101329,GUEST101329,2026-06-09,2026-06-12,KING,CORP,CORP_DLX,MODIFIED,3,73962,INR,2026-05-11 03:26:09,2026-05-11 05:33:09
RES101330,BLR001,CNF101330,GUEST101330,2026-06-29,2026-06-30,STE,MEMBER,MEM_STD,CANCELLED,2,0,INR,2026-05-11 21:04:06,2026-05-11 23:24:06
RES101331,BLR002,CNF101331,GUEST101331,2026-06-01,2026-06-03,QUEEN,PKG,PKG_DLX,BOOKED,4,33424,INR,2026-05-11 06:28:41,2026-05-11 08:11:41
RES101332,BLR002,CNF101332,GUEST101332,2026-06-19,2026-06-21,DLX,BAR,BAR_STD,BOOKED,1,19166,INR,2026-05-11 09:32:48,2026-05-11 10:50:48
RES101333,DEL002,CNF101333,GUEST101333,2026-05-23,2026-05-25,STE,PKG,PKG_DLX,MODIFIED,1,8248,INR,2026-05-11 21:40:47,2026-05-11 22:36:47
RES101334,KOL001,CNF101334,GUEST101334,2026-06-17,2026-06-18,STE,PREPAY,PPR_DLX,MODIFIED,4,54032,INR,2026-05-11 06:02:28,2026-05-11 07:02:28
RES101335,DEL002,CNF101335,GUEST101335,2026-07-07,2026-07-08,KING,BAR,BAR_DLX,CANCELLED,4,0,INR,2026-05-11 17:07:13,2026-05-11 19:33:13
RES101336,DEL001,CNF101336,GUEST101336,2026-06-13,2026-06-15,DLX,MEMBER,MEM_STD,CANCELLED,2,0,INR,2026-05-11 08:31:44,2026-05-11 08:39:44
RES101337,HYD001,CNF101337,GUEST101337,2026-06-08,2026-06-11,KING,BAR,BAR_STD,MODIFIED,2,81672,INR,2026-05-11 06:57:04,2026-05-11 08:44:04
RES101338,BLR001,CNF101338,GUEST101338,2026-06-05,2026-06-09,STE,PREPAY,PPR_DLX,CANCELLED,2,0,INR,2026-05-11 07:19:49,2026-05-11 08:29:49
RES101339,BLR001,CNF101339,GUEST101339,2026-05-25,2026-05-29,KING,BAR,BAR_DLX,MODIFIED,1,35052,INR,2026-05-11 14:18:50,2026-05-11 17:00:50
RES101340,CHN001,CNF101340,GUEST101340,2026-07-05,2026-07-07,DLX,PREPAY,PPR_DLX,CANCELLED,2,0,INR,2026-05-11 09:07:30,2026-05-11 11:03:30
RES101341,DEL001,CNF101341,GUEST101341,2026-06-21,2026-06-24,KING,PREPAY,PPR_STD,CANCELLED,2,0,INR,2026-05-11 23:28:22,2026-05-12 02:03:22
RES101342,DEL001,CNF101342,GUEST101342,2026-06-04,2026-06-08,STE,CORP,CORP_DLX,CANCELLED,3,0,INR,2026-05-11 01:42:52,2026-05-11 03:24:52
RES101343,BLR002,CNF101343,GUEST101343,2026-07-01,2026-07-03,KING,PKG,PKG_DLX,BOOKED,3,31230,INR,2026-05-11 04:27:40,2026-05-11 06:46:40
RES101344,KER001,CNF101344,GUEST101344,2026-07-01,2026-07-05,QUEEN,PREPAY,PPR_STD,BOOKED,2,32008,INR,2026-05-11 21:34:57,2026-05-12 00:23:57
RES101345,BLR002,CNF101345,GUEST101345,2026-06-17,2026-06-18,KING,MEMBER,MEM_DLX,BOOKED,2,22894,INR,2026-05-11 03:17:29,2026-05-11 05:25:29
RES101346,BLR001,CNF101346,GUEST101346,2026-07-07,2026-07-09,KING,MEMBER,MEM_DLX,CANCELLED,1,0,INR,2026-05-11 16:44:46,2026-05-11 19:29:46
RES101347,CHN001,CNF101347,GUEST101347,2026-06-12,2026-06-14,KING,PKG,PKG_STD,MODIFIED,2,34080,INR,2026-05-11 17:56:05,2026-05-11 19:59:05
RES101348,CHN001,CNF101348,GUEST101348,2026-06-11,2026-06-16,STE,BAR,BAR_DLX,BOOKED,4,290420,INR,2026-05-11 06:42:57,2026-05-11 09:31:57
RES101349,KER001,CNF101349,GUEST101349,2026-06-29,2026-07-04,DLX,MEMBER,MEM_STD,CANCELLED,3,0,INR,2026-05-11 20:27:54,2026-05-11 21:07:54
RES101350,CHN001,CNF101350,GUEST101350,2026-05-17,2026-05-18,KING,MEMBER,MEM_STD,MODIFIED,1,12500,INR,2026-05-11 22:06:33,2026-05-11 23:30:33
RES101351,CHA001,CNF101351,GUEST101351,2026-06-14,2026-06-18,QUEEN,MEMBER,MEM_STD,CANCELLED,1,0,INR,2026-05-11 22:13:41,2026-05-11 23:27:41
RES101352,HYD001,CNF101352,GUEST101352,2026-05-19,2026-05-24,QUEEN,MEMBER,MEM_STD,BOOKED,2,92910,INR,2026-05-11 04:13:12,2026-05-11 05:31:12
RES101353,BLR002,CNF101353,GUEST101353,2026-07-10,2026-07-13,QUEEN,MEMBER,MEM_DLX,MODIFIED,4,107376,INR,2026-05-11 14:13:51,2026-05-11 14:38:51
RES101354,MUM002,CNF101354,GUEST101354,2026-05-30,2026-06-03,KING,PREPAY,PPR_STD,CANCELLED,4,0,INR,2026-05-11 04:16:05,2026-05-11 04:37:05
RES101355,CHA001,CNF101355,GUEST101355,2026-07-10,2026-07-14,DLX,PREPAY,PPR_DLX,MODIFIED,4,136624,INR,2026-05-11 11:56:35,2026-05-11 14:43:35
RES101356,MUM002,CNF101356,GUEST101356,2026-07-06,2026-07-07,QUEEN,MEMBER,MEM_DLX,CANCELLED,3,0,INR,2026-05-11 09:02:40,2026-05-11 10:44:40
RES101357,MUM001,CNF101357,GUEST101357,2026-06-14,2026-06-18,DLX,CORP,CORP_DLX,BOOKED,1,31236,INR,2026-05-11 15:43:15,2026-05-11 17:51:15
RES101358,MUM002,CNF101358,GUEST101358,2026-05-16,2026-05-20,KING,BAR,BAR_DLX,MODIFIED,1,39508,INR,2026-05-11 04:45:27,2026-05-11 07:45:27
RES101359,BLR002,CNF101359,GUEST101359,2026-05-12,2026-05-13,QUEEN,BAR,BAR_STD,MODIFIED,1,7856,INR,2026-05-11 19:35:04,2026-05-11 20:47:04
RES101360,DEL001,CNF101360,GUEST101360,2026-06-24,2026-06-28,STD,PKG,PKG_STD,CANCELLED,2,0,INR,2026-05-11 03:45:01,2026-05-11 06:32:01
RES101361,HYD001,CNF101361,GUEST101361,2026-05-29,2026-06-03,KING,PREPAY,PPR_DLX,BOOKED,4,108880,INR,2026-05-11 11:23:16,2026-05-11 13:07:16
RES101362,HYD001,CNF101362,GUEST101362,2026-05-22,2026-05-24,QUEEN,PKG,PKG_DLX,BOOKED,2,56568,INR,2026-05-11 13:58:38,2026-05-11 16:51:38
RES101363,CHA001,CNF101363,GUEST101363,2026-05-29,2026-06-02,STD,MEMBER,MEM_DLX,MODIFIED,2,86592,INR,2026-05-11 03:53:32,2026-05-11 06:14:32
RES101364,DEL002,CNF101364,GUEST101364,2026-06-30,2026-07-01,QUEEN,MEMBER,MEM_STD,CANCELLED,4,0,INR,2026-05-11 06:10:58,2026-05-11 09:08:58
RES101365,DEL002,CNF101365,GUEST101365,2026-05-25,2026-05-27,QUEEN,MEMBER,MEM_DLX,MODIFIED,2,40488,INR,2026-05-11 05:39:34,2026-05-11 08:12:34
RES101366,CHA001,CNF101366,GUEST101366,2026-05-16,2026-05-18,STE,BAR,BAR_DLX,MODIFIED,4,34104,INR,2026-05-11 03:10:44,2026-05-11 05:32:44
RES101367,CHN001,CNF101367,GUEST101367,2026-06-08,2026-06-12,STD,PKG,PKG_STD,CANCELLED,1,0,INR,2026-05-11 14:27:52,2026-05-11 15:54:52
RES101368,DEL002,CNF101368,GUEST101368,2026-06-08,2026-06-12,QUEEN,PREPAY,PPR_STD,CANCELLED,2,0,INR,2026-05-11 03:23:36,2026-05-11 03:55:36
RES101369,KER001,CNF101369,GUEST101369,2026-06-24,2026-06-25,KING,PKG,PKG_DLX,MODIFIED,1,5884,INR,2026-05-11 12:30:57,2026-05-11 14:36:57
RES101370,KOL001,CNF101370,GUEST101370,2026-07-07,2026-07-08,DLX,MEMBER,MEM_STD,MODIFIED,3,32967,INR,2026-05-11 21:46:21,2026-05-11 22:27:21
RES101371,BLR001,CNF101371,GUEST101371,2026-06-02,2026-06-04,QUEEN,MEMBER,MEM_STD,MODIFIED,4,107192,INR,2026-05-11 20:44:44,2026-05-11 22:53:44
RES101372,KOL001,CNF101372,GUEST101372,2026-06-30,2026-07-05,DLX,MEMBER,MEM_DLX,BOOKED,4,186020,INR,2026-05-11 05:14:10,2026-05-11 05:15:10
RES101373,DEL001,CNF101373,GUEST101373,2026-07-08,2026-07-12,STD,PREPAY,PPR_STD,BOOKED,3,87660,INR,2026-05-11 22:19:58,2026-05-12 00:06:58
RES101374,BLR001,CNF101374,GUEST101374,2026-07-09,2026-07-13,STD,PREPAY,PPR_DLX,BOOKED,1,44772,INR,2026-05-11 11:24:23,2026-05-11 14:12:23
RES101375,MUM001,CNF101375,GUEST101375,2026-07-02,2026-07-05,DLX,BAR,BAR_STD,MODIFIED,4,157212,INR,2026-05-11 17:56:05,2026-05-11 19:51:05
RES101376,HYD001,CNF101376,GUEST101376,2026-06-14,2026-06-15,STD,CORP,CORP_DLX,BOOKED,1,7570,INR,2026-05-11 07:05:42,2026-05-11 07:17:42
RES101377,KER001,CNF101377,GUEST101377,2026-07-04,2026-07-09,DLX,PKG,PKG_STD,CANCELLED,1,0,INR,2026-05-11 02:59:34,2026-05-11 04:18:34
RES101378,BLR002,CNF101378,GUEST101378,2026-06-24,2026-06-27,KING,MEMBER,MEM_STD,MODIFIED,1,12627,INR,2026-05-11 04:03:20,2026-05-11 04:05:20
RES101379,CHA001,CNF101379,GUEST101379,2026-06-22,2026-06-24,QUEEN,MEMBER,MEM_DLX,BOOKED,3,52968,INR,2026-05-11 23:14:54,2026-05-12 01:58:54
RES101380,BLR001,CNF101380,GUEST101380,2026-06-05,2026-06-09,STD,BAR,BAR_STD,MODIFIED,1,54052,INR,2026-05-11 14:42:02,2026-05-11 15:32:02
RES101381,MUM002,CNF101381,GUEST101381,2026-06-10,2026-06-11,KING,BAR,BAR_DLX,MODIFIED,2,11034,INR,2026-05-11 19:37:59,2026-05-11 21:29:59
RES101382,KOL001,CNF101382,GUEST101382,2026-06-08,2026-06-11,KING,PKG,PKG_STD,BOOKED,4,172296,INR,2026-05-11 11:20:45,2026-05-11 13:46:45
RES101383,MUM002,CNF101383,GUEST101383,2026-06-21,2026-06-24,DLX,CORP,CORP_DLX,CANCELLED,4,0,INR,2026-05-11 15:46:00,2026-05-11 18:05:00
RES101384,CHA001,CNF101384,GUEST101384,2026-06-21,2026-06-24,STD,PKG,PKG_DLX,CANCELLED,3,0,INR,2026-05-11 10:00:51,2026-05-11 12:57:51
RES101385,DEL002,CNF101385,GUEST101385,2026-05-23,2026-05-24,KING,CORP,CORP_STD,MODIFIED,1,12676,INR,2026-05-11 07:18:18,2026-05-11 09:32:18
RES101386,KER001,CNF101386,GUEST101386,2026-07-05,2026-07-09,STD,PKG,PKG_DLX,BOOKED,2,32568,INR,2026-05-11 05:30:02,2026-05-11 07:11:02
RES101387,CHN001,CNF101387,GUEST101387,2026-07-05,2026-07-09,QUEEN,PKG,PKG_STD,BOOKED,4,75152,INR,2026-05-11 06:27:21,2026-05-11 07:14:21
RES101388,CHN001,CNF101388,GUEST101388,2026-05-24,2026-05-25,KING,CORP,CORP_DLX,MODIFIED,1,13009,INR,2026-05-11 16:28:41,2026-05-11 18:34:41
RES101389,HYD001,CNF101389,GUEST101389,2026-06-26,2026-07-01,DLX,BAR,BAR_STD,BOOKED,4,195480,INR,2026-05-11 06:34:03,2026-05-11 09:14:03
RES101390,BLR002,CNF101390,GUEST101390,2026-07-01,2026-07-02,KING,PREPAY,PPR_STD,MODIFIED,3,11376,INR,2026-05-11 09:04:24,2026-05-11 11:54:24
RES101391,MUM002,CNF101391,GUEST101391,2026-05-27,2026-06-01,DLX,CORP,CORP_DLX,MODIFIED,2,130880,INR,2026-05-11 07:27:54,2026-05-11 08:57:54
RES101392,DEL001,CNF101392,GUEST101392,2026-06-27,2026-06-30,DLX,MEMBER,MEM_STD,MODIFIED,2,21324,INR,2026-05-11 07:25:11,2026-05-11 08:00:11
RES101393,CHA001,CNF101393,GUEST101393,2026-06-28,2026-06-29,STD,BAR,BAR_STD,CANCELLED,2,0,INR,2026-05-11 06:18:01,2026-05-11 07:00:01
RES101394,DEL001,CNF101394,GUEST101394,2026-06-25,2026-06-26,STE,CORP,CORP_DLX,CANCELLED,3,0,INR,2026-05-11 00:04:29,2026-05-11 00:51:29
RES101395,MUM002,CNF101395,GUEST101395,2026-06-19,2026-06-20,STD,CORP,CORP_DLX,MODIFIED,4,22484,INR,2026-05-11 09:35:37,2026-05-11 10:01:37
RES101396,CHA001,CNF101396,GUEST101396,2026-06-06,2026-06-09,STE,PREPAY,PPR_STD,MODIFIED,3,45729,INR,2026-05-11 14:51:02,2026-05-11 17:40:02
RES101397,HYD001,CNF101397,GUEST101397,2026-06-18,2026-06-22,STD,PREPAY,PPR_DLX,BOOKED,4,67328,INR,2026-05-11 07:16:37,2026-05-11 07:24:37
RES101398,BLR001,CNF101398,GUEST101398,2026-06-08,2026-06-11,STD,BAR,BAR_DLX,MODIFIED,2,25728,INR,2026-05-11 16:34:53,2026-05-11 18:35:53
RES101399,KER001,CNF101399,GUEST101399,2026-06-05,2026-06-09,STE,PREPAY,PPR_DLX,CANCELLED,3,0,INR,2026-05-11 15:05:16,2026-05-11 15:25:16
RES101400,MUM001,CNF101400,GUEST101400,2026-06-14,2026-06-15,KING,BAR,BAR_DLX,BOOKED,2,25140,INR,2026-05-11 21:03:52,2026-05-11 23:52:52
RES101401,KOL001,CNF101401,GUEST101401,2026-06-25,2026-06-26,DLX,MEMBER,MEM_STD,CANCELLED,2,0,INR,2026-05-11 19:57:35,2026-05-11 21:38:35
RES101402,HYD001,CNF101402,GUEST101402,2026-05-18,2026-05-21,DLX,PKG,PKG_DLX,BOOKED,4,60540,INR,2026-05-11 14:30:46,2026-05-11 16:03:46
RES101403,HYD001,CNF101403,GUEST101403,2026-07-09,2026-07-13,STD,PREPAY,PPR_DLX,MODIFIED,1,16916,INR,2026-05-11 12:19:39,2026-05-11 15:18:39
RES101404,BLR001,CNF101404,GUEST101404,2026-05-18,2026-05-21,KING,MEMBER,MEM_STD,MODIFIED,3,78705,INR,2026-05-11 22:56:34,2026-05-11 23:52:34
RES101405,KER001,CNF101405,GUEST101405,2026-07-08,2026-07-10,KING,BAR,BAR_STD,BOOKED,3,83526,INR,2026-05-11 10:56:22,2026-05-11 13:14:22
RES101406,KOL001,CNF101406,GUEST101406,2026-05-16,2026-05-20,STD,BAR,BAR_DLX,BOOKED,1,41524,INR,2026-05-11 18:58:16,2026-05-11 19:44:16
RES101407,BLR002,CNF101407,GUEST101407,2026-05-24,2026-05-29,STE,BAR,BAR_DLX,MODIFIED,2,146700,INR,2026-05-11 14:02:10,2026-05-11 15:40:10
RES101408,BLR002,CNF101408,GUEST101408,2026-06-26,2026-07-01,STE,MEMBER,MEM_STD,CANCELLED,4,0,INR,2026-05-11 23:03:14,2026-05-12 01:42:14
RES101409,DEL002,CNF101409,GUEST101409,2026-07-10,2026-07-13,DLX,CORP,CORP_STD,BOOKED,2,53070,INR,2026-05-11 14:45:57,2026-05-11 17:22:57
RES101410,KER001,CNF101410,GUEST101410,2026-07-07,2026-07-11,STE,PKG,PKG_STD,CANCELLED,4,0,INR,2026-05-11 02:17:10,2026-05-11 03:44:10
RES101411,DEL002,CNF101411,GUEST101411,2026-06-23,2026-06-28,DLX,PREPAY,PPR_STD,BOOKED,2,124000,INR,2026-05-11 05:08:00,2026-05-11 06:35:00
RES101412,MUM001,CNF101412,GUEST101412,2026-07-08,2026-07-12,KING,MEMBER,MEM_STD,BOOKED,1,43008,INR,2026-05-11 21:00:12,2026-05-11 23:17:12
RES101413,KOL001,CNF101413,GUEST101413,2026-05-29,2026-06-01,STD,PKG,PKG_DLX,CANCELLED,3,0,INR,2026-05-11 20:21:43,2026-05-11 22:39:43
RES101414,CHA001,CNF101414,GUEST101414,2026-06-22,2026-06-27,STE,CORP,CORP_DLX,CANCELLED,4,0,INR,2026-05-11 10:26:20,2026-05-11 11:50:20
RES101415,HYD001,CNF101415,GUEST101415,2026-06-15,2026-06-19,KING,BAR,BAR_STD,BOOKED,2,103832,INR,2026-05-11 16:27:57,2026-05-11 17:15:57
RES101416,CHA001,CNF101416,GUEST101416,2026-05-22,2026-05-23,QUEEN,BAR,BAR_STD,MODIFIED,3,33387,INR,2026-05-11 00:14:03,2026-05-11 00:28:03
RES101417,KOL001,CNF101417,GUEST101417,2026-07-08,2026-07-11,KING,PKG,PKG_DLX,CANCELLED,2,0,INR,2026-05-11 14:44:28,2026-05-11 15:02:28
RES101418,CHA001,CNF101418,GUEST101418,2026-05-26,2026-05-27,DLX,PREPAY,PPR_DLX,BOOKED,1,9202,INR,2026-05-11 04:02:44,2026-05-11 06:38:44
RES101419,CHA001,CNF101419,GUEST101419,2026-05-13,2026-05-18,STD,PKG,PKG_STD,BOOKED,3,178350,INR,2026-05-11 00:20:24,2026-05-11 02:20:24
RES101420,KER001,CNF101420,GUEST101420,2026-05-26,2026-05-30,KING,CORP,CORP_DLX,CANCELLED,3,0,INR,2026-05-11 02:17:25,2026-05-11 04:17:25
RES101421,MUM002,CNF101421,GUEST101421,2026-07-10,2026-07-11,KING,CORP,CORP_STD,BOOKED,2,7294,INR,2026-05-11 02:43:23,2026-05-11 04:02:23
RES101422,DEL002,CNF101422,GUEST101422,2026-06-12,2026-06-17,DLX,PREPAY,PPR_DLX,BOOKED,3,212625,INR,2026-05-11 10:11:00,2026-05-11 11:35:00
RES101423,MUM002,CNF101423,GUEST101423,2026-05-19,2026-05-23,KING,MEMBER,MEM_STD,CANCELLED,3,0,INR,2026-05-11 19:20:47,2026-05-11 21:50:47
RES101424,DEL002,CNF101424,GUEST101424,2026-06-09,2026-06-13,STD,PREPAY,PPR_DLX,CANCELLED,3,0,INR,2026-05-11 00:59:45,2026-05-11 01:56:45
RES101425,MUM002,CNF101425,GUEST101425,2026-06-28,2026-07-01,QUEEN,PREPAY,PPR_DLX,CANCELLED,4,0,INR,2026-05-11 17:33:59,2026-05-11 20:28:59
RES101426,CHA001,CNF101426,GUEST101426,2026-06-02,2026-06-07,QUEEN,MEMBER,MEM_STD,CANCELLED,4,0,INR,2026-05-11 11:35:00,2026-05-11 13:42:00
RES101427,KER001,CNF101427,GUEST101427,2026-06-07,2026-06-10,STE,PREPAY,PPR_DLX,BOOKED,4,156072,INR,2026-05-11 15:10:19,2026-05-11 16:17:19
RES101428,BLR001,CNF101428,GUEST101428,2026-06-20,2026-06-22,QUEEN,BAR,BAR_DLX,MODIFIED,3,47838,INR,2026-05-11 16:23:24,2026-05-11 16:35:24
RES101429,MUM002,CNF101429,GUEST101429,2026-05-20,2026-05-23,KING,PKG,PKG_DLX,BOOKED,2,70872,INR,2026-05-11 21:12:29,2026-05-11 22:15:29
RES101430,KER001,CNF101430,GUEST101430,2026-06-06,2026-06-08,QUEEN,CORP,CORP_DLX,BOOKED,2,21496,INR,2026-05-11 05:35:12,2026-05-11 05:49:12
RES101431,BLR001,CNF101431,GUEST101431,2026-06-14,2026-06-17,DLX,BAR,BAR_DLX,CANCELLED,1,0,INR,2026-05-11 04:49:37,2026-05-11 04:59:37
RES101432,CHA001,CNF101432,GUEST101432,2026-05-14,2026-05-18,DLX,PREPAY,PPR_DLX,CANCELLED,2,0,INR,2026-05-11 19:34:38,2026-05-11 21:33:38
RES101433,BLR002,CNF101433,GUEST101433,2026-05-20,2026-05-25,KING,BAR,BAR_STD,BOOKED,2,54850,INR,2026-05-11 05:56:03,2026-05-11 06:40:03
RES101434,BLR001,CNF101434,GUEST101434,2026-07-05,2026-07-08,DLX,BAR,BAR_DLX,BOOKED,4,167364,INR,2026-05-11 05:09:02,2026-05-11 06:32:02
RES101435,KER001,CNF101435,GUEST101435,2026-06-13,2026-06-14,KING,PKG,PKG_DLX,BOOKED,4,24708,INR,2026-05-11 15:23:33,2026-05-11 16:15:33
RES101436,MUM002,CNF101436,GUEST101436,2026-07-08,2026-07-13,STD,PREPAY,PPR_STD,MODIFIED,2,68500,INR,2026-05-11 14:00:30,2026-05-11 15:44:30
RES101437,KER001,CNF101437,GUEST101437,2026-05-27,2026-05-28,DLX,CORP,CORP_STD,MODIFIED,1,5797,INR,2026-05-11 09:13:32,2026-05-11 09:31:32
RES101438,BLR001,CNF101438,GUEST101438,2026-06-15,2026-06-17,QUEEN,PKG,PKG_DLX,CANCELLED,1,0,INR,2026-05-11 13:13:34,2026-05-11 14:48:34
RES101439,BLR001,CNF101439,GUEST101439,2026-06-19,2026-06-24,QUEEN,BAR,BAR_STD,BOOKED,1,21410,INR,2026-05-11 19:57:14,2026-05-11 22:43:14
RES101440,HYD001,CNF101440,GUEST101440,2026-06-01,2026-06-03,STE,CORP,CORP_STD,BOOKED,4,74304,INR,2026-05-11 01:44:41,2026-05-11 02:48:41
RES101441,KOL001,CNF101441,GUEST101441,2026-06-11,2026-06-16,STD,BAR,BAR_DLX,MODIFIED,1,58680,INR,2026-05-11 05:39:09,2026-05-11 08:31:09
RES101442,DEL001,CNF101442,GUEST101442,2026-05-20,2026-05-23,QUEEN,CORP,CORP_STD,MODIFIED,2,26610,INR,2026-05-11 15:51:47,2026-05-11 16:56:47
RES101443,DEL002,CNF101443,GUEST101443,2026-06-04,2026-06-08,QUEEN,PREPAY,PPR_STD,MODIFIED,2,98512,INR,2026-05-11 23:39:25,2026-05-12 01:06:25
RES101444,CHN001,CNF101444,GUEST101444,2026-05-22,2026-05-27,QUEEN,CORP,CORP_DLX,MODIFIED,4,260180,INR,2026-05-11 13:20:07,2026-05-11 14:00:07
RES101445,HYD001,CNF101445,GUEST101445,2026-06-11,2026-06-15,QUEEN,BAR,BAR_DLX,BOOKED,3,126912,INR,2026-05-11 18:13:04,2026-05-11 19:24:04
RES101446,HYD001,CNF101446,GUEST101446,2026-06-08,2026-06-12,DLX,MEMBER,MEM_DLX,BOOKED,4,124240,INR,2026-05-11 08:03:58,2026-05-11 10:54:58
RES101447,DEL002,CNF101447,GUEST101447,2026-06-21,2026-06-23,STD,PREPAY,PPR_DLX,BOOKED,1,22644,INR,2026-05-11 21:50:56,2026-05-11 23:04:56
RES101448,KOL001,CNF101448,GUEST101448,2026-05-14,2026-05-17,STE,CORP,CORP_DLX,BOOKED,1,34449,INR,2026-05-11 06:59:08,2026-05-11 09:37:08
RES101449,KER001,CNF101449,GUEST101449,2026-06-08,2026-06-11,STD,PREPAY,PPR_STD,MODIFIED,1,16869,INR,2026-05-11 21:10:29,2026-05-11 22:56:29
RES101450,BLR002,CNF101450,GUEST101450,2026-06-15,2026-06-17,QUEEN,CORP,CORP_DLX,BOOKED,1,30000,INR,2026-05-11 10:02:28,2026-05-11 10:33:28
RES101451,MUM002,CNF101451,GUEST101451,2026-05-12,2026-05-14,STD,BAR,BAR_DLX,BOOKED,4,38808,INR,2026-05-11 12:05:22,2026-05-11 14:28:22
RES101452,BLR002,CNF101452,GUEST101452,2026-06-19,2026-06-22,KING,CORP,CORP_STD,MODIFIED,3,109746,INR,2026-05-11 15:07:51,2026-05-11 16:28:51
RES101453,BLR002,CNF101453,GUEST101453,2026-06-06,2026-06-11,KING,CORP,CORP_DLX,CANCELLED,1,0,INR,2026-05-11 18:28:41,2026-05-11 20:13:41
RES101454,KER001,CNF101454,GUEST101454,2026-06-29,2026-06-30,KING,PKG,PKG_STD,BOOKED,2,25902,INR,2026-05-11 04:48:11,2026-05-11 05:00:11
RES101455,HYD001,CNF101455,GUEST101455,2026-05-25,2026-05-30,QUEEN,PKG,PKG_DLX,MODIFIED,3,74430,INR,2026-05-11 23:27:37,2026-05-12 01:59:37
RES101456,BLR002,CNF101456,GUEST101456,2026-06-16,2026-06-21,KING,MEMBER,MEM_STD,BOOKED,2,128060,INR,2026-05-11 11:44:15,2026-05-11 14:03:15
RES101457,BLR002,CNF101457,GUEST101457,2026-06-25,2026-06-26,STE,MEMBER,MEM_STD,MODIFIED,3,43185,INR,2026-05-11 00:47:23,2026-05-11 02:47:23
RES101458,KOL001,CNF101458,GUEST101458,2026-07-09,2026-07-13,KING,PREPAY,PPR_STD,BOOKED,4,143872,INR,2026-05-11 16:07:54,2026-05-11 16:39:54
RES101459,KOL001,CNF101459,GUEST101459,2026-05-13,2026-05-14,STD,BAR,BAR_STD,BOOKED,4,47388,INR,2026-05-11 01:00:37,2026-05-11 01:20:37
RES101460,KOL001,CNF101460,GUEST101460,2026-06-12,2026-06-15,KING,PREPAY,PPR_STD,BOOKED,4,155904,INR,2026-05-11 19:01:26,2026-05-11 19:02:26
RES101461,DEL002,CNF101461,GUEST101461,2026-06-10,2026-06-12,QUEEN,BAR,BAR_STD,BOOKED,1,10698,INR,2026-05-11 11:38:27,2026-05-11 13:58:27
RES101462,CHN001,CNF101462,GUEST101462,2026-06-01,2026-06-03,DLX,PKG,PKG_DLX,MODIFIED,3,51600,INR,2026-05-11 00:09:54,2026-05-11 00:33:54
RES101463,BLR001,CNF101463,GUEST101463,2026-07-02,2026-07-04,DLX,BAR,BAR_DLX,CANCELLED,4,0,INR,2026-05-11 08:05:41,2026-05-11 08:18:41
RES101464,DEL002,CNF101464,GUEST101464,2026-06-01,2026-06-06,DLX,CORP,CORP_DLX,BOOKED,1,36550,INR,2026-05-11 23:53:21,2026-05-12 01:50:21
RES101465,MUM002,CNF101465,GUEST101465,2026-06-12,2026-06-15,KING,PKG,PKG_STD,CANCELLED,4,0,INR,2026-05-11 13:06:48,2026-05-11 13:38:48
RES101466,KER001,CNF101466,GUEST101466,2026-07-07,2026-07-11,DLX,BAR,BAR_STD,CANCELLED,3,0,INR,2026-05-11 14:40:18,2026-05-11 16:16:18
RES101467,KOL001,CNF101467,GUEST101467,2026-06-07,2026-06-08,QUEEN,CORP,CORP_DLX,BOOKED,2,21476,INR,2026-05-11 17:30:26,2026-05-11 19:33:26
RES101468,MUM001,CNF101468,GUEST101468,2026-07-09,2026-07-12,STD,BAR,BAR_STD,CANCELLED,3,0,INR,2026-05-11 13:59:12,2026-05-11 16:15:12
RES101469,BLR001,CNF101469,GUEST101469,2026-06-02,2026-06-03,QUEEN,PREPAY,PPR_STD,BOOKED,1,4347,INR,2026-05-11 22:12:30,2026-05-12 00:26:30
RES101470,DEL002,CNF101470,GUEST101470,2026-06-14,2026-06-18,QUEEN,MEMBER,MEM_STD,MODIFIED,3,93012,INR,2026-05-11 04:27:18,2026-05-11 07:24:18
RES101471,BLR002,CNF101471,GUEST101471,2026-05-12,2026-05-15,KING,PKG,PKG_STD,BOOKED,4,160056,INR,2026-05-11 13:01:29,2026-05-11 15:11:29
RES101472,KER001,CNF101472,GUEST101472,2026-06-08,2026-06-13,STE,BAR,BAR_STD,MODIFIED,2,144320,INR,2026-05-11 21:09:36,2026-05-11 23:29:36
RES101473,KOL001,CNF101473,GUEST101473,2026-07-07,2026-07-12,DLX,BAR,BAR_STD,CANCELLED,3,0,INR,2026-05-11 22:56:39,2026-05-11 23:44:39
RES101474,CHA001,CNF101474,GUEST101474,2026-06-27,2026-07-01,STE,CORP,CORP_STD,BOOKED,1,41736,INR,2026-05-11 01:41:29,2026-05-11 02:51:29
RES101475,CHN001,CNF101475,GUEST101475,2026-06-06,2026-06-11,STD,BAR,BAR_STD,CANCELLED,3,0,INR,2026-05-11 04:45:10,2026-05-11 06:31:10
RES101476,CHA001,CNF101476,GUEST101476,2026-05-13,2026-05-14,QUEEN,PREPAY,PPR_STD,BOOKED,3,39363,INR,2026-05-11 20:04:16,2026-05-11 21:59:16
RES101477,DEL001,CNF101477,GUEST101477,2026-06-13,2026-06-16,DLX,BAR,BAR_STD,CANCELLED,3,0,INR,2026-05-11 09:07:24,2026-05-11 10:49:24
RES101478,BLR001,CNF101478,GUEST101478,2026-07-09,2026-07-11,DLX,PKG,PKG_STD,BOOKED,2,48864,INR,2026-05-11 08:14:22,2026-05-11 09:07:22
RES101479,CHA001,CNF101479,GUEST101479,2026-05-12,2026-05-14,STD,PREPAY,PPR_DLX,BOOKED,3,30570,INR,2026-05-11 01:24:23,2026-05-11 03:33:23
RES101480,KOL001,CNF101480,GUEST101480,2026-06-18,2026-06-19,STE,CORP,CORP_STD,MODIFIED,3,14283,INR,2026-05-11 01:03:01,2026-05-11 01:37:01
RES101481,CHA001,CNF101481,GUEST101481,2026-06-27,2026-07-02,KING,MEMBER,MEM_DLX,CANCELLED,3,0,INR,2026-05-11 19:22:47,2026-05-11 20:44:47
RES101482,MUM001,CNF101482,GUEST101482,2026-05-21,2026-05-23,DLX,MEMBER,MEM_DLX,MODIFIED,4,42576,INR,2026-05-11 04:50:55,2026-05-11 06:25:55
RES101483,BLR001,CNF101483,GUEST101483,2026-06-03,2026-06-05,STD,MEMBER,MEM_DLX,CANCELLED,3,0,INR,2026-05-11 09:49:06,2026-05-11 11:15:06
RES101484,DEL001,CNF101484,GUEST101484,2026-06-17,2026-06-20,QUEEN,PREPAY,PPR_DLX,MODIFIED,4,113136,INR,2026-05-11 20:12:17,2026-05-11 21:42:17
RES101485,KER001,CNF101485,GUEST101485,2026-06-13,2026-06-16,STE,BAR,BAR_DLX,BOOKED,3,86463,INR,2026-05-11 20:00:03,2026-05-11 22:28:03
RES101486,CHA001,CNF101486,GUEST101486,2026-05-31,2026-06-01,QUEEN,PREPAY,PPR_DLX,CANCELLED,2,0,INR,2026-05-11 11:05:12,2026-05-11 11:20:12
RES101487,CHN001,CNF101487,GUEST101487,2026-06-11,2026-06-16,STD,BAR,BAR_DLX,BOOKED,2,123710,INR,2026-05-11 01:49:19,2026-05-11 03:46:19
RES101488,DEL001,CNF101488,GUEST101488,2026-05-18,2026-05-21,STD,MEMBER,MEM_STD,BOOKED,2,26532,INR,2026-05-11 08:45:11,2026-05-11 11:16:11
RES101489,HYD001,CNF101489,GUEST101489,2026-05-21,2026-05-24,STD,MEMBER,MEM_STD,MODIFIED,3,73683,INR,2026-05-11 16:09:24,2026-05-11 17:51:24
RES101490,CHA001,CNF101490,GUEST101490,2026-06-16,2026-06-19,KING,MEMBER,MEM_STD,MODIFIED,1,31128,INR,2026-05-11 10:35:37,2026-05-11 12:27:37
RES101491,HYD001,CNF101491,GUEST101491,2026-06-17,2026-06-19,STE,BAR,BAR_DLX,CANCELLED,2,0,INR,2026-05-11 12:28:02,2026-05-11 12:45:02
RES101492,MUM001,CNF101492,GUEST101492,2026-06-05,2026-06-07,STD,MEMBER,MEM_STD,CANCELLED,1,0,INR,2026-05-11 11:38:44,2026-05-11 12:51:44
RES101493,HYD001,CNF101493,GUEST101493,2026-07-07,2026-07-08,QUEEN,MEMBER,MEM_STD,CANCELLED,2,0,INR,2026-05-11 14:39:43,2026-05-11 17:34:43
RES101494,MUM001,CNF101494,GUEST101494,2026-06-20,2026-06-22,STD,MEMBER,MEM_STD,MODIFIED,1,13378,INR,2026-05-11 15:46:31,2026-05-11 17:44:31
RES101495,DEL001,CNF101495,GUEST101495,2026-06-12,2026-06-13,KING,MEMBER,MEM_DLX,MODIFIED,2,26616,INR,2026-05-11 06:38:40,2026-05-11 09:17:40
RES101496,MUM001,CNF101496,GUEST101496,2026-06-16,2026-06-19,DLX,PREPAY,PPR_DLX,BOOKED,3,133362,INR,2026-05-11 00:39:29,2026-05-11 01:40:29
RES101497,DEL001,CNF101497,GUEST101497,2026-06-11,2026-06-15,STE,PKG,PKG_STD,CANCELLED,1,0,INR,2026-05-11 04:57:05,2026-05-11 05:17:05
RES101498,KOL001,CNF101498,GUEST101498,2026-07-10,2026-07-12,DLX,BAR,BAR_STD,CANCELLED,2,0,INR,2026-05-11 04:29:50,2026-05-11 05:01:50
RES101499,KER001,CNF101499,GUEST101499,2026-06-06,2026-06-07,STD,BAR,BAR_STD,BOOKED,2,9632,INR,2026-05-11 22:58:03,2026-05-12 01:53:03
RES101500,CHA001,CNF101500,GUEST101500,2026-05-22,2026-05-23,QUEEN,CORP,CORP_DLX,BOOKED,1,6786,INR,2026-05-11 19:17:12,2026-05-11 19:20:12
RES101501,MUM001,CNF101501,GUEST101501,2026-07-03,2026-07-05,STD,PREPAY,PPR_STD,BOOKED,2,25668,INR,2026-05-11 08:13:12,2026-05-11 08:39:12
RES101502,KOL001,CNF101502,GUEST101502,2026-05-16,2026-05-20,STD,BAR,BAR_STD,MODIFIED,2,64648,INR,2026-05-11 19:23:03,2026-05-11 21:02:03
RES101503,CHA001,CNF101503,GUEST101503,2026-05-16,2026-05-21,KING,PREPAY,PPR_STD,MODIFIED,4,299060,INR,2026-05-11 01:53:06,2026-05-11 02:48:06
RES101504,KER001,CNF101504,GUEST101504,2026-06-10,2026-06-11,STE,PKG,PKG_STD,CANCELLED,1,0,INR,2026-05-11 02:18:20,2026-05-11 04:38:20
RES101505,KOL001,CNF101505,GUEST101505,2026-06-14,2026-06-15,QUEEN,PKG,PKG_DLX,BOOKED,4,31744,INR,2026-05-11 04:53:41,2026-05-11 07:49:41
RES101506,CHA001,CNF101506,GUEST101506,2026-06-26,2026-07-01,STE,MEMBER,MEM_STD,BOOKED,1,55575,INR,2026-05-11 01:07:36,2026-05-11 03:24:36
RES101507,MUM001,CNF101507,GUEST101507,2026-06-27,2026-07-01,STE,PKG,PKG_DLX,CANCELLED,3,0,INR,2026-05-11 03:34:33,2026-05-11 04:26:33
RES101508,CHA001,CNF101508,GUEST101508,2026-06-03,2026-06-08,QUEEN,CORP,CORP_STD,CANCELLED,3,0,INR,2026-05-11 00:04:59,2026-05-11 00:31:59
RES101509,MUM002,CNF101509,GUEST101509,2026-07-08,2026-07-12,QUEEN,CORP,CORP_STD,CANCELLED,3,0,INR,2026-05-11 08:40:27,2026-05-11 11:04:27
RES101510,KOL001,CNF101510,GUEST101510,2026-06-23,2026-06-28,DLX,CORP,CORP_DLX,CANCELLED,3,0,INR,2026-05-11 02:57:49,2026-05-11 03:26:49
RES101511,MUM001,CNF101511,GUEST101511,2026-06-14,2026-06-19,DLX,PREPAY,PPR_STD,MODIFIED,1,64770,INR,2026-05-11 02:58:24,2026-05-11 04:39:24
RES101512,MUM001,CNF101512,GUEST101512,2026-06-27,2026-07-02,KING,BAR,BAR_STD,MODIFIED,3,83550,INR,2026-05-11 11:01:46,2026-05-11 13:31:46
RES101513,MUM002,CNF101513,GUEST101513,2026-06-27,2026-07-01,STE,MEMBER,MEM_STD,MODIFIED,4,233168,INR,2026-05-11 05:17:13,2026-05-11 06:30:13
RES101514,DEL002,CNF101514,GUEST101514,2026-06-20,2026-06-24,KING,PKG,PKG_DLX,MODIFIED,2,78216,INR,2026-05-11 05:41:03,2026-05-11 06:41:03
RES101515,KOL001,CNF101515,GUEST101515,2026-05-27,2026-05-31,QUEEN,PKG,PKG_STD,BOOKED,4,172784,INR,2026-05-11 10:42:21,2026-05-11 11:55:21
RES101516,BLR002,CNF101516,GUEST101516,2026-06-12,2026-06-13,DLX,PKG,PKG_STD,CANCELLED,1,0,INR,2026-05-11 20:10:46,2026-05-11 20:16:46
RES101517,CHN001,CNF101517,GUEST101517,2026-05-14,2026-05-15,STD,MEMBER,MEM_DLX,CANCELLED,1,0,INR,2026-05-11 17:08:14,2026-05-11 17:14:14
RES101518,DEL001,CNF101518,GUEST101518,2026-05-27,2026-05-29,QUEEN,CORP,CORP_DLX,MODIFIED,2,47248,INR,2026-05-11 13:27:42,2026-05-11 15:53:42
RES101519,BLR001,CNF101519,GUEST101519,2026-05-18,2026-05-22,STE,BAR,BAR_STD,MODIFIED,1,23148,INR,2026-05-11 05:32:33,2026-05-11 05:36:33
RES101520,DEL001,CNF101520,GUEST101520,2026-06-04,2026-06-08,STD,MEMBER,MEM_STD,MODIFIED,2,102712,INR,2026-05-11 14:15:02,2026-05-11 16:18:02
RES101521,KOL001,CNF101521,GUEST101521,2026-06-07,2026-06-08,STD,BAR,BAR_DLX,CANCELLED,3,0,INR,2026-05-11 13:01:57,2026-05-11 14:26:57
RES101522,BLR001,CNF101522,GUEST101522,2026-06-01,2026-06-02,QUEEN,PREPAY,PPR_STD,CANCELLED,2,0,INR,2026-05-11 06:57:43,2026-05-11 07:07:43
RES101523,BLR001,CNF101523,GUEST101523,2026-05-12,2026-05-13,KING,CORP,CORP_DLX,BOOKED,1,7179,INR,2026-05-11 13:25:45,2026-05-11 15:15:45
RES101524,DEL001,CNF101524,GUEST101524,2026-06-13,2026-06-14,DLX,MEMBER,MEM_DLX,CANCELLED,4,0,INR,2026-05-11 05:57:45,2026-05-11 06:26:45
RES101525,MUM002,CNF101525,GUEST101525,2026-06-02,2026-06-06,STE,MEMBER,MEM_STD,BOOKED,3,141084,INR,2026-05-11 17:01:24,2026-05-11 17:52:24
RES101526,MUM001,CNF101526,GUEST101526,2026-06-08,2026-06-12,STD,CORP,CORP_STD,BOOKED,4,188624,INR,2026-05-11 09:13:42,2026-05-11 11:24:42
RES101527,KER001,CNF101527,GUEST101527,2026-06-05,2026-06-08,QUEEN,PREPAY,PPR_DLX,MODIFIED,1,24222,INR,2026-05-11 19:39:41,2026-05-11 19:47:41
RES101528,KOL001,CNF101528,GUEST101528,2026-06-03,2026-06-07,STE,CORP,CORP_DLX,MODIFIED,1,33624,INR,2026-05-11 17:17:10,2026-05-11 19:51:10
RES101529,DEL002,CNF101529,GUEST101529,2026-07-01,2026-07-03,QUEEN,PREPAY,PPR_STD,MODIFIED,2,38756,INR,2026-05-11 00:46:21,2026-05-11 01:08:21
RES101530,DEL002,CNF101530,GUEST101530,2026-05-22,2026-05-26,KING,BAR,BAR_STD,CANCELLED,2,0,INR,2026-05-11 12:48:16,2026-05-11 13:27:16
RES101531,MUM002,CNF101531,GUEST101531,2026-06-17,2026-06-21,STE,MEMBER,MEM_STD,MODIFIED,4,165632,INR,2026-05-11 07:11:33,2026-05-11 08:57:33
RES101532,DEL002,CNF101532,GUEST101532,2026-05-19,2026-05-20,STD,PKG,PKG_DLX,BOOKED,4,54544,INR,2026-05-11 05:47:24,2026-05-11 06:26:24
RES101533,KOL001,CNF101533,GUEST101533,2026-07-06,2026-07-09,KING,PREPAY,PPR_STD,CANCELLED,4,0,INR,2026-05-11 17:42:37,2026-05-11 18:39:37
RES101534,MUM001,CNF101534,GUEST101534,2026-06-14,2026-06-17,STE,PKG,PKG_DLX,BOOKED,2,57372,INR,2026-05-11 15:26:38,2026-05-11 18:06:38
RES101535,BLR002,CNF101535,GUEST101535,2026-06-16,2026-06-18,QUEEN,MEMBER,MEM_DLX,CANCELLED,4,0,INR,2026-05-11 04:05:25,2026-05-11 05:28:25
RES101536,DEL002,CNF101536,GUEST101536,2026-05-20,2026-05-22,STE,PKG,PKG_STD,CANCELLED,3,0,INR,2026-05-11 21:41:50,2026-05-11 22:58:50
RES101537,HYD001,CNF101537,GUEST101537,2026-07-05,2026-07-09,STD,PREPAY,PPR_STD,MODIFIED,3,106032,INR,2026-05-11 00:18:09,2026-05-11 02:17:09
RES101538,KOL001,CNF101538,GUEST101538,2026-05-12,2026-05-15,STD,BAR,BAR_DLX,MODIFIED,4,151764,INR,2026-05-11 07:14:44,2026-05-11 08:07:44
RES101539,MUM002,CNF101539,GUEST101539,2026-05-31,2026-06-03,STE,PKG,PKG_DLX,CANCELLED,4,0,INR,2026-05-11 16:52:32,2026-05-11 18:32:32
RES101540,CHN001,CNF101540,GUEST101540,2026-05-19,2026-05-24,STE,CORP,CORP_STD,MODIFIED,1,31730,INR,2026-05-11 16:39:25,2026-05-11 19:32:25
RES101541,HYD001,CNF101541,GUEST101541,2026-06-21,2026-06-22,STE,PREPAY,PPR_DLX,CANCELLED,1,0,INR,2026-05-11 14:55:21,2026-05-11 15:33:21
RES101542,HYD001,CNF101542,GUEST101542,2026-07-08,2026-07-10,KING,CORP,CORP_DLX,MODIFIED,3,64836,INR,2026-05-11 10:30:01,2026-05-11 11:54:01
RES101543,CHN001,CNF101543,GUEST101543,2026-06-20,2026-06-24,KING,PKG,PKG_STD,CANCELLED,1,0,INR,2026-05-11 01:53:52,2026-05-11 02:01:52
RES101544,BLR002,CNF101544,GUEST101544,2026-06-26,2026-06-30,KING,BAR,BAR_STD,BOOKED,2,84984,INR,2026-05-11 03:34:49,2026-05-11 04:11:49
RES101545,HYD001,CNF101545,GUEST101545,2026-06-06,2026-06-08,STE,BAR,BAR_DLX,BOOKED,2,38004,INR,2026-05-11 07:12:16,2026-05-11 07:15:16
RES101546,HYD001,CNF101546,GUEST101546,2026-05-23,2026-05-25,STE,MEMBER,MEM_STD,MODIFIED,3,67212,INR,2026-05-11 20:31:26,2026-05-11 22:36:26
RES101547,DEL001,CNF101547,GUEST101547,2026-07-02,2026-07-04,QUEEN,PKG,PKG_STD,BOOKED,4,35232,INR,2026-05-11 07:54:45,2026-05-11 10:12:45
RES101548,MUM002,CNF101548,GUEST101548,2026-05-13,2026-05-15,STD,CORP,CORP_STD,BOOKED,2,57964,INR,2026-05-11 12:11:29,2026-05-11 13:31:29
RES101549,CHN001,CNF101549,GUEST101549,2026-07-03,2026-07-08,STE,PKG,PKG_STD,BOOKED,4,178600,INR,2026-05-11 09:19:14,2026-05-11 09:31:14
RES101550,HYD001,CNF101550,GUEST101550,2026-05-31,2026-06-02,QUEEN,BAR,BAR_DLX,MODIFIED,2,37352,INR,2026-05-11 03:50:45,2026-05-11 06:03:45
RES101551,BLR001,CNF101551,GUEST101551,2026-06-12,2026-06-15,DLX,BAR,BAR_DLX,BOOKED,3,107730,INR,2026-05-11 02:11:03,2026-05-11 04:16:03
RES101552,MUM001,CNF101552,GUEST101552,2026-05-21,2026-05-25,KING,BAR,BAR_STD,MODIFIED,4,136240,INR,2026-05-11 15:17:20,2026-05-11 18:06:20
RES101553,MUM001,CNF101553,GUEST101553,2026-06-10,2026-06-13,QUEEN,BAR,BAR_DLX,CANCELLED,3,0,INR,2026-05-11 14:24:47,2026-05-11 16:29:47
RES101554,DEL001,CNF101554,GUEST101554,2026-06-19,2026-06-23,STD,MEMBER,MEM_STD,MODIFIED,3,128376,INR,2026-05-11 03:27:15,2026-05-11 03:42:15
RES101555,BLR002,CNF101555,GUEST101555,2026-05-25,2026-05-26,DLX,MEMBER,MEM_STD,MODIFIED,2,27712,INR,2026-05-11 05:28:02,2026-05-11 06:54:02
RES101556,MUM002,CNF101556,GUEST101556,2026-05-18,2026-05-21,DLX,MEMBER,MEM_DLX,MODIFIED,3,65502,INR,2026-05-11 07:45:49,2026-05-11 09:09:49
RES101557,BLR002,CNF101557,GUEST101557,2026-07-05,2026-07-06,STD,BAR,BAR_STD,BOOKED,1,6321,INR,2026-05-11 14:02:56,2026-05-11 15:59:56
RES101558,BLR002,CNF101558,GUEST101558,2026-07-02,2026-07-07,QUEEN,MEMBER,MEM_STD,BOOKED,2,42730,INR,2026-05-11 10:25:08,2026-05-11 11:46:08
RES101559,HYD001,CNF101559,GUEST101559,2026-06-21,2026-06-23,QUEEN,PKG,PKG_STD,CANCELLED,2,0,INR,2026-05-11 18:26:23,2026-05-11 18:40:23
RES101560,BLR001,CNF101560,GUEST101560,2026-06-01,2026-06-06,DLX,MEMBER,MEM_STD,BOOKED,1,30995,INR,2026-05-11 08:32:32,2026-05-11 09:30:32
RES101561,HYD001,CNF101561,GUEST101561,2026-05-15,2026-05-19,STE,MEMBER,MEM_DLX,MODIFIED,3,86100,INR,2026-05-11 10:45:46,2026-05-11 12:02:46
RES101562,MUM002,CNF101562,GUEST101562,2026-06-13,2026-06-15,KING,MEMBER,MEM_STD,CANCELLED,2,0,INR,2026-05-11 01:28:56,2026-05-11 02:09:56
RES101563,KOL001,CNF101563,GUEST101563,2026-07-07,2026-07-10,STE,MEMBER,MEM_STD,MODIFIED,3,125712,INR,2026-05-11 21:55:22,2026-05-11 23:46:22
RES101564,DEL001,CNF101564,GUEST101564,2026-05-13,2026-05-14,KING,CORP,CORP_DLX,BOOKED,1,10544,INR,2026-05-11 12:55:54,2026-05-11 14:30:54
RES101565,KOL001,CNF101565,GUEST101565,2026-05-19,2026-05-23,DLX,PREPAY,PPR_DLX,BOOKED,4,99808,INR,2026-05-11 22:58:05,2026-05-11 23:33:05
RES101566,KOL001,CNF101566,GUEST101566,2026-05-20,2026-05-23,STE,PREPAY,PPR_STD,MODIFIED,4,83124,INR,2026-05-11 23:13:20,2026-05-11 23:57:20
RES101567,MUM001,CNF101567,GUEST101567,2026-07-04,2026-07-08,QUEEN,PKG,PKG_DLX,BOOKED,1,52188,INR,2026-05-11 12:03:56,2026-05-11 14:19:56
RES101568,HYD001,CNF101568,GUEST101568,2026-05-14,2026-05-17,STD,CORP,CORP_DLX,CANCELLED,2,0,INR,2026-05-11 19:13:59,2026-05-11 22:06:59
RES101569,CHA001,CNF101569,GUEST101569,2026-05-19,2026-05-24,STD,PKG,PKG_DLX,BOOKED,1,20350,INR,2026-05-11 16:00:32,2026-05-11 17:54:32
RES101570,MUM002,CNF101570,GUEST101570,2026-05-22,2026-05-25,DLX,BAR,BAR_STD,BOOKED,2,61410,INR,2026-05-11 22:10:57,2026-05-12 00:06:57
RES101571,CHA001,CNF101571,GUEST101571,2026-05-13,2026-05-16,STD,CORP,CORP_STD,BOOKED,3,78435,INR,2026-05-11 20:31:17,2026-05-11 22:25:17
RES101572,MUM002,CNF101572,GUEST101572,2026-05-18,2026-05-23,STE,MEMBER,MEM_STD,BOOKED,2,106670,INR,2026-05-11 14:35:48,2026-05-11 16:21:48
RES101573,HYD001,CNF101573,GUEST101573,2026-06-23,2026-06-28,STE,PKG,PKG_STD,MODIFIED,1,18240,INR,2026-05-11 06:43:59,2026-05-11 07:13:59
RES101574,KOL001,CNF101574,GUEST101574,2026-05-23,2026-05-27,STE,MEMBER,MEM_STD,BOOKED,3,95664,INR,2026-05-11 04:11:56,2026-05-11 06:25:56
RES101575,KOL001,CNF101575,GUEST101575,2026-06-20,2026-06-23,DLX,MEMBER,MEM_DLX,BOOKED,3,72252,INR,2026-05-11 05:05:20,2026-05-11 06:02:20
RES101576,DEL002,CNF101576,GUEST101576,2026-06-20,2026-06-22,STD,CORP,CORP_DLX,CANCELLED,2,0,INR,2026-05-11 04:46:22,2026-05-11 06:24:22
RES101577,CHA001,CNF101577,GUEST101577,2026-05-27,2026-05-29,STD,CORP,CORP_STD,MODIFIED,3,30492,INR,2026-05-11 15:51:20,2026-05-11 17:29:20
RES101578,BLR002,CNF101578,GUEST101578,2026-07-10,2026-07-15,QUEEN,PKG,PKG_STD,MODIFIED,1,42125,INR,2026-05-11 13:48:59,2026-05-11 14:23:59
RES101579,CHA001,CNF101579,GUEST101579,2026-06-26,2026-06-29,DLX,MEMBER,MEM_DLX,BOOKED,1,18498,INR,2026-05-11 14:48:04,2026-05-11 15:24:04
RES101580,MUM001,CNF101580,GUEST101580,2026-06-17,2026-06-20,QUEEN,PKG,PKG_STD,MODIFIED,3,48987,INR,2026-05-11 17:03:02,2026-05-11 18:35:02
RES101581,KER001,CNF101581,GUEST101581,2026-05-31,2026-06-02,STE,CORP,CORP_STD,MODIFIED,2,38280,INR,2026-05-11 01:35:53,2026-05-11 01:57:53
RES101582,KOL001,CNF101582,GUEST101582,2026-05-19,2026-05-21,DLX,MEMBER,MEM_DLX,CANCELLED,1,0,INR,2026-05-11 04:24:49,2026-05-11 06:37:49
RES101583,DEL002,CNF101583,GUEST101583,2026-05-22,2026-05-26,QUEEN,MEMBER,MEM_STD,BOOKED,1,53320,INR,2026-05-11 19:31:09,2026-05-11 21:34:09
RES101584,BLR002,CNF101584,GUEST101584,2026-06-15,2026-06-17,STD,PREPAY,PPR_DLX,CANCELLED,2,0,INR,2026-05-11 13:03:29,2026-05-11 15:49:29
RES101585,CHA001,CNF101585,GUEST101585,2026-05-19,2026-05-22,STD,PKG,PKG_DLX,BOOKED,1,25422,INR,2026-05-11 07:55:40,2026-05-11 08:59:40
RES101586,KOL001,CNF101586,GUEST101586,2026-06-01,2026-06-06,KING,CORP,CORP_STD,BOOKED,2,39150,INR,2026-05-11 16:55:36,2026-05-11 19:06:36
RES101587,KOL001,CNF101587,GUEST101587,2026-05-31,2026-06-04,STD,CORP,CORP_STD,MODIFIED,1,40084,INR,2026-05-11 11:48:00,2026-05-11 13:31:00
RES101588,CHA001,CNF101588,GUEST101588,2026-05-15,2026-05-16,STE,PREPAY,PPR_STD,MODIFIED,1,3547,INR,2026-05-11 12:22:38,2026-05-11 13:55:38
RES101589,DEL001,CNF101589,GUEST101589,2026-05-27,2026-05-31,STE,BAR,BAR_DLX,CANCELLED,2,0,INR,2026-05-11 03:53:05,2026-05-11 05:32:05
RES101590,KER001,CNF101590,GUEST101590,2026-07-03,2026-07-04,KING,PKG,PKG_STD,BOOKED,1,4944,INR,2026-05-11 07:50:19,2026-05-11 07:56:19
RES101591,CHA001,CNF101591,GUEST101591,2026-06-05,2026-06-10,KING,BAR,BAR_STD,BOOKED,4,74980,INR,2026-05-11 07:59:48,2026-05-11 09:49:48
RES101592,KER001,CNF101592,GUEST101592,2026-06-20,2026-06-24,STD,PREPAY,PPR_DLX,BOOKED,4,90960,INR,2026-05-11 14:57:04,2026-05-11 16:07:04
RES101593,DEL002,CNF101593,GUEST101593,2026-05-15,2026-05-18,KING,BAR,BAR_DLX,BOOKED,4,143580,INR,2026-05-11 12:33:04,2026-05-11 12:46:04
RES101594,CHA001,CNF101594,GUEST101594,2026-06-28,2026-06-29,QUEEN,BAR,BAR_STD,MODIFIED,1,11854,INR,2026-05-11 21:22:14,2026-05-11 23:44:14
RES101595,KER001,CNF101595,GUEST101595,2026-06-28,2026-07-01,DLX,CORP,CORP_DLX,MODIFIED,3,106722,INR,2026-05-11 02:35:45,2026-05-11 04:53:45
RES101596,MUM001,CNF101596,GUEST101596,2026-05-18,2026-05-22,STD,PKG,PKG_STD,CANCELLED,1,0,INR,2026-05-11 09:15:19,2026-05-11 11:56:19
RES101597,BLR001,CNF101597,GUEST101597,2026-05-12,2026-05-17,DLX,MEMBER,MEM_DLX,CANCELLED,4,0,INR,2026-05-11 05:05:46,2026-05-11 06:20:46
RES101598,MUM002,CNF101598,GUEST101598,2026-07-08,2026-07-11,QUEEN,PKG,PKG_DLX,MODIFIED,1,26388,INR,2026-05-11 17:51:38,2026-05-11 19:15:38
RES101599,MUM001,CNF101599,GUEST101599,2026-05-28,2026-06-01,STD,BAR,BAR_STD,CANCELLED,1,0,INR,2026-05-11 16:29:02,2026-05-11 16:54:02
RES101600,DEL002,CNF101600,GUEST101600,2026-06-01,2026-06-05,STD,PREPAY,PPR_DLX,CANCELLED,3,0,INR,2026-05-11 08:59:53,2026-05-11 09:13:53
RES101601,DEL001,CNF101601,GUEST101601,2026-07-09,2026-07-13,QUEEN,CORP,CORP_STD,CANCELLED,4,0,INR,2026-05-11 04:53:08,2026-05-11 07:14:08
RES101602,CHN001,CNF101602,GUEST101602,2026-05-28,2026-06-01,DLX,PREPAY,PPR_DLX,CANCELLED,4,0,INR,2026-05-11 22:00:13,2026-05-11 23:31:13
RES101603,HYD001,CNF101603,GUEST101603,2026-06-09,2026-06-14,STD,PREPAY,PPR_STD,BOOKED,2,123000,INR,2026-05-11 07:20:51,2026-05-11 07:23:51
RES101604,BLR001,CNF101604,GUEST101604,2026-05-23,2026-05-25,STD,CORP,CORP_DLX,CANCELLED,2,0,INR,2026-05-11 06:07:17,2026-05-11 06:11:17
RES101605,KER001,CNF101605,GUEST101605,2026-06-16,2026-06-17,KING,PKG,PKG_STD,BOOKED,2,25600,INR,2026-05-11 15:39:05,2026-05-11 18:36:05
RES101606,MUM001,CNF101606,GUEST101606,2026-06-08,2026-06-11,DLX,PREPAY,PPR_STD,CANCELLED,4,0,INR,2026-05-11 20:59:37,2026-05-11 22:06:37
RES101607,DEL001,CNF101607,GUEST101607,2026-05-18,2026-05-23,STE,BAR,BAR_STD,MODIFIED,3,119265,INR,2026-05-11 15:16:19,2026-05-11 17:02:19
RES101608,CHN001,CNF101608,GUEST101608,2026-05-20,2026-05-23,DLX,PKG,PKG_DLX,BOOKED,2,30288,INR,2026-05-11 12:23:19,2026-05-11 14:20:19
RES101609,MUM002,CNF101609,GUEST101609,2026-05-15,2026-05-18,STD,BAR,BAR_STD,BOOKED,3,83502,INR,2026-05-11 19:55:00,2026-05-11 20:35:00
RES101610,HYD001,CNF101610,GUEST101610,2026-05-16,2026-05-21,STE,MEMBER,MEM_DLX,CANCELLED,3,0,INR,2026-05-11 15:35:13,2026-05-11 18:13:13
RES101611,HYD001,CNF101611,GUEST101611,2026-07-09,2026-07-13,DLX,PKG,PKG_DLX,MODIFIED,3,168408,INR,2026-05-11 05:42:37,2026-05-11 05:43:37
RES101612,BLR001,CNF101612,GUEST101612,2026-06-10,2026-06-14,DLX,PKG,PKG_STD,CANCELLED,2,0,INR,2026-05-11 04:47:03,2026-05-11 05:34:03
RES101613,CHN001,CNF101613,GUEST101613,2026-05-27,2026-05-28,KING,CORP,CORP_STD,MODIFIED,4,55820,INR,2026-05-11 23:17:35,2026-05-12 00:21:35
RES101614,KOL001,CNF101614,GUEST101614,2026-05-22,2026-05-23,STE,BAR,BAR_DLX,CANCELLED,4,0,INR,2026-05-11 23:01:50,2026-05-12 01:35:50
RES101615,MUM002,CNF101615,GUEST101615,2026-07-04,2026-07-08,KING,CORP,CORP_STD,BOOKED,1,37036,INR,2026-05-11 21:44:34,2026-05-11 22:25:34
RES101616,MUM001,CNF101616,GUEST101616,2026-05-30,2026-06-03,DLX,CORP,CORP_DLX,BOOKED,4,208656,INR,2026-05-11 19:05:36,2026-05-11 21:12:36
RES101617,BLR001,CNF101617,GUEST101617,2026-05-13,2026-05-18,QUEEN,MEMBER,MEM_DLX,CANCELLED,2,0,INR,2026-05-11 12:33:50,2026-05-11 13:22:50
RES101618,CHA001,CNF101618,GUEST101618,2026-05-20,2026-05-24,QUEEN,PKG,PKG_DLX,MODIFIED,3,79440,INR,2026-05-11 09:46:36,2026-05-11 10:21:36
RES101619,CHA001,CNF101619,GUEST101619,2026-06-27,2026-06-28,STE,CORP,CORP_DLX,BOOKED,1,5767,INR,2026-05-11 06:38:54,2026-05-11 08:46:54
RES101620,MUM002,CNF101620,GUEST101620,2026-05-30,2026-05-31,DLX,PKG,PKG_DLX,CANCELLED,2,0,INR,2026-05-11 12:55:35,2026-05-11 14:00:35
RES101621,HYD001,CNF101621,GUEST101621,2026-06-02,2026-06-04,DLX,BAR,BAR_STD,CANCELLED,4,0,INR,2026-05-11 01:34:32,2026-05-11 04:28:32
RES101622,BLR001,CNF101622,GUEST101622,2026-07-06,2026-07-11,QUEEN,PREPAY,PPR_DLX,CANCELLED,2,0,INR,2026-05-11 22:54:12,2026-05-11 23:32:12
RES101623,DEL002,CNF101623,GUEST101623,2026-05-31,2026-06-05,STE,CORP,CORP_DLX,BOOKED,4,253520,INR,2026-05-11 04:45:35,2026-05-11 07:26:35
RES101624,CHA001,CNF101624,GUEST101624,2026-06-06,2026-06-11,STD,MEMBER,MEM_STD,BOOKED,3,68130,INR,2026-05-11 18:55:54,2026-05-11 19:10:54
RES101625,MUM002,CNF101625,GUEST101625,2026-05-13,2026-05-16,STE,MEMBER,MEM_DLX,MODIFIED,4,104508,INR,2026-05-11 06:10:11,2026-05-11 07:45:11
RES101626,HYD001,CNF101626,GUEST101626,2026-06-24,2026-06-25,QUEEN,CORP,CORP_DLX,CANCELLED,1,0,INR,2026-05-11 20:03:23,2026-05-11 22:36:23
RES101627,DEL002,CNF101627,GUEST101627,2026-06-11,2026-06-14,STE,BAR,BAR_DLX,BOOKED,3,127251,INR,2026-05-11 08:08:21,2026-05-11 11:05:21
RES101628,CHA001,CNF101628,GUEST101628,2026-06-14,2026-06-16,DLX,MEMBER,MEM_STD,MODIFIED,2,21776,INR,2026-05-11 16:42:08,2026-05-11 18:07:08
RES101629,CHA001,CNF101629,GUEST101629,2026-06-06,2026-06-07,STE,BAR,BAR_STD,MODIFIED,4,39832,INR,2026-05-11 19:37:40,2026-05-11 22:31:40
RES101630,CHN001,CNF101630,GUEST101630,2026-07-04,2026-07-05,KING,BAR,BAR_STD,MODIFIED,4,16228,INR,2026-05-11 08:05:31,2026-05-11 09:36:31
RES101631,BLR001,CNF101631,GUEST101631,2026-06-19,2026-06-21,DLX,PREPAY,PPR_STD,CANCELLED,2,0,INR,2026-05-11 18:01:23,2026-05-11 20:17:23
RES101632,CHA001,CNF101632,GUEST101632,2026-06-08,2026-06-12,KING,PKG,PKG_STD,CANCELLED,1,0,INR,2026-05-11 03:29:31,2026-05-11 03:40:31
RES101633,BLR002,CNF101633,GUEST101633,2026-06-21,2026-06-22,QUEEN,CORP,CORP_DLX,CANCELLED,3,0,INR,2026-05-11 03:10:13,2026-05-11 03:22:13
RES101634,CHA001,CNF101634,GUEST101634,2026-07-09,2026-07-12,QUEEN,PKG,PKG_STD,CANCELLED,3,0,INR,2026-05-11 17:06:16,2026-05-11 17:30:16
RES101635,KOL001,CNF101635,GUEST101635,2026-06-26,2026-06-27,QUEEN,PKG,PKG_DLX,MODIFIED,4,23760,INR,2026-05-11 08:41:40,2026-05-11 08:46:40
RES101636,CHA001,CNF101636,GUEST101636,2026-05-31,2026-06-01,QUEEN,MEMBER,MEM_DLX,MODIFIED,4,41816,INR,2026-05-11 21:39:27,2026-05-11 22:13:27
RES101637,HYD001,CNF101637,GUEST101637,2026-05-18,2026-05-22,STE,PREPAY,PPR_DLX,CANCELLED,4,0,INR,2026-05-11 08:18:08,2026-05-11 09:34:08
RES101638,HYD001,CNF101638,GUEST101638,2026-05-26,2026-05-30,KING,CORP,CORP_DLX,BOOKED,4,194176,INR,2026-05-11 01:01:13,2026-05-11 02:58:13
RES101639,DEL001,CNF101639,GUEST101639,2026-05-14,2026-05-18,QUEEN,BAR,BAR_DLX,BOOKED,1,40612,INR,2026-05-11 04:02:03,2026-05-11 05:32:03
RES101640,DEL002,CNF101640,GUEST101640,2026-06-16,2026-06-21,STD,MEMBER,MEM_DLX,MODIFIED,4,80200,INR,2026-05-11 14:22:05,2026-05-11 15:33:05
RES101641,BLR002,CNF101641,GUEST101641,2026-06-24,2026-06-29,KING,CORP,CORP_DLX,BOOKED,1,20695,INR,2026-05-11 22:20:53,2026-05-11 23:47:53
RES101642,BLR002,CNF101642,GUEST101642,2026-06-11,2026-06-16,QUEEN,MEMBER,MEM_STD,CANCELLED,4,0,INR,2026-05-11 13:25:14,2026-05-11 13:44:14
RES101643,CHN001,CNF101643,GUEST101643,2026-07-07,2026-07-11,STD,PREPAY,PPR_DLX,CANCELLED,4,0,INR,2026-05-11 08:21:21,2026-05-11 11:04:21
RES101644,DEL002,CNF101644,GUEST101644,2026-05-23,2026-05-25,STE,MEMBER,MEM_STD,CANCELLED,2,0,INR,2026-05-11 23:41:40,2026-05-12 02:13:40
RES101645,CHN001,CNF101645,GUEST101645,2026-06-11,2026-06-13,DLX,PREPAY,PPR_STD,BOOKED,1,27488,INR,2026-05-11 00:49:37,2026-05-11 01:20:37
RES101646,MUM002,CNF101646,GUEST101646,2026-06-23,2026-06-24,STD,BAR,BAR_DLX,MODIFIED,3,30315,INR,2026-05-11 12:50:18,2026-05-11 14:01:18
RES101647,KER001,CNF101647,GUEST101647,2026-06-13,2026-06-17,STD,MEMBER,MEM_DLX,MODIFIED,2,48056,INR,2026-05-11 08:44:19,2026-05-11 09:30:19
RES101648,KER001,CNF101648,GUEST101648,2026-06-17,2026-06-22,STD,CORP,CORP_STD,BOOKED,4,177700,INR,2026-05-11 17:35:19,2026-05-11 18:34:19
RES101649,MUM001,CNF101649,GUEST101649,2026-06-08,2026-06-09,QUEEN,MEMBER,MEM_STD,CANCELLED,4,0,INR,2026-05-11 13:21:34,2026-05-11 13:40:34
RES101650,KOL001,CNF101650,GUEST101650,2026-06-06,2026-06-11,STE,MEMBER,MEM_STD,CANCELLED,2,0,INR,2026-05-11 05:12:52,2026-05-11 07:18:52
RES101651,CHN001,CNF101651,GUEST101651,2026-07-06,2026-07-09,KING,MEMBER,MEM_STD,BOOKED,4,88920,INR,2026-05-11 22:56:23,2026-05-12 00:00:23
RES101652,KER001,CNF101652,GUEST101652,2026-06-25,2026-06-28,STD,PKG,PKG_DLX,MODIFIED,1,43461,INR,2026-05-11 12:39:22,2026-05-11 13:22:22
RES101653,MUM001,CNF101653,GUEST101653,2026-06-04,2026-06-06,STE,CORP,CORP_DLX,MODIFIED,2,57436,INR,2026-05-11 22:02:25,2026-05-11 23:27:25
RES101654,DEL002,CNF101654,GUEST101654,2026-06-04,2026-06-06,STE,MEMBER,MEM_DLX,MODIFIED,4,65744,INR,2026-05-11 03:09:51,2026-05-11 05:14:51
RES101655,BLR002,CNF101655,GUEST101655,2026-05-23,2026-05-26,KING,BAR,BAR_DLX,CANCELLED,3,0,INR,2026-05-11 23:05:03,2026-05-12 00:08:03
RES101656,KER001,CNF101656,GUEST101656,2026-06-06,2026-06-11,STD,MEMBER,MEM_STD,BOOKED,4,226400,INR,2026-05-11 01:52:25,2026-05-11 03:36:25
RES101657,MUM001,CNF101657,GUEST101657,2026-06-10,2026-06-13,KING,MEMBER,MEM_STD,BOOKED,2,46542,INR,2026-05-11 09:50:35,2026-05-11 11:09:35
RES101658,KOL001,CNF101658,GUEST101658,2026-06-11,2026-06-13,DLX,PKG,PKG_DLX,BOOKED,4,51960,INR,2026-05-11 00:38:06,2026-05-11 01:35:06
RES101659,BLR001,CNF101659,GUEST101659,2026-06-29,2026-07-04,STE,PREPAY,PPR_DLX,MODIFIED,4,181380,INR,2026-05-11 09:28:48,2026-05-11 11:43:48
RES101660,CHA001,CNF101660,GUEST101660,2026-06-13,2026-06-15,QUEEN,CORP,CORP_DLX,MODIFIED,1,18906,INR,2026-05-11 15:43:31,2026-05-11 17:23:31
RES101661,KOL001,CNF101661,GUEST101661,2026-05-27,2026-05-31,STE,CORP,CORP_STD,CANCELLED,1,0,INR,2026-05-11 18:16:02,2026-05-11 18:54:02
RES101662,DEL002,CNF101662,GUEST101662,2026-05-24,2026-05-25,STD,PREPAY,PPR_DLX,CANCELLED,2,0,INR,2026-05-11 05:47:10,2026-05-11 08:30:10
RES101663,MUM002,CNF101663,GUEST101663,2026-06-09,2026-06-11,KING,BAR,BAR_DLX,BOOKED,3,71730,INR,2026-05-11 11:58:31,2026-05-11 13:02:31
RES101664,MUM001,CNF101664,GUEST101664,2026-06-23,2026-06-24,QUEEN,BAR,BAR_STD,CANCELLED,2,0,INR,2026-05-11 09:18:34,2026-05-11 11:59:34
RES101665,DEL001,CNF101665,GUEST101665,2026-05-22,2026-05-27,QUEEN,MEMBER,MEM_DLX,BOOKED,1,36085,INR,2026-05-11 17:00:51,2026-05-11 18:28:51
RES101666,HYD001,CNF101666,GUEST101666,2026-06-13,2026-06-17,STE,PKG,PKG_DLX,BOOKED,4,88128,INR,2026-05-11 11:40:46,2026-05-11 13:22:46
RES101667,CHA001,CNF101667,GUEST101667,2026-07-04,2026-07-07,STE,PREPAY,PPR_DLX,BOOKED,3,127287,INR,2026-05-11 22:38:09,2026-05-11 23:31:09
RES101668,DEL001,CNF101668,GUEST101668,2026-06-15,2026-06-20,KING,CORP,CORP_DLX,CANCELLED,2,0,INR,2026-05-11 20:37:07,2026-05-11 22:02:07
RES101669,MUM002,CNF101669,GUEST101669,2026-07-08,2026-07-11,QUEEN,PREPAY,PPR_DLX,BOOKED,1,33957,INR,2026-05-11 16:33:36,2026-05-11 17:17:36
RES101670,MUM002,CNF101670,GUEST101670,2026-07-08,2026-07-09,STE,MEMBER,MEM_DLX,CANCELLED,3,0,INR,2026-05-11 17:03:03,2026-05-11 19:26:03
RES101671,DEL001,CNF101671,GUEST101671,2026-05-31,2026-06-04,KING,PKG,PKG_DLX,MODIFIED,3,82296,INR,2026-05-11 17:27:21,2026-05-11 18:28:21
RES101672,CHA001,CNF101672,GUEST101672,2026-05-23,2026-05-24,STE,CORP,CORP_STD,MODIFIED,4,40188,INR,2026-05-11 23:14:00,2026-05-12 00:30:00
RES101673,DEL002,CNF101673,GUEST101673,2026-06-21,2026-06-23,STD,PREPAY,PPR_STD,CANCELLED,1,0,INR,2026-05-11 18:28:20,2026-05-11 20:44:20
RES101674,MUM001,CNF101674,GUEST101674,2026-06-14,2026-06-16,STD,PKG,PKG_STD,MODIFIED,3,85782,INR,2026-05-11 16:58:23,2026-05-11 17:13:23
RES101675,DEL002,CNF101675,GUEST101675,2026-06-09,2026-06-12,KING,CORP,CORP_STD,BOOKED,4,45564,INR,2026-05-11 17:35:17,2026-05-11 18:26:17
RES101676,CHA001,CNF101676,GUEST101676,2026-06-11,2026-06-16,STE,MEMBER,MEM_STD,MODIFIED,2,39600,INR,2026-05-11 03:28:38,2026-05-11 05:21:38
RES101677,MUM001,CNF101677,GUEST101677,2026-06-30,2026-07-03,DLX,BAR,BAR_DLX,CANCELLED,2,0,INR,2026-05-11 03:24:33,2026-05-11 06:05:33
RES101678,DEL002,CNF101678,GUEST101678,2026-07-09,2026-07-14,KING,BAR,BAR_STD,BOOKED,4,279540,INR,2026-05-11 18:44:17,2026-05-11 19:55:17
RES101679,BLR002,CNF101679,GUEST101679,2026-05-30,2026-06-01,KING,PREPAY,PPR_DLX,BOOKED,4,39944,INR,2026-05-11 18:59:47,2026-05-11 20:27:47
RES101680,MUM001,CNF101680,GUEST101680,2026-07-03,2026-07-07,KING,PREPAY,PPR_DLX,MODIFIED,2,118920,INR,2026-05-11 19:55:04,2026-05-11 21:01:04
RES101681,MUM002,CNF101681,GUEST101681,2026-05-13,2026-05-18,KING,BAR,BAR_DLX,BOOKED,2,88820,INR,2026-05-11 17:20:17,2026-05-11 18:55:17
RES101682,DEL002,CNF101682,GUEST101682,2026-07-01,2026-07-06,STD,CORP,CORP_DLX,CANCELLED,4,0,INR,2026-05-11 13:11:47,2026-05-11 13:20:47
RES101683,KER001,CNF101683,GUEST101683,2026-05-17,2026-05-20,STD,BAR,BAR_DLX,MODIFIED,4,155724,INR,2026-05-11 22:56:24,2026-05-12 00:18:24
RES101684,CHN001,CNF101684,GUEST101684,2026-07-04,2026-07-05,STE,MEMBER,MEM_STD,BOOKED,4,43404,INR,2026-05-11 15:52:50,2026-05-11 16:32:50
RES101685,MUM001,CNF101685,GUEST101685,2026-06-30,2026-07-01,STD,PREPAY,PPR_DLX,CANCELLED,4,0,INR,2026-05-11 16:57:57,2026-05-11 19:57:57
RES101686,KOL001,CNF101686,GUEST101686,2026-05-15,2026-05-16,KING,PKG,PKG_DLX,CANCELLED,2,0,INR,2026-05-11 16:47:57,2026-05-11 19:02:57
RES101687,DEL002,CNF101687,GUEST101687,2026-06-27,2026-07-01,STE,PREPAY,PPR_STD,CANCELLED,3,0,INR,2026-05-11 18:12:12,2026-05-11 19:48:12
RES101688,CHA001,CNF101688,GUEST101688,2026-06-10,2026-06-11,KING,CORP,CORP_DLX,BOOKED,3,17646,INR,2026-05-11 13:04:38,2026-05-11 13:09:38
RES101689,DEL001,CNF101689,GUEST101689,2026-05-29,2026-06-03,STE,CORP,CORP_STD,BOOKED,1,68955,INR,2026-05-11 17:25:14,2026-05-11 18:55:14
RES101690,DEL002,CNF101690,GUEST101690,2026-06-07,2026-06-10,STE,MEMBER,MEM_DLX,BOOKED,4,89160,INR,2026-05-11 07:38:44,2026-05-11 07:55:44
RES101691,BLR002,CNF101691,GUEST101691,2026-06-14,2026-06-18,STE,BAR,BAR_DLX,BOOKED,1,29032,INR,2026-05-11 11:47:15,2026-05-11 12:36:15
RES101692,BLR002,CNF101692,GUEST101692,2026-05-12,2026-05-17,STD,BAR,BAR_DLX,MODIFIED,1,40160,INR,2026-05-11 11:30:11,2026-05-11 12:42:11
RES101693,DEL002,CNF101693,GUEST101693,2026-07-08,2026-07-12,DLX,CORP,CORP_DLX,MODIFIED,4,157008,INR,2026-05-11 08:31:37,2026-05-11 09:35:37
RES101694,MUM002,CNF101694,GUEST101694,2026-06-18,2026-06-20,DLX,CORP,CORP_DLX,MODIFIED,3,34344,INR,2026-05-11 22:55:39,2026-05-12 00:30:39
RES101695,BLR002,CNF101695,GUEST101695,2026-06-05,2026-06-06,STE,PREPAY,PPR_STD,MODIFIED,4,33604,INR,2026-05-11 17:15:50,2026-05-11 17:39:50
RES101696,BLR002,CNF101696,GUEST101696,2026-06-30,2026-07-05,DLX,PKG,PKG_DLX,MODIFIED,4,294780,INR,2026-05-11 23:53:12,2026-05-12 01:21:12
RES101697,MUM002,CNF101697,GUEST101697,2026-06-16,2026-06-20,KING,CORP,CORP_STD,MODIFIED,2,87136,INR,2026-05-11 04:01:11,2026-05-11 05:52:11
RES101698,DEL001,CNF101698,GUEST101698,2026-06-20,2026-06-25,DLX,MEMBER,MEM_DLX,MODIFIED,3,63450,INR,2026-05-11 05:01:58,2026-05-11 07:06:58
RES101699,KER001,CNF101699,GUEST101699,2026-07-07,2026-07-09,QUEEN,PKG,PKG_DLX,MODIFIED,2,48656,INR,2026-05-11 06:21:21,2026-05-11 08:59:21
RES101700,KER001,CNF101700,GUEST101700,2026-07-02,2026-07-03,STD,PKG,PKG_STD,BOOKED,2,14878,INR,2026-05-11 02:00:29,2026-05-11 03:19:29
RES101701,BLR002,CNF101701,GUEST101701,2026-06-23,2026-06-24,STD,MEMBER,MEM_DLX,BOOKED,1,7991,INR,2026-05-11 05:20:57,2026-05-11 06:46:57
RES101702,DEL001,CNF101702,GUEST101702,2026-05-25,2026-05-28,QUEEN,MEMBER,MEM_DLX,BOOKED,3,34038,INR,2026-05-11 23:23:49,2026-05-12 01:59:49
RES101703,BLR001,CNF101703,GUEST101703,2026-06-12,2026-06-13,STE,CORP,CORP_DLX,MODIFIED,2,14948,INR,2026-05-11 18:16:57,2026-05-11 20:14:57
RES101704,BLR001,CNF101704,GUEST101704,2026-05-26,2026-05-31,STE,PREPAY,PPR_DLX,CANCELLED,2,0,INR,2026-05-11 07:28:21,2026-05-11 07:28:21
RES101705,DEL002,CNF101705,GUEST101705,2026-05-28,2026-06-01,KING,PREPAY,PPR_DLX,BOOKED,4,209152,INR,2026-05-11 10:16:31,2026-05-11 11:09:31
RES101706,CHA001,CNF101706,GUEST101706,2026-06-09,2026-06-10,QUEEN,PKG,PKG_STD,CANCELLED,2,0,INR,2026-05-11 08:10:49,2026-05-11 09:42:49
RES101707,CHA001,CNF101707,GUEST101707,2026-06-14,2026-06-16,STD,BAR,BAR_STD,MODIFIED,2,46924,INR,2026-05-11 22:05:57,2026-05-11 23:47:57
RES101708,BLR002,CNF101708,GUEST101708,2026-05-13,2026-05-16,DLX,PKG,PKG_STD,CANCELLED,2,0,INR,2026-05-11 12:41:12,2026-05-11 13:37:12
RES101709,CHN001,CNF101709,GUEST101709,2026-07-05,2026-07-07,STD,CORP,CORP_DLX,BOOKED,2,19984,INR,2026-05-11 21:32:39,2026-05-11 23:58:39
RES101710,KOL001,CNF101710,GUEST101710,2026-06-26,2026-07-01,STD,BAR,BAR_DLX,CANCELLED,1,0,INR,2026-05-11 09:08:00,2026-05-11 09:57:00
RES101711,DEL002,CNF101711,GUEST101711,2026-05-12,2026-05-15,STE,CORP,CORP_DLX,MODIFIED,1,41433,INR,2026-05-11 05:43:10,2026-05-11 07:10:10
RES101712,MUM002,CNF101712,GUEST101712,2026-06-27,2026-06-29,STD,MEMBER,MEM_DLX,BOOKED,4,117464,INR,2026-05-11 03:31:40,2026-05-11 03:58:40
RES101713,BLR001,CNF101713,GUEST101713,2026-05-15,2026-05-20,DLX,CORP,CORP_STD,BOOKED,2,91740,INR,2026-05-11 03:38:15,2026-05-11 04:58:15
RES101714,MUM001,CNF101714,GUEST101714,2026-06-05,2026-06-08,DLX,PREPAY,PPR_DLX,MODIFIED,1,14235,INR,2026-05-11 16:28:58,2026-05-11 16:50:58
RES101715,CHN001,CNF101715,GUEST101715,2026-06-25,2026-06-29,KING,PKG,PKG_DLX,MODIFIED,4,235088,INR,2026-05-11 03:20:11,2026-05-11 05:34:11
RES101716,BLR001,CNF101716,GUEST101716,2026-06-15,2026-06-18,DLX,PREPAY,PPR_STD,BOOKED,4,133920,INR,2026-05-11 07:45:56,2026-05-11 09:57:56
RES101717,KER001,CNF101717,GUEST101717,2026-06-17,2026-06-22,STD,PKG,PKG_DLX,BOOKED,2,128690,INR,2026-05-11 04:05:03,2026-05-11 06:49:03
RES101718,CHN001,CNF101718,GUEST101718,2026-05-30,2026-06-02,KING,CORP,CORP_STD,BOOKED,1,22755,INR,2026-05-11 21:46:23,2026-05-12 00:27:23
RES101719,KOL001,CNF101719,GUEST101719,2026-06-10,2026-06-11,DLX,PREPAY,PPR_STD,MODIFIED,2,13796,INR,2026-05-11 16:10:06,2026-05-11 19:10:06
RES101720,DEL002,CNF101720,GUEST101720,2026-05-18,2026-05-20,DLX,MEMBER,MEM_STD,BOOKED,1,16122,INR,2026-05-11 02:57:13,2026-05-11 05:04:13
RES101721,DEL001,CNF101721,GUEST101721,2026-05-28,2026-05-29,DLX,MEMBER,MEM_STD,BOOKED,2,8126,INR,2026-05-11 00:15:01,2026-05-11 03:13:01
RES101722,BLR001,CNF101722,GUEST101722,2026-06-15,2026-06-18,KING,MEMBER,MEM_STD,BOOKED,2,65826,INR,2026-05-11 15:51:20,2026-05-11 16:39:20
RES101723,HYD001,CNF101723,GUEST101723,2026-05-31,2026-06-05,STE,BAR,BAR_DLX,MODIFIED,2,89900,INR,2026-05-11 14:50:10,2026-05-11 17:03:10
RES101724,DEL001,CNF101724,GUEST101724,2026-06-21,2026-06-24,STD,CORP,CORP_DLX,CANCELLED,1,0,INR,2026-05-11 20:20:40,2026-05-11 22:01:40
RES101725,KOL001,CNF101725,GUEST101725,2026-06-25,2026-06-28,STD,MEMBER,MEM_DLX,CANCELLED,4,0,INR,2026-05-11 05:26:22,2026-05-11 05:37:22
RES101726,MUM002,CNF101726,GUEST101726,2026-05-18,2026-05-21,KING,PREPAY,PPR_STD,BOOKED,3,74097,INR,2026-05-11 11:44:55,2026-05-11 13:28:55
RES101727,KER001,CNF101727,GUEST101727,2026-07-04,2026-07-09,STD,MEMBER,MEM_DLX,BOOKED,1,63265,INR,2026-05-11 11:06:15,2026-05-11 11:34:15
RES101728,CHA001,CNF101728,GUEST101728,2026-06-17,2026-06-20,DLX,CORP,CORP_DLX,CANCELLED,3,0,INR,2026-05-11 22:13:55,2026-05-11 22:26:55
RES101729,BLR001,CNF101729,GUEST101729,2026-05-20,2026-05-24,STE,PREPAY,PPR_DLX,MODIFIED,1,26084,INR,2026-05-11 01:18:30,2026-05-11 04:18:30
RES101730,CHN001,CNF101730,GUEST101730,2026-06-01,2026-06-05,STD,BAR,BAR_STD,CANCELLED,2,0,INR,2026-05-11 15:26:07,2026-05-11 16:46:07
RES101731,BLR001,CNF101731,GUEST101731,2026-06-26,2026-06-28,KING,MEMBER,MEM_DLX,MODIFIED,4,74552,INR,2026-05-11 10:51:35,2026-05-11 11:56:35
RES101732,MUM002,CNF101732,GUEST101732,2026-07-04,2026-07-07,KING,CORP,CORP_DLX,MODIFIED,4,97860,INR,2026-05-11 13:51:51,2026-05-11 15:05:51
RES101733,BLR002,CNF101733,GUEST101733,2026-06-27,2026-06-28,STD,PKG,PKG_STD,CANCELLED,2,0,INR,2026-05-11 02:52:30,2026-05-11 03:00:30
RES101734,CHA001,CNF101734,GUEST101734,2026-06-29,2026-07-02,STD,PKG,PKG_STD,BOOKED,2,60624,INR,2026-05-11 16:25:41,2026-05-11 18:16:41
RES101735,CHA001,CNF101735,GUEST101735,2026-07-06,2026-07-10,STE,MEMBER,MEM_STD,MODIFIED,1,28268,INR,2026-05-11 18:22:50,2026-05-11 18:35:50
RES101736,DEL002,CNF101736,GUEST101736,2026-07-06,2026-07-07,STE,CORP,CORP_DLX,CANCELLED,2,0,INR,2026-05-11 21:01:06,2026-05-11 22:02:06
RES101737,CHA001,CNF101737,GUEST101737,2026-06-17,2026-06-22,DLX,PREPAY,PPR_STD,MODIFIED,2,70490,INR,2026-05-11 04:51:50,2026-05-11 05:35:50
RES101738,BLR001,CNF101738,GUEST101738,2026-05-22,2026-05-23,STD,PREPAY,PPR_DLX,BOOKED,3,11307,INR,2026-05-11 03:03:10,2026-05-11 06:03:10
RES101739,BLR002,CNF101739,GUEST101739,2026-05-15,2026-05-19,DLX,MEMBER,MEM_DLX,CANCELLED,4,0,INR,2026-05-11 12:08:34,2026-05-11 13:10:34
RES101740,KER001,CNF101740,GUEST101740,2026-06-20,2026-06-25,STD,CORP,CORP_STD,CANCELLED,3,0,INR,2026-05-11 13:59:44,2026-05-11 16:00:44
RES101741,MUM001,CNF101741,GUEST101741,2026-05-29,2026-06-02,STD,CORP,CORP_DLX,BOOKED,4,239744,INR,2026-05-11 11:01:25,2026-05-11 13:05:25
RES101742,BLR001,CNF101742,GUEST101742,2026-07-06,2026-07-10,DLX,BAR,BAR_STD,BOOKED,4,103584,INR,2026-05-11 20:15:33,2026-05-11 21:02:33
RES101743,DEL001,CNF101743,GUEST101743,2026-06-08,2026-06-11,STE,PREPAY,PPR_DLX,MODIFIED,4,108156,INR,2026-05-11 22:42:04,2026-05-12 00:58:04
RES101744,CHN001,CNF101744,GUEST101744,2026-06-13,2026-06-16,STE,PREPAY,PPR_STD,MODIFIED,1,42102,INR,2026-05-11 12:51:41,2026-05-11 12:56:41
RES101745,KER001,CNF101745,GUEST101745,2026-05-15,2026-05-17,DLX,BAR,BAR_DLX,CANCELLED,3,0,INR,2026-05-11 04:24:50,2026-05-11 05:58:50
RES101746,CHN001,CNF101746,GUEST101746,2026-05-14,2026-05-18,KING,PREPAY,PPR_DLX,CANCELLED,1,0,INR,2026-05-11 22:35:19,2026-05-11 22:51:19
RES101747,HYD001,CNF101747,GUEST101747,2026-05-21,2026-05-26,STD,PKG,PKG_DLX,MODIFIED,2,38790,INR,2026-05-11 06:18:18,2026-05-11 07:04:18
RES101748,CHA001,CNF101748,GUEST101748,2026-06-04,2026-06-06,KING,BAR,BAR_DLX,CANCELLED,4,0,INR,2026-05-11 18:01:26,2026-05-11 19:31:26
RES101749,MUM002,CNF101749,GUEST101749,2026-06-09,2026-06-11,DLX,MEMBER,MEM_STD,BOOKED,1,16896,INR,2026-05-11 18:56:57,2026-05-11 20:43:57
RES101750,MUM001,CNF101750,GUEST101750,2026-07-06,2026-07-07,KING,MEMBER,MEM_DLX,CANCELLED,1,0,INR,2026-05-11 11:03:22,2026-05-11 13:05:22
RES101751,BLR002,CNF101751,GUEST101751,2026-05-17,2026-05-20,STD,PREPAY,PPR_STD,MODIFIED,2,77394,INR,2026-05-11 20:04:28,2026-05-11 21:36:28
RES101752,CHN001,CNF101752,GUEST101752,2026-05-30,2026-06-03,STD,PREPAY,PPR_STD,MODIFIED,4,237296,INR,2026-05-11 03:14:21,2026-05-11 03:43:21
RES101753,CHA001,CNF101753,GUEST101753,2026-07-08,2026-07-13,STD,CORP,CORP_STD,CANCELLED,1,0,INR,2026-05-11 06:02:16,2026-05-11 06:45:16
RES101754,BLR001,CNF101754,GUEST101754,2026-06-08,2026-06-13,DLX,MEMBER,MEM_DLX,MODIFIED,2,66010,INR,2026-05-11 20:54:42,2026-05-11 21:23:42
RES101755,MUM001,CNF101755,GUEST101755,2026-05-29,2026-05-30,STD,PREPAY,PPR_STD,CANCELLED,1,0,INR,2026-05-11 10:59:26,2026-05-11 12:19:26
RES101756,CHN001,CNF101756,GUEST101756,2026-05-18,2026-05-23,STD,PREPAY,PPR_DLX,MODIFIED,1,56000,INR,2026-05-11 18:02:55,2026-05-11 18:58:55
RES101757,KOL001,CNF101757,GUEST101757,2026-06-10,2026-06-15,KING,CORP,CORP_STD,CANCELLED,2,0,INR,2026-05-11 10:00:27,2026-05-11 12:57:27
RES101758,HYD001,CNF101758,GUEST101758,2026-07-06,2026-07-08,STE,MEMBER,MEM_STD,CANCELLED,2,0,INR,2026-05-11 21:07:44,2026-05-11 22:23:44
RES101759,BLR002,CNF101759,GUEST101759,2026-06-07,2026-06-08,STD,MEMBER,MEM_DLX,CANCELLED,4,0,INR,2026-05-11 02:46:15,2026-05-11 02:47:15
RES101760,CHN001,CNF101760,GUEST101760,2026-05-24,2026-05-25,KING,CORP,CORP_STD,MODIFIED,3,41073,INR,2026-05-11 09:48:47,2026-05-11 12:39:47
RES101761,CHN001,CNF101761,GUEST101761,2026-05-15,2026-05-19,KING,PKG,PKG_DLX,BOOKED,2,101432,INR,2026-05-11 08:56:02,2026-05-11 10:34:02
RES101762,CHA001,CNF101762,GUEST101762,2026-05-15,2026-05-17,STE,PKG,PKG_DLX,CANCELLED,4,0,INR,2026-05-11 06:11:55,2026-05-11 07:08:55
RES101763,MUM002,CNF101763,GUEST101763,2026-06-06,2026-06-08,KING,PREPAY,PPR_DLX,MODIFIED,4,84600,INR,2026-05-11 15:36:33,2026-05-11 17:22:33
RES101764,HYD001,CNF101764,GUEST101764,2026-05-12,2026-05-16,QUEEN,PREPAY,PPR_DLX,MODIFIED,1,44756,INR,2026-05-11 02:03:00,2026-05-11 04:04:00
RES101765,HYD001,CNF101765,GUEST101765,2026-05-24,2026-05-26,QUEEN,BAR,BAR_STD,MODIFIED,2,21616,INR,2026-05-11 12:02:40,2026-05-11 13:24:40
RES101766,BLR002,CNF101766,GUEST101766,2026-06-16,2026-06-20,QUEEN,PKG,PKG_STD,BOOKED,1,23976,INR,2026-05-11 22:31:50,2026-05-12 00:25:50
RES101767,KER001,CNF101767,GUEST101767,2026-06-08,2026-06-10,STD,MEMBER,MEM_DLX,MODIFIED,3,78138,INR,2026-05-11 18:39:47,2026-05-11 20:21:47
RES101768,BLR001,CNF101768,GUEST101768,2026-07-05,2026-07-08,DLX,PKG,PKG_STD,BOOKED,1,31734,INR,2026-05-11 20:52:03,2026-05-11 22:04:03
RES101769,BLR001,CNF101769,GUEST101769,2026-06-16,2026-06-17,KING,CORP,CORP_DLX,CANCELLED,3,0,INR,2026-05-11 20:50:50,2026-05-11 21:49:50
RES101770,KOL001,CNF101770,GUEST101770,2026-06-27,2026-07-02,STE,PREPAY,PPR_STD,BOOKED,4,87380,INR,2026-05-11 00:10:50,2026-05-11 02:59:50
RES101771,KOL001,CNF101771,GUEST101771,2026-05-26,2026-05-29,KING,PKG,PKG_DLX,MODIFIED,1,41055,INR,2026-05-11 23:41:06,2026-05-12 01:40:06
RES101772,MUM001,CNF101772,GUEST101772,2026-05-23,2026-05-25,DLX,MEMBER,MEM_DLX,MODIFIED,2,31260,INR,2026-05-11 00:01:32,2026-05-11 02:14:32
RES101773,HYD001,CNF101773,GUEST101773,2026-05-13,2026-05-14,STD,CORP,CORP_STD,CANCELLED,3,0,INR,2026-05-11 08:19:31,2026-05-11 11:18:31
RES101774,DEL002,CNF101774,GUEST101774,2026-05-31,2026-06-03,STD,PREPAY,PPR_STD,MODIFIED,1,10908,INR,2026-05-11 05:33:20,2026-05-11 07:12:20
RES101775,CHN001,CNF101775,GUEST101775,2026-05-30,2026-05-31,KING,PREPAY,PPR_STD,CANCELLED,2,0,INR,2026-05-11 21:58:37,2026-05-12 00:37:37
RES101776,CHA001,CNF101776,GUEST101776,2026-05-25,2026-05-27,DLX,MEMBER,MEM_DLX,CANCELLED,4,0,INR,2026-05-11 08:34:14,2026-05-11 10:49:14
RES101777,HYD001,CNF101777,GUEST101777,2026-07-06,2026-07-09,STE,PREPAY,PPR_STD,BOOKED,2,35940,INR,2026-05-11 04:13:42,2026-05-11 05:10:42
RES101778,BLR002,CNF101778,GUEST101778,2026-06-30,2026-07-01,STD,BAR,BAR_STD,MODIFIED,4,33812,INR,2026-05-11 17:56:00,2026-05-11 19:04:00
RES101779,BLR001,CNF101779,GUEST101779,2026-05-30,2026-06-02,STE,BAR,BAR_DLX,CANCELLED,4,0,INR,2026-05-11 22:15:59,2026-05-11 23:51:59
RES101780,HYD001,CNF101780,GUEST101780,2026-06-17,2026-06-22,KING,MEMBER,MEM_DLX,BOOKED,2,118290,INR,2026-05-11 03:46:51,2026-05-11 06:33:51
RES101781,CHN001,CNF101781,GUEST101781,2026-05-16,2026-05-21,STE,CORP,CORP_DLX,CANCELLED,1,0,INR,2026-05-11 08:58:04,2026-05-11 11:03:04
RES101782,DEL001,CNF101782,GUEST101782,2026-05-31,2026-06-03,KING,BAR,BAR_DLX,BOOKED,1,27030,INR,2026-05-11 00:13:55,2026-05-11 00:35:55
RES101783,DEL002,CNF101783,GUEST101783,2026-05-17,2026-05-20,DLX,PKG,PKG_STD,CANCELLED,1,0,INR,2026-05-11 04:10:50,2026-05-11 07:04:50
RES101784,DEL001,CNF101784,GUEST101784,2026-06-01,2026-06-03,STE,PREPAY,PPR_DLX,MODIFIED,2,40860,INR,2026-05-11 11:03:55,2026-05-11 12:09:55
RES101785,DEL001,CNF101785,GUEST101785,2026-06-12,2026-06-15,QUEEN,PKG,PKG_DLX,CANCELLED,1,0,INR,2026-05-11 23:35:27,2026-05-12 01:42:27
RES101786,DEL001,CNF101786,GUEST101786,2026-05-27,2026-06-01,STE,PKG,PKG_DLX,CANCELLED,4,0,INR,2026-05-11 07:31:41,2026-05-11 08:18:41
RES101787,BLR001,CNF101787,GUEST101787,2026-05-28,2026-06-01,QUEEN,MEMBER,MEM_DLX,CANCELLED,1,0,INR,2026-05-11 15:36:09,2026-05-11 16:47:09
RES101788,CHN001,CNF101788,GUEST101788,2026-05-31,2026-06-05,QUEEN,PKG,PKG_DLX,CANCELLED,1,0,INR,2026-05-11 20:57:59,2026-05-11 22:27:59
RES101789,BLR001,CNF101789,GUEST101789,2026-06-23,2026-06-27,STE,MEMBER,MEM_STD,MODIFIED,1,32124,INR,2026-05-11 06:37:04,2026-05-11 07:30:04
RES101790,CHN001,CNF101790,GUEST101790,2026-07-04,2026-07-09,KING,BAR,BAR_DLX,MODIFIED,4,90920,INR,2026-05-11 15:41:42,2026-05-11 15:41:42
RES101791,KER001,CNF101791,GUEST101791,2026-05-24,2026-05-25,KING,BAR,BAR_DLX,CANCELLED,1,0,INR,2026-05-11 09:58:50,2026-05-11 10:44:50
RES101792,KOL001,CNF101792,GUEST101792,2026-05-29,2026-06-02,DLX,CORP,CORP_STD,BOOKED,4,229808,INR,2026-05-11 21:35:40,2026-05-11 23:47:40
RES101793,DEL001,CNF101793,GUEST101793,2026-06-24,2026-06-27,STE,PREPAY,PPR_DLX,CANCELLED,4,0,INR,2026-05-11 22:51:12,2026-05-12 01:13:12
RES101794,KER001,CNF101794,GUEST101794,2026-05-25,2026-05-28,STD,CORP,CORP_STD,CANCELLED,3,0,INR,2026-05-11 01:15:02,2026-05-11 01:52:02
RES101795,HYD001,CNF101795,GUEST101795,2026-07-03,2026-07-08,KING,BAR,BAR_DLX,MODIFIED,1,47950,INR,2026-05-11 10:41:14,2026-05-11 12:31:14
RES101796,CHN001,CNF101796,GUEST101796,2026-06-02,2026-06-04,STE,CORP,CORP_DLX,CANCELLED,3,0,INR,2026-05-11 04:02:19,2026-05-11 05:43:19
RES101797,KOL001,CNF101797,GUEST101797,2026-05-16,2026-05-19,STE,CORP,CORP_STD,MODIFIED,4,79476,INR,2026-05-11 16:13:38,2026-05-11 16:35:38
RES101798,DEL002,CNF101798,GUEST101798,2026-06-03,2026-06-07,STD,BAR,BAR_STD,MODIFIED,3,127824,INR,2026-05-11 16:48:46,2026-05-11 17:12:46
RES101799,HYD001,CNF101799,GUEST101799,2026-07-07,2026-07-11,KING,PREPAY,PPR_STD,MODIFIED,1,17800,INR,2026-05-11 10:31:37,2026-05-11 12:47:37
RES101800,HYD001,CNF101800,GUEST101800,2026-06-02,2026-06-03,STE,PREPAY,PPR_STD,BOOKED,3,39774,INR,2026-05-11 22:48:26,2026-05-12 01:16:26
RES101801,CHA001,CNF101801,GUEST101801,2026-06-04,2026-06-05,STE,PKG,PKG_DLX,MODIFIED,2,10206,INR,2026-05-11 16:58:56,2026-05-11 18:26:56
RES101802,CHN001,CNF101802,GUEST101802,2026-06-27,2026-06-28,STE,PKG,PKG_STD,BOOKED,3,35664,INR,2026-05-11 01:09:12,2026-05-11 02:51:12
RES101803,HYD001,CNF101803,GUEST101803,2026-06-30,2026-07-03,KING,CORP,CORP_STD,BOOKED,3,84060,INR,2026-05-11 07:19:29,2026-05-11 07:38:29
RES101804,DEL002,CNF101804,GUEST101804,2026-05-27,2026-05-31,QUEEN,PREPAY,PPR_DLX,MODIFIED,4,126528,INR,2026-05-11 21:30:01,2026-05-11 22:47:01
RES101805,CHA001,CNF101805,GUEST101805,2026-06-26,2026-06-29,DLX,MEMBER,MEM_DLX,BOOKED,2,44544,INR,2026-05-11 00:30:57,2026-05-11 01:31:57
RES101806,HYD001,CNF101806,GUEST101806,2026-06-29,2026-07-03,DLX,MEMBER,MEM_STD,MODIFIED,4,219840,INR,2026-05-11 17:09:39,2026-05-11 17:44:39
RES101807,KOL001,CNF101807,GUEST101807,2026-06-03,2026-06-04,STE,BAR,BAR_DLX,MODIFIED,1,7586,INR,2026-05-11 15:33:07,2026-05-11 17:34:07
RES101808,CHN001,CNF101808,GUEST101808,2026-06-18,2026-06-22,KING,PKG,PKG_DLX,BOOKED,1,43456,INR,2026-05-11 13:33:50,2026-05-11 14:14:50
RES101809,BLR002,CNF101809,GUEST101809,2026-06-25,2026-06-30,STD,MEMBER,MEM_STD,MODIFIED,4,209420,INR,2026-05-11 09:53:14,2026-05-11 12:28:14
RES101810,MUM001,CNF101810,GUEST101810,2026-06-28,2026-07-03,DLX,PKG,PKG_DLX,MODIFIED,2,62480,INR,2026-05-11 11:59:00,2026-05-11 13:09:00
RES101811,MUM001,CNF101811,GUEST101811,2026-06-22,2026-06-24,QUEEN,PREPAY,PPR_STD,MODIFIED,4,37408,INR,2026-05-11 16:43:23,2026-05-11 18:02:23
RES101812,KER001,CNF101812,GUEST101812,2026-06-01,2026-06-02,STE,PREPAY,PPR_DLX,MODIFIED,2,9696,INR,2026-05-11 17:39:29,2026-05-11 19:57:29
RES101813,DEL002,CNF101813,GUEST101813,2026-06-05,2026-06-07,QUEEN,MEMBER,MEM_STD,CANCELLED,3,0,INR,2026-05-11 03:07:32,2026-05-11 03:40:32
RES101814,BLR001,CNF101814,GUEST101814,2026-05-24,2026-05-26,DLX,MEMBER,MEM_DLX,CANCELLED,3,0,INR,2026-05-11 20:10:11,2026-05-11 22:55:11
RES101815,KOL001,CNF101815,GUEST101815,2026-05-25,2026-05-30,STD,PKG,PKG_DLX,MODIFIED,2,121280,INR,2026-05-11 01:18:21,2026-05-11 03:45:21
RES101816,BLR002,CNF101816,GUEST101816,2026-06-06,2026-06-07,QUEEN,CORP,CORP_STD,CANCELLED,3,0,INR,2026-05-11 07:54:13,2026-05-11 08:47:13
RES101817,KER001,CNF101817,GUEST101817,2026-06-15,2026-06-17,QUEEN,CORP,CORP_STD,CANCELLED,2,0,INR,2026-05-11 11:36:09,2026-05-11 12:41:09
RES101818,KOL001,CNF101818,GUEST101818,2026-05-15,2026-05-16,STE,PREPAY,PPR_STD,MODIFIED,4,33312,INR,2026-05-11 01:06:43,2026-05-11 01:17:43
RES101819,CHN001,CNF101819,GUEST101819,2026-07-04,2026-07-08,QUEEN,MEMBER,MEM_DLX,MODIFIED,3,69828,INR,2026-05-11 01:37:14,2026-05-11 03:39:14
RES101820,KER001,CNF101820,GUEST101820,2026-05-28,2026-05-29,QUEEN,BAR,BAR_DLX,BOOKED,1,12928,INR,2026-05-11 03:24:55,2026-05-11 06:01:55
RES101821,MUM001,CNF101821,GUEST101821,2026-06-05,2026-06-10,KING,PREPAY,PPR_DLX,MODIFIED,1,27120,INR,2026-05-11 16:35:34,2026-05-11 18:13:34
RES101822,CHN001,CNF101822,GUEST101822,2026-07-07,2026-07-09,QUEEN,BAR,BAR_DLX,CANCELLED,2,0,INR,2026-05-11 07:42:30,2026-05-11 07:47:30
RES101823,MUM001,CNF101823,GUEST101823,2026-05-27,2026-05-29,QUEEN,CORP,CORP_DLX,CANCELLED,1,0,INR,2026-05-11 15:18:50,2026-05-11 15:50:50
RES101824,CHA001,CNF101824,GUEST101824,2026-06-24,2026-06-27,DLX,PREPAY,PPR_STD,CANCELLED,1,0,INR,2026-05-11 21:16:10,2026-05-11 22:19:10
RES101825,BLR002,CNF101825,GUEST101825,2026-05-26,2026-05-28,KING,BAR,BAR_DLX,BOOKED,2,21916,INR,2026-05-11 16:57:27,2026-05-11 18:21:27
RES101826,BLR001,CNF101826,GUEST101826,2026-06-04,2026-06-09,KING,MEMBER,MEM_STD,MODIFIED,1,38350,INR,2026-05-11 20:11:09,2026-05-11 22:29:09
RES101827,CHN001,CNF101827,GUEST101827,2026-05-28,2026-06-01,STE,PREPAY,PPR_DLX,MODIFIED,1,28568,INR,2026-05-11 15:41:46,2026-05-11 16:54:46
RES101828,MUM001,CNF101828,GUEST101828,2026-06-01,2026-06-06,STE,MEMBER,MEM_STD,BOOKED,1,39060,INR,2026-05-11 10:32:34,2026-05-11 12:46:34
RES101829,CHN001,CNF101829,GUEST101829,2026-07-10,2026-07-11,STE,MEMBER,MEM_STD,MODIFIED,4,59256,INR,2026-05-11 01:49:54,2026-05-11 02:42:54
RES101830,CHN001,CNF101830,GUEST101830,2026-06-06,2026-06-09,KING,BAR,BAR_STD,CANCELLED,3,0,INR,2026-05-11 07:22:55,2026-05-11 08:16:55
RES101831,KOL001,CNF101831,GUEST101831,2026-07-10,2026-07-15,STD,PKG,PKG_STD,MODIFIED,4,277420,INR,2026-05-11 08:01:30,2026-05-11 08:30:30
RES101832,MUM001,CNF101832,GUEST101832,2026-07-03,2026-07-06,STE,PREPAY,PPR_STD,BOOKED,4,60732,INR,2026-05-11 21:55:37,2026-05-12 00:44:37
RES101833,DEL002,CNF101833,GUEST101833,2026-06-04,2026-06-09,KING,BAR,BAR_STD,MODIFIED,3,105810,INR,2026-05-11 17:13:29,2026-05-11 19:43:29
RES101834,MUM002,CNF101834,GUEST101834,2026-06-03,2026-06-06,DLX,PREPAY,PPR_STD,CANCELLED,1,0,INR,2026-05-11 22:10:06,2026-05-11 23:45:06
RES101835,BLR001,CNF101835,GUEST101835,2026-07-05,2026-07-07,QUEEN,PKG,PKG_STD,MODIFIED,4,87056,INR,2026-05-11 02:12:40,2026-05-11 02:31:40
RES101836,BLR001,CNF101836,GUEST101836,2026-05-31,2026-06-05,STE,PREPAY,PPR_DLX,BOOKED,3,165180,INR,2026-05-11 21:27:21,2026-05-12 00:00:21
RES101837,KOL001,CNF101837,GUEST101837,2026-06-10,2026-06-11,STE,PREPAY,PPR_STD,MODIFIED,4,24388,INR,2026-05-11 08:08:10,2026-05-11 08:59:10
RES101838,HYD001,CNF101838,GUEST101838,2026-07-08,2026-07-11,QUEEN,CORP,CORP_DLX,CANCELLED,1,0,INR,2026-05-11 20:23:38,2026-05-11 20:51:38
RES101839,CHN001,CNF101839,GUEST101839,2026-05-23,2026-05-26,DLX,PKG,PKG_DLX,BOOKED,1,20454,INR,2026-05-11 19:35:32,2026-05-11 20:01:32
RES101840,CHN001,CNF101840,GUEST101840,2026-05-27,2026-05-30,KING,PREPAY,PPR_DLX,MODIFIED,3,111078,INR,2026-05-11 00:54:21,2026-05-11 03:43:21
RES101841,MUM001,CNF101841,GUEST101841,2026-05-17,2026-05-18,QUEEN,BAR,BAR_STD,MODIFIED,4,49412,INR,2026-05-11 01:18:21,2026-05-11 03:06:21
RES101842,DEL001,CNF101842,GUEST101842,2026-05-29,2026-06-01,KING,PKG,PKG_DLX,MODIFIED,3,50931,INR,2026-05-11 11:42:34,2026-05-11 14:04:34
RES101843,DEL002,CNF101843,GUEST101843,2026-05-22,2026-05-23,KING,MEMBER,MEM_STD,BOOKED,2,16204,INR,2026-05-11 14:56:52,2026-05-11 17:09:52
RES101844,CHA001,CNF101844,GUEST101844,2026-07-06,2026-07-07,DLX,BAR,BAR_DLX,CANCELLED,1,0,INR,2026-05-11 20:58:53,2026-05-11 21:27:53
RES101845,DEL001,CNF101845,GUEST101845,2026-06-09,2026-06-14,STE,PREPAY,PPR_DLX,BOOKED,3,71880,INR,2026-05-11 14:40:26,2026-05-11 15:27:26
RES101846,MUM001,CNF101846,GUEST101846,2026-06-19,2026-06-24,KING,BAR,BAR_STD,MODIFIED,3,108915,INR,2026-05-11 21:57:27,2026-05-11 23:29:27
RES101847,CHN001,CNF101847,GUEST101847,2026-06-29,2026-07-01,KING,BAR,BAR_STD,BOOKED,1,18302,INR,2026-05-11 03:47:34,2026-05-11 05:30:34
RES101848,MUM001,CNF101848,GUEST101848,2026-05-18,2026-05-23,DLX,BAR,BAR_STD,MODIFIED,3,221910,INR,2026-05-11 03:51:09,2026-05-11 06:06:09
RES101849,BLR001,CNF101849,GUEST101849,2026-05-14,2026-05-17,DLX,CORP,CORP_DLX,CANCELLED,1,0,INR,2026-05-11 11:59:46,2026-05-11 13:12:46
RES101850,BLR002,CNF101850,GUEST101850,2026-05-20,2026-05-24,KING,BAR,BAR_DLX,MODIFIED,2,87392,INR,2026-05-11 09:54:53,2026-05-11 09:58:53
RES101851,DEL001,CNF101851,GUEST101851,2026-05-21,2026-05-25,DLX,BAR,BAR_STD,BOOKED,3,42204,INR,2026-05-11 23:38:05,2026-05-12 00:13:05
RES101852,MUM002,CNF101852,GUEST101852,2026-06-25,2026-06-28,QUEEN,PREPAY,PPR_STD,MODIFIED,2,22710,INR,2026-05-11 05:10:41,2026-05-11 07:18:41
RES101853,CHA001,CNF101853,GUEST101853,2026-05-13,2026-05-16,DLX,BAR,BAR_DLX,BOOKED,1,30471,INR,2026-05-11 04:28:33,2026-05-11 05:43:33
RES101854,MUM002,CNF101854,GUEST101854,2026-05-30,2026-06-03,STD,CORP,CORP_STD,BOOKED,4,120144,INR,2026-05-11 13:47:01,2026-05-11 14:22:01
RES101855,DEL001,CNF101855,GUEST101855,2026-07-03,2026-07-07,DLX,BAR,BAR_DLX,MODIFIED,3,96732,INR,2026-05-11 00:35:16,2026-05-11 02:43:16
RES101856,BLR002,CNF101856,GUEST101856,2026-06-16,2026-06-19,STD,CORP,CORP_DLX,MODIFIED,3,31770,INR,2026-05-11 13:01:57,2026-05-11 13:42:57
RES101857,KER001,CNF101857,GUEST101857,2026-06-28,2026-06-29,DLX,PREPAY,PPR_STD,MODIFIED,2,12266,INR,2026-05-11 17:03:08,2026-05-11 19:19:08
RES101858,CHN001,CNF101858,GUEST101858,2026-05-28,2026-06-02,STD,MEMBER,MEM_DLX,BOOKED,1,66635,INR,2026-05-11 02:47:51,2026-05-11 05:15:51
RES101859,CHA001,CNF101859,GUEST101859,2026-06-10,2026-06-12,KING,MEMBER,MEM_DLX,CANCELLED,4,0,INR,2026-05-11 09:57:05,2026-05-11 12:21:05
RES101860,MUM001,CNF101860,GUEST101860,2026-06-22,2026-06-24,STE,PKG,PKG_STD,CANCELLED,4,0,INR,2026-05-11 15:10:02,2026-05-11 17:04:02
RES101861,CHN001,CNF101861,GUEST101861,2026-06-15,2026-06-20,STD,PKG,PKG_DLX,MODIFIED,1,58545,INR,2026-05-11 13:45:34,2026-05-11 16:12:34
RES101862,DEL002,CNF101862,GUEST101862,2026-07-05,2026-07-10,KING,PREPAY,PPR_DLX,MODIFIED,3,165090,INR,2026-05-11 21:26:05,2026-05-11 22:42:05
RES101863,BLR001,CNF101863,GUEST101863,2026-07-07,2026-07-12,KING,PKG,PKG_DLX,MODIFIED,3,111495,INR,2026-05-11 14:22:20,2026-05-11 15:07:20
RES101864,DEL001,CNF101864,GUEST101864,2026-05-23,2026-05-26,STD,PKG,PKG_DLX,BOOKED,2,40728,INR,2026-05-11 06:20:48,2026-05-11 08:31:48
RES101865,DEL001,CNF101865,GUEST101865,2026-06-12,2026-06-16,DLX,CORP,CORP_DLX,CANCELLED,4,0,INR,2026-05-11 05:13:56,2026-05-11 06:39:56
RES101866,BLR001,CNF101866,GUEST101866,2026-06-19,2026-06-20,STE,PREPAY,PPR_STD,BOOKED,2,29712,INR,2026-05-11 06:55:15,2026-05-11 07:24:15
RES101867,MUM002,CNF101867,GUEST101867,2026-05-22,2026-05-27,STE,PKG,PKG_DLX,CANCELLED,2,0,INR,2026-05-11 20:04:10,2026-05-11 21:15:10
RES101868,HYD001,CNF101868,GUEST101868,2026-07-08,2026-07-12,STE,BAR,BAR_DLX,MODIFIED,4,101920,INR,2026-05-11 09:50:54,2026-05-11 10:45:54
RES101869,MUM002,CNF101869,GUEST101869,2026-07-01,2026-07-04,STE,CORP,CORP_DLX,MODIFIED,4,106560,INR,2026-05-11 23:33:29,2026-05-12 01:42:29
RES101870,BLR001,CNF101870,GUEST101870,2026-06-23,2026-06-24,DLX,MEMBER,MEM_DLX,MODIFIED,2,24676,INR,2026-05-11 22:58:19,2026-05-11 23:16:19
RES101871,BLR002,CNF101871,GUEST101871,2026-06-19,2026-06-21,STE,MEMBER,MEM_DLX,CANCELLED,3,0,INR,2026-05-11 15:39:21,2026-05-11 16:41:21
RES101872,MUM002,CNF101872,GUEST101872,2026-05-18,2026-05-20,KING,CORP,CORP_DLX,BOOKED,4,61920,INR,2026-05-11 14:37:51,2026-05-11 14:38:51
RES101873,CHA001,CNF101873,GUEST101873,2026-06-19,2026-06-24,STE,CORP,CORP_STD,MODIFIED,3,155520,INR,2026-05-11 05:00:12,2026-05-11 05:46:12
RES101874,HYD001,CNF101874,GUEST101874,2026-05-22,2026-05-25,STE,BAR,BAR_DLX,MODIFIED,1,12534,INR,2026-05-11 05:32:28,2026-05-11 08:19:28
RES101875,BLR002,CNF101875,GUEST101875,2026-06-09,2026-06-12,STE,PREPAY,PPR_DLX,CANCELLED,1,0,INR,2026-05-11 01:37:40,2026-05-11 01:49:40
RES101876,KER001,CNF101876,GUEST101876,2026-06-14,2026-06-16,QUEEN,MEMBER,MEM_STD,CANCELLED,4,0,INR,2026-05-11 11:28:11,2026-05-11 14:24:11
RES101877,BLR001,CNF101877,GUEST101877,2026-07-07,2026-07-10,STD,MEMBER,MEM_DLX,CANCELLED,1,0,INR,2026-05-11 23:47:02,2026-05-11 23:54:02
RES101878,HYD001,CNF101878,GUEST101878,2026-07-09,2026-07-14,DLX,PKG,PKG_STD,CANCELLED,4,0,INR,2026-05-11 15:53:36,2026-05-11 16:51:36
RES101879,MUM002,CNF101879,GUEST101879,2026-07-02,2026-07-03,STD,MEMBER,MEM_STD,CANCELLED,1,0,INR,2026-05-11 11:32:11,2026-05-11 14:08:11
RES101880,BLR002,CNF101880,GUEST101880,2026-07-09,2026-07-12,KING,PREPAY,PPR_STD,CANCELLED,1,0,INR,2026-05-11 08:09:02,2026-05-11 09:08:02
RES101881,MUM002,CNF101881,GUEST101881,2026-06-03,2026-06-08,QUEEN,PKG,PKG_DLX,CANCELLED,3,0,INR,2026-05-11 15:58:33,2026-05-11 16:04:33
RES101882,BLR001,CNF101882,GUEST101882,2026-06-18,2026-06-21,QUEEN,PREPAY,PPR_STD,CANCELLED,1,0,INR,2026-05-11 09:37:30,2026-05-11 12:20:30
RES101883,MUM002,CNF101883,GUEST101883,2026-05-16,2026-05-19,STE,PREPAY,PPR_DLX,BOOKED,4,72072,INR,2026-05-11 04:13:11,2026-05-11 06:02:11
RES101884,HYD001,CNF101884,GUEST101884,2026-07-02,2026-07-04,DLX,MEMBER,MEM_DLX,BOOKED,1,20910,INR,2026-05-11 21:49:00,2026-05-11 22:35:00
RES101885,MUM001,CNF101885,GUEST101885,2026-06-17,2026-06-18,STD,PKG,PKG_DLX,CANCELLED,3,0,INR,2026-05-11 04:48:59,2026-05-11 06:09:59
RES101886,BLR001,CNF101886,GUEST101886,2026-06-25,2026-06-30,KING,BAR,BAR_DLX,MODIFIED,4,70520,INR,2026-05-11 01:47:11,2026-05-11 04:30:11
RES101887,CHA001,CNF101887,GUEST101887,2026-06-16,2026-06-20,STD,PREPAY,PPR_DLX,BOOKED,4,148064,INR,2026-05-11 18:36:34,2026-05-11 21:01:34
RES101888,KER001,CNF101888,GUEST101888,2026-06-10,2026-06-11,STD,PKG,PKG_DLX,MODIFIED,2,20122,INR,2026-05-11 13:36:14,2026-05-11 15:36:14
RES101889,CHN001,CNF101889,GUEST101889,2026-05-18,2026-05-19,DLX,CORP,CORP_STD,BOOKED,1,5792,INR,2026-05-11 01:06:52,2026-05-11 02:00:52
RES101890,DEL001,CNF101890,GUEST101890,2026-06-20,2026-06-22,STD,PREPAY,PPR_STD,MODIFIED,2,43712,INR,2026-05-11 15:08:55,2026-05-11 15:17:55
RES101891,KOL001,CNF101891,GUEST101891,2026-06-24,2026-06-27,STD,CORP,CORP_STD,BOOKED,3,102987,INR,2026-05-11 06:31:06,2026-05-11 09:12:06
RES101892,DEL001,CNF101892,GUEST101892,2026-06-23,2026-06-27,DLX,MEMBER,MEM_DLX,MODIFIED,4,85168,INR,2026-05-11 01:25:41,2026-05-11 02:36:41
RES101893,DEL001,CNF101893,GUEST101893,2026-06-21,2026-06-26,DLX,PKG,PKG_DLX,MODIFIED,2,62430,INR,2026-05-11 07:24:48,2026-05-11 08:57:48
RES101894,BLR002,CNF101894,GUEST101894,2026-07-06,2026-07-10,KING,CORP,CORP_STD,MODIFIED,2,69816,INR,2026-05-11 14:21:59,2026-05-11 17:04:59
RES101895,KER001,CNF101895,GUEST101895,2026-06-30,2026-07-03,QUEEN,PREPAY,PPR_STD,CANCELLED,1,0,INR,2026-05-11 04:12:20,2026-05-11 06:13:20
RES101896,BLR002,CNF101896,GUEST101896,2026-05-16,2026-05-17,STD,PREPAY,PPR_STD,CANCELLED,3,0,INR,2026-05-11 03:47:35,2026-05-11 06:13:35
RES101897,CHN001,CNF101897,GUEST101897,2026-05-30,2026-05-31,KING,MEMBER,MEM_DLX,CANCELLED,4,0,INR,2026-05-11 01:11:23,2026-05-11 01:46:23
RES101898,DEL001,CNF101898,GUEST101898,2026-07-01,2026-07-03,KING,PREPAY,PPR_STD,MODIFIED,3,62568,INR,2026-05-11 11:10:08,2026-05-11 11:46:08
RES101899,KER001,CNF101899,GUEST101899,2026-06-18,2026-06-22,STD,PREPAY,PPR_DLX,CANCELLED,2,0,INR,2026-05-11 18:15:32,2026-05-11 19:14:32
RES101900,DEL002,CNF101900,GUEST101900,2026-05-16,2026-05-17,STD,PKG,PKG_STD,BOOKED,3,10710,INR,2026-05-11 19:58:21,2026-05-11 22:20:21
RES101901,BLR001,CNF101901,GUEST101901,2026-07-03,2026-07-07,DLX,MEMBER,MEM_DLX,CANCELLED,1,0,INR,2026-05-11 02:09:53,2026-05-11 04:58:53
RES101902,MUM002,CNF101902,GUEST101902,2026-06-05,2026-06-08,STE,PKG,PKG_DLX,CANCELLED,3,0,INR,2026-05-11 02:22:24,2026-05-11 04:04:24
RES101903,KER001,CNF101903,GUEST101903,2026-05-28,2026-06-01,STD,PKG,PKG_DLX,BOOKED,3,102372,INR,2026-05-11 07:32:42,2026-05-11 09:03:42
RES101904,BLR001,CNF101904,GUEST101904,2026-07-08,2026-07-11,STD,BAR,BAR_STD,CANCELLED,4,0,INR,2026-05-11 04:05:47,2026-05-11 06:18:47
RES101905,BLR002,CNF101905,GUEST101905,2026-07-04,2026-07-09,QUEEN,CORP,CORP_DLX,BOOKED,3,65745,INR,2026-05-11 14:17:34,2026-05-11 15:38:34
RES101906,DEL001,CNF101906,GUEST101906,2026-07-08,2026-07-10,STD,PKG,PKG_DLX,CANCELLED,1,0,INR,2026-05-11 23:59:06,2026-05-12 00:30:06
RES101907,CHA001,CNF101907,GUEST101907,2026-07-03,2026-07-04,KING,MEMBER,MEM_STD,BOOKED,2,9510,INR,2026-05-11 18:49:44,2026-05-11 18:56:44
RES101908,CHN001,CNF101908,GUEST101908,2026-05-25,2026-05-26,KING,PREPAY,PPR_DLX,MODIFIED,4,56348,INR,2026-05-11 11:52:21,2026-05-11 13:18:21
RES101909,CHN001,CNF101909,GUEST101909,2026-05-27,2026-06-01,STD,PKG,PKG_STD,BOOKED,2,87910,INR,2026-05-11 18:41:46,2026-05-11 20:10:46
RES101910,MUM002,CNF101910,GUEST101910,2026-05-12,2026-05-17,KING,PREPAY,PPR_DLX,MODIFIED,4,106120,INR,2026-05-11 10:44:47,2026-05-11 12:50:47
RES101911,CHA001,CNF101911,GUEST101911,2026-05-19,2026-05-21,STD,MEMBER,MEM_DLX,BOOKED,4,70936,INR,2026-05-11 04:58:25,2026-05-11 05:20:25
RES101912,DEL002,CNF101912,GUEST101912,2026-05-12,2026-05-14,STD,PREPAY,PPR_STD,MODIFIED,1,23050,INR,2026-05-11 08:21:47,2026-05-11 08:58:47
RES101913,DEL002,CNF101913,GUEST101913,2026-06-03,2026-06-07,STE,BAR,BAR_STD,MODIFIED,4,211424,INR,2026-05-11 08:41:57,2026-05-11 09:08:57
RES101914,HYD001,CNF101914,GUEST101914,2026-06-04,2026-06-06,QUEEN,CORP,CORP_DLX,CANCELLED,3,0,INR,2026-05-11 04:13:07,2026-05-11 06:17:07
RES101915,HYD001,CNF101915,GUEST101915,2026-06-27,2026-07-01,KING,CORP,CORP_STD,BOOKED,1,20932,INR,2026-05-11 03:11:44,2026-05-11 05:30:44
RES101916,CHA001,CNF101916,GUEST101916,2026-07-06,2026-07-09,KING,PREPAY,PPR_DLX,CANCELLED,1,0,INR,2026-05-11 01:31:59,2026-05-11 02:30:59
RES101917,KOL001,CNF101917,GUEST101917,2026-05-14,2026-05-19,QUEEN,PREPAY,PPR_STD,CANCELLED,2,0,INR,2026-05-11 19:25:27,2026-05-11 21:45:27
RES101918,BLR001,CNF101918,GUEST101918,2026-06-07,2026-06-12,QUEEN,PREPAY,PPR_DLX,BOOKED,1,48880,INR,2026-05-11 05:29:26,2026-05-11 07:27:26
RES101919,KOL001,CNF101919,GUEST101919,2026-05-26,2026-05-28,DLX,PREPAY,PPR_STD,CANCELLED,2,0,INR,2026-05-11 07:37:21,2026-05-11 10:19:21
RES101920,CHA001,CNF101920,GUEST101920,2026-05-28,2026-06-01,STE,PKG,PKG_STD,BOOKED,1,23624,INR,2026-05-11 22:20:42,2026-05-12 00:29:42
RES101921,BLR002,CNF101921,GUEST101921,2026-06-13,2026-06-15,DLX,CORP,CORP_DLX,BOOKED,1,7766,INR,2026-05-11 08:23:24,2026-05-11 10:23:24
RES101922,KOL001,CNF101922,GUEST101922,2026-06-15,2026-06-20,QUEEN,PREPAY,PPR_STD,BOOKED,4,168140,INR,2026-05-11 00:30:27,2026-05-11 01:13:27
RES101923,DEL001,CNF101923,GUEST101923,2026-05-23,2026-05-28,DLX,PKG,PKG_DLX,BOOKED,3,84765,INR,2026-05-11 20:22:11,2026-05-11 23:07:11
RES101924,MUM001,CNF101924,GUEST101924,2026-06-08,2026-06-12,QUEEN,CORP,CORP_DLX,CANCELLED,1,0,INR,2026-05-11 05:10:36,2026-05-11 07:22:36
RES101925,DEL001,CNF101925,GUEST101925,2026-06-08,2026-06-12,STE,BAR,BAR_DLX,MODIFIED,3,104820,INR,2026-05-11 20:52:27,2026-05-11 20:54:27
RES101926,DEL002,CNF101926,GUEST101926,2026-07-10,2026-07-12,KING,PREPAY,PPR_DLX,MODIFIED,3,64632,INR,2026-05-11 07:07:40,2026-05-11 08:20:40
RES101927,KER001,CNF101927,GUEST101927,2026-06-29,2026-07-04,QUEEN,CORP,CORP_DLX,BOOKED,4,220060,INR,2026-05-11 23:02:33,2026-05-12 00:52:33
RES101928,DEL001,CNF101928,GUEST101928,2026-06-24,2026-06-28,KING,CORP,CORP_STD,CANCELLED,4,0,INR,2026-05-11 09:58:47,2026-05-11 11:32:47
RES101929,CHN001,CNF101929,GUEST101929,2026-06-18,2026-06-20,KING,BAR,BAR_STD,BOOKED,2,50976,INR,2026-05-11 06:26:36,2026-05-11 07:28:36
RES101930,KOL001,CNF101930,GUEST101930,2026-06-12,2026-06-15,KING,CORP,CORP_STD,BOOKED,3,56943,INR,2026-05-11 23:39:52,2026-05-12 01:52:52
RES101931,KOL001,CNF101931,GUEST101931,2026-07-09,2026-07-12,STE,BAR,BAR_DLX,CANCELLED,3,0,INR,2026-05-11 02:49:36,2026-05-11 03:25:36
RES101932,DEL002,CNF101932,GUEST101932,2026-06-14,2026-06-17,STD,PKG,PKG_STD,BOOKED,2,61230,INR,2026-05-11 10:27:04,2026-05-11 10:31:04
RES101933,BLR002,CNF101933,GUEST101933,2026-05-26,2026-05-30,STD,CORP,CORP_DLX,CANCELLED,3,0,INR,2026-05-11 09:57:02,2026-05-11 10:07:02
RES101934,MUM002,CNF101934,GUEST101934,2026-06-07,2026-06-09,KING,PREPAY,PPR_DLX,CANCELLED,3,0,INR,2026-05-11 00:44:27,2026-05-11 03:26:27
RES101935,KOL001,CNF101935,GUEST101935,2026-06-03,2026-06-07,STD,PREPAY,PPR_STD,MODIFIED,4,157616,INR,2026-05-11 03:40:47,2026-05-11 04:53:47
RES101936,MUM002,CNF101936,GUEST101936,2026-05-18,2026-05-21,KING,MEMBER,MEM_DLX,CANCELLED,2,0,INR,2026-05-11 01:58:31,2026-05-11 03:58:31
RES101937,BLR001,CNF101937,GUEST101937,2026-05-22,2026-05-24,QUEEN,PREPAY,PPR_STD,MODIFIED,2,43620,INR,2026-05-11 14:29:52,2026-05-11 16:25:52
RES101938,MUM002,CNF101938,GUEST101938,2026-06-27,2026-07-01,KING,MEMBER,MEM_DLX,BOOKED,2,56520,INR,2026-05-11 07:49:29,2026-05-11 08:50:29
RES101939,DEL001,CNF101939,GUEST101939,2026-06-09,2026-06-13,STE,PREPAY,PPR_STD,MODIFIED,1,51848,INR,2026-05-11 21:07:01,2026-05-11 22:12:01
RES101940,BLR002,CNF101940,GUEST101940,2026-06-13,2026-06-16,STE,MEMBER,MEM_STD,CANCELLED,3,0,INR,2026-05-11 01:02:24,2026-05-11 01:20:24
RES101941,MUM001,CNF101941,GUEST101941,2026-05-25,2026-05-28,DLX,BAR,BAR_DLX,CANCELLED,2,0,INR,2026-05-11 07:06:45,2026-05-11 08:31:45
RES101942,BLR002,CNF101942,GUEST101942,2026-05-13,2026-05-16,KING,CORP,CORP_DLX,BOOKED,3,134946,INR,2026-05-11 12:16:54,2026-05-11 14:44:54
RES101943,HYD001,CNF101943,GUEST101943,2026-05-20,2026-05-22,STD,CORP,CORP_STD,BOOKED,2,51160,INR,2026-05-11 06:02:27,2026-05-11 08:16:27
RES101944,CHN001,CNF101944,GUEST101944,2026-07-09,2026-07-14,QUEEN,CORP,CORP_DLX,MODIFIED,1,65650,INR,2026-05-11 20:36:17,2026-05-11 21:07:17
RES101945,CHN001,CNF101945,GUEST101945,2026-05-19,2026-05-21,STD,CORP,CORP_DLX,BOOKED,3,21708,INR,2026-05-11 12:14:36,2026-05-11 13:18:36
RES101946,MUM002,CNF101946,GUEST101946,2026-05-24,2026-05-25,STD,BAR,BAR_DLX,BOOKED,2,15860,INR,2026-05-11 17:50:50,2026-05-11 19:24:50
RES101947,DEL001,CNF101947,GUEST101947,2026-06-10,2026-06-11,DLX,MEMBER,MEM_DLX,BOOKED,4,20804,INR,2026-05-11 12:09:04,2026-05-11 14:03:04
RES101948,DEL001,CNF101948,GUEST101948,2026-06-29,2026-07-02,STD,BAR,BAR_STD,MODIFIED,1,33081,INR,2026-05-11 05:54:47,2026-05-11 07:03:47
RES101949,DEL002,CNF101949,GUEST101949,2026-05-31,2026-06-03,STD,PKG,PKG_DLX,BOOKED,2,31800,INR,2026-05-11 08:59:15,2026-05-11 11:34:15
RES101950,MUM001,CNF101950,GUEST101950,2026-06-16,2026-06-20,KING,MEMBER,MEM_STD,MODIFIED,4,175536,INR,2026-05-11 07:17:47,2026-05-11 08:54:47
RES101951,CHA001,CNF101951,GUEST101951,2026-06-20,2026-06-21,QUEEN,PREPAY,PPR_STD,MODIFIED,2,11080,INR,2026-05-11 15:01:28,2026-05-11 16:03:28
RES101952,DEL002,CNF101952,GUEST101952,2026-06-11,2026-06-13,STE,MEMBER,MEM_DLX,CANCELLED,3,0,INR,2026-05-11 18:34:39,2026-05-11 19:39:39
RES101953,CHN001,CNF101953,GUEST101953,2026-05-18,2026-05-22,DLX,PREPAY,PPR_STD,BOOKED,3,49032,INR,2026-05-11 23:17:27,2026-05-12 01:41:27
RES101954,BLR002,CNF101954,GUEST101954,2026-07-01,2026-07-05,QUEEN,PREPAY,PPR_DLX,CANCELLED,3,0,INR,2026-05-11 17:13:11,2026-05-11 18:41:11
RES101955,DEL001,CNF101955,GUEST101955,2026-05-16,2026-05-21,KING,BAR,BAR_STD,CANCELLED,3,0,INR,2026-05-11 01:41:34,2026-05-11 02:35:34
RES101956,MUM002,CNF101956,GUEST101956,2026-07-01,2026-07-06,STE,CORP,CORP_DLX,MODIFIED,4,161580,INR,2026-05-11 17:06:48,2026-05-11 19:54:48
RES101957,BLR002,CNF101957,GUEST101957,2026-05-14,2026-05-19,KING,PREPAY,PPR_DLX,MODIFIED,4,167420,INR,2026-05-11 10:50:30,2026-05-11 12:46:30
RES101958,DEL002,CNF101958,GUEST101958,2026-07-03,2026-07-08,DLX,PKG,PKG_STD,CANCELLED,3,0,INR,2026-05-11 09:28:44,2026-05-11 10:22:44
RES101959,HYD001,CNF101959,GUEST101959,2026-06-05,2026-06-09,DLX,PREPAY,PPR_DLX,CANCELLED,3,0,INR,2026-05-11 14:03:12,2026-05-11 16:34:12
RES101960,MUM001,CNF101960,GUEST101960,2026-07-10,2026-07-15,DLX,PKG,PKG_DLX,MODIFIED,4,114080,INR,2026-05-11 21:36:09,2026-05-11 22:00:09
RES101961,CHA001,CNF101961,GUEST101961,2026-05-28,2026-06-02,STE,PKG,PKG_STD,BOOKED,4,149400,INR,2026-05-11 04:28:45,2026-05-11 06:19:45
RES101962,HYD001,CNF101962,GUEST101962,2026-06-24,2026-06-27,KING,CORP,CORP_DLX,MODIFIED,4,105276,INR,2026-05-11 14:11:37,2026-05-11 16:45:37
RES101963,MUM001,CNF101963,GUEST101963,2026-07-03,2026-07-05,STE,MEMBER,MEM_DLX,CANCELLED,3,0,INR,2026-05-11 05:21:06,2026-05-11 08:17:06
RES101964,KOL001,CNF101964,GUEST101964,2026-07-05,2026-07-07,STD,MEMBER,MEM_DLX,CANCELLED,4,0,INR,2026-05-11 09:16:43,2026-05-11 10:24:43
RES101965,KOL001,CNF101965,GUEST101965,2026-06-26,2026-06-30,STE,PREPAY,PPR_STD,CANCELLED,3,0,INR,2026-05-11 04:54:02,2026-05-11 07:40:02
RES101966,DEL001,CNF101966,GUEST101966,2026-06-11,2026-06-16,DLX,CORP,CORP_DLX,CANCELLED,3,0,INR,2026-05-11 14:25:00,2026-05-11 16:40:00
RES101967,CHA001,CNF101967,GUEST101967,2026-06-24,2026-06-27,QUEEN,MEMBER,MEM_STD,CANCELLED,3,0,INR,2026-05-11 03:33:26,2026-05-11 04:18:26
RES101968,KER001,CNF101968,GUEST101968,2026-06-25,2026-06-30,KING,CORP,CORP_DLX,MODIFIED,2,106370,INR,2026-05-11 10:41:52,2026-05-11 12:48:52
RES101969,BLR002,CNF101969,GUEST101969,2026-05-18,2026-05-19,STD,PREPAY,PPR_STD,BOOKED,3,18366,INR,2026-05-11 17:50:56,2026-05-11 20:17:56
RES101970,DEL002,CNF101970,GUEST101970,2026-06-04,2026-06-08,QUEEN,MEMBER,MEM_DLX,MODIFIED,3,116544,INR,2026-05-11 09:35:13,2026-05-11 12:16:13
RES101971,MUM002,CNF101971,GUEST101971,2026-05-18,2026-05-23,DLX,PKG,PKG_DLX,BOOKED,2,52050,INR,2026-05-11 08:46:47,2026-05-11 11:30:47
RES101972,MUM002,CNF101972,GUEST101972,2026-05-12,2026-05-17,DLX,CORP,CORP_STD,BOOKED,4,264900,INR,2026-05-11 22:04:21,2026-05-11 22:15:21
RES101973,BLR002,CNF101973,GUEST101973,2026-05-15,2026-05-16,KING,MEMBER,MEM_DLX,CANCELLED,3,0,INR,2026-05-11 20:27:49,2026-05-11 22:50:49
RES101974,KOL001,CNF101974,GUEST101974,2026-07-10,2026-07-14,DLX,PKG,PKG_DLX,BOOKED,1,14844,INR,2026-05-11 07:25:15,2026-05-11 09:24:15
RES101975,MUM001,CNF101975,GUEST101975,2026-07-07,2026-07-08,STE,PKG,PKG_STD,MODIFIED,1,8872,INR,2026-05-11 17:12:15,2026-05-11 18:25:15
RES101976,BLR001,CNF101976,GUEST101976,2026-06-12,2026-06-16,STE,MEMBER,MEM_STD,BOOKED,1,21956,INR,2026-05-11 17:46:35,2026-05-11 18:18:35
RES101977,BLR002,CNF101977,GUEST101977,2026-06-12,2026-06-13,DLX,PKG,PKG_DLX,BOOKED,1,5288,INR,2026-05-11 08:25:00,2026-05-11 09:28:00
RES101978,DEL002,CNF101978,GUEST101978,2026-05-27,2026-05-29,DLX,CORP,CORP_DLX,MODIFIED,3,79644,INR,2026-05-11 11:10:36,2026-05-11 11:43:36
RES101979,BLR002,CNF101979,GUEST101979,2026-06-16,2026-06-17,STD,BAR,BAR_STD,CANCELLED,3,0,INR,2026-05-11 19:24:41,2026-05-11 21:47:41
RES101980,BLR001,CNF101980,GUEST101980,2026-06-15,2026-06-17,QUEEN,CORP,CORP_DLX,CANCELLED,4,0,INR,2026-05-11 02:18:02,2026-05-11 02:25:02
RES101981,CHA001,CNF101981,GUEST101981,2026-07-01,2026-07-02,QUEEN,PKG,PKG_DLX,MODIFIED,3,44913,INR,2026-05-11 05:39:59,2026-05-11 06:17:59
RES101982,CHN001,CNF101982,GUEST101982,2026-06-05,2026-06-07,STE,BAR,BAR_STD,BOOKED,1,16948,INR,2026-05-11 04:37:06,2026-05-11 05:11:06
RES101983,DEL001,CNF101983,GUEST101983,2026-07-10,2026-07-15,KING,PREPAY,PPR_STD,CANCELLED,3,0,INR,2026-05-11 08:52:39,2026-05-11 08:55:39
RES101984,DEL001,CNF101984,GUEST101984,2026-07-09,2026-07-10,STD,PREPAY,PPR_DLX,MODIFIED,4,40828,INR,2026-05-11 07:04:02,2026-05-11 08:13:02
RES101985,BLR002,CNF101985,GUEST101985,2026-07-01,2026-07-02,QUEEN,CORP,CORP_STD,MODIFIED,3,10785,INR,2026-05-11 20:48:51,2026-05-11 21:58:51
RES101986,CHN001,CNF101986,GUEST101986,2026-06-16,2026-06-18,STD,CORP,CORP_DLX,BOOKED,3,39090,INR,2026-05-11 09:35:16,2026-05-11 11:05:16
RES101987,CHA001,CNF101987,GUEST101987,2026-07-07,2026-07-12,DLX,MEMBER,MEM_STD,MODIFIED,4,113640,INR,2026-05-11 13:36:26,2026-05-11 14:12:26
RES101988,KOL001,CNF101988,GUEST101988,2026-06-06,2026-06-08,QUEEN,PKG,PKG_STD,CANCELLED,3,0,INR,2026-05-11 18:50:38,2026-05-11 19:46:38
RES101989,BLR001,CNF101989,GUEST101989,2026-05-16,2026-05-19,KING,PREPAY,PPR_STD,BOOKED,3,44955,INR,2026-05-11 07:06:56,2026-05-11 09:37:56
RES101990,DEL002,CNF101990,GUEST101990,2026-05-26,2026-05-29,STE,BAR,BAR_DLX,CANCELLED,1,0,INR,2026-05-11 03:40:58,2026-05-11 06:13:58
RES101991,CHA001,CNF101991,GUEST101991,2026-05-24,2026-05-27,STE,PKG,PKG_DLX,MODIFIED,3,125001,INR,2026-05-11 06:39:55,2026-05-11 06:43:55
RES101992,MUM002,CNF101992,GUEST101992,2026-06-18,2026-06-21,STD,MEMBER,MEM_STD,BOOKED,2,67332,INR,2026-05-11 06:13:19,2026-05-11 07:33:19
RES101993,MUM001,CNF101993,GUEST101993,2026-05-29,2026-06-01,KING,PKG,PKG_STD,BOOKED,2,85380,INR,2026-05-11 01:27:44,2026-05-11 02:18:44
RES101994,CHN001,CNF101994,GUEST101994,2026-06-12,2026-06-14,DLX,PREPAY,PPR_STD,MODIFIED,4,41744,INR,2026-05-11 14:30:54,2026-05-11 15:42:54
RES101995,BLR001,CNF101995,GUEST101995,2026-06-26,2026-07-01,DLX,BAR,BAR_STD,MODIFIED,4,120020,INR,2026-05-11 22:42:33,2026-05-11 23:41:33
RES101996,DEL001,CNF101996,GUEST101996,2026-06-30,2026-07-03,STE,PKG,PKG_STD,MODIFIED,2,75318,INR,2026-05-11 21:22:14,2026-05-11 23:47:14
RES101997,MUM001,CNF101997,GUEST101997,2026-07-06,2026-07-09,KING,MEMBER,MEM_DLX,BOOKED,4,164136,INR,2026-05-11 20:33:38,2026-05-11 21:11:38
RES101998,BLR002,CNF101998,GUEST101998,2026-07-01,2026-07-04,STE,CORP,CORP_DLX,CANCELLED,3,0,INR,2026-05-11 20:04:24,2026-05-11 21:48:24
RES101999,MUM002,CNF101999,GUEST101999,2026-05-31,2026-06-01,STD,BAR,BAR_DLX,BOOKED,4,53724,INR,2026-05-11 18:07:11,2026-05-11 19:31:11
RES102000,DEL002,CNF102000,GUEST102000,2026-07-07,2026-07-12,STD,CORP,CORP_DLX,MODIFIED,4,174600,INR,2026-05-11 14:40:58,2026-05-11 16:13:58
RES102001,MUM001,CNF102001,GUEST102001,2026-05-23,2026-05-28,DLX,PREPAY,PPR_STD,BOOKED,3,81150,INR,2026-05-11 05:59:12,2026-05-11 08:17:12
RES102002,KOL001,CNF102002,GUEST102002,2026-06-22,2026-06-23,KING,PREPAY,PPR_DLX,BOOKED,4,27296,INR,2026-05-11 12:49:12,2026-05-11 13:38:12
RES102003,CHA001,CNF102003,GUEST102003,2026-06-08,2026-06-09,KING,MEMBER,MEM_DLX,MODIFIED,2,8994,INR,2026-05-11 07:11:52,2026-05-11 08:36:52
RES102004,CHA001,CNF102004,GUEST102004,2026-06-25,2026-06-28,DLX,PREPAY,PPR_STD,BOOKED,1,17409,INR,2026-05-11 23:05:46,2026-05-12 01:34:46
RES102005,KOL001,CNF102005,GUEST102005,2026-05-26,2026-05-31,KING,PREPAY,PPR_STD,CANCELLED,4,0,INR,2026-05-11 03:36:42,2026-05-11 05:59:42
RES102006,KOL001,CNF102006,GUEST102006,2026-06-22,2026-06-24,QUEEN,MEMBER,MEM_STD,CANCELLED,4,0,INR,2026-05-11 22:07:57,2026-05-12 00:42:57
RES102007,MUM002,CNF102007,GUEST102007,2026-06-18,2026-06-21,DLX,PKG,PKG_DLX,MODIFIED,4,166908,INR,2026-05-11 04:08:28,2026-05-11 05:54:28
RES102008,CHN001,CNF102008,GUEST102008,2026-06-13,2026-06-18,STD,BAR,BAR_DLX,CANCELLED,4,0,INR,2026-05-11 10:41:17,2026-05-11 13:00:17
RES102009,CHA001,CNF102009,GUEST102009,2026-06-09,2026-06-13,STE,BAR,BAR_DLX,CANCELLED,2,0,INR,2026-05-11 12:04:50,2026-05-11 14:46:50
RES102010,HYD001,CNF102010,GUEST102010,2026-06-04,2026-06-08,QUEEN,PREPAY,PPR_STD,MODIFIED,3,132600,INR,2026-05-11 11:33:57,2026-05-11 11:47:57
RES102011,HYD001,CNF102011,GUEST102011,2026-06-26,2026-07-01,QUEEN,PREPAY,PPR_DLX,CANCELLED,3,0,INR,2026-05-11 21:09:42,2026-05-11 21:51:42
RES102012,KER001,CNF102012,GUEST102012,2026-06-04,2026-06-08,STD,PREPAY,PPR_DLX,CANCELLED,4,0,INR,2026-05-11 01:55:58,2026-05-11 02:43:58
RES102013,MUM001,CNF102013,GUEST102013,2026-05-14,2026-05-16,STD,CORP,CORP_DLX,MODIFIED,3,63906,INR,2026-05-11 20:02:14,2026-05-11 20:39:14
RES102014,MUM002,CNF102014,GUEST102014,2026-05-18,2026-05-19,QUEEN,PKG,PKG_STD,CANCELLED,3,0,INR,2026-05-11 14:05:28,2026-05-11 15:56:28
RES102015,DEL002,CNF102015,GUEST102015,2026-06-06,2026-06-09,STD,BAR,BAR_STD,CANCELLED,1,0,INR,2026-05-11 18:05:08,2026-05-11 19:35:08
RES102016,BLR002,CNF102016,GUEST102016,2026-05-21,2026-05-23,DLX,CORP,CORP_DLX,CANCELLED,2,0,INR,2026-05-11 03:13:02,2026-05-11 05:23:02
RES102017,KER001,CNF102017,GUEST102017,2026-06-27,2026-07-01,STD,PKG,PKG_DLX,MODIFIED,2,34008,INR,2026-05-11 17:03:48,2026-05-11 19:59:48
RES102018,CHA001,CNF102018,GUEST102018,2026-06-08,2026-06-09,STD,MEMBER,MEM_STD,CANCELLED,3,0,INR,2026-05-11 09:20:19,2026-05-11 11:23:19
RES102019,MUM002,CNF102019,GUEST102019,2026-07-08,2026-07-11,KING,BAR,BAR_DLX,CANCELLED,1,0,INR,2026-05-11 02:51:58,2026-05-11 03:00:58
RES102020,MUM002,CNF102020,GUEST102020,2026-06-03,2026-06-08,DLX,PKG,PKG_DLX,BOOKED,1,67180,INR,2026-05-11 08:04:52,2026-05-11 08:09:52
RES102021,BLR001,CNF102021,GUEST102021,2026-06-27,2026-07-02,QUEEN,MEMBER,MEM_STD,BOOKED,1,72390,INR,2026-05-11 14:15:16,2026-05-11 16:20:16
RES102022,KER001,CNF102022,GUEST102022,2026-06-19,2026-06-23,DLX,MEMBER,MEM_DLX,MODIFIED,1,20780,INR,2026-05-11 06:57:01,2026-05-11 07:08:01
RES102023,BLR001,CNF102023,GUEST102023,2026-06-11,2026-06-12,KING,CORP,CORP_DLX,CANCELLED,4,0,INR,2026-05-11 15:55:38,2026-05-11 16:41:38
RES102024,BLR002,CNF102024,GUEST102024,2026-06-27,2026-06-30,STD,MEMBER,MEM_DLX,MODIFIED,3,106353,INR,2026-05-11 17:11:38,2026-05-11 18:03:38
RES102025,CHN001,CNF102025,GUEST102025,2026-05-23,2026-05-27,KING,PREPAY,PPR_STD,CANCELLED,4,0,INR,2026-05-11 21:18:11,2026-05-11 22:44:11
RES102026,MUM001,CNF102026,GUEST102026,2026-06-04,2026-06-06,STD,BAR,BAR_STD,BOOKED,2,35256,INR,2026-05-11 23:47:20,2026-05-12 01:29:20
RES102027,HYD001,CNF102027,GUEST102027,2026-06-09,2026-06-12,STD,CORP,CORP_STD,CANCELLED,1,0,INR,2026-05-11 21:14:11,2026-05-11 22:55:11
RES102028,KOL001,CNF102028,GUEST102028,2026-07-05,2026-07-07,STE,MEMBER,MEM_DLX,CANCELLED,1,0,INR,2026-05-11 20:11:50,2026-05-11 22:30:50
RES102029,MUM001,CNF102029,GUEST102029,2026-06-25,2026-06-26,DLX,PREPAY,PPR_DLX,MODIFIED,2,9944,INR,2026-05-11 21:50:20,2026-05-11 22:35:20
RES102030,BLR001,CNF102030,GUEST102030,2026-06-08,2026-06-09,STE,MEMBER,MEM_DLX,MODIFIED,3,12405,INR,2026-05-11 23:25:57,2026-05-12 01:22:57
RES102031,BLR001,CNF102031,GUEST102031,2026-06-28,2026-06-30,DLX,PREPAY,PPR_STD,CANCELLED,2,0,INR,2026-05-11 11:11:15,2026-05-11 12:52:15
RES102032,HYD001,CNF102032,GUEST102032,2026-06-18,2026-06-23,STD,PKG,PKG_STD,BOOKED,2,94850,INR,2026-05-11 11:59:55,2026-05-11 12:04:55
RES102033,KOL001,CNF102033,GUEST102033,2026-06-05,2026-06-10,QUEEN,BAR,BAR_DLX,MODIFIED,4,194300,INR,2026-05-11 17:26:21,2026-05-11 19:56:21
RES102034,CHA001,CNF102034,GUEST102034,2026-06-01,2026-06-05,STE,CORP,CORP_DLX,CANCELLED,2,0,INR,2026-05-11 19:26:51,2026-05-11 22:13:51
RES102035,DEL001,CNF102035,GUEST102035,2026-05-26,2026-05-30,QUEEN,CORP,CORP_STD,CANCELLED,2,0,INR,2026-05-11 08:14:21,2026-05-11 11:03:21
RES102036,KOL001,CNF102036,GUEST102036,2026-05-12,2026-05-16,STD,PREPAY,PPR_DLX,CANCELLED,4,0,INR,2026-05-11 07:06:21,2026-05-11 07:17:21
RES102037,CHA001,CNF102037,GUEST102037,2026-07-06,2026-07-10,STE,PKG,PKG_DLX,BOOKED,1,42516,INR,2026-05-11 22:12:29,2026-05-11 22:52:29
RES102038,DEL001,CNF102038,GUEST102038,2026-07-01,2026-07-05,QUEEN,BAR,BAR_DLX,BOOKED,1,27336,INR,2026-05-11 05:10:16,2026-05-11 05:39:16
RES102039,DEL001,CNF102039,GUEST102039,2026-06-13,2026-06-15,QUEEN,PREPAY,PPR_STD,BOOKED,1,28424,INR,2026-05-11 08:11:06,2026-05-11 09:05:06
RES102040,MUM001,CNF102040,GUEST102040,2026-05-31,2026-06-04,STD,MEMBER,MEM_STD,MODIFIED,4,200640,INR,2026-05-11 17:16:39,2026-05-11 19:43:39
RES102041,MUM001,CNF102041,GUEST102041,2026-06-06,2026-06-10,DLX,MEMBER,MEM_STD,CANCELLED,2,0,INR,2026-05-11 23:40:11,2026-05-12 00:11:11
RES102042,DEL002,CNF102042,GUEST102042,2026-06-11,2026-06-13,STE,MEMBER,MEM_STD,MODIFIED,2,42980,INR,2026-05-11 18:46:27,2026-05-11 21:16:27
RES102043,KER001,CNF102043,GUEST102043,2026-05-18,2026-05-23,STD,CORP,CORP_DLX,CANCELLED,2,0,INR,2026-05-11 03:40:28,2026-05-11 05:16:28
RES102044,DEL002,CNF102044,GUEST102044,2026-06-17,2026-06-22,STE,CORP,CORP_STD,MODIFIED,3,58305,INR,2026-05-11 14:22:33,2026-05-11 16:57:33
RES102045,CHN001,CNF102045,GUEST102045,2026-07-08,2026-07-11,STE,CORP,CORP_STD,BOOKED,4,156792,INR,2026-05-11 23:41:45,2026-05-11 23:43:45
RES102046,DEL001,CNF102046,GUEST102046,2026-07-10,2026-07-15,STE,BAR,BAR_DLX,CANCELLED,1,0,INR,2026-05-11 18:53:36,2026-05-11 20:41:36
RES102047,BLR002,CNF102047,GUEST102047,2026-06-12,2026-06-16,KING,PKG,PKG_DLX,CANCELLED,2,0,INR,2026-05-11 11:56:20,2026-05-11 13:24:20
RES102048,CHN001,CNF102048,GUEST102048,2026-06-10,2026-06-11,STE,CORP,CORP_STD,CANCELLED,1,0,INR,2026-05-11 08:57:48,2026-05-11 09:36:48
RES102049,CHN001,CNF102049,GUEST102049,2026-05-14,2026-05-16,STE,PKG,PKG_STD,MODIFIED,4,43360,INR,2026-05-11 03:38:06,2026-05-11 05:01:06
RES102050,MUM001,CNF102050,GUEST102050,2026-06-22,2026-06-27,DLX,PREPAY,PPR_STD,CANCELLED,4,0,INR,2026-05-11 15:49:52,2026-05-11 16:34:52
RES102051,HYD001,CNF102051,GUEST102051,2026-05-20,2026-05-24,QUEEN,MEMBER,MEM_DLX,MODIFIED,3,177780,INR,2026-05-11 17:46:21,2026-05-11 18:25:21
RES102052,DEL002,CNF102052,GUEST102052,2026-06-19,2026-06-20,DLX,PREPAY,PPR_STD,CANCELLED,1,0,INR,2026-05-11 04:17:07,2026-05-11 04:39:07
RES102053,BLR001,CNF102053,GUEST102053,2026-05-21,2026-05-25,STE,PKG,PKG_STD,CANCELLED,3,0,INR,2026-05-11 21:34:13,2026-05-11 22:10:13
RES102054,DEL001,CNF102054,GUEST102054,2026-05-18,2026-05-21,DLX,CORP,CORP_STD,BOOKED,1,18822,INR,2026-05-11 12:02:30,2026-05-11 14:37:30
RES102055,BLR002,CNF102055,GUEST102055,2026-05-19,2026-05-20,STD,BAR,BAR_DLX,MODIFIED,3,30102,INR,2026-05-11 05:08:28,2026-05-11 07:06:28
RES102056,KOL001,CNF102056,GUEST102056,2026-07-02,2026-07-05,STE,MEMBER,MEM_DLX,CANCELLED,1,0,INR,2026-05-11 05:52:09,2026-05-11 06:02:09
RES102057,MUM002,CNF102057,GUEST102057,2026-06-24,2026-06-26,DLX,BAR,BAR_STD,CANCELLED,1,0,INR,2026-05-11 19:13:47,2026-05-11 20:33:47
RES102058,KOL001,CNF102058,GUEST102058,2026-06-25,2026-06-29,STD,PREPAY,PPR_DLX,MODIFIED,2,102000,INR,2026-05-11 12:15:41,2026-05-11 12:44:41
RES102059,CHA001,CNF102059,GUEST102059,2026-06-21,2026-06-25,QUEEN,PKG,PKG_STD,BOOKED,4,142192,INR,2026-05-11 22:49:44,2026-05-12 01:18:44
RES102060,HYD001,CNF102060,GUEST102060,2026-05-23,2026-05-27,QUEEN,CORP,CORP_DLX,MODIFIED,1,24968,INR,2026-05-11 19:14:19,2026-05-11 19:41:19
RES102061,HYD001,CNF102061,GUEST102061,2026-05-21,2026-05-25,DLX,CORP,CORP_STD,BOOKED,3,96744,INR,2026-05-11 23:29:06,2026-05-11 23:56:06
RES102062,KER001,CNF102062,GUEST102062,2026-06-04,2026-06-07,QUEEN,MEMBER,MEM_DLX,BOOKED,2,66594,INR,2026-05-11 13:14:41,2026-05-11 14:20:41
RES102063,KOL001,CNF102063,GUEST102063,2026-07-02,2026-07-07,DLX,CORP,CORP_DLX,CANCELLED,4,0,INR,2026-05-11 00:57:02,2026-05-11 01:32:02
RES102064,HYD001,CNF102064,GUEST102064,2026-07-01,2026-07-05,STD,MEMBER,MEM_STD,CANCELLED,3,0,INR,2026-05-11 21:30:54,2026-05-11 21:46:54
RES102065,KOL001,CNF102065,GUEST102065,2026-06-28,2026-06-30,STD,BAR,BAR_STD,BOOKED,4,98272,INR,2026-05-11 23:59:23,2026-05-12 02:00:23
RES102066,DEL002,CNF102066,GUEST102066,2026-05-15,2026-05-19,KING,PREPAY,PPR_STD,BOOKED,4,133360,INR,2026-05-11 04:14:39,2026-05-11 04:54:39
RES102067,BLR001,CNF102067,GUEST102067,2026-06-04,2026-06-08,KING,PREPAY,PPR_STD,MODIFIED,1,42616,INR,2026-05-11 11:16:43,2026-05-11 14:07:43
RES102068,BLR001,CNF102068,GUEST102068,2026-06-07,2026-06-08,QUEEN,MEMBER,MEM_STD,CANCELLED,2,0,INR,2026-05-11 22:09:43,2026-05-12 00:03:43
RES102069,DEL002,CNF102069,GUEST102069,2026-05-23,2026-05-27,STE,CORP,CORP_STD,CANCELLED,4,0,INR,2026-05-11 23:57:36,2026-05-12 02:17:36
RES102070,KOL001,CNF102070,GUEST102070,2026-05-25,2026-05-30,QUEEN,PKG,PKG_STD,CANCELLED,4,0,INR,2026-05-11 01:17:33,2026-05-11 03:40:33
RES102071,DEL001,CNF102071,GUEST102071,2026-05-31,2026-06-04,DLX,CORP,CORP_DLX,BOOKED,1,35032,INR,2026-05-11 02:25:59,2026-05-11 04:48:59
RES102072,KOL001,CNF102072,GUEST102072,2026-05-12,2026-05-13,QUEEN,BAR,BAR_DLX,MODIFIED,4,44992,INR,2026-05-11 17:45:49,2026-05-11 19:39:49
RES102073,KOL001,CNF102073,GUEST102073,2026-07-04,2026-07-09,QUEEN,PKG,PKG_STD,BOOKED,4,76920,INR,2026-05-11 12:18:32,2026-05-11 13:13:32
RES102074,BLR001,CNF102074,GUEST102074,2026-06-30,2026-07-04,QUEEN,PKG,PKG_STD,MODIFIED,2,41536,INR,2026-05-11 03:19:08,2026-05-11 04:10:08
RES102075,HYD001,CNF102075,GUEST102075,2026-06-01,2026-06-02,DLX,CORP,CORP_STD,CANCELLED,1,0,INR,2026-05-11 09:36:14,2026-05-11 11:44:14
RES102076,CHN001,CNF102076,GUEST102076,2026-06-25,2026-06-29,DLX,PREPAY,PPR_DLX,MODIFIED,3,134232,INR,2026-05-11 12:09:23,2026-05-11 12:33:23
RES102077,BLR001,CNF102077,GUEST102077,2026-07-08,2026-07-11,DLX,BAR,BAR_DLX,MODIFIED,3,79614,INR,2026-05-11 18:16:57,2026-05-11 19:36:57
RES102078,MUM001,CNF102078,GUEST102078,2026-06-21,2026-06-23,DLX,PKG,PKG_DLX,MODIFIED,1,11826,INR,2026-05-11 11:37:44,2026-05-11 13:56:44
RES102079,KOL001,CNF102079,GUEST102079,2026-06-08,2026-06-10,DLX,PKG,PKG_STD,MODIFIED,4,45712,INR,2026-05-11 21:11:56,2026-05-11 22:21:56
RES102080,KOL001,CNF102080,GUEST102080,2026-07-07,2026-07-12,KING,BAR,BAR_DLX,CANCELLED,2,0,INR,2026-05-11 19:02:36,2026-05-11 20:58:36
RES102081,HYD001,CNF102081,GUEST102081,2026-06-09,2026-06-13,QUEEN,MEMBER,MEM_STD,CANCELLED,2,0,INR,2026-05-11 01:20:34,2026-05-11 01:20:34
RES102082,BLR001,CNF102082,GUEST102082,2026-06-07,2026-06-08,DLX,BAR,BAR_DLX,CANCELLED,4,0,INR,2026-05-11 18:34:38,2026-05-11 19:51:38
RES102083,BLR002,CNF102083,GUEST102083,2026-05-18,2026-05-21,KING,CORP,CORP_STD,CANCELLED,3,0,INR,2026-05-11 00:42:19,2026-05-11 03:18:19
RES102084,CHN001,CNF102084,GUEST102084,2026-06-22,2026-06-27,DLX,PREPAY,PPR_DLX,BOOKED,3,178965,INR,2026-05-11 20:58:10,2026-05-11 23:15:10
RES102085,BLR002,CNF102085,GUEST102085,2026-07-08,2026-07-10,QUEEN,CORP,CORP_STD,CANCELLED,1,0,INR,2026-05-11 19:35:55,2026-05-11 20:16:55
RES102086,DEL002,CNF102086,GUEST102086,2026-05-28,2026-06-01,KING,PREPAY,PPR_STD,CANCELLED,4,0,INR,2026-05-11 00:35:29,2026-05-11 01:25:29
RES102087,MUM002,CNF102087,GUEST102087,2026-05-12,2026-05-13,KING,PKG,PKG_STD,MODIFIED,2,21574,INR,2026-05-11 06:32:55,2026-05-11 07:00:55
RES102088,DEL001,CNF102088,GUEST102088,2026-06-18,2026-06-20,KING,CORP,CORP_STD,BOOKED,4,113832,INR,2026-05-11 05:42:13,2026-05-11 07:20:13
RES102089,DEL002,CNF102089,GUEST102089,2026-06-17,2026-06-22,STE,CORP,CORP_DLX,BOOKED,3,199920,INR,2026-05-11 01:25:18,2026-05-11 03:42:18
RES102090,HYD001,CNF102090,GUEST102090,2026-05-14,2026-05-19,STE,MEMBER,MEM_STD,MODIFIED,1,71905,INR,2026-05-11 19:30:13,2026-05-11 21:52:13
RES102091,DEL002,CNF102091,GUEST102091,2026-07-07,2026-07-10,STE,MEMBER,MEM_STD,CANCELLED,1,0,INR,2026-05-11 05:50:18,2026-05-11 07:17:18
RES102092,MUM002,CNF102092,GUEST102092,2026-05-17,2026-05-18,DLX,BAR,BAR_DLX,BOOKED,4,58096,INR,2026-05-11 19:24:45,2026-05-11 21:47:45
RES102093,CHA001,CNF102093,GUEST102093,2026-05-20,2026-05-23,STD,PKG,PKG_STD,BOOKED,4,149544,INR,2026-05-11 04:07:49,2026-05-11 04:53:49
RES102094,CHN001,CNF102094,GUEST102094,2026-05-27,2026-05-28,QUEEN,BAR,BAR_STD,MODIFIED,1,4004,INR,2026-05-11 14:25:29,2026-05-11 15:09:29
RES102095,KOL001,CNF102095,GUEST102095,2026-06-28,2026-07-02,KING,MEMBER,MEM_STD,MODIFIED,3,172560,INR,2026-05-11 22:47:00,2026-05-12 00:57:00
RES102096,CHN001,CNF102096,GUEST102096,2026-06-18,2026-06-23,KING,MEMBER,MEM_STD,MODIFIED,3,170055,INR,2026-05-11 08:50:45,2026-05-11 09:38:45
RES102097,CHN001,CNF102097,GUEST102097,2026-06-05,2026-06-07,DLX,MEMBER,MEM_DLX,BOOKED,4,78256,INR,2026-05-11 17:20:17,2026-05-11 19:33:17
RES102098,HYD001,CNF102098,GUEST102098,2026-05-19,2026-05-24,STD,PKG,PKG_DLX,CANCELLED,4,0,INR,2026-05-11 02:28:43,2026-05-11 03:17:43
RES102099,DEL001,CNF102099,GUEST102099,2026-06-24,2026-06-26,KING,MEMBER,MEM_DLX,MODIFIED,2,58680,INR,2026-05-11 17:34:13,2026-05-11 17:38:13
RES102100,DEL002,CNF102100,GUEST102100,2026-06-11,2026-06-12,STE,MEMBER,MEM_STD,CANCELLED,1,0,INR,2026-05-11 23:17:18,2026-05-12 01:56:18
RES102101,DEL001,CNF102101,GUEST102101,2026-06-15,2026-06-18,QUEEN,BAR,BAR_DLX,CANCELLED,4,0,INR,2026-05-11 10:56:29,2026-05-11 13:50:29
RES102102,MUM002,CNF102102,GUEST102102,2026-07-08,2026-07-11,KING,BAR,BAR_STD,MODIFIED,4,108000,INR,2026-05-11 12:54:29,2026-05-11 14:40:29
RES102103,CHN001,CNF102103,GUEST102103,2026-06-02,2026-06-06,STD,PKG,PKG_DLX,BOOKED,3,136476,INR,2026-05-11 03:40:25,2026-05-11 04:10:25
RES102104,MUM001,CNF102104,GUEST102104,2026-05-21,2026-05-26,STD,MEMBER,MEM_DLX,CANCELLED,1,0,INR,2026-05-11 13:35:16,2026-05-11 14:50:16
RES102105,MUM002,CNF102105,GUEST102105,2026-05-16,2026-05-18,KING,MEMBER,MEM_DLX,CANCELLED,3,0,INR,2026-05-11 00:03:56,2026-05-11 00:20:56
RES102106,MUM001,CNF102106,GUEST102106,2026-06-11,2026-06-12,STE,CORP,CORP_STD,CANCELLED,2,0,INR,2026-05-11 00:33:20,2026-05-11 00:55:20
RES102107,BLR002,CNF102107,GUEST102107,2026-05-21,2026-05-22,STE,MEMBER,MEM_DLX,MODIFIED,4,17276,INR,2026-05-11 14:06:13,2026-05-11 17:02:13
RES102108,KOL001,CNF102108,GUEST102108,2026-05-16,2026-05-21,STE,MEMBER,MEM_DLX,BOOKED,1,25835,INR,2026-05-11 19:28:17,2026-05-11 21:48:17
RES102109,CHA001,CNF102109,GUEST102109,2026-06-06,2026-06-11,STE,CORP,CORP_STD,MODIFIED,1,31655,INR,2026-05-11 06:50:22,2026-05-11 08:44:22
RES102110,MUM001,CNF102110,GUEST102110,2026-05-31,2026-06-03,DLX,PREPAY,PPR_STD,MODIFIED,2,22968,INR,2026-05-11 13:16:39,2026-05-11 13:23:39
RES102111,DEL001,CNF102111,GUEST102111,2026-05-29,2026-05-31,QUEEN,MEMBER,MEM_STD,MODIFIED,4,88960,INR,2026-05-11 23:01:55,2026-05-12 00:02:55
RES102112,KOL001,CNF102112,GUEST102112,2026-07-03,2026-07-07,DLX,PREPAY,PPR_STD,BOOKED,2,61104,INR,2026-05-11 13:58:43,2026-05-11 15:14:43
RES102113,CHA001,CNF102113,GUEST102113,2026-05-25,2026-05-28,DLX,PKG,PKG_STD,CANCELLED,4,0,INR,2026-05-11 22:31:01,2026-05-12 00:42:01
RES102114,KER001,CNF102114,GUEST102114,2026-06-14,2026-06-15,STD,PREPAY,PPR_DLX,MODIFIED,4,50012,INR,2026-05-11 23:52:06,2026-05-12 01:34:06
RES102115,KER001,CNF102115,GUEST102115,2026-06-23,2026-06-25,DLX,MEMBER,MEM_STD,MODIFIED,4,112360,INR,2026-05-11 12:43:42,2026-05-11 12:59:42
RES102116,KER001,CNF102116,GUEST102116,2026-07-10,2026-07-11,DLX,PKG,PKG_STD,MODIFIED,4,50632,INR,2026-05-11 08:50:53,2026-05-11 11:18:53
RES102117,DEL002,CNF102117,GUEST102117,2026-05-27,2026-05-31,STD,CORP,CORP_STD,CANCELLED,4,0,INR,2026-05-11 19:43:57,2026-05-11 20:35:57
RES102118,DEL002,CNF102118,GUEST102118,2026-06-15,2026-06-19,KING,MEMBER,MEM_DLX,MODIFIED,4,62176,INR,2026-05-11 21:46:41,2026-05-11 23:11:41
RES102119,DEL001,CNF102119,GUEST102119,2026-05-19,2026-05-20,DLX,CORP,CORP_STD,MODIFIED,4,39660,INR,2026-05-11 05:50:32,2026-05-11 06:17:32
RES102120,CHN001,CNF102120,GUEST102120,2026-06-13,2026-06-18,QUEEN,PKG,PKG_STD,CANCELLED,2,0,INR,2026-05-11 22:05:58,2026-05-11 22:16:58
RES102121,MUM001,CNF102121,GUEST102121,2026-06-15,2026-06-17,STD,PREPAY,PPR_STD,CANCELLED,3,0,INR,2026-05-11 06:04:40,2026-05-11 08:25:40
RES102122,BLR002,CNF102122,GUEST102122,2026-06-20,2026-06-23,KING,PKG,PKG_DLX,BOOKED,4,179340,INR,2026-05-11 21:37:39,2026-05-11 21:54:39
RES102123,KER001,CNF102123,GUEST102123,2026-06-17,2026-06-19,KING,PKG,PKG_DLX,BOOKED,4,47008,INR,2026-05-11 18:56:32,2026-05-11 21:53:32
RES102124,KER001,CNF102124,GUEST102124,2026-05-21,2026-05-25,DLX,CORP,CORP_STD,CANCELLED,1,0,INR,2026-05-11 20:47:10,2026-05-11 23:20:10
RES102125,MUM002,CNF102125,GUEST102125,2026-05-25,2026-05-28,DLX,PREPAY,PPR_STD,BOOKED,2,34998,INR,2026-05-11 21:59:55,2026-05-12 00:48:55
RES102126,CHA001,CNF102126,GUEST102126,2026-05-27,2026-06-01,STD,MEMBER,MEM_DLX,CANCELLED,1,0,INR,2026-05-11 06:17:05,2026-05-11 06:58:05
RES102127,CHN001,CNF102127,GUEST102127,2026-06-08,2026-06-13,STE,PREPAY,PPR_DLX,CANCELLED,3,0,INR,2026-05-11 03:42:17,2026-05-11 05:27:17
RES102128,CHA001,CNF102128,GUEST102128,2026-05-31,2026-06-02,QUEEN,PREPAY,PPR_DLX,CANCELLED,1,0,INR,2026-05-11 15:31:16,2026-05-11 18:18:16
RES102129,BLR002,CNF102129,GUEST102129,2026-05-24,2026-05-29,KING,PREPAY,PPR_DLX,MODIFIED,3,176550,INR,2026-05-11 01:13:10,2026-05-11 04:03:10
RES102130,BLR001,CNF102130,GUEST102130,2026-06-22,2026-06-26,STE,PREPAY,PPR_DLX,BOOKED,3,171672,INR,2026-05-11 08:26:06,2026-05-11 09:51:06
RES102131,CHN001,CNF102131,GUEST102131,2026-06-05,2026-06-06,STE,BAR,BAR_DLX,CANCELLED,3,0,INR,2026-05-11 17:01:38,2026-05-11 17:42:38
RES102132,CHA001,CNF102132,GUEST102132,2026-06-24,2026-06-29,KING,PREPAY,PPR_DLX,CANCELLED,3,0,INR,2026-05-11 09:10:09,2026-05-11 09:55:09
RES102133,DEL001,CNF102133,GUEST102133,2026-05-23,2026-05-26,DLX,MEMBER,MEM_STD,CANCELLED,1,0,INR,2026-05-11 20:03:02,2026-05-11 23:01:02
RES102134,KER001,CNF102134,GUEST102134,2026-06-21,2026-06-25,STE,PREPAY,PPR_STD,CANCELLED,4,0,INR,2026-05-11 00:09:17,2026-05-11 03:06:17
RES102135,CHA001,CNF102135,GUEST102135,2026-06-24,2026-06-26,QUEEN,BAR,BAR_STD,BOOKED,3,76608,INR,2026-05-11 10:25:02,2026-05-11 13:04:02
RES102136,BLR001,CNF102136,GUEST102136,2026-06-23,2026-06-27,QUEEN,MEMBER,MEM_STD,CANCELLED,3,0,INR,2026-05-11 06:11:58,2026-05-11 07:17:58
RES102137,DEL002,CNF102137,GUEST102137,2026-06-01,2026-06-02,DLX,CORP,CORP_STD,CANCELLED,2,0,INR,2026-05-11 20:03:50,2026-05-11 21:06:50
RES102138,KOL001,CNF102138,GUEST102138,2026-06-25,2026-06-28,DLX,BAR,BAR_DLX,MODIFIED,4,127452,INR,2026-05-11 02:17:25,2026-05-11 03:35:25
RES102139,CHA001,CNF102139,GUEST102139,2026-05-30,2026-06-02,DLX,BAR,BAR_STD,CANCELLED,2,0,INR,2026-05-11 13:14:29,2026-05-11 14:46:29
RES102140,BLR002,CNF102140,GUEST102140,2026-06-16,2026-06-20,KING,BAR,BAR_DLX,CANCELLED,3,0,INR,2026-05-11 01:03:11,2026-05-11 03:11:11
RES102141,DEL001,CNF102141,GUEST102141,2026-06-30,2026-07-03,QUEEN,CORP,CORP_STD,CANCELLED,1,0,INR,2026-05-11 09:59:31,2026-05-11 11:51:31
RES102142,BLR002,CNF102142,GUEST102142,2026-07-08,2026-07-12,KING,PKG,PKG_DLX,CANCELLED,1,0,INR,2026-05-11 13:24:46,2026-05-11 13:45:46
RES102143,DEL002,CNF102143,GUEST102143,2026-05-12,2026-05-16,STE,CORP,CORP_STD,CANCELLED,2,0,INR,2026-05-11 00:00:35,2026-05-11 00:45:35
RES102144,DEL001,CNF102144,GUEST102144,2026-07-04,2026-07-06,STD,CORP,CORP_STD,CANCELLED,1,0,INR,2026-05-11 08:53:09,2026-05-11 11:23:09
RES102145,KER001,CNF102145,GUEST102145,2026-05-27,2026-05-31,QUEEN,BAR,BAR_STD,CANCELLED,4,0,INR,2026-05-11 08:23:10,2026-05-11 09:12:10
RES102146,HYD001,CNF102146,GUEST102146,2026-05-28,2026-05-30,KING,CORP,CORP_DLX,BOOKED,4,78184,INR,2026-05-11 17:25:51,2026-05-11 19:01:51
RES102147,CHA001,CNF102147,GUEST102147,2026-05-14,2026-05-17,QUEEN,PREPAY,PPR_STD,MODIFIED,4,77796,INR,2026-05-11 20:58:04,2026-05-11 23:53:04
RES102148,BLR002,CNF102148,GUEST102148,2026-06-09,2026-06-12,STD,PKG,PKG_DLX,MODIFIED,4,60168,INR,2026-05-11 19:17:54,2026-05-11 22:04:54
RES102149,DEL001,CNF102149,GUEST102149,2026-06-18,2026-06-19,QUEEN,MEMBER,MEM_STD,CANCELLED,1,0,INR,2026-05-11 14:59:22,2026-05-11 16:04:22
RES102150,CHN001,CNF102150,GUEST102150,2026-06-11,2026-06-12,DLX,BAR,BAR_DLX,CANCELLED,2,0,INR,2026-05-11 07:08:27,2026-05-11 08:56:27
RES102151,DEL002,CNF102151,GUEST102151,2026-05-30,2026-06-01,STE,CORP,CORP_DLX,MODIFIED,2,49540,INR,2026-05-11 20:42:52,2026-05-11 22:35:52
RES102152,DEL001,CNF102152,GUEST102152,2026-06-21,2026-06-23,STD,BAR,BAR_DLX,BOOKED,3,24750,INR,2026-05-11 06:16:49,2026-05-11 07:38:49
RES102153,DEL002,CNF102153,GUEST102153,2026-07-10,2026-07-13,QUEEN,CORP,CORP_DLX,CANCELLED,3,0,INR,2026-05-11 07:00:36,2026-05-11 09:38:36
RES102154,CHN001,CNF102154,GUEST102154,2026-05-17,2026-05-21,KING,PREPAY,PPR_STD,CANCELLED,2,0,INR,2026-05-11 00:31:16,2026-05-11 02:41:16
RES102155,BLR001,CNF102155,GUEST102155,2026-06-08,2026-06-13,STE,MEMBER,MEM_STD,CANCELLED,4,0,INR,2026-05-11 19:28:22,2026-05-11 21:16:22
RES102156,KER001,CNF102156,GUEST102156,2026-06-23,2026-06-25,QUEEN,PKG,PKG_DLX,BOOKED,4,118120,INR,2026-05-11 02:43:14,2026-05-11 05:40:14
RES102157,BLR002,CNF102157,GUEST102157,2026-05-13,2026-05-14,STE,PREPAY,PPR_STD,MODIFIED,4,48956,INR,2026-05-11 19:18:42,2026-05-11 21:58:42
RES102158,DEL002,CNF102158,GUEST102158,2026-05-20,2026-05-23,DLX,MEMBER,MEM_STD,MODIFIED,4,128880,INR,2026-05-11 21:47:19,2026-05-12 00:29:19
RES102159,KER001,CNF102159,GUEST102159,2026-06-29,2026-07-02,STD,BAR,BAR_DLX,CANCELLED,2,0,INR,2026-05-11 14:18:47,2026-05-11 17:03:47
RES102160,DEL001,CNF102160,GUEST102160,2026-06-23,2026-06-24,QUEEN,PREPAY,PPR_STD,MODIFIED,1,12647,INR,2026-05-11 22:20:59,2026-05-11 22:42:59
RES102161,BLR001,CNF102161,GUEST102161,2026-05-18,2026-05-21,KING,PKG,PKG_STD,CANCELLED,1,0,INR,2026-05-11 03:54:57,2026-05-11 04:07:57
RES102162,DEL001,CNF102162,GUEST102162,2026-06-07,2026-06-11,STD,PKG,PKG_DLX,MODIFIED,3,69144,INR,2026-05-11 14:23:17,2026-05-11 16:34:17
RES102163,CHN001,CNF102163,GUEST102163,2026-05-16,2026-05-19,QUEEN,PREPAY,PPR_DLX,MODIFIED,1,43695,INR,2026-05-11 16:13:29,2026-05-11 16:30:29
RES102164,CHN001,CNF102164,GUEST102164,2026-06-06,2026-06-11,QUEEN,PKG,PKG_STD,MODIFIED,3,183780,INR,2026-05-11 15:00:01,2026-05-11 15:54:01
RES102165,BLR001,CNF102165,GUEST102165,2026-05-18,2026-05-23,QUEEN,PREPAY,PPR_DLX,BOOKED,1,42415,INR,2026-05-11 17:34:32,2026-05-11 17:45:32
RES102166,HYD001,CNF102166,GUEST102166,2026-06-28,2026-06-29,STE,PKG,PKG_STD,CANCELLED,2,0,INR,2026-05-11 01:04:45,2026-05-11 02:36:45
RES102167,BLR001,CNF102167,GUEST102167,2026-07-06,2026-07-07,STD,MEMBER,MEM_STD,MODIFIED,2,14818,INR,2026-05-11 08:53:32,2026-05-11 11:49:32
RES102168,CHN001,CNF102168,GUEST102168,2026-06-17,2026-06-19,STD,CORP,CORP_DLX,CANCELLED,3,0,INR,2026-05-11 10:13:16,2026-05-11 13:13:16
RES102169,BLR002,CNF102169,GUEST102169,2026-05-29,2026-06-03,QUEEN,BAR,BAR_DLX,MODIFIED,4,258000,INR,2026-05-11 15:56:18,2026-05-11 17:07:18
RES102170,MUM001,CNF102170,GUEST102170,2026-06-29,2026-07-04,KING,PKG,PKG_STD,MODIFIED,3,184275,INR,2026-05-11 19:50:45,2026-05-11 20:29:45
RES102171,MUM001,CNF102171,GUEST102171,2026-07-10,2026-07-13,KING,CORP,CORP_STD,MODIFIED,2,77658,INR,2026-05-11 21:52:02,2026-05-11 22:23:02
RES102172,KOL001,CNF102172,GUEST102172,2026-07-04,2026-07-05,DLX,MEMBER,MEM_STD,CANCELLED,2,0,INR,2026-05-11 22:04:34,2026-05-11 23:23:34
RES102173,CHA001,CNF102173,GUEST102173,2026-06-09,2026-06-10,DLX,BAR,BAR_DLX,CANCELLED,3,0,INR,2026-05-11 09:45:21,2026-05-11 12:18:21
RES102174,KOL001,CNF102174,GUEST102174,2026-06-05,2026-06-07,DLX,CORP,CORP_STD,MODIFIED,2,19448,INR,2026-05-11 18:52:35,2026-05-11 21:05:35
RES102175,HYD001,CNF102175,GUEST102175,2026-07-10,2026-07-14,KING,CORP,CORP_STD,CANCELLED,4,0,INR,2026-05-11 10:06:06,2026-05-11 12:02:06
RES102176,CHA001,CNF102176,GUEST102176,2026-06-08,2026-06-11,STE,CORP,CORP_DLX,BOOKED,4,174552,INR,2026-05-11 00:30:50,2026-05-11 01:01:50
RES102177,CHN001,CNF102177,GUEST102177,2026-06-09,2026-06-12,STE,MEMBER,MEM_STD,MODIFIED,2,63762,INR,2026-05-11 11:11:04,2026-05-11 12:25:04
RES102178,DEL002,CNF102178,GUEST102178,2026-06-23,2026-06-27,QUEEN,PREPAY,PPR_STD,MODIFIED,3,99792,INR,2026-05-11 04:34:12,2026-05-11 06:10:12
RES102179,MUM002,CNF102179,GUEST102179,2026-05-24,2026-05-25,STD,BAR,BAR_STD,CANCELLED,2,0,INR,2026-05-11 06:07:49,2026-05-11 09:04:49
RES102180,BLR001,CNF102180,GUEST102180,2026-06-11,2026-06-15,QUEEN,PKG,PKG_DLX,MODIFIED,4,201696,INR,2026-05-11 00:23:20,2026-05-11 01:04:20
RES102181,CHN001,CNF102181,GUEST102181,2026-06-06,2026-06-10,STD,BAR,BAR_DLX,CANCELLED,3,0,INR,2026-05-11 11:38:21,2026-05-11 12:09:21
RES102182,HYD001,CNF102182,GUEST102182,2026-06-05,2026-06-06,STE,CORP,CORP_DLX,CANCELLED,3,0,INR,2026-05-11 11:37:52,2026-05-11 14:33:52
RES102183,DEL001,CNF102183,GUEST102183,2026-05-20,2026-05-25,DLX,PREPAY,PPR_DLX,CANCELLED,2,0,INR,2026-05-11 17:20:10,2026-05-11 19:12:10
RES102184,KOL001,CNF102184,GUEST102184,2026-06-02,2026-06-07,DLX,CORP,CORP_DLX,CANCELLED,4,0,INR,2026-05-11 20:22:41,2026-05-11 20:48:41
RES102185,CHN001,CNF102185,GUEST102185,2026-05-15,2026-05-18,STD,PREPAY,PPR_STD,CANCELLED,3,0,INR,2026-05-11 09:48:07,2026-05-11 12:19:07
RES102186,MUM002,CNF102186,GUEST102186,2026-06-07,2026-06-11,QUEEN,CORP,CORP_DLX,MODIFIED,4,225040,INR,2026-05-11 03:05:46,2026-05-11 03:27:46
RES102187,BLR002,CNF102187,GUEST102187,2026-07-04,2026-07-05,DLX,BAR,BAR_STD,MODIFIED,1,5676,INR,2026-05-11 20:13:01,2026-05-11 22:24:01
RES102188,BLR002,CNF102188,GUEST102188,2026-06-29,2026-06-30,QUEEN,PREPAY,PPR_DLX,MODIFIED,4,20596,INR,2026-05-11 06:59:00,2026-05-11 08:54:00
RES102189,KER001,CNF102189,GUEST102189,2026-05-30,2026-06-01,STE,PKG,PKG_DLX,CANCELLED,4,0,INR,2026-05-11 07:34:15,2026-05-11 10:32:15
RES102190,KOL001,CNF102190,GUEST102190,2026-06-06,2026-06-10,QUEEN,BAR,BAR_STD,CANCELLED,1,0,INR,2026-05-11 08:47:23,2026-05-11 09:12:23
RES102191,CHA001,CNF102191,GUEST102191,2026-06-15,2026-06-20,STD,CORP,CORP_STD,MODIFIED,2,123130,INR,2026-05-11 20:57:47,2026-05-11 22:28:47
RES102192,CHA001,CNF102192,GUEST102192,2026-06-26,2026-06-30,KING,MEMBER,MEM_DLX,BOOKED,1,16124,INR,2026-05-11 21:17:24,2026-05-12 00:04:24
RES102193,DEL002,CNF102193,GUEST102193,2026-05-27,2026-05-29,KING,MEMBER,MEM_STD,BOOKED,2,25652,INR,2026-05-11 20:09:23,2026-05-11 22:03:23
RES102194,MUM001,CNF102194,GUEST102194,2026-06-20,2026-06-21,DLX,PREPAY,PPR_STD,MODIFIED,3,25683,INR,2026-05-11 18:30:05,2026-05-11 19:26:05
RES102195,MUM002,CNF102195,GUEST102195,2026-06-24,2026-06-26,DLX,PREPAY,PPR_STD,CANCELLED,3,0,INR,2026-05-11 17:50:28,2026-05-11 18:22:28
RES102196,HYD001,CNF102196,GUEST102196,2026-07-01,2026-07-04,STD,BAR,BAR_STD,MODIFIED,3,130392,INR,2026-05-11 14:42:38,2026-05-11 16:57:38
RES102197,HYD001,CNF102197,GUEST102197,2026-06-30,2026-07-02,STD,MEMBER,MEM_STD,MODIFIED,2,16580,INR,2026-05-11 19:42:54,2026-05-11 20:36:54
RES102198,BLR001,CNF102198,GUEST102198,2026-06-29,2026-07-02,STE,MEMBER,MEM_DLX,CANCELLED,2,0,INR,2026-05-11 04:09:30,2026-05-11 06:17:30
RES102199,MUM001,CNF102199,GUEST102199,2026-06-12,2026-06-15,DLX,PKG,PKG_DLX,CANCELLED,1,0,INR,2026-05-11 19:12:08,2026-05-11 21:41:08
RES102200,BLR002,CNF102200,GUEST102200,2026-07-04,2026-07-06,STD,MEMBER,MEM_DLX,CANCELLED,2,0,INR,2026-05-11 09:36:17,2026-05-11 11:32:17
RES102201,DEL001,CNF102201,GUEST102201,2026-05-28,2026-05-29,STD,BAR,BAR_DLX,BOOKED,1,9802,INR,2026-05-11 08:33:40,2026-05-11 11:18:40
RES102202,KOL001,CNF102202,GUEST102202,2026-06-27,2026-06-28,DLX,PREPAY,PPR_STD,CANCELLED,3,0,INR,2026-05-11 18:51:17,2026-05-11 18:53:17
RES102203,MUM002,CNF102203,GUEST102203,2026-06-10,2026-06-15,STD,PREPAY,PPR_DLX,MODIFIED,4,120900,INR,2026-05-11 14:12:55,2026-05-11 15:33:55
RES102204,CHN001,CNF102204,GUEST102204,2026-06-13,2026-06-14,KING,PKG,PKG_STD,CANCELLED,2,0,INR,2026-05-11 04:32:02,2026-05-11 06:53:02
RES102205,MUM001,CNF102205,GUEST102205,2026-05-18,2026-05-19,QUEEN,PKG,PKG_STD,CANCELLED,2,0,INR,2026-05-11 01:47:08,2026-05-11 02:24:08
RES102206,KER001,CNF102206,GUEST102206,2026-07-05,2026-07-07,KING,CORP,CORP_STD,MODIFIED,2,46832,INR,2026-05-11 11:59:28,2026-05-11 13:40:28
RES102207,MUM002,CNF102207,GUEST102207,2026-05-30,2026-06-02,KING,PKG,PKG_DLX,MODIFIED,1,17262,INR,2026-05-11 08:26:20,2026-05-11 09:31:20
RES102208,KOL001,CNF102208,GUEST102208,2026-06-22,2026-06-25,STD,BAR,BAR_DLX,CANCELLED,3,0,INR,2026-05-11 06:48:49,2026-05-11 07:29:49
RES102209,HYD001,CNF102209,GUEST102209,2026-06-18,2026-06-19,KING,CORP,CORP_STD,CANCELLED,2,0,INR,2026-05-11 00:43:22,2026-05-11 02:40:22
RES102210,CHA001,CNF102210,GUEST102210,2026-05-28,2026-05-31,KING,PREPAY,PPR_STD,BOOKED,2,79794,INR,2026-05-11 23:22:30,2026-05-11 23:52:30
RES102211,DEL002,CNF102211,GUEST102211,2026-05-15,2026-05-17,STD,CORP,CORP_DLX,BOOKED,3,29214,INR,2026-05-11 03:11:35,2026-05-11 05:23:35
RES102212,HYD001,CNF102212,GUEST102212,2026-07-04,2026-07-05,DLX,BAR,BAR_STD,BOOKED,1,14049,INR,2026-05-11 23:57:18,2026-05-12 02:04:18
RES102213,DEL002,CNF102213,GUEST102213,2026-05-21,2026-05-22,QUEEN,CORP,CORP_DLX,MODIFIED,3,17469,INR,2026-05-11 11:14:38,2026-05-11 13:06:38
RES102214,DEL002,CNF102214,GUEST102214,2026-07-10,2026-07-13,QUEEN,BAR,BAR_DLX,CANCELLED,3,0,INR,2026-05-11 05:04:35,2026-05-11 06:08:35
RES102215,CHA001,CNF102215,GUEST102215,2026-05-15,2026-05-20,STD,PREPAY,PPR_DLX,BOOKED,3,188760,INR,2026-05-11 04:56:54,2026-05-11 05:20:54
RES102216,KER001,CNF102216,GUEST102216,2026-05-25,2026-05-27,STD,PREPAY,PPR_STD,CANCELLED,4,0,INR,2026-05-11 22:24:50,2026-05-12 00:01:50
RES102217,KOL001,CNF102217,GUEST102217,2026-05-25,2026-05-28,STE,CORP,CORP_STD,CANCELLED,1,0,INR,2026-05-11 09:28:57,2026-05-11 11:14:57
RES102218,CHN001,CNF102218,GUEST102218,2026-06-20,2026-06-21,DLX,CORP,CORP_DLX,MODIFIED,1,10183,INR,2026-05-11 17:02:10,2026-05-11 18:50:10
RES102219,DEL002,CNF102219,GUEST102219,2026-06-02,2026-06-06,DLX,PREPAY,PPR_STD,BOOKED,2,52696,INR,2026-05-11 11:41:59,2026-05-11 13:46:59
RES102220,BLR002,CNF102220,GUEST102220,2026-05-24,2026-05-26,STD,BAR,BAR_DLX,CANCELLED,1,0,INR,2026-05-11 14:18:36,2026-05-11 15:33:36
RES102221,MUM001,CNF102221,GUEST102221,2026-05-20,2026-05-25,KING,CORP,CORP_DLX,MODIFIED,4,91500,INR,2026-05-11 21:10:47,2026-05-11 21:33:47
RES102222,DEL002,CNF102222,GUEST102222,2026-06-10,2026-06-14,DLX,CORP,CORP_DLX,MODIFIED,2,79608,INR,2026-05-11 11:23:56,2026-05-11 12:38:56
RES102223,KER001,CNF102223,GUEST102223,2026-06-09,2026-06-11,STE,MEMBER,MEM_DLX,CANCELLED,2,0,INR,2026-05-11 05:56:45,2026-05-11 06:49:45
RES102224,DEL001,CNF102224,GUEST102224,2026-07-02,2026-07-04,QUEEN,MEMBER,MEM_DLX,BOOKED,3,71898,INR,2026-05-11 18:41:11,2026-05-11 20:07:11
RES102225,BLR002,CNF102225,GUEST102225,2026-05-22,2026-05-25,DLX,BAR,BAR_DLX,CANCELLED,3,0,INR,2026-05-11 10:06:26,2026-05-11 11:22:26
RES102226,CHA001,CNF102226,GUEST102226,2026-06-04,2026-06-06,DLX,PREPAY,PPR_DLX,CANCELLED,1,0,INR,2026-05-11 13:25:24,2026-05-11 13:27:24
RES102227,KER001,CNF102227,GUEST102227,2026-06-09,2026-06-14,DLX,PKG,PKG_DLX,CANCELLED,3,0,INR,2026-05-11 02:32:46,2026-05-11 05:24:46
RES102228,HYD001,CNF102228,GUEST102228,2026-06-06,2026-06-10,DLX,CORP,CORP_DLX,CANCELLED,3,0,INR,2026-05-11 21:15:49,2026-05-11 22:50:49
RES102229,MUM001,CNF102229,GUEST102229,2026-06-01,2026-06-02,QUEEN,MEMBER,MEM_STD,CANCELLED,2,0,INR,2026-05-11 04:15:42,2026-05-11 04:52:42
RES102230,BLR001,CNF102230,GUEST102230,2026-06-22,2026-06-25,KING,PREPAY,PPR_DLX,MODIFIED,3,48195,INR,2026-05-11 12:44:31,2026-05-11 12:48:31
RES102231,MUM002,CNF102231,GUEST102231,2026-06-12,2026-06-16,QUEEN,MEMBER,MEM_STD,MODIFIED,2,53968,INR,2026-05-11 13:08:41,2026-05-11 13:15:41
RES102232,CHA001,CNF102232,GUEST102232,2026-06-27,2026-06-30,QUEEN,BAR,BAR_DLX,MODIFIED,4,86352,INR,2026-05-11 09:00:35,2026-05-11 10:45:35
RES102233,BLR001,CNF102233,GUEST102233,2026-06-19,2026-06-20,STD,MEMBER,MEM_DLX,MODIFIED,2,9650,INR,2026-05-11 19:52:01,2026-05-11 21:08:01
RES102234,KOL001,CNF102234,GUEST102234,2026-06-19,2026-06-22,QUEEN,PREPAY,PPR_STD,MODIFIED,2,51144,INR,2026-05-11 01:54:18,2026-05-11 04:29:18
RES102235,CHA001,CNF102235,GUEST102235,2026-05-28,2026-05-31,DLX,PKG,PKG_STD,BOOKED,2,82254,INR,2026-05-11 17:11:25,2026-05-11 17:24:25
RES102236,BLR001,CNF102236,GUEST102236,2026-07-05,2026-07-06,STE,MEMBER,MEM_DLX,BOOKED,3,26436,INR,2026-05-11 11:42:12,2026-05-11 14:37:12
RES102237,CHA001,CNF102237,GUEST102237,2026-06-02,2026-06-03,STE,MEMBER,MEM_DLX,CANCELLED,2,0,INR,2026-05-11 10:13:14,2026-05-11 11:49:14
RES102238,CHN001,CNF102238,GUEST102238,2026-05-23,2026-05-24,DLX,MEMBER,MEM_STD,CANCELLED,4,0,INR,2026-05-11 15:56:40,2026-05-11 17:06:40
RES102239,DEL001,CNF102239,GUEST102239,2026-05-16,2026-05-19,QUEEN,BAR,BAR_DLX,MODIFIED,2,38688,INR,2026-05-11 22:46:58,2026-05-11 23:40:58
RES102240,BLR002,CNF102240,GUEST102240,2026-06-30,2026-07-02,QUEEN,CORP,CORP_STD,MODIFIED,1,25472,INR,2026-05-11 19:51:49,2026-05-11 22:04:49
RES102241,HYD001,CNF102241,GUEST102241,2026-05-13,2026-05-16,STD,PREPAY,PPR_DLX,CANCELLED,3,0,INR,2026-05-11 07:48:47,2026-05-11 10:42:47
RES102242,CHN001,CNF102242,GUEST102242,2026-06-13,2026-06-14,DLX,CORP,CORP_STD,BOOKED,2,10968,INR,2026-05-11 15:18:30,2026-05-11 16:42:30
RES102243,MUM002,CNF102243,GUEST102243,2026-07-03,2026-07-04,QUEEN,BAR,BAR_DLX,CANCELLED,1,0,INR,2026-05-11 17:32:42,2026-05-11 18:36:42
RES102244,CHN001,CNF102244,GUEST102244,2026-07-02,2026-07-04,STE,CORP,CORP_STD,CANCELLED,1,0,INR,2026-05-11 18:02:12,2026-05-11 19:40:12
RES102245,BLR001,CNF102245,GUEST102245,2026-05-25,2026-05-28,STE,MEMBER,MEM_STD,CANCELLED,4,0,INR,2026-05-11 03:41:04,2026-05-11 05:09:04
RES102246,MUM002,CNF102246,GUEST102246,2026-05-30,2026-06-02,QUEEN,CORP,CORP_STD,BOOKED,2,83088,INR,2026-05-11 18:55:28,2026-05-11 20:34:28
RES102247,DEL001,CNF102247,GUEST102247,2026-07-01,2026-07-05,STE,BAR,BAR_DLX,BOOKED,1,15396,INR,2026-05-11 09:30:16,2026-05-11 11:52:16
RES102248,KOL001,CNF102248,GUEST102248,2026-05-20,2026-05-25,DLX,CORP,CORP_STD,MODIFIED,1,38790,INR,2026-05-11 09:37:11,2026-05-11 10:19:11
RES102249,MUM001,CNF102249,GUEST102249,2026-05-25,2026-05-29,QUEEN,MEMBER,MEM_DLX,CANCELLED,4,0,INR,2026-05-11 15:35:44,2026-05-11 17:59:44
RES102250,KOL001,CNF102250,GUEST102250,2026-07-05,2026-07-07,STE,PKG,PKG_STD,BOOKED,1,7292,INR,2026-05-11 05:38:12,2026-05-11 05:45:12
RES102251,BLR001,CNF102251,GUEST102251,2026-05-15,2026-05-18,KING,PKG,PKG_STD,BOOKED,1,24183,INR,2026-05-11 18:22:47,2026-05-11 20:22:47
RES102252,MUM001,CNF102252,GUEST102252,2026-06-19,2026-06-22,DLX,PREPAY,PPR_DLX,CANCELLED,4,0,INR,2026-05-11 15:21:40,2026-05-11 17:25:40
RES102253,MUM002,CNF102253,GUEST102253,2026-06-14,2026-06-19,STD,PREPAY,PPR_STD,MODIFIED,3,75495,INR,2026-05-11 17:33:58,2026-05-11 19:47:58
RES102254,DEL002,CNF102254,GUEST102254,2026-05-17,2026-05-18,KING,PKG,PKG_DLX,CANCELLED,3,0,INR,2026-05-11 21:28:15,2026-05-11 23:42:15
RES102255,DEL002,CNF102255,GUEST102255,2026-05-19,2026-05-23,DLX,MEMBER,MEM_STD,BOOKED,4,63936,INR,2026-05-11 01:03:36,2026-05-11 02:00:36
RES102256,KER001,CNF102256,GUEST102256,2026-05-15,2026-05-18,QUEEN,BAR,BAR_DLX,MODIFIED,1,12864,INR,2026-05-11 23:52:20,2026-05-12 01:42:20
RES102257,CHN001,CNF102257,GUEST102257,2026-05-20,2026-05-22,KING,PKG,PKG_DLX,MODIFIED,1,17842,INR,2026-05-11 07:58:00,2026-05-11 09:02:00
RES102258,HYD001,CNF102258,GUEST102258,2026-05-30,2026-06-03,QUEEN,CORP,CORP_DLX,BOOKED,3,59496,INR,2026-05-11 21:27:06,2026-05-11 21:53:06
RES102259,MUM001,CNF102259,GUEST102259,2026-07-06,2026-07-09,KING,CORP,CORP_STD,MODIFIED,4,79332,INR,2026-05-11 11:18:59,2026-05-11 12:19:59
RES102260,HYD001,CNF102260,GUEST102260,2026-05-27,2026-05-28,QUEEN,MEMBER,MEM_STD,MODIFIED,4,53604,INR,2026-05-11 09:09:30,2026-05-11 09:51:30
RES102261,BLR001,CNF102261,GUEST102261,2026-05-17,2026-05-22,DLX,MEMBER,MEM_STD,CANCELLED,4,0,INR,2026-05-11 22:15:10,2026-05-11 22:39:10
RES102262,CHN001,CNF102262,GUEST102262,2026-07-01,2026-07-03,STE,PREPAY,PPR_STD,CANCELLED,3,0,INR,2026-05-11 16:53:04,2026-05-11 19:47:04
RES102263,BLR001,CNF102263,GUEST102263,2026-06-18,2026-06-20,DLX,PKG,PKG_STD,CANCELLED,2,0,INR,2026-05-11 03:43:50,2026-05-11 05:32:50
RES102264,BLR002,CNF102264,GUEST102264,2026-06-21,2026-06-25,STD,PKG,PKG_STD,CANCELLED,1,0,INR,2026-05-11 14:23:52,2026-05-11 15:37:52
RES102265,CHN001,CNF102265,GUEST102265,2026-06-09,2026-06-13,KING,MEMBER,MEM_DLX,MODIFIED,4,103664,INR,2026-05-11 08:54:24,2026-05-11 10:12:24
RES102266,BLR002,CNF102266,GUEST102266,2026-06-19,2026-06-24,STD,MEMBER,MEM_DLX,CANCELLED,1,0,INR,2026-05-11 09:52:09,2026-05-11 10:00:09
RES102267,KER001,CNF102267,GUEST102267,2026-05-28,2026-06-01,STD,MEMBER,MEM_DLX,MODIFIED,1,51368,INR,2026-05-11 03:00:20,2026-05-11 04:31:20
RES102268,MUM001,CNF102268,GUEST102268,2026-05-23,2026-05-25,STD,CORP,CORP_STD,CANCELLED,1,0,INR,2026-05-11 20:57:35,2026-05-11 23:16:35
RES102269,MUM001,CNF102269,GUEST102269,2026-06-10,2026-06-15,QUEEN,PKG,PKG_DLX,BOOKED,2,81760,INR,2026-05-11 20:26:03,2026-05-11 21:24:03
RES102270,BLR001,CNF102270,GUEST102270,2026-05-15,2026-05-20,QUEEN,PREPAY,PPR_STD,BOOKED,1,49155,INR,2026-05-11 19:22:22,2026-05-11 21:55:22
RES102271,BLR002,CNF102271,GUEST102271,2026-07-05,2026-07-09,KING,PREPAY,PPR_STD,CANCELLED,1,0,INR,2026-05-11 00:31:48,2026-05-11 02:33:48
RES102272,DEL002,CNF102272,GUEST102272,2026-05-12,2026-05-13,KING,MEMBER,MEM_STD,BOOKED,1,13817,INR,2026-05-11 06:15:14,2026-05-11 08:12:14
RES102273,DEL002,CNF102273,GUEST102273,2026-06-08,2026-06-13,STE,CORP,CORP_STD,BOOKED,2,59830,INR,2026-05-11 17:45:22,2026-05-11 19:52:22
RES102274,MUM002,CNF102274,GUEST102274,2026-06-09,2026-06-12,STE,BAR,BAR_DLX,CANCELLED,3,0,INR,2026-05-11 11:54:27,2026-05-11 14:53:27
RES102275,HYD001,CNF102275,GUEST102275,2026-05-16,2026-05-20,STD,CORP,CORP_DLX,MODIFIED,4,154048,INR,2026-05-11 00:42:09,2026-05-11 01:23:09
RES102276,KER001,CNF102276,GUEST102276,2026-05-26,2026-05-27,STD,MEMBER,MEM_DLX,BOOKED,3,27282,INR,2026-05-11 12:52:07,2026-05-11 12:54:07
RES102277,CHA001,CNF102277,GUEST102277,2026-06-07,2026-06-08,STE,PKG,PKG_STD,MODIFIED,1,13022,INR,2026-05-11 08:42:37,2026-05-11 11:18:37
RES102278,KER001,CNF102278,GUEST102278,2026-05-23,2026-05-24,DLX,BAR,BAR_STD,CANCELLED,2,0,INR,2026-05-11 23:11:04,2026-05-11 23:58:04
RES102279,BLR002,CNF102279,GUEST102279,2026-06-22,2026-06-23,QUEEN,BAR,BAR_DLX,CANCELLED,1,0,INR,2026-05-11 13:03:43,2026-05-11 13:04:43
RES102280,DEL001,CNF102280,GUEST102280,2026-06-18,2026-06-20,QUEEN,BAR,BAR_STD,MODIFIED,1,18628,INR,2026-05-11 02:43:41,2026-05-11 02:43:41
RES102281,DEL002,CNF102281,GUEST102281,2026-06-11,2026-06-16,STD,CORP,CORP_STD,MODIFIED,1,57080,INR,2026-05-11 07:07:24,2026-05-11 09:05:24
RES102282,DEL001,CNF102282,GUEST102282,2026-07-04,2026-07-08,KING,PKG,PKG_STD,BOOKED,4,101408,INR,2026-05-11 05:11:56,2026-05-11 06:27:56
RES102283,HYD001,CNF102283,GUEST102283,2026-05-23,2026-05-25,STE,CORP,CORP_DLX,MODIFIED,1,29500,INR,2026-05-11 08:34:08,2026-05-11 10:33:08
RES102284,BLR001,CNF102284,GUEST102284,2026-05-16,2026-05-21,QUEEN,PREPAY,PPR_DLX,CANCELLED,4,0,INR,2026-05-11 00:24:33,2026-05-11 01:07:33
RES102285,KOL001,CNF102285,GUEST102285,2026-05-14,2026-05-18,STD,PKG,PKG_STD,BOOKED,2,81080,INR,2026-05-11 03:02:15,2026-05-11 04:59:15
RES102286,HYD001,CNF102286,GUEST102286,2026-05-24,2026-05-25,QUEEN,CORP,CORP_STD,BOOKED,3,31293,INR,2026-05-11 04:07:41,2026-05-11 05:28:41
RES102287,DEL001,CNF102287,GUEST102287,2026-05-28,2026-06-01,QUEEN,CORP,CORP_STD,MODIFIED,4,114800,INR,2026-05-11 08:05:29,2026-05-11 11:04:29
RES102288,DEL002,CNF102288,GUEST102288,2026-05-29,2026-06-01,STE,BAR,BAR_DLX,BOOKED,3,116883,INR,2026-05-11 17:12:15,2026-05-11 19:01:15
RES102289,BLR001,CNF102289,GUEST102289,2026-06-18,2026-06-23,STD,CORP,CORP_DLX,MODIFIED,1,60500,INR,2026-05-11 04:00:52,2026-05-11 04:33:52
RES102290,MUM002,CNF102290,GUEST102290,2026-05-25,2026-05-29,STE,MEMBER,MEM_DLX,CANCELLED,1,0,INR,2026-05-11 15:10:31,2026-05-11 15:31:31
RES102291,MUM001,CNF102291,GUEST102291,2026-06-01,2026-06-04,STD,BAR,BAR_DLX,BOOKED,3,75096,INR,2026-05-11 20:10:24,2026-05-11 20:53:24
RES102292,MUM002,CNF102292,GUEST102292,2026-06-18,2026-06-21,KING,CORP,CORP_STD,CANCELLED,4,0,INR,2026-05-11 22:04:08,2026-05-11 23:54:08
RES102293,CHA001,CNF102293,GUEST102293,2026-06-27,2026-06-28,KING,MEMBER,MEM_STD,BOOKED,1,5228,INR,2026-05-11 01:07:16,2026-05-11 01:52:16
RES102294,CHA001,CNF102294,GUEST102294,2026-05-17,2026-05-21,KING,CORP,CORP_STD,BOOKED,3,153648,INR,2026-05-11 12:04:35,2026-05-11 14:30:35
RES102295,BLR002,CNF102295,GUEST102295,2026-07-05,2026-07-10,STD,CORP,CORP_STD,BOOKED,4,121520,INR,2026-05-11 10:58:38,2026-05-11 13:39:38
RES102296,CHN001,CNF102296,GUEST102296,2026-05-12,2026-05-15,STE,MEMBER,MEM_DLX,MODIFIED,1,32709,INR,2026-05-11 20:49:04,2026-05-11 21:04:04
RES102297,MUM001,CNF102297,GUEST102297,2026-07-02,2026-07-07,QUEEN,BAR,BAR_DLX,CANCELLED,4,0,INR,2026-05-11 19:25:06,2026-05-11 21:39:06
RES102298,MUM001,CNF102298,GUEST102298,2026-06-27,2026-06-28,DLX,PREPAY,PPR_STD,BOOKED,3,31821,INR,2026-05-11 23:59:13,2026-05-12 02:04:13
RES102299,DEL002,CNF102299,GUEST102299,2026-06-12,2026-06-15,STE,PKG,PKG_DLX,CANCELLED,4,0,INR,2026-05-11 09:33:49,2026-05-11 11:28:49
RES102300,CHA001,CNF102300,GUEST102300,2026-05-19,2026-05-24,STE,BAR,BAR_STD,BOOKED,3,207630,INR,2026-05-11 00:19:31,2026-05-11 01:49:31
RES102301,BLR002,CNF102301,GUEST102301,2026-06-05,2026-06-09,QUEEN,CORP,CORP_STD,CANCELLED,3,0,INR,2026-05-11 08:18:08,2026-05-11 11:15:08
RES102302,BLR002,CNF102302,GUEST102302,2026-07-01,2026-07-05,STE,CORP,CORP_DLX,BOOKED,2,65528,INR,2026-05-11 21:05:51,2026-05-11 21:10:51
RES102303,KOL001,CNF102303,GUEST102303,2026-05-26,2026-05-28,DLX,PKG,PKG_DLX,MODIFIED,2,57616,INR,2026-05-11 12:55:43,2026-05-11 13:29:43
RES102304,MUM001,CNF102304,GUEST102304,2026-05-23,2026-05-25,DLX,BAR,BAR_STD,BOOKED,4,96320,INR,2026-05-11 01:56:29,2026-05-11 03:55:29
RES102305,MUM002,CNF102305,GUEST102305,2026-05-14,2026-05-16,KING,PKG,PKG_DLX,BOOKED,2,51132,INR,2026-05-11 21:50:46,2026-05-11 22:28:46
RES102306,HYD001,CNF102306,GUEST102306,2026-06-18,2026-06-20,DLX,PKG,PKG_STD,MODIFIED,1,16624,INR,2026-05-11 00:54:51,2026-05-11 01:38:51
RES102307,CHN001,CNF102307,GUEST102307,2026-07-10,2026-07-12,DLX,BAR,BAR_STD,MODIFIED,1,12394,INR,2026-05-11 18:47:25,2026-05-11 20:29:25
RES102308,DEL002,CNF102308,GUEST102308,2026-06-24,2026-06-29,STD,BAR,BAR_DLX,BOOKED,3,101220,INR,2026-05-11 18:02:41,2026-05-11 20:18:41
RES102309,BLR002,CNF102309,GUEST102309,2026-07-07,2026-07-09,DLX,PKG,PKG_DLX,BOOKED,3,33366,INR,2026-05-11 17:48:29,2026-05-11 20:34:29
RES102310,KOL001,CNF102310,GUEST102310,2026-06-07,2026-06-12,STE,BAR,BAR_STD,BOOKED,4,276940,INR,2026-05-11 18:09:47,2026-05-11 19:33:47
RES102311,CHN001,CNF102311,GUEST102311,2026-07-10,2026-07-11,QUEEN,MEMBER,MEM_STD,MODIFIED,4,39420,INR,2026-05-11 22:09:33,2026-05-11 23:19:33
RES102312,DEL001,CNF102312,GUEST102312,2026-05-19,2026-05-24,STD,CORP,CORP_DLX,CANCELLED,3,0,INR,2026-05-11 11:07:22,2026-05-11 12:33:22
RES102313,BLR002,CNF102313,GUEST102313,2026-05-27,2026-05-28,DLX,PKG,PKG_STD,BOOKED,4,19572,INR,2026-05-11 00:23:51,2026-05-11 01:25:51
RES102314,KOL001,CNF102314,GUEST102314,2026-05-27,2026-05-30,QUEEN,CORP,CORP_DLX,BOOKED,4,62820,INR,2026-05-11 00:48:54,2026-05-11 01:05:54
RES102315,DEL001,CNF102315,GUEST102315,2026-06-03,2026-06-06,QUEEN,BAR,BAR_DLX,MODIFIED,4,59352,INR,2026-05-11 03:05:41,2026-05-11 05:37:41
RES102316,BLR002,CNF102316,GUEST102316,2026-07-04,2026-07-09,STD,BAR,BAR_STD,MODIFIED,1,45050,INR,2026-05-11 17:59:46,2026-05-11 19:07:46
RES102317,BLR001,CNF102317,GUEST102317,2026-06-02,2026-06-07,DLX,PKG,PKG_STD,BOOKED,4,252240,INR,2026-05-11 18:45:28,2026-05-11 19:45:28
RES102318,MUM001,CNF102318,GUEST102318,2026-06-13,2026-06-14,STE,PKG,PKG_STD,CANCELLED,2,0,INR,2026-05-11 13:29:16,2026-05-11 14:56:16
RES102319,BLR002,CNF102319,GUEST102319,2026-07-03,2026-07-08,QUEEN,MEMBER,MEM_DLX,CANCELLED,2,0,INR,2026-05-11 07:53:56,2026-05-11 09:31:56
RES102320,DEL002,CNF102320,GUEST102320,2026-07-03,2026-07-04,QUEEN,PKG,PKG_STD,CANCELLED,3,0,INR,2026-05-11 15:04:01,2026-05-11 17:32:01
RES102321,DEL002,CNF102321,GUEST102321,2026-07-10,2026-07-12,QUEEN,PKG,PKG_STD,BOOKED,3,62646,INR,2026-05-11 01:39:25,2026-05-11 04:17:25
RES102322,BLR001,CNF102322,GUEST102322,2026-05-13,2026-05-18,KING,BAR,BAR_DLX,MODIFIED,3,138765,INR,2026-05-11 19:47:58,2026-05-11 22:28:58
RES102323,BLR001,CNF102323,GUEST102323,2026-05-15,2026-05-16,QUEEN,MEMBER,MEM_DLX,BOOKED,4,23796,INR,2026-05-11 23:14:29,2026-05-11 23:49:29
RES102324,HYD001,CNF102324,GUEST102324,2026-05-31,2026-06-03,DLX,CORP,CORP_STD,BOOKED,3,69552,INR,2026-05-11 13:14:00,2026-05-11 15:16:00
RES102325,DEL002,CNF102325,GUEST102325,2026-07-03,2026-07-06,QUEEN,MEMBER,MEM_STD,CANCELLED,3,0,INR,2026-05-11 08:15:22,2026-05-11 10:50:22
RES102326,MUM001,CNF102326,GUEST102326,2026-06-02,2026-06-06,QUEEN,PKG,PKG_DLX,BOOKED,3,62244,INR,2026-05-11 23:56:02,2026-05-12 01:03:02
RES102327,BLR002,CNF102327,GUEST102327,2026-05-27,2026-05-31,STD,MEMBER,MEM_STD,MODIFIED,3,125340,INR,2026-05-11 13:08:23,2026-05-11 15:27:23
RES102328,KER001,CNF102328,GUEST102328,2026-05-17,2026-05-21,STD,PKG,PKG_DLX,CANCELLED,2,0,INR,2026-05-11 08:01:01,2026-05-11 08:46:01
RES102329,BLR002,CNF102329,GUEST102329,2026-05-18,2026-05-23,QUEEN,PKG,PKG_STD,CANCELLED,1,0,INR,2026-05-11 02:10:14,2026-05-11 03:15:14
RES102330,MUM001,CNF102330,GUEST102330,2026-06-21,2026-06-22,STE,BAR,BAR_STD,MODIFIED,1,4164,INR,2026-05-11 11:12:33,2026-05-11 11:46:33
RES102331,DEL001,CNF102331,GUEST102331,2026-06-23,2026-06-28,QUEEN,PREPAY,PPR_DLX,MODIFIED,2,50110,INR,2026-05-11 02:39:02,2026-05-11 03:15:02
RES102332,CHA001,CNF102332,GUEST102332,2026-07-08,2026-07-13,KING,BAR,BAR_DLX,MODIFIED,2,64630,INR,2026-05-11 21:22:26,2026-05-11 21:58:26
RES102333,DEL002,CNF102333,GUEST102333,2026-06-09,2026-06-14,STD,MEMBER,MEM_STD,MODIFIED,3,123180,INR,2026-05-11 13:06:43,2026-05-11 13:09:43
RES102334,KER001,CNF102334,GUEST102334,2026-07-07,2026-07-10,STD,PREPAY,PPR_STD,BOOKED,2,22272,INR,2026-05-11 19:26:22,2026-05-11 22:16:22
RES102335,CHN001,CNF102335,GUEST102335,2026-07-08,2026-07-10,STE,CORP,CORP_STD,MODIFIED,2,48744,INR,2026-05-11 02:10:32,2026-05-11 03:27:32
RES102336,HYD001,CNF102336,GUEST102336,2026-06-15,2026-06-17,DLX,BAR,BAR_DLX,CANCELLED,4,0,INR,2026-05-11 11:17:01,2026-05-11 13:33:01
RES102337,BLR002,CNF102337,GUEST102337,2026-06-30,2026-07-02,DLX,BAR,BAR_DLX,BOOKED,1,28454,INR,2026-05-11 11:06:55,2026-05-11 11:51:55
RES102338,BLR001,CNF102338,GUEST102338,2026-06-03,2026-06-05,DLX,CORP,CORP_DLX,MODIFIED,4,73296,INR,2026-05-11 14:23:45,2026-05-11 15:10:45
RES102339,DEL002,CNF102339,GUEST102339,2026-06-21,2026-06-24,STD,CORP,CORP_STD,BOOKED,1,41406,INR,2026-05-11 12:59:06,2026-05-11 15:46:06
RES102340,MUM001,CNF102340,GUEST102340,2026-05-17,2026-05-20,DLX,PKG,PKG_DLX,MODIFIED,2,52512,INR,2026-05-11 14:28:03,2026-05-11 15:42:03
RES102341,DEL002,CNF102341,GUEST102341,2026-05-28,2026-05-30,QUEEN,PREPAY,PPR_DLX,MODIFIED,2,21196,INR,2026-05-11 18:25:44,2026-05-11 20:11:44
RES102342,DEL001,CNF102342,GUEST102342,2026-06-13,2026-06-14,STE,BAR,BAR_DLX,CANCELLED,2,0,INR,2026-05-11 05:39:12,2026-05-11 06:23:12
RES102343,DEL002,CNF102343,GUEST102343,2026-05-26,2026-05-27,QUEEN,CORP,CORP_DLX,CANCELLED,1,0,INR,2026-05-11 19:32:51,2026-05-11 20:07:51
RES102344,HYD001,CNF102344,GUEST102344,2026-05-24,2026-05-27,STE,PREPAY,PPR_DLX,MODIFIED,3,108351,INR,2026-05-11 09:32:16,2026-05-11 11:09:16
RES102345,KOL001,CNF102345,GUEST102345,2026-05-14,2026-05-19,STE,PREPAY,PPR_DLX,BOOKED,4,200680,INR,2026-05-11 17:50:22,2026-05-11 19:30:22
RES102346,HYD001,CNF102346,GUEST102346,2026-06-07,2026-06-09,STE,MEMBER,MEM_STD,CANCELLED,1,0,INR,2026-05-11 07:14:03,2026-05-11 07:35:03
RES102347,DEL002,CNF102347,GUEST102347,2026-05-22,2026-05-27,QUEEN,PREPAY,PPR_STD,CANCELLED,1,0,INR,2026-05-11 22:52:05,2026-05-12 01:43:05
RES102348,BLR001,CNF102348,GUEST102348,2026-06-11,2026-06-13,QUEEN,PKG,PKG_STD,MODIFIED,1,18664,INR,2026-05-11 23:32:42,2026-05-12 00:37:42
RES102349,DEL002,CNF102349,GUEST102349,2026-05-26,2026-05-27,STE,BAR,BAR_STD,BOOKED,3,41904,INR,2026-05-11 02:50:11,2026-05-11 04:34:11
RES102350,MUM001,CNF102350,GUEST102350,2026-06-25,2026-06-26,DLX,CORP,CORP_STD,CANCELLED,2,0,INR,2026-05-11 09:48:12,2026-05-11 10:28:12
RES102351,MUM001,CNF102351,GUEST102351,2026-06-17,2026-06-19,KING,BAR,BAR_DLX,BOOKED,1,25702,INR,2026-05-11 21:48:04,2026-05-11 23:09:04
RES102352,MUM001,CNF102352,GUEST102352,2026-06-17,2026-06-19,STD,MEMBER,MEM_STD,CANCELLED,4,0,INR,2026-05-11 17:30:08,2026-05-11 20:30:08
RES102353,KER001,CNF102353,GUEST102353,2026-06-17,2026-06-18,QUEEN,CORP,CORP_DLX,MODIFIED,1,5773,INR,2026-05-11 22:11:33,2026-05-12 01:08:33
RES102354,HYD001,CNF102354,GUEST102354,2026-06-24,2026-06-28,KING,PREPAY,PPR_STD,CANCELLED,2,0,INR,2026-05-11 19:18:19,2026-05-11 19:39:19
RES102355,DEL001,CNF102355,GUEST102355,2026-07-05,2026-07-07,DLX,PREPAY,PPR_DLX,CANCELLED,3,0,INR,2026-05-11 08:37:59,2026-05-11 11:37:59
RES102356,DEL001,CNF102356,GUEST102356,2026-06-05,2026-06-08,KING,CORP,CORP_STD,CANCELLED,4,0,INR,2026-05-11 00:05:11,2026-05-11 00:44:11
RES102357,BLR001,CNF102357,GUEST102357,2026-06-18,2026-06-19,STE,PREPAY,PPR_DLX,CANCELLED,4,0,INR,2026-05-11 11:09:59,2026-05-11 11:47:59
RES102358,HYD001,CNF102358,GUEST102358,2026-07-07,2026-07-08,DLX,PREPAY,PPR_STD,BOOKED,2,20108,INR,2026-05-11 07:30:47,2026-05-11 07:43:47
RES102359,HYD001,CNF102359,GUEST102359,2026-07-06,2026-07-08,KING,PKG,PKG_DLX,BOOKED,3,56148,INR,2026-05-11 07:30:39,2026-05-11 09:09:39
RES102360,CHA001,CNF102360,GUEST102360,2026-05-16,2026-05-21,STE,PKG,PKG_STD,MODIFIED,2,122180,INR,2026-05-11 03:18:19,2026-05-11 05:32:19
RES102361,MUM001,CNF102361,GUEST102361,2026-06-22,2026-06-23,STE,BAR,BAR_DLX,CANCELLED,3,0,INR,2026-05-11 18:42:26,2026-05-11 19:08:26
RES102362,BLR002,CNF102362,GUEST102362,2026-07-05,2026-07-08,KING,MEMBER,MEM_STD,MODIFIED,2,89874,INR,2026-05-11 05:50:38,2026-05-11 06:57:38
RES102363,MUM001,CNF102363,GUEST102363,2026-06-08,2026-06-09,QUEEN,PREPAY,PPR_DLX,MODIFIED,4,17072,INR,2026-05-11 17:17:35,2026-05-11 17:55:35
RES102364,HYD001,CNF102364,GUEST102364,2026-06-11,2026-06-14,STE,MEMBER,MEM_DLX,MODIFIED,3,120159,INR,2026-05-11 02:11:46,2026-05-11 04:28:46
RES102365,CHA001,CNF102365,GUEST102365,2026-06-10,2026-06-15,KING,PKG,PKG_DLX,MODIFIED,1,33985,INR,2026-05-11 02:05:31,2026-05-11 04:55:31
RES102366,CHA001,CNF102366,GUEST102366,2026-06-22,2026-06-24,STE,MEMBER,MEM_STD,BOOKED,1,21126,INR,2026-05-11 11:35:41,2026-05-11 14:09:41
RES102367,DEL001,CNF102367,GUEST102367,2026-05-31,2026-06-03,STD,MEMBER,MEM_STD,MODIFIED,2,81444,INR,2026-05-11 08:11:37,2026-05-11 08:53:37
RES102368,DEL001,CNF102368,GUEST102368,2026-05-15,2026-05-20,KING,PKG,PKG_DLX,MODIFIED,1,39755,INR,2026-05-11 09:43:41,2026-05-11 12:01:41
RES102369,KOL001,CNF102369,GUEST102369,2026-05-21,2026-05-22,STE,BAR,BAR_STD,CANCELLED,2,0,INR,2026-05-11 18:06:02,2026-05-11 21:04:02
RES102370,CHA001,CNF102370,GUEST102370,2026-06-01,2026-06-04,QUEEN,MEMBER,MEM_STD,MODIFIED,1,34695,INR,2026-05-11 20:09:43,2026-05-11 23:02:43
RES102371,CHN001,CNF102371,GUEST102371,2026-05-15,2026-05-19,STE,MEMBER,MEM_DLX,BOOKED,4,82240,INR,2026-05-11 17:15:28,2026-05-11 19:40:28
RES102372,CHA001,CNF102372,GUEST102372,2026-06-18,2026-06-21,STE,PREPAY,PPR_STD,CANCELLED,3,0,INR,2026-05-11 15:29:00,2026-05-11 15:36:00
RES102373,BLR001,CNF102373,GUEST102373,2026-06-02,2026-06-05,DLX,BAR,BAR_STD,CANCELLED,4,0,INR,2026-05-11 13:50:29,2026-05-11 14:38:29
RES102374,BLR001,CNF102374,GUEST102374,2026-05-23,2026-05-25,QUEEN,MEMBER,MEM_DLX,MODIFIED,2,55200,INR,2026-05-11 20:50:29,2026-05-11 21:54:29
RES102375,DEL001,CNF102375,GUEST102375,2026-06-13,2026-06-17,QUEEN,PKG,PKG_STD,BOOKED,1,15676,INR,2026-05-11 12:36:14,2026-05-11 13:14:14
RES102376,KER001,CNF102376,GUEST102376,2026-05-23,2026-05-27,DLX,MEMBER,MEM_DLX,CANCELLED,4,0,INR,2026-05-11 13:35:50,2026-05-11 14:55:50
RES102377,MUM002,CNF102377,GUEST102377,2026-06-04,2026-06-07,DLX,BAR,BAR_STD,CANCELLED,2,0,INR,2026-05-11 17:55:14,2026-05-11 19:02:14
RES102378,CHN001,CNF102378,GUEST102378,2026-06-20,2026-06-22,KING,CORP,CORP_DLX,CANCELLED,3,0,INR,2026-05-11 10:38:19,2026-05-11 13:20:19
RES102379,KOL001,CNF102379,GUEST102379,2026-07-02,2026-07-04,STE,BAR,BAR_STD,BOOKED,4,28152,INR,2026-05-11 01:35:00,2026-05-11 02:32:00
RES102380,HYD001,CNF102380,GUEST102380,2026-06-15,2026-06-16,STE,MEMBER,MEM_DLX,BOOKED,2,26746,INR,2026-05-11 18:08:03,2026-05-11 19:52:03
RES102381,KOL001,CNF102381,GUEST102381,2026-06-22,2026-06-24,QUEEN,CORP,CORP_DLX,BOOKED,1,19580,INR,2026-05-11 07:35:13,2026-05-11 09:16:13
RES102382,BLR001,CNF102382,GUEST102382,2026-05-14,2026-05-16,STE,CORP,CORP_DLX,CANCELLED,3,0,INR,2026-05-11 11:51:55,2026-05-11 14:39:55
RES102383,CHA001,CNF102383,GUEST102383,2026-07-06,2026-07-11,QUEEN,BAR,BAR_DLX,BOOKED,1,67735,INR,2026-05-11 19:35:11,2026-05-11 21:25:11
RES102384,BLR002,CNF102384,GUEST102384,2026-06-01,2026-06-05,KING,MEMBER,MEM_DLX,MODIFIED,1,22260,INR,2026-05-11 21:12:07,2026-05-11 23:31:07
RES102385,CHN001,CNF102385,GUEST102385,2026-06-02,2026-06-04,STD,MEMBER,MEM_DLX,MODIFIED,1,10050,INR,2026-05-11 10:30:29,2026-05-11 12:20:29
RES102386,KOL001,CNF102386,GUEST102386,2026-07-03,2026-07-07,QUEEN,MEMBER,MEM_DLX,CANCELLED,2,0,INR,2026-05-11 18:20:56,2026-05-11 19:23:56
RES102387,KOL001,CNF102387,GUEST102387,2026-05-29,2026-05-30,STE,PREPAY,PPR_STD,MODIFIED,1,11623,INR,2026-05-11 00:58:19,2026-05-11 03:16:19
RES102388,DEL002,CNF102388,GUEST102388,2026-06-01,2026-06-04,DLX,CORP,CORP_STD,MODIFIED,1,25308,INR,2026-05-11 11:29:43,2026-05-11 14:19:43
RES102389,DEL002,CNF102389,GUEST102389,2026-07-04,2026-07-08,DLX,MEMBER,MEM_STD,CANCELLED,4,0,INR,2026-05-11 03:17:03,2026-05-11 03:34:03
RES102390,CHA001,CNF102390,GUEST102390,2026-05-26,2026-05-28,DLX,BAR,BAR_DLX,BOOKED,2,23700,INR,2026-05-11 23:39:20,2026-05-11 23:39:20
RES102391,HYD001,CNF102391,GUEST102391,2026-06-20,2026-06-22,STD,PKG,PKG_STD,BOOKED,3,69768,INR,2026-05-11 05:14:56,2026-05-11 06:27:56
RES102392,CHA001,CNF102392,GUEST102392,2026-06-22,2026-06-24,STD,BAR,BAR_STD,BOOKED,2,19516,INR,2026-05-11 00:16:30,2026-05-11 02:16:30
RES102393,MUM002,CNF102393,GUEST102393,2026-05-27,2026-05-31,KING,PREPAY,PPR_STD,MODIFIED,3,140532,INR,2026-05-11 23:44:54,2026-05-12 01:21:54
RES102394,MUM001,CNF102394,GUEST102394,2026-07-05,2026-07-10,KING,PREPAY,PPR_STD,BOOKED,2,127900,INR,2026-05-11 22:29:34,2026-05-11 22:43:34
RES102395,HYD001,CNF102395,GUEST102395,2026-06-30,2026-07-04,DLX,MEMBER,MEM_DLX,MODIFIED,3,49068,INR,2026-05-11 07:27:03,2026-05-11 08:21:03
RES102396,DEL002,CNF102396,GUEST102396,2026-06-15,2026-06-18,QUEEN,MEMBER,MEM_STD,BOOKED,1,22026,INR,2026-05-11 06:55:33,2026-05-11 07:01:33
RES102397,MUM002,CNF102397,GUEST102397,2026-06-08,2026-06-10,QUEEN,PREPAY,PPR_STD,MODIFIED,1,8698,INR,2026-05-11 08:02:47,2026-05-11 10:10:47
RES102398,MUM002,CNF102398,GUEST102398,2026-06-25,2026-06-28,STD,BAR,BAR_DLX,MODIFIED,1,27327,INR,2026-05-11 13:33:30,2026-05-11 15:17:30
RES102399,HYD001,CNF102399,GUEST102399,2026-06-01,2026-06-04,STD,PKG,PKG_DLX,CANCELLED,3,0,INR,2026-05-11 21:31:17,2026-05-11 21:46:17
RES102400,BLR002,CNF102400,GUEST102400,2026-07-02,2026-07-03,KING,CORP,CORP_STD,MODIFIED,1,12776,INR,2026-05-11 18:06:24,2026-05-11 20:10:24
RES102401,KOL001,CNF102401,GUEST102401,2026-05-31,2026-06-03,STE,MEMBER,MEM_DLX,MODIFIED,4,86700,INR,2026-05-11 18:19:35,2026-05-11 21:15:35
RES102402,BLR002,CNF102402,GUEST102402,2026-06-25,2026-06-26,KING,PREPAY,PPR_STD,MODIFIED,1,5607,INR,2026-05-11 15:31:48,2026-05-11 17:24:48
RES102403,CHA001,CNF102403,GUEST102403,2026-05-27,2026-06-01,QUEEN,PKG,PKG_DLX,MODIFIED,3,116220,INR,2026-05-11 23:04:59,2026-05-12 00:51:59
RES102404,CHA001,CNF102404,GUEST102404,2026-05-24,2026-05-27,KING,PREPAY,PPR_STD,MODIFIED,4,71076,INR,2026-05-11 15:43:22,2026-05-11 17:13:22
RES102405,DEL002,CNF102405,GUEST102405,2026-05-24,2026-05-25,STE,CORP,CORP_DLX,BOOKED,2,8658,INR,2026-05-11 14:58:05,2026-05-11 17:10:05
RES102406,DEL002,CNF102406,GUEST102406,2026-05-28,2026-05-29,DLX,BAR,BAR_STD,MODIFIED,4,52368,INR,2026-05-11 04:31:26,2026-05-11 05:11:26
RES102407,DEL001,CNF102407,GUEST102407,2026-07-01,2026-07-06,STE,MEMBER,MEM_STD,CANCELLED,1,0,INR,2026-05-11 12:09:57,2026-05-11 13:12:57
RES102408,MUM002,CNF102408,GUEST102408,2026-06-28,2026-06-30,STD,BAR,BAR_DLX,BOOKED,4,50992,INR,2026-05-11 08:09:58,2026-05-11 10:59:58
RES102409,CHA001,CNF102409,GUEST102409,2026-06-22,2026-06-27,DLX,PREPAY,PPR_DLX,MODIFIED,3,78660,INR,2026-05-11 11:37:00,2026-05-11 13:32:00
RES102410,HYD001,CNF102410,GUEST102410,2026-05-24,2026-05-27,STD,BAR,BAR_DLX,BOOKED,2,27630,INR,2026-05-11 02:44:50,2026-05-11 05:14:50
RES102411,KOL001,CNF102411,GUEST102411,2026-05-19,2026-05-22,STD,CORP,CORP_DLX,BOOKED,2,65070,INR,2026-05-11 15:52:14,2026-05-11 18:14:14
RES102412,CHN001,CNF102412,GUEST102412,2026-06-19,2026-06-24,STE,CORP,CORP_DLX,MODIFIED,1,61150,INR,2026-05-11 04:15:48,2026-05-11 04:42:48
RES102413,CHA001,CNF102413,GUEST102413,2026-05-28,2026-06-02,STE,BAR,BAR_DLX,CANCELLED,3,0,INR,2026-05-11 17:42:38,2026-05-11 20:32:38
RES102414,BLR001,CNF102414,GUEST102414,2026-07-05,2026-07-08,STD,PREPAY,PPR_STD,MODIFIED,4,64380,INR,2026-05-11 20:40:51,2026-05-11 22:50:51
RES102415,CHA001,CNF102415,GUEST102415,2026-05-12,2026-05-14,STD,PKG,PKG_STD,CANCELLED,1,0,INR,2026-05-11 02:08:21,2026-05-11 04:22:21
RES102416,BLR001,CNF102416,GUEST102416,2026-05-16,2026-05-19,STE,PREPAY,PPR_DLX,CANCELLED,2,0,INR,2026-05-11 01:31:34,2026-05-11 02:36:34
RES102417,HYD001,CNF102417,GUEST102417,2026-05-25,2026-05-27,STE,PREPAY,PPR_DLX,CANCELLED,2,0,INR,2026-05-11 20:55:09,2026-05-11 21:56:09
RES102418,DEL001,CNF102418,GUEST102418,2026-05-13,2026-05-16,KING,CORP,CORP_DLX,MODIFIED,4,117432,INR,2026-05-11 04:38:49,2026-05-11 05:55:49
RES102419,MUM001,CNF102419,GUEST102419,2026-06-18,2026-06-22,STD,PREPAY,PPR_STD,BOOKED,2,50560,INR,2026-05-11 21:46:03,2026-05-11 22:41:03
RES102420,MUM001,CNF102420,GUEST102420,2026-07-05,2026-07-06,KING,PREPAY,PPR_STD,MODIFIED,2,17012,INR,2026-05-11 01:29:09,2026-05-11 02:37:09
RES102421,BLR001,CNF102421,GUEST102421,2026-05-12,2026-05-16,QUEEN,CORP,CORP_DLX,BOOKED,2,84576,INR,2026-05-11 12:11:34,2026-05-11 13:17:34
RES102422,MUM001,CNF102422,GUEST102422,2026-06-10,2026-06-14,KING,PKG,PKG_DLX,CANCELLED,1,0,INR,2026-05-11 16:06:15,2026-05-11 17:06:15
RES102423,CHA001,CNF102423,GUEST102423,2026-05-31,2026-06-02,DLX,PREPAY,PPR_STD,BOOKED,2,47452,INR,2026-05-11 22:10:21,2026-05-11 23:15:21
RES102424,KER001,CNF102424,GUEST102424,2026-05-12,2026-05-13,STE,MEMBER,MEM_DLX,CANCELLED,4,0,INR,2026-05-11 05:42:16,2026-05-11 07:33:16
RES102425,BLR001,CNF102425,GUEST102425,2026-05-24,2026-05-27,STD,PKG,PKG_DLX,BOOKED,2,30804,INR,2026-05-11 01:31:49,2026-05-11 03:20:49
RES102426,BLR001,CNF102426,GUEST102426,2026-05-22,2026-05-24,STE,MEMBER,MEM_STD,BOOKED,1,16396,INR,2026-05-11 07:36:01,2026-05-11 09:31:01
RES102427,CHN001,CNF102427,GUEST102427,2026-05-29,2026-05-31,STE,PKG,PKG_DLX,MODIFIED,3,66126,INR,2026-05-11 16:28:52,2026-05-11 17:41:52
RES102428,CHA001,CNF102428,GUEST102428,2026-05-19,2026-05-21,STE,BAR,BAR_DLX,BOOKED,4,73512,INR,2026-05-11 07:18:56,2026-05-11 09:03:56
RES102429,DEL002,CNF102429,GUEST102429,2026-05-14,2026-05-15,QUEEN,PKG,PKG_DLX,BOOKED,3,39486,INR,2026-05-11 16:41:47,2026-05-11 18:33:47
RES102430,BLR002,CNF102430,GUEST102430,2026-06-10,2026-06-14,KING,BAR,BAR_STD,CANCELLED,1,0,INR,2026-05-11 13:34:16,2026-05-11 13:38:16
RES102431,DEL001,CNF102431,GUEST102431,2026-05-19,2026-05-22,QUEEN,MEMBER,MEM_DLX,CANCELLED,2,0,INR,2026-05-11 05:50:36,2026-05-11 08:16:36
RES102432,DEL001,CNF102432,GUEST102432,2026-07-04,2026-07-07,QUEEN,MEMBER,MEM_DLX,BOOKED,4,76716,INR,2026-05-11 22:51:35,2026-05-12 00:51:35
RES102433,DEL002,CNF102433,GUEST102433,2026-06-19,2026-06-20,QUEEN,PKG,PKG_STD,CANCELLED,4,0,INR,2026-05-11 11:24:43,2026-05-11 13:38:43
RES102434,DEL002,CNF102434,GUEST102434,2026-06-10,2026-06-15,QUEEN,PKG,PKG_DLX,CANCELLED,2,0,INR,2026-05-11 00:56:54,2026-05-11 01:14:54
RES102435,HYD001,CNF102435,GUEST102435,2026-07-10,2026-07-12,QUEEN,PREPAY,PPR_DLX,CANCELLED,4,0,INR,2026-05-11 02:27:27,2026-05-11 04:55:27
RES102436,DEL001,CNF102436,GUEST102436,2026-07-10,2026-07-11,STE,PREPAY,PPR_DLX,MODIFIED,3,35808,INR,2026-05-11 01:07:49,2026-05-11 01:29:49
RES102437,CHA001,CNF102437,GUEST102437,2026-06-06,2026-06-10,DLX,PKG,PKG_STD,CANCELLED,3,0,INR,2026-05-11 23:21:21,2026-05-12 00:20:21
RES102438,KER001,CNF102438,GUEST102438,2026-06-02,2026-06-03,STD,CORP,CORP_DLX,MODIFIED,3,14883,INR,2026-05-11 14:31:14,2026-05-11 16:33:14
RES102439,CHA001,CNF102439,GUEST102439,2026-05-24,2026-05-29,DLX,PKG,PKG_DLX,BOOKED,3,89565,INR,2026-05-11 10:44:08,2026-05-11 12:49:08
RES102440,KER001,CNF102440,GUEST102440,2026-05-24,2026-05-25,QUEEN,PREPAY,PPR_STD,CANCELLED,3,0,INR,2026-05-11 01:26:52,2026-05-11 01:43:52
RES102441,DEL002,CNF102441,GUEST102441,2026-06-09,2026-06-13,DLX,BAR,BAR_DLX,MODIFIED,3,80328,INR,2026-05-11 22:20:56,2026-05-12 00:50:56
RES102442,MUM001,CNF102442,GUEST102442,2026-05-14,2026-05-15,QUEEN,MEMBER,MEM_STD,MODIFIED,3,16035,INR,2026-05-11 12:22:39,2026-05-11 13:40:39
RES102443,BLR002,CNF102443,GUEST102443,2026-06-27,2026-06-29,KING,BAR,BAR_STD,MODIFIED,4,113040,INR,2026-05-11 10:51:42,2026-05-11 13:16:42
RES102444,KER001,CNF102444,GUEST102444,2026-05-16,2026-05-17,STE,CORP,CORP_DLX,CANCELLED,3,0,INR,2026-05-11 16:12:30,2026-05-11 18:14:30
RES102445,HYD001,CNF102445,GUEST102445,2026-06-23,2026-06-28,QUEEN,BAR,BAR_DLX,CANCELLED,1,0,INR,2026-05-11 08:31:21,2026-05-11 11:11:21
RES102446,DEL002,CNF102446,GUEST102446,2026-05-25,2026-05-26,STD,MEMBER,MEM_DLX,CANCELLED,3,0,INR,2026-05-11 23:58:41,2026-05-12 02:24:41
RES102447,HYD001,CNF102447,GUEST102447,2026-06-16,2026-06-18,DLX,PKG,PKG_DLX,BOOKED,3,26406,INR,2026-05-11 18:27:20,2026-05-11 21:12:20
RES102448,BLR002,CNF102448,GUEST102448,2026-06-21,2026-06-26,DLX,CORP,CORP_STD,CANCELLED,3,0,INR,2026-05-11 14:38:13,2026-05-11 14:45:13
RES102449,HYD001,CNF102449,GUEST102449,2026-06-24,2026-06-25,STD,BAR,BAR_STD,CANCELLED,3,0,INR,2026-05-11 21:15:37,2026-05-11 22:58:37
RES102450,BLR002,CNF102450,GUEST102450,2026-05-14,2026-05-18,KING,MEMBER,MEM_DLX,BOOKED,1,55720,INR,2026-05-11 01:27:22,2026-05-11 03:32:22
RES102451,DEL001,CNF102451,GUEST102451,2026-06-15,2026-06-17,DLX,BAR,BAR_STD,MODIFIED,4,115432,INR,2026-05-11 06:07:38,2026-05-11 07:00:38
RES102452,KOL001,CNF102452,GUEST102452,2026-06-28,2026-07-02,STE,MEMBER,MEM_DLX,MODIFIED,2,67240,INR,2026-05-11 01:57:42,2026-05-11 04:23:42
RES102453,MUM001,CNF102453,GUEST102453,2026-07-07,2026-07-12,STD,MEMBER,MEM_STD,MODIFIED,3,123660,INR,2026-05-11 01:22:35,2026-05-11 02:12:35
RES102454,HYD001,CNF102454,GUEST102454,2026-05-25,2026-05-29,DLX,MEMBER,MEM_DLX,CANCELLED,4,0,INR,2026-05-11 08:01:06,2026-05-11 08:41:06
RES102455,DEL002,CNF102455,GUEST102455,2026-05-24,2026-05-27,QUEEN,PKG,PKG_STD,CANCELLED,1,0,INR,2026-05-11 23:56:34,2026-05-12 01:35:34
RES102456,DEL001,CNF102456,GUEST102456,2026-05-22,2026-05-23,STD,PKG,PKG_STD,CANCELLED,4,0,INR,2026-05-11 20:51:02,2026-05-11 22:56:02
RES102457,CHN001,CNF102457,GUEST102457,2026-05-23,2026-05-24,DLX,PKG,PKG_STD,MODIFIED,3,16335,INR,2026-05-11 11:43:08,2026-05-11 13:03:08
RES102458,MUM002,CNF102458,GUEST102458,2026-07-05,2026-07-09,KING,PREPAY,PPR_STD,MODIFIED,1,37240,INR,2026-05-11 14:00:11,2026-05-11 15:45:11
RES102459,CHA001,CNF102459,GUEST102459,2026-05-29,2026-05-30,DLX,MEMBER,MEM_DLX,MODIFIED,1,8252,INR,2026-05-11 02:32:27,2026-05-11 05:04:27
RES102460,DEL002,CNF102460,GUEST102460,2026-07-09,2026-07-12,QUEEN,MEMBER,MEM_DLX,BOOKED,2,56136,INR,2026-05-11 07:45:55,2026-05-11 10:22:55
RES102461,DEL001,CNF102461,GUEST102461,2026-05-16,2026-05-19,KING,PKG,PKG_DLX,CANCELLED,3,0,INR,2026-05-11 12:49:47,2026-05-11 15:24:47
RES102462,DEL001,CNF102462,GUEST102462,2026-07-01,2026-07-06,QUEEN,PKG,PKG_DLX,MODIFIED,1,48045,INR,2026-05-11 04:23:41,2026-05-11 07:09:41
RES102463,DEL002,CNF102463,GUEST102463,2026-06-22,2026-06-27,STD,MEMBER,MEM_STD,CANCELLED,4,0,INR,2026-05-11 17:58:35,2026-05-11 20:41:35
RES102464,CHN001,CNF102464,GUEST102464,2026-05-14,2026-05-17,STE,MEMBER,MEM_DLX,MODIFIED,3,45387,INR,2026-05-11 16:50:10,2026-05-11 17:51:10
RES102465,DEL001,CNF102465,GUEST102465,2026-07-05,2026-07-08,DLX,PKG,PKG_STD,CANCELLED,2,0,INR,2026-05-11 17:34:23,2026-05-11 19:12:23
RES102466,KOL001,CNF102466,GUEST102466,2026-06-06,2026-06-11,DLX,BAR,BAR_DLX,BOOKED,3,210450,INR,2026-05-11 09:59:59,2026-05-11 12:04:59
RES102467,BLR001,CNF102467,GUEST102467,2026-05-21,2026-05-25,QUEEN,MEMBER,MEM_DLX,BOOKED,3,171012,INR,2026-05-11 11:05:01,2026-05-11 11:55:01
RES102468,CHA001,CNF102468,GUEST102468,2026-06-06,2026-06-09,DLX,MEMBER,MEM_STD,CANCELLED,1,0,INR,2026-05-11 13:48:49,2026-05-11 14:12:49
RES102469,MUM001,CNF102469,GUEST102469,2026-07-07,2026-07-11,QUEEN,MEMBER,MEM_STD,BOOKED,2,61088,INR,2026-05-11 16:01:33,2026-05-11 17:32:33
RES102470,MUM001,CNF102470,GUEST102470,2026-05-19,2026-05-22,QUEEN,CORP,CORP_STD,CANCELLED,4,0,INR,2026-05-11 12:18:17,2026-05-11 14:22:17
RES102471,KOL001,CNF102471,GUEST102471,2026-05-16,2026-05-21,QUEEN,BAR,BAR_DLX,CANCELLED,4,0,INR,2026-05-11 13:41:38,2026-05-11 13:44:38
RES102472,DEL001,CNF102472,GUEST102472,2026-05-21,2026-05-26,STE,PKG,PKG_STD,CANCELLED,3,0,INR,2026-05-11 20:15:31,2026-05-11 22:37:31
RES102473,MUM001,CNF102473,GUEST102473,2026-06-11,2026-06-16,STD,MEMBER,MEM_STD,BOOKED,2,130310,INR,2026-05-11 19:59:15,2026-05-11 21:46:15
RES102474,MUM001,CNF102474,GUEST102474,2026-06-09,2026-06-10,KING,BAR,BAR_DLX,CANCELLED,1,0,INR,2026-05-11 14:58:11,2026-05-11 17:33:11
RES102475,KER001,CNF102475,GUEST102475,2026-05-23,2026-05-25,QUEEN,CORP,CORP_DLX,BOOKED,2,19672,INR,2026-05-11 12:37:37,2026-05-11 15:35:37
RES102476,CHA001,CNF102476,GUEST102476,2026-07-07,2026-07-11,STD,MEMBER,MEM_STD,BOOKED,4,193712,INR,2026-05-11 17:19:53,2026-05-11 18:32:53
RES102477,KOL001,CNF102477,GUEST102477,2026-06-04,2026-06-05,QUEEN,CORP,CORP_DLX,MODIFIED,3,17610,INR,2026-05-11 22:27:30,2026-05-11 22:44:30
RES102478,HYD001,CNF102478,GUEST102478,2026-05-25,2026-05-29,STD,MEMBER,MEM_STD,BOOKED,4,185856,INR,2026-05-11 18:49:52,2026-05-11 19:52:52
RES102479,CHN001,CNF102479,GUEST102479,2026-06-20,2026-06-24,DLX,PREPAY,PPR_DLX,BOOKED,4,222272,INR,2026-05-11 10:01:10,2026-05-11 10:20:10
RES102480,MUM002,CNF102480,GUEST102480,2026-06-05,2026-06-09,QUEEN,CORP,CORP_DLX,MODIFIED,4,83328,INR,2026-05-11 16:44:48,2026-05-11 17:45:48
RES102481,DEL001,CNF102481,GUEST102481,2026-06-10,2026-06-13,STD,MEMBER,MEM_STD,MODIFIED,3,121005,INR,2026-05-11 07:16:19,2026-05-11 09:23:19
RES102482,BLR001,CNF102482,GUEST102482,2026-06-27,2026-06-29,STE,MEMBER,MEM_DLX,CANCELLED,3,0,INR,2026-05-11 16:50:02,2026-05-11 17:38:02
RES102483,KOL001,CNF102483,GUEST102483,2026-06-30,2026-07-04,DLX,MEMBER,MEM_DLX,CANCELLED,4,0,INR,2026-05-11 03:08:33,2026-05-11 04:40:33
RES102484,CHA001,CNF102484,GUEST102484,2026-06-05,2026-06-09,QUEEN,MEMBER,MEM_DLX,BOOKED,1,16472,INR,2026-05-11 02:11:38,2026-05-11 04:42:38
RES102485,DEL001,CNF102485,GUEST102485,2026-05-30,2026-06-01,KING,MEMBER,MEM_STD,CANCELLED,2,0,INR,2026-05-11 15:06:04,2026-05-11 17:43:04
RES102486,HYD001,CNF102486,GUEST102486,2026-07-10,2026-07-15,DLX,PREPAY,PPR_STD,CANCELLED,3,0,INR,2026-05-11 14:10:22,2026-05-11 16:54:22
RES102487,CHA001,CNF102487,GUEST102487,2026-05-16,2026-05-18,KING,PKG,PKG_STD,CANCELLED,1,0,INR,2026-05-11 21:06:50,2026-05-11 22:53:50
RES102488,KOL001,CNF102488,GUEST102488,2026-06-18,2026-06-21,STE,CORP,CORP_DLX,MODIFIED,2,60036,INR,2026-05-11 07:30:52,2026-05-11 08:34:52
RES102489,DEL001,CNF102489,GUEST102489,2026-05-24,2026-05-25,STD,MEMBER,MEM_STD,CANCELLED,2,0,INR,2026-05-11 02:34:16,2026-05-11 02:53:16
RES102490,HYD001,CNF102490,GUEST102490,2026-06-19,2026-06-24,QUEEN,PREPAY,PPR_STD,CANCELLED,4,0,INR,2026-05-11 08:37:25,2026-05-11 09:52:25
RES102491,KOL001,CNF102491,GUEST102491,2026-07-01,2026-07-03,QUEEN,MEMBER,MEM_STD,MODIFIED,1,15344,INR,2026-05-11 16:39:41,2026-05-11 18:57:41
RES102492,DEL002,CNF102492,GUEST102492,2026-06-05,2026-06-10,KING,PREPAY,PPR_DLX,BOOKED,1,55010,INR,2026-05-11 02:36:05,2026-05-11 03:44:05
RES102493,MUM002,CNF102493,GUEST102493,2026-06-02,2026-06-04,STE,PKG,PKG_DLX,BOOKED,1,28904,INR,2026-05-11 21:17:00,2026-05-11 23:24:00
RES102494,CHA001,CNF102494,GUEST102494,2026-05-24,2026-05-28,STD,PREPAY,PPR_DLX,BOOKED,1,37576,INR,2026-05-11 08:12:04,2026-05-11 10:05:04
RES102495,KOL001,CNF102495,GUEST102495,2026-05-14,2026-05-17,QUEEN,PKG,PKG_DLX,MODIFIED,2,38304,INR,2026-05-11 12:37:07,2026-05-11 13:27:07
RES102496,DEL001,CNF102496,GUEST102496,2026-06-16,2026-06-18,STE,BAR,BAR_DLX,BOOKED,1,16600,INR,2026-05-11 14:47:28,2026-05-11 15:35:28
RES102497,MUM002,CNF102497,GUEST102497,2026-06-28,2026-06-29,QUEEN,PREPAY,PPR_STD,BOOKED,2,19594,INR,2026-05-11 08:15:40,2026-05-11 11:05:40
RES102498,DEL001,CNF102498,GUEST102498,2026-07-05,2026-07-07,STE,PKG,PKG_DLX,BOOKED,4,48800,INR,2026-05-11 09:59:37,2026-05-11 12:02:37
RES102499,DEL002,CNF102499,GUEST102499,2026-06-27,2026-07-01,QUEEN,PREPAY,PPR_STD,MODIFIED,2,82480,INR,2026-05-11 07:58:47,2026-05-11 09:52:47
RES102500,MUM001,CNF102500,GUEST102500,2026-07-01,2026-07-05,QUEEN,CORP,CORP_DLX,MODIFIED,2,86904,INR,2026-05-11 13:23:59,2026-05-11 13:56:59
RES102501,KOL001,CNF102501,GUEST102501,2026-06-03,2026-06-07,QUEEN,CORP,CORP_DLX,BOOKED,3,148356,INR,2026-05-11 13:00:33,2026-05-11 15:57:33
RES102502,KER001,CNF102502,GUEST102502,2026-05-28,2026-05-29,DLX,CORP,CORP_STD,CANCELLED,1,0,INR,2026-05-11 13:45:42,2026-05-11 14:39:42
RES102503,BLR002,CNF102503,GUEST102503,2026-05-26,2026-05-29,KING,PREPAY,PPR_DLX,MODIFIED,2,50166,INR,2026-05-11 15:33:45,2026-05-11 17:26:45
RES102504,DEL001,CNF102504,GUEST102504,2026-07-03,2026-07-06,QUEEN,CORP,CORP_DLX,MODIFIED,1,17874,INR,2026-05-11 15:33:13,2026-05-11 16:42:13
RES102505,DEL001,CNF102505,GUEST102505,2026-06-01,2026-06-04,QUEEN,PKG,PKG_STD,CANCELLED,3,0,INR,2026-05-11 18:28:37,2026-05-11 20:01:37
RES102506,KOL001,CNF102506,GUEST102506,2026-07-10,2026-07-12,STE,PKG,PKG_DLX,CANCELLED,3,0,INR,2026-05-11 09:19:38,2026-05-11 10:04:38
RES102507,CHA001,CNF102507,GUEST102507,2026-06-12,2026-06-14,STD,BAR,BAR_DLX,MODIFIED,3,57270,INR,2026-05-11 22:45:47,2026-05-11 23:47:47
RES102508,MUM002,CNF102508,GUEST102508,2026-05-22,2026-05-25,STD,BAR,BAR_STD,BOOKED,4,126036,INR,2026-05-11 00:27:24,2026-05-11 00:27:24
RES102509,BLR002,CNF102509,GUEST102509,2026-05-30,2026-05-31,STE,BAR,BAR_DLX,BOOKED,2,29098,INR,2026-05-11 10:16:33,2026-05-11 11:28:33
RES102510,KOL001,CNF102510,GUEST102510,2026-06-10,2026-06-14,QUEEN,BAR,BAR_STD,MODIFIED,3,171864,INR,2026-05-11 23:39:09,2026-05-12 00:14:09
RES102511,BLR001,CNF102511,GUEST102511,2026-07-09,2026-07-12,STD,BAR,BAR_DLX,BOOKED,1,14751,INR,2026-05-11 09:37:58,2026-05-11 10:07:58
RES102512,BLR001,CNF102512,GUEST102512,2026-07-04,2026-07-07,STE,PREPAY,PPR_DLX,CANCELLED,1,0,INR,2026-05-11 18:05:25,2026-05-11 19:38:25
RES102513,BLR001,CNF102513,GUEST102513,2026-06-18,2026-06-19,QUEEN,MEMBER,MEM_STD,MODIFIED,1,14080,INR,2026-05-11 17:24:09,2026-05-11 19:22:09
RES102514,MUM001,CNF102514,GUEST102514,2026-05-14,2026-05-19,KING,PKG,PKG_STD,CANCELLED,2,0,INR,2026-05-11 15:22:42,2026-05-11 16:30:42
RES102515,BLR002,CNF102515,GUEST102515,2026-06-01,2026-06-06,STE,PKG,PKG_STD,CANCELLED,3,0,INR,2026-05-11 21:41:39,2026-05-11 22:41:39
RES102516,CHN001,CNF102516,GUEST102516,2026-05-13,2026-05-14,STE,BAR,BAR_DLX,BOOKED,3,30834,INR,2026-05-11 21:57:14,2026-05-12 00:18:14
RES102517,BLR001,CNF102517,GUEST102517,2026-07-07,2026-07-08,QUEEN,PKG,PKG_DLX,BOOKED,2,19386,INR,2026-05-11 05:00:47,2026-05-11 05:07:47
RES102518,MUM002,CNF102518,GUEST102518,2026-06-07,2026-06-12,STE,BAR,BAR_DLX,CANCELLED,2,0,INR,2026-05-11 05:04:00,2026-05-11 05:36:00
RES102519,MUM002,CNF102519,GUEST102519,2026-05-26,2026-05-29,DLX,PKG,PKG_DLX,CANCELLED,1,0,INR,2026-05-11 03:55:26,2026-05-11 06:35:26
RES102520,KER001,CNF102520,GUEST102520,2026-06-20,2026-06-23,KING,CORP,CORP_DLX,CANCELLED,1,0,INR,2026-05-11 00:23:24,2026-05-11 01:41:24
RES102521,BLR001,CNF102521,GUEST102521,2026-07-08,2026-07-12,STD,PKG,PKG_DLX,CANCELLED,3,0,INR,2026-05-11 12:36:59,2026-05-11 15:20:59
RES102522,HYD001,CNF102522,GUEST102522,2026-07-06,2026-07-11,DLX,MEMBER,MEM_DLX,CANCELLED,3,0,INR,2026-05-11 01:40:16,2026-05-11 01:58:16
RES102523,HYD001,CNF102523,GUEST102523,2026-05-22,2026-05-24,STE,PREPAY,PPR_STD,BOOKED,4,28320,INR,2026-05-11 00:36:47,2026-05-11 02:51:47
RES102524,CHN001,CNF102524,GUEST102524,2026-05-29,2026-06-03,STE,PREPAY,PPR_STD,CANCELLED,1,0,INR,2026-05-11 00:36:35,2026-05-11 02:51:35
RES102525,KER001,CNF102525,GUEST102525,2026-06-08,2026-06-10,KING,PKG,PKG_DLX,CANCELLED,1,0,INR,2026-05-11 09:22:37,2026-05-11 11:05:37
RES102526,MUM001,CNF102526,GUEST102526,2026-06-19,2026-06-20,STE,MEMBER,MEM_DLX,MODIFIED,3,34152,INR,2026-05-11 11:10:18,2026-05-11 13:19:18
RES102527,MUM002,CNF102527,GUEST102527,2026-05-30,2026-06-02,KING,CORP,CORP_STD,MODIFIED,4,123576,INR,2026-05-11 16:57:23,2026-05-11 17:21:23
RES102528,KOL001,CNF102528,GUEST102528,2026-05-15,2026-05-18,QUEEN,MEMBER,MEM_DLX,MODIFIED,4,67224,INR,2026-05-11 14:26:41,2026-05-11 16:33:41
RES102529,CHN001,CNF102529,GUEST102529,2026-05-15,2026-05-16,STD,PREPAY,PPR_STD,CANCELLED,2,0,INR,2026-05-11 01:09:28,2026-05-11 02:33:28
RES102530,DEL002,CNF102530,GUEST102530,2026-05-12,2026-05-14,DLX,BAR,BAR_STD,BOOKED,3,79278,INR,2026-05-11 00:59:05,2026-05-11 02:07:05
RES102531,BLR001,CNF102531,GUEST102531,2026-06-21,2026-06-25,QUEEN,CORP,CORP_STD,BOOKED,1,24808,INR,2026-05-11 02:19:30,2026-05-11 03:30:30
RES102532,DEL002,CNF102532,GUEST102532,2026-06-15,2026-06-17,STE,CORP,CORP_STD,CANCELLED,1,0,INR,2026-05-11 20:44:33,2026-05-11 21:22:33
RES102533,CHA001,CNF102533,GUEST102533,2026-06-17,2026-06-21,STD,PREPAY,PPR_STD,CANCELLED,4,0,INR,2026-05-11 10:43:16,2026-05-11 12:11:16
RES102534,MUM001,CNF102534,GUEST102534,2026-05-23,2026-05-24,QUEEN,MEMBER,MEM_STD,CANCELLED,1,0,INR,2026-05-11 00:56:20,2026-05-11 02:35:20
RES102535,MUM002,CNF102535,GUEST102535,2026-05-28,2026-05-31,KING,BAR,BAR_STD,CANCELLED,3,0,INR,2026-05-11 01:38:18,2026-05-11 03:13:18
RES102536,DEL002,CNF102536,GUEST102536,2026-07-01,2026-07-04,STE,BAR,BAR_DLX,CANCELLED,4,0,INR,2026-05-11 03:09:48,2026-05-11 05:57:48
RES102537,MUM001,CNF102537,GUEST102537,2026-06-28,2026-06-30,STE,PREPAY,PPR_DLX,CANCELLED,4,0,INR,2026-05-11 13:05:48,2026-05-11 13:49:48
RES102538,DEL002,CNF102538,GUEST102538,2026-06-08,2026-06-09,DLX,PKG,PKG_DLX,BOOKED,1,9311,INR,2026-05-11 09:04:11,2026-05-11 10:04:11
RES102539,KOL001,CNF102539,GUEST102539,2026-05-28,2026-05-30,STE,PREPAY,PPR_STD,BOOKED,4,30504,INR,2026-05-11 18:54:57,2026-05-11 21:38:57
RES102540,DEL002,CNF102540,GUEST102540,2026-06-30,2026-07-03,KING,CORP,CORP_DLX,MODIFIED,3,103716,INR,2026-05-11 02:30:02,2026-05-11 02:31:02
RES102541,CHA001,CNF102541,GUEST102541,2026-06-24,2026-06-28,DLX,CORP,CORP_DLX,BOOKED,3,162768,INR,2026-05-11 14:34:27,2026-05-11 16:42:27
RES102542,KOL001,CNF102542,GUEST102542,2026-05-14,2026-05-15,QUEEN,MEMBER,MEM_DLX,MODIFIED,4,15052,INR,2026-05-11 20:13:34,2026-05-11 20:55:34
RES102543,KOL001,CNF102543,GUEST102543,2026-05-13,2026-05-18,STE,MEMBER,MEM_STD,MODIFIED,3,56940,INR,2026-05-11 21:41:48,2026-05-11 22:02:48
RES102544,BLR001,CNF102544,GUEST102544,2026-07-04,2026-07-06,STE,BAR,BAR_DLX,BOOKED,1,27538,INR,2026-05-11 06:11:29,2026-05-11 06:47:29
RES102545,BLR001,CNF102545,GUEST102545,2026-06-09,2026-06-10,DLX,PREPAY,PPR_STD,CANCELLED,1,0,INR,2026-05-11 20:36:48,2026-05-11 20:50:48
RES102546,MUM001,CNF102546,GUEST102546,2026-06-26,2026-06-27,QUEEN,MEMBER,MEM_STD,MODIFIED,3,42255,INR,2026-05-11 00:01:49,2026-05-11 02:04:49
RES102547,KER001,CNF102547,GUEST102547,2026-05-30,2026-05-31,KING,PREPAY,PPR_DLX,CANCELLED,1,0,INR,2026-05-11 23:52:33,2026-05-12 01:41:33
RES102548,HYD001,CNF102548,GUEST102548,2026-06-14,2026-06-16,QUEEN,BAR,BAR_DLX,BOOKED,3,87726,INR,2026-05-11 23:22:32,2026-05-12 00:40:32
RES102549,MUM002,CNF102549,GUEST102549,2026-05-13,2026-05-16,STD,PREPAY,PPR_STD,BOOKED,4,59556,INR,2026-05-11 07:09:13,2026-05-11 08:48:13
RES102550,CHN001,CNF102550,GUEST102550,2026-05-17,2026-05-19,STD,BAR,BAR_DLX,MODIFIED,3,49242,INR,2026-05-11 22:02:32,2026-05-11 23:28:32
RES102551,MUM002,CNF102551,GUEST102551,2026-06-28,2026-07-03,KING,CORP,CORP_DLX,MODIFIED,1,29730,INR,2026-05-11 00:25:09,2026-05-11 03:21:09
RES102552,MUM002,CNF102552,GUEST102552,2026-06-15,2026-06-17,STD,CORP,CORP_STD,MODIFIED,3,36216,INR,2026-05-11 10:00:51,2026-05-11 11:05:51
RES102553,CHA001,CNF102553,GUEST102553,2026-07-03,2026-07-04,STE,MEMBER,MEM_STD,MODIFIED,2,19210,INR,2026-05-11 00:52:35,2026-05-11 00:57:35
RES102554,KER001,CNF102554,GUEST102554,2026-05-30,2026-05-31,KING,PKG,PKG_STD,CANCELLED,2,0,INR,2026-05-11 15:14:50,2026-05-11 16:14:50
RES102555,BLR001,CNF102555,GUEST102555,2026-06-11,2026-06-15,STE,PREPAY,PPR_STD,CANCELLED,4,0,INR,2026-05-11 10:17:44,2026-05-11 11:29:44
RES102556,CHA001,CNF102556,GUEST102556,2026-05-21,2026-05-26,STE,CORP,CORP_STD,BOOKED,3,53430,INR,2026-05-11 09:28:17,2026-05-11 09:30:17
RES102557,MUM001,CNF102557,GUEST102557,2026-06-13,2026-06-15,QUEEN,CORP,CORP_STD,BOOKED,4,36584,INR,2026-05-11 20:23:59,2026-05-11 22:50:59
RES102558,MUM001,CNF102558,GUEST102558,2026-06-26,2026-06-27,KING,MEMBER,MEM_STD,BOOKED,3,33906,INR,2026-05-11 22:59:02,2026-05-12 01:37:02
RES102559,CHN001,CNF102559,GUEST102559,2026-06-03,2026-06-07,DLX,PREPAY,PPR_STD,BOOKED,3,99372,INR,2026-05-11 06:27:05,2026-05-11 09:00:05
RES102560,DEL002,CNF102560,GUEST102560,2026-07-01,2026-07-04,DLX,BAR,BAR_STD,BOOKED,4,109308,INR,2026-05-11 17:22:44,2026-05-11 18:24:44
RES102561,DEL002,CNF102561,GUEST102561,2026-06-23,2026-06-27,DLX,PKG,PKG_DLX,MODIFIED,2,57776,INR,2026-05-11 17:15:12,2026-05-11 18:32:12
RES102562,CHN001,CNF102562,GUEST102562,2026-06-05,2026-06-09,KING,PREPAY,PPR_STD,MODIFIED,2,102688,INR,2026-05-11 19:30:31,2026-05-11 21:33:31
RES102563,KER001,CNF102563,GUEST102563,2026-06-06,2026-06-07,STD,CORP,CORP_DLX,MODIFIED,2,18766,INR,2026-05-11 14:50:36,2026-05-11 17:06:36
RES102564,MUM001,CNF102564,GUEST102564,2026-06-10,2026-06-15,DLX,CORP,CORP_STD,BOOKED,4,251700,INR,2026-05-11 10:49:10,2026-05-11 13:38:10
RES102565,CHA001,CNF102565,GUEST102565,2026-07-09,2026-07-11,DLX,MEMBER,MEM_DLX,BOOKED,3,61968,INR,2026-05-11 08:19:14,2026-05-11 10:55:14
RES102566,KOL001,CNF102566,GUEST102566,2026-07-03,2026-07-06,KING,PREPAY,PPR_STD,BOOKED,2,56532,INR,2026-05-11 00:59:06,2026-05-11 03:52:06
RES102567,KER001,CNF102567,GUEST102567,2026-05-18,2026-05-23,KING,CORP,CORP_DLX,CANCELLED,2,0,INR,2026-05-11 12:14:00,2026-05-11 15:04:00
RES102568,KER001,CNF102568,GUEST102568,2026-05-13,2026-05-17,KING,PREPAY,PPR_DLX,BOOKED,1,37664,INR,2026-05-11 03:18:25,2026-05-11 05:14:25
RES102569,DEL001,CNF102569,GUEST102569,2026-06-27,2026-06-28,STE,CORP,CORP_DLX,CANCELLED,4,0,INR,2026-05-11 22:59:36,2026-05-11 23:51:36
RES102570,KOL001,CNF102570,GUEST102570,2026-05-31,2026-06-05,QUEEN,PREPAY,PPR_STD,CANCELLED,3,0,INR,2026-05-11 04:31:11,2026-05-11 05:10:11
RES102571,BLR002,CNF102571,GUEST102571,2026-06-08,2026-06-09,STE,PREPAY,PPR_DLX,MODIFIED,2,13892,INR,2026-05-11 01:30:54,2026-05-11 02:14:54
RES102572,KER001,CNF102572,GUEST102572,2026-05-29,2026-06-02,KING,BAR,BAR_DLX,CANCELLED,1,0,INR,2026-05-11 20:49:48,2026-05-11 23:03:48
RES102573,BLR001,CNF102573,GUEST102573,2026-07-09,2026-07-13,STE,BAR,BAR_STD,BOOKED,1,39824,INR,2026-05-11 21:11:43,2026-05-11 21:49:43
RES102574,MUM002,CNF102574,GUEST102574,2026-05-24,2026-05-26,KING,MEMBER,MEM_STD,MODIFIED,1,21954,INR,2026-05-11 14:45:04,2026-05-11 15:47:04
RES102575,BLR002,CNF102575,GUEST102575,2026-07-10,2026-07-13,STE,PREPAY,PPR_STD,CANCELLED,2,0,INR,2026-05-11 20:00:53,2026-05-11 21:37:53
RES102576,BLR001,CNF102576,GUEST102576,2026-06-10,2026-06-13,KING,BAR,BAR_STD,MODIFIED,2,28260,INR,2026-05-11 17:50:29,2026-05-11 18:14:29
RES102577,BLR001,CNF102577,GUEST102577,2026-06-10,2026-06-13,DLX,PKG,PKG_STD,CANCELLED,3,0,INR,2026-05-11 17:46:18,2026-05-11 19:53:18
RES102578,DEL001,CNF102578,GUEST102578,2026-06-05,2026-06-10,QUEEN,BAR,BAR_STD,MODIFIED,3,182655,INR,2026-05-11 10:16:37,2026-05-11 10:23:37
RES102579,KOL001,CNF102579,GUEST102579,2026-06-13,2026-06-18,QUEEN,MEMBER,MEM_DLX,BOOKED,3,84270,INR,2026-05-11 18:16:09,2026-05-11 20:26:09
RES102580,KER001,CNF102580,GUEST102580,2026-06-12,2026-06-16,DLX,PKG,PKG_DLX,BOOKED,1,22068,INR,2026-05-11 12:20:54,2026-05-11 14:28:54
RES102581,CHA001,CNF102581,GUEST102581,2026-05-14,2026-05-19,DLX,MEMBER,MEM_DLX,BOOKED,1,17855,INR,2026-05-11 12:52:32,2026-05-11 13:12:32
RES102582,CHN001,CNF102582,GUEST102582,2026-06-02,2026-06-04,STD,PREPAY,PPR_DLX,CANCELLED,4,0,INR,2026-05-11 02:49:19,2026-05-11 05:10:19
RES102583,DEL002,CNF102583,GUEST102583,2026-05-17,2026-05-22,STD,PKG,PKG_STD,BOOKED,3,123555,INR,2026-05-11 05:16:54,2026-05-11 06:17:54
RES102584,BLR002,CNF102584,GUEST102584,2026-06-17,2026-06-22,KING,PREPAY,PPR_DLX,CANCELLED,1,0,INR,2026-05-11 20:25:43,2026-05-11 20:44:43
RES102585,KER001,CNF102585,GUEST102585,2026-06-06,2026-06-08,STE,PREPAY,PPR_DLX,BOOKED,1,19442,INR,2026-05-11 10:45:35,2026-05-11 11:40:35
RES102586,BLR001,CNF102586,GUEST102586,2026-06-17,2026-06-20,STE,MEMBER,MEM_STD,BOOKED,1,16752,INR,2026-05-11 08:19:45,2026-05-11 11:13:45
RES102587,BLR001,CNF102587,GUEST102587,2026-05-17,2026-05-21,STE,CORP,CORP_DLX,CANCELLED,2,0,INR,2026-05-11 23:33:39,2026-05-12 01:22:39
RES102588,DEL001,CNF102588,GUEST102588,2026-06-28,2026-07-01,KING,MEMBER,MEM_STD,MODIFIED,1,22635,INR,2026-05-11 04:36:16,2026-05-11 05:50:16
RES102589,MUM002,CNF102589,GUEST102589,2026-05-16,2026-05-21,STE,BAR,BAR_DLX,BOOKED,1,60450,INR,2026-05-11 02:08:00,2026-05-11 02:10:00
RES102590,MUM002,CNF102590,GUEST102590,2026-05-27,2026-05-30,STE,CORP,CORP_DLX,MODIFIED,1,40524,INR,2026-05-11 22:40:58,2026-05-12 00:13:58
RES102591,DEL002,CNF102591,GUEST102591,2026-06-10,2026-06-11,STE,PKG,PKG_DLX,MODIFIED,3,36654,INR,2026-05-11 14:27:04,2026-05-11 14:27:04
RES102592,BLR001,CNF102592,GUEST102592,2026-07-08,2026-07-09,QUEEN,CORP,CORP_DLX,CANCELLED,4,0,INR,2026-05-11 15:34:07,2026-05-11 17:04:07
RES102593,MUM001,CNF102593,GUEST102593,2026-05-17,2026-05-20,KING,PKG,PKG_STD,CANCELLED,4,0,INR,2026-05-11 11:12:31,2026-05-11 11:14:31
RES102594,CHA001,CNF102594,GUEST102594,2026-05-17,2026-05-21,STE,MEMBER,MEM_STD,BOOKED,2,77760,INR,2026-05-11 20:33:22,2026-05-11 21:48:22
RES102595,DEL002,CNF102595,GUEST102595,2026-07-02,2026-07-04,DLX,PREPAY,PPR_STD,MODIFIED,4,89192,INR,2026-05-11 06:43:31,2026-05-11 08:41:31
RES102596,MUM002,CNF102596,GUEST102596,2026-05-22,2026-05-26,KING,CORP,CORP_DLX,MODIFIED,4,125152,INR,2026-05-11 03:30:50,2026-05-11 04:07:50
RES102597,DEL001,CNF102597,GUEST102597,2026-07-03,2026-07-08,DLX,CORP,CORP_DLX,BOOKED,2,51850,INR,2026-05-11 12:01:34,2026-05-11 12:46:34
RES102598,HYD001,CNF102598,GUEST102598,2026-06-09,2026-06-10,KING,BAR,BAR_STD,BOOKED,1,4731,INR,2026-05-11 19:14:26,2026-05-11 20:35:26
RES102599,DEL002,CNF102599,GUEST102599,2026-06-17,2026-06-22,STE,BAR,BAR_STD,CANCELLED,3,0,INR,2026-05-11 00:23:08,2026-05-11 01:33:08
RES102600,MUM002,CNF102600,GUEST102600,2026-05-29,2026-05-31,KING,CORP,CORP_STD,MODIFIED,3,26616,INR,2026-05-11 06:55:09,2026-05-11 08:45:09
RES102601,DEL002,CNF102601,GUEST102601,2026-06-28,2026-07-01,DLX,BAR,BAR_STD,BOOKED,1,22200,INR,2026-05-11 04:14:35,2026-05-11 06:10:35
RES102602,DEL001,CNF102602,GUEST102602,2026-07-07,2026-07-12,STE,MEMBER,MEM_DLX,BOOKED,2,121990,INR,2026-05-11 08:41:50,2026-05-11 09:23:50
RES102603,KER001,CNF102603,GUEST102603,2026-07-05,2026-07-09,STE,BAR,BAR_STD,MODIFIED,3,139836,INR,2026-05-11 11:07:13,2026-05-11 11:11:13
RES102604,HYD001,CNF102604,GUEST102604,2026-05-13,2026-05-14,KING,PREPAY,PPR_STD,MODIFIED,2,21288,INR,2026-05-11 22:21:43,2026-05-11 22:49:43
RES102605,CHN001,CNF102605,GUEST102605,2026-07-01,2026-07-04,DLX,CORP,CORP_DLX,CANCELLED,4,0,INR,2026-05-11 13:20:32,2026-05-11 15:16:32
RES102606,MUM002,CNF102606,GUEST102606,2026-05-24,2026-05-26,DLX,CORP,CORP_STD,MODIFIED,3,53910,INR,2026-05-11 21:57:55,2026-05-12 00:03:55
RES102607,HYD001,CNF102607,GUEST102607,2026-06-08,2026-06-12,QUEEN,CORP,CORP_DLX,CANCELLED,1,0,INR,2026-05-11 22:02:29,2026-05-11 22:54:29
RES102608,BLR002,CNF102608,GUEST102608,2026-06-02,2026-06-03,KING,PKG,PKG_DLX,CANCELLED,3,0,INR,2026-05-11 01:09:34,2026-05-11 04:00:34
RES102609,KER001,CNF102609,GUEST102609,2026-05-21,2026-05-23,DLX,BAR,BAR_DLX,BOOKED,4,78352,INR,2026-05-11 14:26:57,2026-05-11 14:55:57
RES102610,MUM001,CNF102610,GUEST102610,2026-07-09,2026-07-11,STE,PREPAY,PPR_DLX,BOOKED,4,92384,INR,2026-05-11 07:19:07,2026-05-11 10:14:07
RES102611,DEL002,CNF102611,GUEST102611,2026-05-26,2026-05-31,KING,CORP,CORP_DLX,MODIFIED,4,123900,INR,2026-05-11 02:11:08,2026-05-11 04:55:08
RES102612,CHN001,CNF102612,GUEST102612,2026-07-09,2026-07-10,STD,PREPAY,PPR_STD,BOOKED,1,13731,INR,2026-05-11 01:23:21,2026-05-11 03:41:21
RES102613,BLR001,CNF102613,GUEST102613,2026-06-30,2026-07-03,KING,CORP,CORP_STD,MODIFIED,1,25938,INR,2026-05-11 03:37:32,2026-05-11 04:06:32
RES102614,KER001,CNF102614,GUEST102614,2026-05-21,2026-05-24,STE,PKG,PKG_STD,MODIFIED,1,14958,INR,2026-05-11 13:03:06,2026-05-11 16:01:06
RES102615,MUM002,CNF102615,GUEST102615,2026-07-03,2026-07-05,KING,MEMBER,MEM_STD,MODIFIED,4,115880,INR,2026-05-11 21:27:39,2026-05-11 22:40:39
RES102616,KER001,CNF102616,GUEST102616,2026-06-08,2026-06-09,QUEEN,BAR,BAR_STD,CANCELLED,3,0,INR,2026-05-11 05:21:46,2026-05-11 07:27:46
RES102617,KOL001,CNF102617,GUEST102617,2026-06-29,2026-06-30,KING,PREPAY,PPR_STD,MODIFIED,3,24657,INR,2026-05-11 15:04:59,2026-05-11 15:40:59
RES102618,KER001,CNF102618,GUEST102618,2026-07-09,2026-07-14,STD,PREPAY,PPR_DLX,CANCELLED,2,0,INR,2026-05-11 06:18:28,2026-05-11 06:18:28
RES102619,MUM001,CNF102619,GUEST102619,2026-06-09,2026-06-12,KING,MEMBER,MEM_STD,BOOKED,3,110070,INR,2026-05-11 01:09:25,2026-05-11 03:52:25
RES102620,MUM002,CNF102620,GUEST102620,2026-06-17,2026-06-18,STD,BAR,BAR_DLX,BOOKED,2,19844,INR,2026-05-11 23:12:15,2026-05-12 01:53:15
RES102621,BLR001,CNF102621,GUEST102621,2026-06-10,2026-06-13,STD,BAR,BAR_STD,MODIFIED,4,128616,INR,2026-05-11 00:23:11,2026-05-11 02:57:11
RES102622,DEL001,CNF102622,GUEST102622,2026-06-17,2026-06-22,STE,PKG,PKG_DLX,CANCELLED,1,0,INR,2026-05-11 13:11:15,2026-05-11 15:51:15
RES102623,HYD001,CNF102623,GUEST102623,2026-06-09,2026-06-13,DLX,BAR,BAR_STD,MODIFIED,2,40800,INR,2026-05-11 11:40:23,2026-05-11 12:55:23
RES102624,KER001,CNF102624,GUEST102624,2026-07-03,2026-07-04,KING,BAR,BAR_STD,MODIFIED,2,12560,INR,2026-05-11 23:30:31,2026-05-12 02:15:31
RES102625,BLR002,CNF102625,GUEST102625,2026-06-10,2026-06-14,STD,MEMBER,MEM_DLX,BOOKED,3,162360,INR,2026-05-11 00:17:19,2026-05-11 00:44:19
RES102626,DEL002,CNF102626,GUEST102626,2026-05-21,2026-05-23,STD,PREPAY,PPR_STD,CANCELLED,1,0,INR,2026-05-11 20:19:42,2026-05-11 20:36:42
RES102627,CHA001,CNF102627,GUEST102627,2026-07-06,2026-07-11,QUEEN,BAR,BAR_DLX,CANCELLED,1,0,INR,2026-05-11 08:56:39,2026-05-11 10:12:39
RES102628,BLR002,CNF102628,GUEST102628,2026-06-25,2026-06-28,STE,PREPAY,PPR_STD,BOOKED,1,36912,INR,2026-05-11 13:26:55,2026-05-11 14:30:55
RES102629,DEL002,CNF102629,GUEST102629,2026-05-14,2026-05-16,KING,MEMBER,MEM_DLX,CANCELLED,1,0,INR,2026-05-11 11:02:07,2026-05-11 13:18:07
RES102630,HYD001,CNF102630,GUEST102630,2026-06-09,2026-06-10,QUEEN,CORP,CORP_DLX,MODIFIED,2,26600,INR,2026-05-11 01:02:29,2026-05-11 03:15:29
RES102631,HYD001,CNF102631,GUEST102631,2026-07-09,2026-07-12,STE,CORP,CORP_STD,MODIFIED,4,69660,INR,2026-05-11 15:36:00,2026-05-11 16:41:00
RES102632,BLR002,CNF102632,GUEST102632,2026-05-28,2026-05-31,STE,PREPAY,PPR_STD,CANCELLED,4,0,INR,2026-05-11 08:24:18,2026-05-11 11:16:18
RES102633,KER001,CNF102633,GUEST102633,2026-05-12,2026-05-13,QUEEN,MEMBER,MEM_STD,MODIFIED,1,14392,INR,2026-05-11 17:47:20,2026-05-11 19:52:20
RES102634,KER001,CNF102634,GUEST102634,2026-06-19,2026-06-20,STE,PKG,PKG_STD,CANCELLED,4,0,INR,2026-05-11 23:38:13,2026-05-12 01:10:13
RES102635,DEL002,CNF102635,GUEST102635,2026-07-10,2026-07-15,STD,MEMBER,MEM_STD,MODIFIED,2,107440,INR,2026-05-11 13:25:42,2026-05-11 14:31:42
RES102636,CHN001,CNF102636,GUEST102636,2026-05-27,2026-05-28,STE,CORP,CORP_STD,BOOKED,3,33477,INR,2026-05-11 20:23:32,2026-05-11 20:37:32
RES102637,DEL001,CNF102637,GUEST102637,2026-05-27,2026-06-01,DLX,BAR,BAR_STD,MODIFIED,1,70050,INR,2026-05-11 04:03:32,2026-05-11 04:59:32
RES102638,KOL001,CNF102638,GUEST102638,2026-05-20,2026-05-24,KING,CORP,CORP_DLX,BOOKED,4,77968,INR,2026-05-11 01:11:22,2026-05-11 01:53:22
RES102639,BLR001,CNF102639,GUEST102639,2026-06-02,2026-06-05,STE,CORP,CORP_STD,CANCELLED,1,0,INR,2026-05-11 20:22:47,2026-05-11 23:07:47
RES102640,HYD001,CNF102640,GUEST102640,2026-05-19,2026-05-24,DLX,CORP,CORP_DLX,CANCELLED,3,0,INR,2026-05-11 14:54:27,2026-05-11 16:26:27
RES102641,KOL001,CNF102641,GUEST102641,2026-06-26,2026-06-30,STE,PREPAY,PPR_DLX,CANCELLED,1,0,INR,2026-05-11 12:59:31,2026-05-11 15:26:31
RES102642,BLR002,CNF102642,GUEST102642,2026-06-27,2026-07-01,DLX,MEMBER,MEM_DLX,MODIFIED,1,28884,INR,2026-05-11 17:04:25,2026-05-11 17:49:25
RES102643,DEL001,CNF102643,GUEST102643,2026-06-10,2026-06-14,QUEEN,BAR,BAR_DLX,MODIFIED,4,176016,INR,2026-05-11 17:55:31,2026-05-11 18:13:31
RES102644,CHA001,CNF102644,GUEST102644,2026-05-15,2026-05-17,STD,BAR,BAR_DLX,CANCELLED,4,0,INR,2026-05-11 09:35:34,2026-05-11 10:49:34
RES102645,DEL001,CNF102645,GUEST102645,2026-05-14,2026-05-15,STD,PKG,PKG_DLX,BOOKED,3,25356,INR,2026-05-11 21:09:39,2026-05-11 22:17:39
RES102646,MUM001,CNF102646,GUEST102646,2026-05-31,2026-06-01,STD,PREPAY,PPR_DLX,BOOKED,1,8103,INR,2026-05-11 07:00:08,2026-05-11 08:57:08
RES102647,BLR002,CNF102647,GUEST102647,2026-06-15,2026-06-19,QUEEN,CORP,CORP_STD,MODIFIED,4,183920,INR,2026-05-11 01:24:34,2026-05-11 02:11:34
RES102648,KER001,CNF102648,GUEST102648,2026-05-16,2026-05-17,QUEEN,PKG,PKG_DLX,CANCELLED,3,0,INR,2026-05-11 12:53:18,2026-05-11 14:48:18
RES102649,BLR001,CNF102649,GUEST102649,2026-06-05,2026-06-07,QUEEN,CORP,CORP_STD,MODIFIED,3,62934,INR,2026-05-11 10:07:47,2026-05-11 10:12:47
RES102650,DEL001,CNF102650,GUEST102650,2026-05-29,2026-06-02,KING,MEMBER,MEM_STD,BOOKED,3,116412,INR,2026-05-11 07:21:46,2026-05-11 10:07:46
RES102651,KER001,CNF102651,GUEST102651,2026-05-22,2026-05-25,KING,PREPAY,PPR_DLX,BOOKED,4,178644,INR,2026-05-11 06:35:37,2026-05-11 07:45:37
RES102652,MUM002,CNF102652,GUEST102652,2026-06-25,2026-06-30,STD,MEMBER,MEM_STD,MODIFIED,3,136050,INR,2026-05-11 16:12:46,2026-05-11 19:06:46
RES102653,DEL002,CNF102653,GUEST102653,2026-05-22,2026-05-27,STD,BAR,BAR_STD,MODIFIED,1,23105,INR,2026-05-11 14:11:58,2026-05-11 14:19:58
RES102654,HYD001,CNF102654,GUEST102654,2026-06-17,2026-06-22,STE,PREPAY,PPR_DLX,BOOKED,4,125300,INR,2026-05-11 20:56:39,2026-05-11 22:08:39
RES102655,KOL001,CNF102655,GUEST102655,2026-05-16,2026-05-19,STE,BAR,BAR_STD,MODIFIED,1,12297,INR,2026-05-11 20:31:52,2026-05-11 23:00:52
RES102656,CHN001,CNF102656,GUEST102656,2026-06-20,2026-06-22,STE,BAR,BAR_DLX,BOOKED,3,33348,INR,2026-05-11 23:16:10,2026-05-11 23:39:10
RES102657,CHN001,CNF102657,GUEST102657,2026-06-18,2026-06-20,DLX,MEMBER,MEM_DLX,MODIFIED,2,42668,INR,2026-05-11 14:46:21,2026-05-11 14:55:21
RES102658,MUM001,CNF102658,GUEST102658,2026-05-20,2026-05-21,STE,PKG,PKG_STD,BOOKED,4,19068,INR,2026-05-11 08:27:41,2026-05-11 10:13:41
RES102659,CHA001,CNF102659,GUEST102659,2026-05-16,2026-05-18,DLX,PKG,PKG_STD,MODIFIED,2,19812,INR,2026-05-11 05:43:48,2026-05-11 06:01:48
RES102660,BLR001,CNF102660,GUEST102660,2026-06-08,2026-06-11,QUEEN,PKG,PKG_STD,BOOKED,4,138960,INR,2026-05-11 21:21:22,2026-05-12 00:21:22
RES102661,CHA001,CNF102661,GUEST102661,2026-06-21,2026-06-25,DLX,CORP,CORP_DLX,MODIFIED,2,42736,INR,2026-05-11 08:08:06,2026-05-11 09:47:06
RES102662,KER001,CNF102662,GUEST102662,2026-05-22,2026-05-25,QUEEN,CORP,CORP_DLX,CANCELLED,4,0,INR,2026-05-11 02:35:23,2026-05-11 05:06:23
RES102663,DEL002,CNF102663,GUEST102663,2026-06-29,2026-06-30,DLX,CORP,CORP_DLX,MODIFIED,4,53092,INR,2026-05-11 14:37:48,2026-05-11 15:04:48
RES102664,BLR001,CNF102664,GUEST102664,2026-07-05,2026-07-06,STE,MEMBER,MEM_DLX,CANCELLED,2,0,INR,2026-05-11 11:02:13,2026-05-11 13:03:13
RES102665,MUM002,CNF102665,GUEST102665,2026-06-06,2026-06-11,STE,BAR,BAR_DLX,MODIFIED,1,29585,INR,2026-05-11 18:56:25,2026-05-11 20:18:25
RES102666,KER001,CNF102666,GUEST102666,2026-06-12,2026-06-15,KING,CORP,CORP_STD,MODIFIED,4,45720,INR,2026-05-11 18:09:22,2026-05-11 18:48:22
RES102667,DEL002,CNF102667,GUEST102667,2026-06-15,2026-06-16,KING,MEMBER,MEM_STD,MODIFIED,1,8130,INR,2026-05-11 23:44:41,2026-05-12 02:14:41
RES102668,KER001,CNF102668,GUEST102668,2026-06-14,2026-06-19,STE,PKG,PKG_DLX,BOOKED,4,111300,INR,2026-05-11 20:54:33,2026-05-11 22:16:33
RES102669,DEL001,CNF102669,GUEST102669,2026-06-28,2026-07-01,STD,PKG,PKG_STD,BOOKED,3,95436,INR,2026-05-11 20:36:40,2026-05-11 21:00:40
RES102670,KOL001,CNF102670,GUEST102670,2026-06-03,2026-06-05,STE,PKG,PKG_DLX,BOOKED,4,111104,INR,2026-05-11 02:16:44,2026-05-11 04:40:44
RES102671,KER001,CNF102671,GUEST102671,2026-05-18,2026-05-20,KING,BAR,BAR_DLX,CANCELLED,2,0,INR,2026-05-11 00:02:05,2026-05-11 02:29:05
RES102672,DEL001,CNF102672,GUEST102672,2026-05-24,2026-05-25,DLX,PREPAY,PPR_STD,MODIFIED,1,5288,INR,2026-05-11 21:27:32,2026-05-11 21:27:32
RES102673,BLR001,CNF102673,GUEST102673,2026-06-15,2026-06-20,STE,PKG,PKG_DLX,BOOKED,1,58950,INR,2026-05-11 12:49:23,2026-05-11 14:55:23
RES102674,KER001,CNF102674,GUEST102674,2026-05-13,2026-05-17,STE,BAR,BAR_DLX,BOOKED,1,53236,INR,2026-05-11 00:55:59,2026-05-11 02:35:59
RES102675,KER001,CNF102675,GUEST102675,2026-05-30,2026-06-03,STD,BAR,BAR_DLX,MODIFIED,2,119608,INR,2026-05-11 17:35:19,2026-05-11 19:39:19
RES102676,DEL002,CNF102676,GUEST102676,2026-07-02,2026-07-05,KING,PREPAY,PPR_STD,CANCELLED,2,0,INR,2026-05-11 05:24:18,2026-05-11 07:54:18
RES102677,KOL001,CNF102677,GUEST102677,2026-05-26,2026-05-30,QUEEN,BAR,BAR_DLX,CANCELLED,3,0,INR,2026-05-11 19:58:49,2026-05-11 20:17:49
RES102678,CHN001,CNF102678,GUEST102678,2026-06-15,2026-06-19,STE,PREPAY,PPR_DLX,MODIFIED,1,59752,INR,2026-05-11 13:46:07,2026-05-11 16:35:07
RES102679,CHN001,CNF102679,GUEST102679,2026-07-02,2026-07-07,DLX,PKG,PKG_DLX,MODIFIED,1,74560,INR,2026-05-11 09:09:21,2026-05-11 11:39:21
RES102680,CHN001,CNF102680,GUEST102680,2026-06-02,2026-06-05,STD,BAR,BAR_STD,BOOKED,2,45228,INR,2026-05-11 08:12:38,2026-05-11 10:18:38
RES102681,CHN001,CNF102681,GUEST102681,2026-06-20,2026-06-22,KING,PKG,PKG_DLX,CANCELLED,1,0,INR,2026-05-11 22:15:46,2026-05-11 23:08:46
RES102682,KER001,CNF102682,GUEST102682,2026-05-29,2026-06-03,QUEEN,PREPAY,PPR_DLX,MODIFIED,2,63560,INR,2026-05-11 02:56:54,2026-05-11 04:23:54
RES102683,BLR002,CNF102683,GUEST102683,2026-05-26,2026-05-31,DLX,MEMBER,MEM_DLX,BOOKED,2,125390,INR,2026-05-11 11:03:50,2026-05-11 11:45:50
RES102684,DEL002,CNF102684,GUEST102684,2026-06-11,2026-06-16,DLX,CORP,CORP_DLX,CANCELLED,3,0,INR,2026-05-11 13:50:16,2026-05-11 15:05:16
RES102685,HYD001,CNF102685,GUEST102685,2026-05-26,2026-05-30,DLX,MEMBER,MEM_DLX,BOOKED,1,42844,INR,2026-05-11 17:08:15,2026-05-11 17:34:15
RES102686,BLR002,CNF102686,GUEST102686,2026-06-23,2026-06-25,STD,CORP,CORP_DLX,CANCELLED,2,0,INR,2026-05-11 07:40:27,2026-05-11 07:53:27
RES102687,KER001,CNF102687,GUEST102687,2026-05-26,2026-05-28,STD,BAR,BAR_STD,MODIFIED,2,39156,INR,2026-05-11 19:31:23,2026-05-11 19:50:23
RES102688,CHN001,CNF102688,GUEST102688,2026-07-08,2026-07-09,QUEEN,PREPAY,PPR_STD,MODIFIED,2,8892,INR,2026-05-11 18:23:06,2026-05-11 19:01:06
RES102689,MUM002,CNF102689,GUEST102689,2026-05-25,2026-05-29,STE,PREPAY,PPR_STD,CANCELLED,3,0,INR,2026-05-11 04:58:54,2026-05-11 05:10:54
RES102690,MUM002,CNF102690,GUEST102690,2026-07-07,2026-07-09,STE,PREPAY,PPR_STD,BOOKED,4,100368,INR,2026-05-11 04:58:18,2026-05-11 07:02:18
RES102691,CHA001,CNF102691,GUEST102691,2026-05-25,2026-05-26,KING,CORP,CORP_DLX,MODIFIED,4,39816,INR,2026-05-11 13:37:19,2026-05-11 15:34:19
RES102692,CHN001,CNF102692,GUEST102692,2026-05-25,2026-05-29,DLX,PREPAY,PPR_DLX,CANCELLED,3,0,INR,2026-05-11 04:50:42,2026-05-11 06:38:42
RES102693,CHN001,CNF102693,GUEST102693,2026-06-24,2026-06-29,STE,PKG,PKG_STD,BOOKED,3,197835,INR,2026-05-11 02:51:22,2026-05-11 04:28:22
RES102694,BLR001,CNF102694,GUEST102694,2026-06-21,2026-06-23,DLX,PKG,PKG_DLX,CANCELLED,2,0,INR,2026-05-11 18:10:28,2026-05-11 20:19:28
RES102695,DEL002,CNF102695,GUEST102695,2026-06-21,2026-06-25,QUEEN,MEMBER,MEM_DLX,MODIFIED,3,171912,INR,2026-05-11 04:14:19,2026-05-11 04:54:19
RES102696,KER001,CNF102696,GUEST102696,2026-06-11,2026-06-15,STD,MEMBER,MEM_STD,BOOKED,3,75504,INR,2026-05-11 15:37:58,2026-05-11 15:59:58
RES102697,DEL001,CNF102697,GUEST102697,2026-05-17,2026-05-22,KING,CORP,CORP_STD,BOOKED,2,64800,INR,2026-05-11 12:30:45,2026-05-11 15:15:45
RES102698,KOL001,CNF102698,GUEST102698,2026-05-24,2026-05-25,KING,MEMBER,MEM_STD,MODIFIED,1,10753,INR,2026-05-11 18:28:31,2026-05-11 20:13:31
RES102699,MUM002,CNF102699,GUEST102699,2026-06-01,2026-06-04,KING,PKG,PKG_DLX,MODIFIED,2,70164,INR,2026-05-11 12:03:52,2026-05-11 13:18:52
RES102700,BLR002,CNF102700,GUEST102700,2026-06-14,2026-06-19,DLX,MEMBER,MEM_DLX,BOOKED,1,70510,INR,2026-05-11 13:06:53,2026-05-11 13:50:53
RES102701,DEL002,CNF102701,GUEST102701,2026-06-20,2026-06-21,STE,CORP,CORP_STD,BOOKED,3,12840,INR,2026-05-11 15:57:53,2026-05-11 16:46:53
RES102702,BLR001,CNF102702,GUEST102702,2026-06-29,2026-07-04,QUEEN,PKG,PKG_STD,CANCELLED,4,0,INR,2026-05-11 12:46:57,2026-05-11 15:39:57
RES102703,MUM002,CNF102703,GUEST102703,2026-05-12,2026-05-14,QUEEN,PKG,PKG_DLX,CANCELLED,2,0,INR,2026-05-11 16:21:38,2026-05-11 17:39:38
RES102704,KOL001,CNF102704,GUEST102704,2026-06-22,2026-06-26,STE,PKG,PKG_DLX,CANCELLED,3,0,INR,2026-05-11 05:06:55,2026-05-11 05:51:55
RES102705,HYD001,CNF102705,GUEST102705,2026-05-16,2026-05-21,DLX,MEMBER,MEM_DLX,CANCELLED,2,0,INR,2026-05-11 15:12:28,2026-05-11 18:02:28
RES102706,CHA001,CNF102706,GUEST102706,2026-06-07,2026-06-12,QUEEN,MEMBER,MEM_DLX,MODIFIED,2,126580,INR,2026-05-11 05:55:34,2026-05-11 06:17:34
RES102707,KER001,CNF102707,GUEST102707,2026-06-09,2026-06-11,STD,PKG,PKG_STD,BOOKED,1,21058,INR,2026-05-11 11:18:25,2026-05-11 12:11:25
RES102708,DEL002,CNF102708,GUEST102708,2026-06-06,2026-06-07,STD,BAR,BAR_DLX,BOOKED,3,16944,INR,2026-05-11 22:43:55,2026-05-12 00:33:55
RES102709,MUM002,CNF102709,GUEST102709,2026-07-07,2026-07-11,STD,MEMBER,MEM_STD,BOOKED,3,100284,INR,2026-05-11 13:04:19,2026-05-11 13:43:19
RES102710,HYD001,CNF102710,GUEST102710,2026-05-21,2026-05-24,KING,PREPAY,PPR_STD,BOOKED,2,59856,INR,2026-05-11 19:49:24,2026-05-11 20:43:24
RES102711,KOL001,CNF102711,GUEST102711,2026-06-12,2026-06-17,KING,BAR,BAR_DLX,CANCELLED,3,0,INR,2026-05-11 22:15:35,2026-05-11 23:36:35
RES102712,CHN001,CNF102712,GUEST102712,2026-05-14,2026-05-18,STE,MEMBER,MEM_STD,MODIFIED,1,18356,INR,2026-05-11 20:37:08,2026-05-11 21:36:08
RES102713,MUM002,CNF102713,GUEST102713,2026-06-03,2026-06-07,QUEEN,PKG,PKG_STD,CANCELLED,4,0,INR,2026-05-11 23:51:59,2026-05-12 01:56:59
RES102714,BLR001,CNF102714,GUEST102714,2026-05-20,2026-05-22,STE,MEMBER,MEM_DLX,BOOKED,4,36480,INR,2026-05-11 13:00:42,2026-05-11 13:45:42
RES102715,BLR001,CNF102715,GUEST102715,2026-06-15,2026-06-18,KING,PKG,PKG_DLX,MODIFIED,4,67260,INR,2026-05-11 01:56:11,2026-05-11 04:38:11
RES102716,MUM002,CNF102716,GUEST102716,2026-06-03,2026-06-06,STE,CORP,CORP_DLX,CANCELLED,3,0,INR,2026-05-11 09:53:43,2026-05-11 10:01:43
RES102717,BLR001,CNF102717,GUEST102717,2026-06-05,2026-06-10,QUEEN,PREPAY,PPR_STD,BOOKED,1,27910,INR,2026-05-11 13:03:02,2026-05-11 14:07:02
RES102718,DEL001,CNF102718,GUEST102718,2026-06-15,2026-06-18,STE,PREPAY,PPR_STD,MODIFIED,2,71112,INR,2026-05-11 16:31:42,2026-05-11 18:18:42
RES102719,CHN001,CNF102719,GUEST102719,2026-05-14,2026-05-15,QUEEN,CORP,CORP_DLX,CANCELLED,2,0,INR,2026-05-11 19:07:09,2026-05-11 21:49:09
RES102720,KER001,CNF102720,GUEST102720,2026-06-21,2026-06-23,STE,PREPAY,PPR_STD,CANCELLED,1,0,INR,2026-05-11 11:15:53,2026-05-11 13:15:53
RES102721,CHA001,CNF102721,GUEST102721,2026-06-27,2026-07-02,STE,BAR,BAR_DLX,BOOKED,1,71650,INR,2026-05-11 15:30:32,2026-05-11 17:24:32
RES102722,MUM002,CNF102722,GUEST102722,2026-05-23,2026-05-28,DLX,PKG,PKG_DLX,BOOKED,1,40000,INR,2026-05-11 05:56:09,2026-05-11 06:33:09
RES102723,MUM002,CNF102723,GUEST102723,2026-07-02,2026-07-03,QUEEN,BAR,BAR_DLX,CANCELLED,1,0,INR,2026-05-11 13:01:49,2026-05-11 15:49:49
RES102724,BLR001,CNF102724,GUEST102724,2026-05-31,2026-06-01,STD,PKG,PKG_STD,CANCELLED,1,0,INR,2026-05-11 01:04:31,2026-05-11 03:36:31
RES102725,BLR001,CNF102725,GUEST102725,2026-05-17,2026-05-21,STE,CORP,CORP_STD,MODIFIED,2,82424,INR,2026-05-11 03:48:10,2026-05-11 04:22:10
RES102726,KOL001,CNF102726,GUEST102726,2026-06-09,2026-06-12,STE,BAR,BAR_STD,BOOKED,2,82266,INR,2026-05-11 22:03:45,2026-05-11 23:24:45
RES102727,CHN001,CNF102727,GUEST102727,2026-06-30,2026-07-03,STE,PREPAY,PPR_DLX,MODIFIED,4,146436,INR,2026-05-11 14:43:06,2026-05-11 17:18:06
RES102728,KER001,CNF102728,GUEST102728,2026-06-02,2026-06-05,STD,BAR,BAR_STD,BOOKED,3,64548,INR,2026-05-11 20:34:48,2026-05-11 23:27:48
RES102729,CHA001,CNF102729,GUEST102729,2026-05-17,2026-05-19,KING,BAR,BAR_STD,CANCELLED,3,0,INR,2026-05-11 05:56:19,2026-05-11 08:00:19
RES102730,HYD001,CNF102730,GUEST102730,2026-05-23,2026-05-26,DLX,BAR,BAR_STD,BOOKED,4,102996,INR,2026-05-11 03:27:56,2026-05-11 06:16:56
RES102731,BLR001,CNF102731,GUEST102731,2026-07-08,2026-07-12,KING,CORP,CORP_STD,MODIFIED,3,131976,INR,2026-05-11 07:12:57,2026-05-11 07:31:57
RES102732,DEL002,CNF102732,GUEST102732,2026-05-24,2026-05-27,QUEEN,PKG,PKG_STD,MODIFIED,3,45684,INR,2026-05-11 13:26:53,2026-05-11 16:14:53
RES102733,BLR001,CNF102733,GUEST102733,2026-07-08,2026-07-11,STD,BAR,BAR_DLX,BOOKED,3,54900,INR,2026-05-11 20:38:14,2026-05-11 23:36:14
RES102734,BLR001,CNF102734,GUEST102734,2026-05-28,2026-05-31,QUEEN,PREPAY,PPR_DLX,MODIFIED,1,29250,INR,2026-05-11 16:21:21,2026-05-11 17:07:21
RES102735,CHA001,CNF102735,GUEST102735,2026-06-17,2026-06-18,DLX,PREPAY,PPR_STD,MODIFIED,3,37491,INR,2026-05-11 13:15:10,2026-05-11 14:44:10
RES102736,DEL001,CNF102736,GUEST102736,2026-05-13,2026-05-16,STD,BAR,BAR_STD,MODIFIED,3,34182,INR,2026-05-11 17:10:02,2026-05-11 18:50:02
RES102737,MUM001,CNF102737,GUEST102737,2026-07-04,2026-07-05,DLX,PREPAY,PPR_DLX,MODIFIED,1,12968,INR,2026-05-11 10:54:56,2026-05-11 12:53:56
RES102738,KOL001,CNF102738,GUEST102738,2026-07-10,2026-07-11,STD,MEMBER,MEM_STD,MODIFIED,1,4087,INR,2026-05-11 15:35:56,2026-05-11 16:59:56
RES102739,HYD001,CNF102739,GUEST102739,2026-05-29,2026-05-31,STE,PKG,PKG_STD,CANCELLED,3,0,INR,2026-05-11 23:35:21,2026-05-12 01:20:21
RES102740,KOL001,CNF102740,GUEST102740,2026-05-29,2026-05-30,DLX,PREPAY,PPR_STD,BOOKED,3,15717,INR,2026-05-11 15:39:21,2026-05-11 18:05:21
RES102741,CHA001,CNF102741,GUEST102741,2026-06-02,2026-06-03,QUEEN,BAR,BAR_DLX,MODIFIED,4,24128,INR,2026-05-11 13:48:34,2026-05-11 15:25:34
RES102742,MUM002,CNF102742,GUEST102742,2026-06-30,2026-07-02,STE,CORP,CORP_DLX,BOOKED,2,16460,INR,2026-05-11 08:43:35,2026-05-11 11:37:35
RES102743,MUM002,CNF102743,GUEST102743,2026-06-18,2026-06-22,DLX,PKG,PKG_STD,CANCELLED,3,0,INR,2026-05-11 08:44:03,2026-05-11 11:39:03
RES102744,MUM001,CNF102744,GUEST102744,2026-06-27,2026-06-29,STE,PKG,PKG_STD,BOOKED,3,52236,INR,2026-05-11 09:36:07,2026-05-11 12:19:07
RES102745,DEL001,CNF102745,GUEST102745,2026-06-10,2026-06-15,STD,BAR,BAR_STD,CANCELLED,2,0,INR,2026-05-11 03:14:46,2026-05-11 04:08:46
RES102746,KER001,CNF102746,GUEST102746,2026-06-02,2026-06-07,DLX,CORP,CORP_STD,CANCELLED,4,0,INR,2026-05-11 06:36:53,2026-05-11 08:32:53
RES102747,MUM001,CNF102747,GUEST102747,2026-05-29,2026-06-01,QUEEN,PKG,PKG_STD,CANCELLED,4,0,INR,2026-05-11 23:22:27,2026-05-12 00:04:27
RES102748,CHN001,CNF102748,GUEST102748,2026-05-29,2026-06-03,STD,BAR,BAR_STD,MODIFIED,3,160575,INR,2026-05-11 00:15:38,2026-05-11 00:57:38
RES102749,BLR001,CNF102749,GUEST102749,2026-07-07,2026-07-08,STE,BAR,BAR_DLX,BOOKED,4,58716,INR,2026-05-11 19:17:20,2026-05-11 20:12:20
RES102750,CHN001,CNF102750,GUEST102750,2026-05-15,2026-05-19,STE,CORP,CORP_STD,CANCELLED,2,0,INR,2026-05-11 10:50:57,2026-05-11 11:04:57
RES102751,CHA001,CNF102751,GUEST102751,2026-06-25,2026-06-30,STD,PKG,PKG_DLX,CANCELLED,3,0,INR,2026-05-11 19:15:22,2026-05-11 19:34:22
RES102752,MUM001,CNF102752,GUEST102752,2026-05-12,2026-05-15,KING,BAR,BAR_STD,MODIFIED,3,123543,INR,2026-05-11 13:25:54,2026-05-11 13:54:54
RES102753,DEL002,CNF102753,GUEST102753,2026-05-28,2026-05-29,KING,PKG,PKG_DLX,CANCELLED,4,0,INR,2026-05-11 01:44:58,2026-05-11 01:49:58
RES102754,BLR002,CNF102754,GUEST102754,2026-06-10,2026-06-14,DLX,PREPAY,PPR_STD,MODIFIED,3,68328,INR,2026-05-11 07:23:02,2026-05-11 10:01:02
RES102755,BLR002,CNF102755,GUEST102755,2026-06-16,2026-06-17,QUEEN,MEMBER,MEM_STD,CANCELLED,4,0,INR,2026-05-11 01:31:19,2026-05-11 03:10:19
RES102756,HYD001,CNF102756,GUEST102756,2026-06-19,2026-06-20,STE,CORP,CORP_STD,BOOKED,3,12405,INR,2026-05-11 11:49:24,2026-05-11 13:53:24
RES102757,CHA001,CNF102757,GUEST102757,2026-05-31,2026-06-04,STE,BAR,BAR_DLX,BOOKED,3,136392,INR,2026-05-11 05:29:51,2026-05-11 06:28:51
RES102758,DEL002,CNF102758,GUEST102758,2026-06-14,2026-06-19,QUEEN,MEMBER,MEM_DLX,BOOKED,4,161120,INR,2026-05-11 16:41:08,2026-05-11 17:09:08
RES102759,DEL002,CNF102759,GUEST102759,2026-06-22,2026-06-26,KING,PKG,PKG_STD,CANCELLED,3,0,INR,2026-05-11 12:03:42,2026-05-11 13:30:42
RES102760,CHA001,CNF102760,GUEST102760,2026-07-07,2026-07-10,STD,MEMBER,MEM_STD,BOOKED,1,42957,INR,2026-05-11 17:48:10,2026-05-11 19:04:10
RES102761,DEL001,CNF102761,GUEST102761,2026-06-13,2026-06-17,KING,PKG,PKG_STD,BOOKED,3,103344,INR,2026-05-11 07:35:01,2026-05-11 08:34:01
RES102762,BLR001,CNF102762,GUEST102762,2026-05-15,2026-05-18,QUEEN,MEMBER,MEM_DLX,MODIFIED,2,89988,INR,2026-05-11 18:18:08,2026-05-11 20:22:08
RES102763,BLR002,CNF102763,GUEST102763,2026-07-06,2026-07-10,STE,MEMBER,MEM_STD,BOOKED,2,88920,INR,2026-05-11 11:36:42,2026-05-11 13:48:42
RES102764,KOL001,CNF102764,GUEST102764,2026-06-06,2026-06-09,KING,PREPAY,PPR_STD,MODIFIED,2,57996,INR,2026-05-11 02:54:50,2026-05-11 05:44:50
RES102765,MUM001,CNF102765,GUEST102765,2026-06-15,2026-06-19,STD,BAR,BAR_DLX,MODIFIED,2,32072,INR,2026-05-11 14:40:00,2026-05-11 16:23:00
RES102766,CHN001,CNF102766,GUEST102766,2026-06-02,2026-06-06,KING,CORP,CORP_DLX,BOOKED,1,25048,INR,2026-05-11 03:25:53,2026-05-11 04:46:53
RES102767,MUM002,CNF102767,GUEST102767,2026-06-02,2026-06-07,STE,CORP,CORP_DLX,BOOKED,1,51715,INR,2026-05-11 03:53:46,2026-05-11 06:23:46
RES102768,DEL002,CNF102768,GUEST102768,2026-06-25,2026-06-26,STE,PREPAY,PPR_STD,BOOKED,1,9784,INR,2026-05-11 05:14:41,2026-05-11 08:11:41
RES102769,MUM002,CNF102769,GUEST102769,2026-06-12,2026-06-14,KING,MEMBER,MEM_DLX,MODIFIED,2,17460,INR,2026-05-11 23:16:11,2026-05-12 01:05:11
RES102770,KER001,CNF102770,GUEST102770,2026-06-14,2026-06-15,QUEEN,MEMBER,MEM_STD,BOOKED,4,48120,INR,2026-05-11 03:57:38,2026-05-11 05:07:38
RES102771,MUM001,CNF102771,GUEST102771,2026-07-03,2026-07-08,STE,CORP,CORP_STD,CANCELLED,2,0,INR,2026-05-11 03:45:22,2026-05-11 04:45:22
RES102772,MUM001,CNF102772,GUEST102772,2026-06-04,2026-06-05,DLX,BAR,BAR_STD,MODIFIED,1,10931,INR,2026-05-11 22:54:46,2026-05-12 00:45:46
RES102773,KER001,CNF102773,GUEST102773,2026-05-15,2026-05-18,QUEEN,PREPAY,PPR_STD,BOOKED,3,35838,INR,2026-05-11 00:35:34,2026-05-11 01:46:34
RES102774,HYD001,CNF102774,GUEST102774,2026-05-12,2026-05-14,QUEEN,PKG,PKG_STD,CANCELLED,1,0,INR,2026-05-11 23:15:51,2026-05-11 23:40:51
RES102775,HYD001,CNF102775,GUEST102775,2026-05-12,2026-05-17,QUEEN,BAR,BAR_STD,MODIFIED,2,108750,INR,2026-05-11 15:35:10,2026-05-11 18:31:10
RES102776,KOL001,CNF102776,GUEST102776,2026-05-23,2026-05-24,STE,BAR,BAR_DLX,MODIFIED,2,19974,INR,2026-05-11 22:07:08,2026-05-11 22:39:08
RES102777,CHN001,CNF102777,GUEST102777,2026-06-04,2026-06-09,QUEEN,BAR,BAR_DLX,CANCELLED,1,0,INR,2026-05-11 06:13:41,2026-05-11 06:28:41
RES102778,CHN001,CNF102778,GUEST102778,2026-05-13,2026-05-16,QUEEN,CORP,CORP_DLX,CANCELLED,1,0,INR,2026-05-11 21:34:24,2026-05-11 23:46:24
RES102779,BLR002,CNF102779,GUEST102779,2026-06-28,2026-06-30,QUEEN,PKG,PKG_STD,CANCELLED,3,0,INR,2026-05-11 14:09:01,2026-05-11 15:05:01
RES102780,MUM001,CNF102780,GUEST102780,2026-05-21,2026-05-26,DLX,BAR,BAR_STD,MODIFIED,4,253360,INR,2026-05-11 08:56:41,2026-05-11 11:44:41
RES102781,HYD001,CNF102781,GUEST102781,2026-06-10,2026-06-12,STE,MEMBER,MEM_STD,MODIFIED,2,22388,INR,2026-05-11 10:39:35,2026-05-11 13:07:35
RES102782,MUM002,CNF102782,GUEST102782,2026-05-17,2026-05-21,DLX,CORP,CORP_DLX,MODIFIED,1,27976,INR,2026-05-11 11:18:07,2026-05-11 12:28:07
RES102783,CHN001,CNF102783,GUEST102783,2026-05-20,2026-05-23,QUEEN,BAR,BAR_STD,BOOKED,4,53016,INR,2026-05-11 19:49:35,2026-05-11 20:24:35
RES102784,BLR001,CNF102784,GUEST102784,2026-05-21,2026-05-25,KING,BAR,BAR_DLX,CANCELLED,4,0,INR,2026-05-11 23:29:35,2026-05-12 00:56:35
RES102785,BLR001,CNF102785,GUEST102785,2026-06-02,2026-06-07,KING,MEMBER,MEM_DLX,MODIFIED,3,101895,INR,2026-05-11 17:39:39,2026-05-11 19:35:39
RES102786,HYD001,CNF102786,GUEST102786,2026-05-20,2026-05-25,QUEEN,PREPAY,PPR_DLX,MODIFIED,4,168260,INR,2026-05-11 22:16:02,2026-05-12 00:30:02
RES102787,DEL001,CNF102787,GUEST102787,2026-06-28,2026-06-30,STE,PREPAY,PPR_STD,MODIFIED,4,40952,INR,2026-05-11 23:03:08,2026-05-12 00:29:08
RES102788,CHA001,CNF102788,GUEST102788,2026-06-18,2026-06-20,KING,CORP,CORP_DLX,MODIFIED,3,82284,INR,2026-05-11 08:39:09,2026-05-11 11:00:09
RES102789,MUM001,CNF102789,GUEST102789,2026-05-12,2026-05-14,STD,PREPAY,PPR_STD,BOOKED,3,21618,INR,2026-05-11 18:01:29,2026-05-11 18:29:29
RES102790,HYD001,CNF102790,GUEST102790,2026-06-14,2026-06-19,KING,PKG,PKG_DLX,CANCELLED,4,0,INR,2026-05-11 14:10:11,2026-05-11 14:35:11
RES102791,DEL001,CNF102791,GUEST102791,2026-05-31,2026-06-03,QUEEN,PKG,PKG_DLX,CANCELLED,3,0,INR,2026-05-11 09:28:06,2026-05-11 11:58:06
RES102792,DEL001,CNF102792,GUEST102792,2026-06-27,2026-06-29,STE,PREPAY,PPR_STD,CANCELLED,3,0,INR,2026-05-11 12:46:14,2026-05-11 15:23:14
RES102793,MUM002,CNF102793,GUEST102793,2026-05-14,2026-05-19,STD,PREPAY,PPR_STD,BOOKED,1,57695,INR,2026-05-11 02:06:22,2026-05-11 05:00:22
RES102794,BLR001,CNF102794,GUEST102794,2026-07-07,2026-07-11,STD,MEMBER,MEM_DLX,BOOKED,3,115812,INR,2026-05-11 19:21:38,2026-05-11 19:32:38
RES102795,DEL002,CNF102795,GUEST102795,2026-05-29,2026-05-31,QUEEN,MEMBER,MEM_DLX,BOOKED,4,34376,INR,2026-05-11 10:38:41,2026-05-11 10:38:41
RES102796,BLR001,CNF102796,GUEST102796,2026-06-14,2026-06-17,STE,CORP,CORP_DLX,BOOKED,3,97137,INR,2026-05-11 11:49:26,2026-05-11 13:55:26
RES102797,DEL002,CNF102797,GUEST102797,2026-06-26,2026-06-28,STD,PKG,PKG_DLX,CANCELLED,3,0,INR,2026-05-11 19:56:06,2026-05-11 20:04:06
RES102798,BLR001,CNF102798,GUEST102798,2026-06-10,2026-06-12,DLX,PKG,PKG_DLX,BOOKED,4,85544,INR,2026-05-11 06:46:29,2026-05-11 09:02:29
RES102799,HYD001,CNF102799,GUEST102799,2026-06-14,2026-06-19,QUEEN,BAR,BAR_STD,BOOKED,4,198180,INR,2026-05-11 07:04:53,2026-05-11 09:40:53
RES102800,CHA001,CNF102800,GUEST102800,2026-05-15,2026-05-20,STE,MEMBER,MEM_STD,MODIFIED,1,51705,INR,2026-05-11 07:54:26,2026-05-11 09:16:26
RES102801,KER001,CNF102801,GUEST102801,2026-07-08,2026-07-10,DLX,PKG,PKG_STD,CANCELLED,1,0,INR,2026-05-11 11:50:01,2026-05-11 14:07:01
RES102802,MUM001,CNF102802,GUEST102802,2026-05-29,2026-06-01,QUEEN,PREPAY,PPR_DLX,CANCELLED,2,0,INR,2026-05-11 21:04:05,2026-05-11 23:14:05
RES102803,BLR001,CNF102803,GUEST102803,2026-05-20,2026-05-23,QUEEN,MEMBER,MEM_STD,MODIFIED,1,43005,INR,2026-05-11 23:45:08,2026-05-12 00:41:08
RES102804,CHA001,CNF102804,GUEST102804,2026-06-14,2026-06-18,QUEEN,CORP,CORP_DLX,CANCELLED,4,0,INR,2026-05-11 06:13:56,2026-05-11 07:44:56
RES102805,CHN001,CNF102805,GUEST102805,2026-06-10,2026-06-12,KING,MEMBER,MEM_DLX,MODIFIED,1,9954,INR,2026-05-11 13:13:58,2026-05-11 15:32:58
RES102806,DEL002,CNF102806,GUEST102806,2026-06-18,2026-06-22,DLX,BAR,BAR_DLX,BOOKED,4,215344,INR,2026-05-11 23:04:14,2026-05-12 00:50:14
RES102807,DEL002,CNF102807,GUEST102807,2026-07-08,2026-07-12,STD,BAR,BAR_DLX,MODIFIED,1,20808,INR,2026-05-11 02:50:59,2026-05-11 03:17:59
RES102808,BLR001,CNF102808,GUEST102808,2026-06-12,2026-06-14,KING,BAR,BAR_DLX,CANCELLED,4,0,INR,2026-05-11 19:47:37,2026-05-11 21:03:37
RES102809,MUM001,CNF102809,GUEST102809,2026-06-28,2026-06-29,STE,PREPAY,PPR_DLX,BOOKED,2,10530,INR,2026-05-11 18:12:01,2026-05-11 19:28:01
RES102810,KER001,CNF102810,GUEST102810,2026-06-19,2026-06-21,QUEEN,PKG,PKG_STD,BOOKED,1,15156,INR,2026-05-11 05:43:37,2026-05-11 08:21:37
RES102811,DEL002,CNF102811,GUEST102811,2026-05-17,2026-05-18,QUEEN,CORP,CORP_DLX,CANCELLED,1,0,INR,2026-05-11 05:04:52,2026-05-11 06:50:52
RES102812,DEL001,CNF102812,GUEST102812,2026-05-25,2026-05-29,STE,CORP,CORP_DLX,MODIFIED,4,212768,INR,2026-05-11 00:00:32,2026-05-11 01:00:32
RES102813,BLR001,CNF102813,GUEST102813,2026-05-14,2026-05-19,KING,BAR,BAR_STD,BOOKED,3,132990,INR,2026-05-11 09:17:08,2026-05-11 09:19:08
RES102814,BLR002,CNF102814,GUEST102814,2026-05-20,2026-05-22,DLX,PKG,PKG_STD,MODIFIED,3,57762,INR,2026-05-11 04:38:40,2026-05-11 07:03:40
RES102815,MUM001,CNF102815,GUEST102815,2026-07-07,2026-07-10,STD,PREPAY,PPR_STD,CANCELLED,2,0,INR,2026-05-11 17:55:25,2026-05-11 19:26:25
RES102816,HYD001,CNF102816,GUEST102816,2026-06-21,2026-06-25,DLX,MEMBER,MEM_STD,CANCELLED,2,0,INR,2026-05-11 10:41:41,2026-05-11 12:13:41
RES102817,HYD001,CNF102817,GUEST102817,2026-07-09,2026-07-10,QUEEN,PREPAY,PPR_STD,MODIFIED,4,55244,INR,2026-05-11 04:26:34,2026-05-11 06:47:34
RES102818,KOL001,CNF102818,GUEST102818,2026-06-28,2026-06-30,QUEEN,PREPAY,PPR_DLX,CANCELLED,3,0,INR,2026-05-11 11:29:59,2026-05-11 14:01:59
RES102819,HYD001,CNF102819,GUEST102819,2026-06-23,2026-06-27,QUEEN,CORP,CORP_STD,CANCELLED,2,0,INR,2026-05-11 13:19:05,2026-05-11 15:31:05
RES102820,KER001,CNF102820,GUEST102820,2026-07-01,2026-07-05,STD,PREPAY,PPR_STD,MODIFIED,4,219392,INR,2026-05-11 00:15:18,2026-05-11 00:23:18
RES102821,DEL002,CNF102821,GUEST102821,2026-06-29,2026-07-01,KING,MEMBER,MEM_STD,CANCELLED,1,0,INR,2026-05-11 06:11:20,2026-05-11 08:13:20
RES102822,CHN001,CNF102822,GUEST102822,2026-06-07,2026-06-12,DLX,BAR,BAR_STD,CANCELLED,1,0,INR,2026-05-11 22:25:44,2026-05-11 22:52:44
RES102823,MUM002,CNF102823,GUEST102823,2026-06-14,2026-06-15,QUEEN,CORP,CORP_DLX,BOOKED,2,21764,INR,2026-05-11 20:25:29,2026-05-11 22:34:29
RES102824,MUM002,CNF102824,GUEST102824,2026-06-20,2026-06-21,KING,PKG,PKG_STD,BOOKED,1,13494,INR,2026-05-11 03:14:25,2026-05-11 03:54:25
RES102825,CHA001,CNF102825,GUEST102825,2026-05-22,2026-05-23,STD,MEMBER,MEM_STD,CANCELLED,1,0,INR,2026-05-11 11:00:20,2026-05-11 12:21:20
RES102826,KOL001,CNF102826,GUEST102826,2026-07-05,2026-07-08,STD,PREPAY,PPR_DLX,CANCELLED,2,0,INR,2026-05-11 07:56:20,2026-05-11 10:47:20
RES102827,KOL001,CNF102827,GUEST102827,2026-07-09,2026-07-10,QUEEN,MEMBER,MEM_STD,BOOKED,3,22179,INR,2026-05-11 11:36:11,2026-05-11 14:06:11
RES102828,MUM001,CNF102828,GUEST102828,2026-06-05,2026-06-06,DLX,BAR,BAR_STD,MODIFIED,3,12474,INR,2026-05-11 18:17:38,2026-05-11 19:59:38
RES102829,HYD001,CNF102829,GUEST102829,2026-05-20,2026-05-23,KING,BAR,BAR_STD,CANCELLED,2,0,INR,2026-05-11 19:34:17,2026-05-11 19:59:17
RES102830,MUM002,CNF102830,GUEST102830,2026-05-29,2026-05-30,KING,CORP,CORP_DLX,CANCELLED,3,0,INR,2026-05-11 19:11:24,2026-05-11 21:47:24
RES102831,KER001,CNF102831,GUEST102831,2026-05-20,2026-05-22,QUEEN,CORP,CORP_DLX,MODIFIED,4,43128,INR,2026-05-11 00:42:27,2026-05-11 02:00:27
RES102832,KOL001,CNF102832,GUEST102832,2026-05-12,2026-05-17,STE,PKG,PKG_STD,BOOKED,3,113625,INR,2026-05-11 11:14:22,2026-05-11 12:37:22
RES102833,BLR002,CNF102833,GUEST102833,2026-05-21,2026-05-26,QUEEN,PREPAY,PPR_STD,CANCELLED,3,0,INR,2026-05-11 15:21:48,2026-05-11 15:51:48
RES102834,CHA001,CNF102834,GUEST102834,2026-06-12,2026-06-17,QUEEN,BAR,BAR_DLX,CANCELLED,3,0,INR,2026-05-11 06:26:13,2026-05-11 07:33:13
RES102835,CHA001,CNF102835,GUEST102835,2026-06-17,2026-06-19,STE,BAR,BAR_DLX,CANCELLED,1,0,INR,2026-05-11 06:01:49,2026-05-11 08:11:49
RES102836,KOL001,CNF102836,GUEST102836,2026-05-30,2026-06-03,QUEEN,PREPAY,PPR_STD,CANCELLED,1,0,INR,2026-05-11 22:15:59,2026-05-11 23:04:59
RES102837,HYD001,CNF102837,GUEST102837,2026-05-26,2026-05-28,STE,CORP,CORP_DLX,CANCELLED,1,0,INR,2026-05-11 14:37:27,2026-05-11 16:54:27
RES102838,HYD001,CNF102838,GUEST102838,2026-06-21,2026-06-25,STE,MEMBER,MEM_STD,CANCELLED,2,0,INR,2026-05-11 09:56:54,2026-05-11 11:13:54
RES102839,MUM002,CNF102839,GUEST102839,2026-05-19,2026-05-24,STE,CORP,CORP_DLX,BOOKED,2,147270,INR,2026-05-11 13:18:59,2026-05-11 14:22:59
RES102840,HYD001,CNF102840,GUEST102840,2026-06-01,2026-06-06,STE,PREPAY,PPR_STD,MODIFIED,2,49560,INR,2026-05-11 01:39:27,2026-05-11 03:42:27
RES102841,MUM002,CNF102841,GUEST102841,2026-05-28,2026-05-31,STE,CORP,CORP_STD,BOOKED,1,43020,INR,2026-05-11 00:19:48,2026-05-11 00:43:48
RES102842,MUM001,CNF102842,GUEST102842,2026-06-24,2026-06-26,DLX,PREPAY,PPR_DLX,BOOKED,1,23528,INR,2026-05-11 15:02:57,2026-05-11 17:26:57
RES102843,BLR001,CNF102843,GUEST102843,2026-05-15,2026-05-19,KING,PKG,PKG_STD,BOOKED,4,57408,INR,2026-05-11 21:52:11,2026-05-12 00:07:11
RES102844,CHN001,CNF102844,GUEST102844,2026-06-25,2026-06-28,KING,CORP,CORP_STD,MODIFIED,1,42213,INR,2026-05-11 17:16:16,2026-05-11 17:32:16
RES102845,KER001,CNF102845,GUEST102845,2026-06-17,2026-06-22,STD,BAR,BAR_DLX,BOOKED,2,52880,INR,2026-05-11 14:31:04,2026-05-11 16:17:04
RES102846,MUM002,CNF102846,GUEST102846,2026-05-13,2026-05-18,STE,CORP,CORP_DLX,MODIFIED,4,111800,INR,2026-05-11 06:00:29,2026-05-11 06:29:29
RES102847,MUM002,CNF102847,GUEST102847,2026-06-20,2026-06-24,KING,BAR,BAR_DLX,CANCELLED,3,0,INR,2026-05-11 04:49:41,2026-05-11 05:45:41
RES102848,DEL002,CNF102848,GUEST102848,2026-06-02,2026-06-05,QUEEN,MEMBER,MEM_STD,MODIFIED,4,176400,INR,2026-05-11 04:31:11,2026-05-11 06:31:11
RES102849,DEL002,CNF102849,GUEST102849,2026-05-26,2026-05-29,DLX,PKG,PKG_DLX,MODIFIED,3,101619,INR,2026-05-11 18:59:31,2026-05-11 21:19:31
RES102850,BLR001,CNF102850,GUEST102850,2026-06-08,2026-06-13,STE,MEMBER,MEM_DLX,MODIFIED,1,26180,INR,2026-05-11 02:20:16,2026-05-11 02:55:16
RES102851,DEL001,CNF102851,GUEST102851,2026-06-01,2026-06-06,STE,CORP,CORP_STD,MODIFIED,3,135555,INR,2026-05-11 09:17:02,2026-05-11 09:57:02
RES102852,BLR002,CNF102852,GUEST102852,2026-06-04,2026-06-08,DLX,CORP,CORP_STD,BOOKED,2,77136,INR,2026-05-11 09:58:56,2026-05-11 10:35:56
RES102853,DEL001,CNF102853,GUEST102853,2026-07-02,2026-07-06,QUEEN,CORP,CORP_DLX,CANCELLED,4,0,INR,2026-05-11 02:05:30,2026-05-11 03:17:30
RES102854,KOL001,CNF102854,GUEST102854,2026-06-18,2026-06-20,KING,PREPAY,PPR_DLX,MODIFIED,3,21600,INR,2026-05-11 22:50:52,2026-05-11 22:59:52
RES102855,MUM001,CNF102855,GUEST102855,2026-07-03,2026-07-04,DLX,MEMBER,MEM_STD,CANCELLED,2,0,INR,2026-05-11 15:57:44,2026-05-11 16:03:44
RES102856,MUM001,CNF102856,GUEST102856,2026-05-21,2026-05-22,QUEEN,BAR,BAR_DLX,CANCELLED,1,0,INR,2026-05-11 17:11:18,2026-05-11 19:15:18
RES102857,KER001,CNF102857,GUEST102857,2026-07-02,2026-07-07,STE,MEMBER,MEM_DLX,BOOKED,2,71580,INR,2026-05-11 15:43:49,2026-05-11 18:23:49
RES102858,CHN001,CNF102858,GUEST102858,2026-05-24,2026-05-28,DLX,PREPAY,PPR_DLX,MODIFIED,1,32972,INR,2026-05-11 15:07:57,2026-05-11 15:24:57
RES102859,BLR002,CNF102859,GUEST102859,2026-06-09,2026-06-10,QUEEN,MEMBER,MEM_STD,CANCELLED,2,0,INR,2026-05-11 10:30:10,2026-05-11 13:12:10
RES102860,DEL001,CNF102860,GUEST102860,2026-06-11,2026-06-13,DLX,BAR,BAR_STD,MODIFIED,3,22716,INR,2026-05-11 07:58:36,2026-05-11 09:06:36
RES102861,CHN001,CNF102861,GUEST102861,2026-06-25,2026-06-26,KING,CORP,CORP_STD,MODIFIED,3,35907,INR,2026-05-11 20:26:49,2026-05-11 22:46:49
RES102862,MUM002,CNF102862,GUEST102862,2026-06-28,2026-07-03,STE,CORP,CORP_DLX,BOOKED,3,106620,INR,2026-05-11 06:37:17,2026-05-11 07:07:17
RES102863,CHN001,CNF102863,GUEST102863,2026-06-19,2026-06-21,KING,CORP,CORP_STD,BOOKED,2,50932,INR,2026-05-11 13:19:24,2026-05-11 14:24:24
RES102864,BLR002,CNF102864,GUEST102864,2026-06-05,2026-06-08,DLX,BAR,BAR_DLX,MODIFIED,1,21300,INR,2026-05-11 00:42:02,2026-05-11 02:00:02
RES102865,MUM001,CNF102865,GUEST102865,2026-06-19,2026-06-21,KING,PREPAY,PPR_STD,CANCELLED,2,0,INR,2026-05-11 04:02:09,2026-05-11 05:21:09
RES102866,KER001,CNF102866,GUEST102866,2026-05-15,2026-05-17,DLX,MEMBER,MEM_STD,CANCELLED,2,0,INR,2026-05-11 12:46:10,2026-05-11 13:46:10
RES102867,CHA001,CNF102867,GUEST102867,2026-05-25,2026-05-30,STE,BAR,BAR_STD,CANCELLED,2,0,INR,2026-05-11 03:15:06,2026-05-11 03:18:06
RES102868,CHA001,CNF102868,GUEST102868,2026-05-23,2026-05-28,STD,PREPAY,PPR_DLX,CANCELLED,3,0,INR,2026-05-11 00:40:43,2026-05-11 00:53:43
RES102869,CHA001,CNF102869,GUEST102869,2026-05-24,2026-05-25,KING,PKG,PKG_DLX,CANCELLED,2,0,INR,2026-05-11 23:16:11,2026-05-12 01:23:11
RES102870,KER001,CNF102870,GUEST102870,2026-05-13,2026-05-18,QUEEN,PREPAY,PPR_STD,MODIFIED,1,30315,INR,2026-05-11 11:35:00,2026-05-11 13:15:00
RES102871,DEL001,CNF102871,GUEST102871,2026-06-01,2026-06-03,STD,PKG,PKG_STD,BOOKED,3,57510,INR,2026-05-11 09:36:22,2026-05-11 12:28:22
RES102872,MUM001,CNF102872,GUEST102872,2026-06-22,2026-06-27,KING,PREPAY,PPR_DLX,CANCELLED,1,0,INR,2026-05-11 06:16:24,2026-05-11 09:00:24
RES102873,MUM002,CNF102873,GUEST102873,2026-05-23,2026-05-24,STD,PKG,PKG_DLX,CANCELLED,4,0,INR,2026-05-11 08:13:49,2026-05-11 10:25:49
RES102874,DEL001,CNF102874,GUEST102874,2026-06-18,2026-06-19,STE,PREPAY,PPR_DLX,MODIFIED,1,4955,INR,2026-05-11 10:19:58,2026-05-11 10:33:58
RES102875,KER001,CNF102875,GUEST102875,2026-07-06,2026-07-10,STD,MEMBER,MEM_STD,CANCELLED,2,0,INR,2026-05-11 22:59:59,2026-05-11 23:04:59
RES102876,KER001,CNF102876,GUEST102876,2026-06-24,2026-06-26,DLX,PKG,PKG_STD,MODIFIED,2,35044,INR,2026-05-11 05:37:10,2026-05-11 06:18:10
RES102877,MUM002,CNF102877,GUEST102877,2026-06-17,2026-06-18,STD,PREPAY,PPR_STD,MODIFIED,3,22911,INR,2026-05-11 18:13:50,2026-05-11 20:17:50
RES102878,MUM001,CNF102878,GUEST102878,2026-06-15,2026-06-18,STD,PKG,PKG_DLX,BOOKED,3,36918,INR,2026-05-11 21:48:35,2026-05-12 00:21:35
RES102879,DEL002,CNF102879,GUEST102879,2026-05-13,2026-05-16,STE,MEMBER,MEM_STD,CANCELLED,2,0,INR,2026-05-11 17:29:54,2026-05-11 19:19:54
RES102880,BLR002,CNF102880,GUEST102880,2026-06-29,2026-07-03,STE,BAR,BAR_STD,MODIFIED,3,65304,INR,2026-05-11 19:09:09,2026-05-11 19:39:09
RES102881,BLR001,CNF102881,GUEST102881,2026-06-10,2026-06-12,DLX,BAR,BAR_DLX,CANCELLED,4,0,INR,2026-05-11 01:47:54,2026-05-11 04:16:54
RES102882,DEL002,CNF102882,GUEST102882,2026-06-20,2026-06-22,STD,PKG,PKG_STD,CANCELLED,4,0,INR,2026-05-11 04:35:10,2026-05-11 06:49:10
RES102883,KER001,CNF102883,GUEST102883,2026-06-27,2026-06-30,STE,MEMBER,MEM_DLX,MODIFIED,4,138744,INR,2026-05-11 10:00:15,2026-05-11 12:31:15
RES102884,KER001,CNF102884,GUEST102884,2026-05-24,2026-05-26,DLX,CORP,CORP_STD,CANCELLED,4,0,INR,2026-05-11 15:33:21,2026-05-11 16:10:21
RES102885,CHN001,CNF102885,GUEST102885,2026-05-25,2026-05-29,KING,BAR,BAR_DLX,BOOKED,4,110864,INR,2026-05-11 01:07:37,2026-05-11 01:31:37
RES102886,HYD001,CNF102886,GUEST102886,2026-06-09,2026-06-13,QUEEN,PKG,PKG_STD,MODIFIED,2,118328,INR,2026-05-11 09:02:07,2026-05-11 10:15:07
RES102887,CHA001,CNF102887,GUEST102887,2026-05-13,2026-05-18,QUEEN,PKG,PKG_STD,BOOKED,3,131730,INR,2026-05-11 11:22:10,2026-05-11 14:21:10
RES102888,KER001,CNF102888,GUEST102888,2026-06-12,2026-06-13,STD,PREPAY,PPR_DLX,BOOKED,3,30333,INR,2026-05-11 20:15:41,2026-05-11 21:24:41
RES102889,BLR001,CNF102889,GUEST102889,2026-05-12,2026-05-15,STD,PREPAY,PPR_STD,MODIFIED,4,116748,INR,2026-05-11 16:14:06,2026-05-11 19:00:06
RES102890,BLR002,CNF102890,GUEST102890,2026-06-04,2026-06-06,STE,BAR,BAR_STD,CANCELLED,3,0,INR,2026-05-11 04:38:52,2026-05-11 05:15:52
RES102891,BLR001,CNF102891,GUEST102891,2026-06-24,2026-06-25,QUEEN,CORP,CORP_STD,MODIFIED,4,52384,INR,2026-05-11 03:58:47,2026-05-11 05:28:47
RES102892,HYD001,CNF102892,GUEST102892,2026-07-07,2026-07-11,STD,BAR,BAR_DLX,BOOKED,3,77028,INR,2026-05-11 23:20:31,2026-05-12 01:18:31
RES102893,CHN001,CNF102893,GUEST102893,2026-06-06,2026-06-07,QUEEN,CORP,CORP_STD,BOOKED,1,4971,INR,2026-05-11 14:08:02,2026-05-11 14:54:02
RES102894,DEL002,CNF102894,GUEST102894,2026-07-10,2026-07-12,KING,PREPAY,PPR_STD,BOOKED,3,83754,INR,2026-05-11 13:41:23,2026-05-11 14:59:23
RES102895,DEL002,CNF102895,GUEST102895,2026-06-26,2026-06-28,STD,PREPAY,PPR_DLX,MODIFIED,2,40012,INR,2026-05-11 12:20:47,2026-05-11 13:18:47
RES102896,CHA001,CNF102896,GUEST102896,2026-05-18,2026-05-22,DLX,CORP,CORP_STD,BOOKED,3,66888,INR,2026-05-11 05:25:13,2026-05-11 06:35:13
RES102897,MUM002,CNF102897,GUEST102897,2026-06-07,2026-06-10,DLX,PREPAY,PPR_STD,MODIFIED,1,24210,INR,2026-05-11 14:59:07,2026-05-11 15:52:07
RES102898,KOL001,CNF102898,GUEST102898,2026-07-03,2026-07-04,STD,MEMBER,MEM_DLX,CANCELLED,2,0,INR,2026-05-11 16:46:25,2026-05-11 17:43:25
RES102899,KOL001,CNF102899,GUEST102899,2026-06-24,2026-06-29,KING,BAR,BAR_STD,CANCELLED,2,0,INR,2026-05-11 04:56:24,2026-05-11 05:48:24
RES102900,MUM002,CNF102900,GUEST102900,2026-07-06,2026-07-08,STD,MEMBER,MEM_STD,MODIFIED,4,87464,INR,2026-05-11 17:55:43,2026-05-11 18:12:43
RES102901,DEL002,CNF102901,GUEST102901,2026-06-20,2026-06-24,STD,MEMBER,MEM_STD,MODIFIED,2,42184,INR,2026-05-11 15:11:06,2026-05-11 16:59:06
RES102902,KER001,CNF102902,GUEST102902,2026-05-31,2026-06-04,QUEEN,CORP,CORP_STD,MODIFIED,2,108184,INR,2026-05-11 11:59:20,2026-05-11 14:12:20
RES102903,MUM001,CNF102903,GUEST102903,2026-06-03,2026-06-06,KING,PREPAY,PPR_DLX,BOOKED,1,20676,INR,2026-05-11 10:20:48,2026-05-11 11:19:48
RES102904,MUM001,CNF102904,GUEST102904,2026-07-08,2026-07-11,STD,MEMBER,MEM_STD,CANCELLED,2,0,INR,2026-05-11 10:01:45,2026-05-11 12:01:45
RES102905,MUM002,CNF102905,GUEST102905,2026-06-09,2026-06-10,QUEEN,PREPAY,PPR_DLX,MODIFIED,2,14940,INR,2026-05-11 04:35:22,2026-05-11 05:54:22
RES102906,MUM002,CNF102906,GUEST102906,2026-06-19,2026-06-22,KING,CORP,CORP_DLX,MODIFIED,1,37965,INR,2026-05-11 07:27:56,2026-05-11 07:31:56
RES102907,KER001,CNF102907,GUEST102907,2026-07-09,2026-07-10,DLX,CORP,CORP_DLX,MODIFIED,1,11269,INR,2026-05-11 14:29:52,2026-05-11 14:40:52
RES102908,DEL001,CNF102908,GUEST102908,2026-05-13,2026-05-14,QUEEN,CORP,CORP_STD,BOOKED,4,30024,INR,2026-05-11 07:31:53,2026-05-11 09:17:53
RES102909,CHA001,CNF102909,GUEST102909,2026-07-05,2026-07-09,QUEEN,MEMBER,MEM_STD,BOOKED,3,102744,INR,2026-05-11 08:45:16,2026-05-11 09:07:16
RES102910,KER001,CNF102910,GUEST102910,2026-06-16,2026-06-20,KING,PREPAY,PPR_STD,MODIFIED,4,111648,INR,2026-05-11 00:03:58,2026-05-11 01:20:58
RES102911,MUM002,CNF102911,GUEST102911,2026-07-07,2026-07-12,DLX,CORP,CORP_STD,CANCELLED,2,0,INR,2026-05-11 16:04:33,2026-05-11 17:29:33
RES102912,KER001,CNF102912,GUEST102912,2026-07-02,2026-07-03,STE,MEMBER,MEM_DLX,MODIFIED,4,24648,INR,2026-05-11 05:13:47,2026-05-11 07:32:47
RES102913,CHN001,CNF102913,GUEST102913,2026-05-28,2026-05-30,STE,PKG,PKG_STD,CANCELLED,3,0,INR,2026-05-11 05:55:44,2026-05-11 07:15:44
RES102914,KER001,CNF102914,GUEST102914,2026-06-19,2026-06-24,STE,PREPAY,PPR_DLX,BOOKED,2,40070,INR,2026-05-11 09:11:33,2026-05-11 09:38:33
RES102915,MUM001,CNF102915,GUEST102915,2026-06-20,2026-06-24,QUEEN,PREPAY,PPR_STD,MODIFIED,1,48640,INR,2026-05-11 02:18:15,2026-05-11 03:42:15
RES102916,KOL001,CNF102916,GUEST102916,2026-07-08,2026-07-12,STE,PREPAY,PPR_STD,MODIFIED,2,118624,INR,2026-05-11 18:44:10,2026-05-11 19:52:10
RES102917,HYD001,CNF102917,GUEST102917,2026-07-08,2026-07-12,QUEEN,BAR,BAR_DLX,CANCELLED,2,0,INR,2026-05-11 19:37:21,2026-05-11 20:45:21
RES102918,HYD001,CNF102918,GUEST102918,2026-05-23,2026-05-24,DLX,BAR,BAR_DLX,CANCELLED,1,0,INR,2026-05-11 06:10:01,2026-05-11 06:59:01
RES102919,CHA001,CNF102919,GUEST102919,2026-05-23,2026-05-28,KING,PREPAY,PPR_DLX,MODIFIED,4,134020,INR,2026-05-11 13:54:03,2026-05-11 16:18:03
RES102920,HYD001,CNF102920,GUEST102920,2026-05-23,2026-05-24,QUEEN,BAR,BAR_STD,BOOKED,4,22304,INR,2026-05-11 19:09:40,2026-05-11 21:50:40
RES102921,MUM001,CNF102921,GUEST102921,2026-05-31,2026-06-04,STD,PKG,PKG_STD,CANCELLED,4,0,INR,2026-05-11 02:01:32,2026-05-11 03:33:32
RES102922,BLR002,CNF102922,GUEST102922,2026-06-04,2026-06-09,STD,PKG,PKG_STD,BOOKED,1,21275,INR,2026-05-11 00:12:52,2026-05-11 00:19:52
RES102923,CHA001,CNF102923,GUEST102923,2026-07-05,2026-07-06,STE,MEMBER,MEM_STD,BOOKED,1,5426,INR,2026-05-11 16:15:40,2026-05-11 18:35:40
RES102924,HYD001,CNF102924,GUEST102924,2026-05-19,2026-05-22,STD,BAR,BAR_STD,BOOKED,2,83172,INR,2026-05-11 06:48:18,2026-05-11 06:50:18
RES102925,KER001,CNF102925,GUEST102925,2026-05-30,2026-06-04,STD,MEMBER,MEM_STD,BOOKED,3,193185,INR,2026-05-11 14:34:35,2026-05-11 16:00:35
RES102926,MUM001,CNF102926,GUEST102926,2026-05-12,2026-05-17,STE,PKG,PKG_STD,MODIFIED,4,228020,INR,2026-05-11 15:28:56,2026-05-11 17:51:56
RES102927,DEL002,CNF102927,GUEST102927,2026-07-02,2026-07-05,DLX,BAR,BAR_DLX,CANCELLED,1,0,INR,2026-05-11 15:11:28,2026-05-11 18:10:28
RES102928,BLR002,CNF102928,GUEST102928,2026-06-14,2026-06-17,STD,MEMBER,MEM_DLX,CANCELLED,4,0,INR,2026-05-11 13:39:34,2026-05-11 14:07:34
RES102929,KER001,CNF102929,GUEST102929,2026-07-05,2026-07-07,STD,MEMBER,MEM_DLX,BOOKED,1,20100,INR,2026-05-11 10:38:31,2026-05-11 11:49:31
RES102930,MUM002,CNF102930,GUEST102930,2026-06-14,2026-06-19,KING,PREPAY,PPR_DLX,CANCELLED,4,0,INR,2026-05-11 10:51:49,2026-05-11 10:54:49
RES102931,CHA001,CNF102931,GUEST102931,2026-06-16,2026-06-18,STE,PREPAY,PPR_STD,BOOKED,3,32796,INR,2026-05-11 02:52:02,2026-05-11 04:15:02
RES102932,KOL001,CNF102932,GUEST102932,2026-07-07,2026-07-12,QUEEN,MEMBER,MEM_STD,CANCELLED,2,0,INR,2026-05-11 13:18:30,2026-05-11 15:51:30
RES102933,BLR001,CNF102933,GUEST102933,2026-06-22,2026-06-24,DLX,PKG,PKG_STD,CANCELLED,1,0,INR,2026-05-11 15:53:01,2026-05-11 18:33:01
RES102934,CHA001,CNF102934,GUEST102934,2026-07-04,2026-07-05,QUEEN,PKG,PKG_DLX,MODIFIED,4,52516,INR,2026-05-11 04:21:00,2026-05-11 05:59:00
RES102935,HYD001,CNF102935,GUEST102935,2026-06-09,2026-06-13,KING,PREPAY,PPR_STD,BOOKED,2,95248,INR,2026-05-11 08:55:52,2026-05-11 10:01:52
RES102936,BLR001,CNF102936,GUEST102936,2026-05-18,2026-05-20,STE,PREPAY,PPR_DLX,CANCELLED,4,0,INR,2026-05-11 11:49:43,2026-05-11 13:15:43
RES102937,CHA001,CNF102937,GUEST102937,2026-06-29,2026-07-02,QUEEN,CORP,CORP_STD,BOOKED,3,69957,INR,2026-05-11 06:57:09,2026-05-11 07:16:09
RES102938,CHA001,CNF102938,GUEST102938,2026-05-15,2026-05-16,DLX,PREPAY,PPR_DLX,BOOKED,1,9722,INR,2026-05-11 10:35:20,2026-05-11 11:59:20
RES102939,KOL001,CNF102939,GUEST102939,2026-06-28,2026-06-30,KING,MEMBER,MEM_STD,BOOKED,3,21618,INR,2026-05-11 23:10:12,2026-05-12 01:53:12
RES102940,HYD001,CNF102940,GUEST102940,2026-05-29,2026-06-03,QUEEN,MEMBER,MEM_STD,MODIFIED,3,69735,INR,2026-05-11 11:00:56,2026-05-11 12:12:56
RES102941,MUM002,CNF102941,GUEST102941,2026-06-27,2026-07-02,STD,CORP,CORP_DLX,BOOKED,2,73530,INR,2026-05-11 15:54:52,2026-05-11 16:54:52
RES102942,CHA001,CNF102942,GUEST102942,2026-06-19,2026-06-20,STE,CORP,CORP_STD,MODIFIED,2,15808,INR,2026-05-11 07:15:29,2026-05-11 08:03:29
RES102943,CHA001,CNF102943,GUEST102943,2026-06-10,2026-06-13,KING,MEMBER,MEM_DLX,CANCELLED,2,0,INR,2026-05-11 05:15:26,2026-05-11 05:36:26
RES102944,HYD001,CNF102944,GUEST102944,2026-06-26,2026-07-01,KING,PKG,PKG_STD,BOOKED,1,31475,INR,2026-05-11 19:47:17,2026-05-11 21:12:17
RES102945,KER001,CNF102945,GUEST102945,2026-05-23,2026-05-28,STD,CORP,CORP_DLX,CANCELLED,3,0,INR,2026-05-11 14:35:06,2026-05-11 15:14:06
RES102946,HYD001,CNF102946,GUEST102946,2026-06-30,2026-07-04,STE,PKG,PKG_STD,CANCELLED,3,0,INR,2026-05-11 20:53:33,2026-05-11 22:21:33
RES102947,DEL002,CNF102947,GUEST102947,2026-07-09,2026-07-10,DLX,PKG,PKG_STD,MODIFIED,1,11065,INR,2026-05-11 08:43:58,2026-05-11 09:00:58
RES102948,CHN001,CNF102948,GUEST102948,2026-06-28,2026-06-29,QUEEN,BAR,BAR_STD,CANCELLED,3,0,INR,2026-05-11 12:50:36,2026-05-11 14:07:36
RES102949,KOL001,CNF102949,GUEST102949,2026-06-20,2026-06-22,STD,MEMBER,MEM_DLX,CANCELLED,2,0,INR,2026-05-11 12:52:53,2026-05-11 14:11:53
RES102950,CHN001,CNF102950,GUEST102950,2026-05-21,2026-05-26,QUEEN,BAR,BAR_STD,CANCELLED,3,0,INR,2026-05-11 09:09:05,2026-05-11 10:18:05
RES102951,BLR001,CNF102951,GUEST102951,2026-07-04,2026-07-06,STD,CORP,CORP_STD,BOOKED,1,9758,INR,2026-05-11 18:04:19,2026-05-11 21:02:19
RES102952,DEL002,CNF102952,GUEST102952,2026-06-24,2026-06-28,STD,MEMBER,MEM_DLX,CANCELLED,4,0,INR,2026-05-11 14:28:14,2026-05-11 15:08:14
RES102953,DEL001,CNF102953,GUEST102953,2026-05-14,2026-05-15,STD,PREPAY,PPR_STD,BOOKED,3,12198,INR,2026-05-11 05:38:25,2026-05-11 07:08:25
RES102954,CHN001,CNF102954,GUEST102954,2026-06-06,2026-06-09,QUEEN,PKG,PKG_DLX,CANCELLED,4,0,INR,2026-05-11 06:02:29,2026-05-11 06:39:29
RES102955,HYD001,CNF102955,GUEST102955,2026-05-25,2026-05-27,KING,BAR,BAR_STD,BOOKED,3,45072,INR,2026-05-11 00:51:16,2026-05-11 03:46:16
RES102956,DEL001,CNF102956,GUEST102956,2026-05-27,2026-06-01,DLX,CORP,CORP_STD,MODIFIED,4,141620,INR,2026-05-11 20:14:48,2026-05-11 22:45:48
RES102957,DEL001,CNF102957,GUEST102957,2026-06-30,2026-07-02,DLX,MEMBER,MEM_DLX,MODIFIED,4,56392,INR,2026-05-11 09:50:25,2026-05-11 10:40:25
RES102958,MUM002,CNF102958,GUEST102958,2026-06-09,2026-06-12,STE,MEMBER,MEM_DLX,CANCELLED,2,0,INR,2026-05-11 15:36:28,2026-05-11 16:54:28
RES102959,KOL001,CNF102959,GUEST102959,2026-05-25,2026-05-28,STE,CORP,CORP_DLX,BOOKED,4,83016,INR,2026-05-11 08:26:36,2026-05-11 09:06:36
RES102960,DEL001,CNF102960,GUEST102960,2026-05-19,2026-05-21,QUEEN,BAR,BAR_STD,CANCELLED,3,0,INR,2026-05-11 12:50:25,2026-05-11 14:38:25
RES102961,HYD001,CNF102961,GUEST102961,2026-06-16,2026-06-18,STE,MEMBER,MEM_DLX,BOOKED,4,90936,INR,2026-05-11 02:19:17,2026-05-11 04:51:17
RES102962,KOL001,CNF102962,GUEST102962,2026-05-13,2026-05-15,STD,CORP,CORP_DLX,MODIFIED,4,81456,INR,2026-05-11 19:21:32,2026-05-11 20:55:32
RES102963,CHN001,CNF102963,GUEST102963,2026-05-19,2026-05-21,STE,MEMBER,MEM_DLX,CANCELLED,1,0,INR,2026-05-11 23:35:57,2026-05-12 00:02:57
RES102964,CHA001,CNF102964,GUEST102964,2026-05-27,2026-05-28,STE,PREPAY,PPR_DLX,BOOKED,3,11967,INR,2026-05-11 17:07:34,2026-05-11 17:14:34
RES102965,KER001,CNF102965,GUEST102965,2026-05-23,2026-05-24,QUEEN,CORP,CORP_STD,MODIFIED,4,41188,INR,2026-05-11 04:42:21,2026-05-11 04:56:21
RES102966,DEL002,CNF102966,GUEST102966,2026-05-21,2026-05-23,QUEEN,PREPAY,PPR_STD,CANCELLED,3,0,INR,2026-05-11 08:02:35,2026-05-11 08:19:35
RES102967,MUM002,CNF102967,GUEST102967,2026-07-05,2026-07-09,KING,MEMBER,MEM_STD,BOOKED,3,136212,INR,2026-05-11 04:58:44,2026-05-11 06:59:44
RES102968,DEL002,CNF102968,GUEST102968,2026-06-26,2026-06-29,STE,CORP,CORP_DLX,MODIFIED,2,89802,INR,2026-05-11 03:14:48,2026-05-11 04:23:48
RES102969,BLR001,CNF102969,GUEST102969,2026-06-13,2026-06-16,QUEEN,BAR,BAR_DLX,CANCELLED,3,0,INR,2026-05-11 23:48:31,2026-05-12 00:03:31
RES102970,DEL002,CNF102970,GUEST102970,2026-07-02,2026-07-04,DLX,BAR,BAR_DLX,CANCELLED,1,0,INR,2026-05-11 14:02:51,2026-05-11 15:59:51
RES102971,CHN001,CNF102971,GUEST102971,2026-06-14,2026-06-16,DLX,PREPAY,PPR_STD,BOOKED,2,14080,INR,2026-05-11 04:48:47,2026-05-11 05:51:47
RES102972,BLR002,CNF102972,GUEST102972,2026-05-13,2026-05-16,STE,BAR,BAR_DLX,BOOKED,2,61992,INR,2026-05-11 20:08:01,2026-05-11 21:10:01
RES102973,BLR002,CNF102973,GUEST102973,2026-06-18,2026-06-22,STE,PREPAY,PPR_DLX,CANCELLED,1,0,INR,2026-05-11 13:43:30,2026-05-11 16:37:30
RES102974,KOL001,CNF102974,GUEST102974,2026-05-13,2026-05-14,DLX,BAR,BAR_DLX,CANCELLED,2,0,INR,2026-05-11 01:48:04,2026-05-11 04:30:04
RES102975,CHA001,CNF102975,GUEST102975,2026-06-17,2026-06-20,STE,PREPAY,PPR_STD,BOOKED,3,35604,INR,2026-05-11 01:44:48,2026-05-11 04:12:48
RES102976,HYD001,CNF102976,GUEST102976,2026-05-24,2026-05-27,KING,CORP,CORP_STD,MODIFIED,3,82089,INR,2026-05-11 18:10:23,2026-05-11 20:24:23
RES102977,CHA001,CNF102977,GUEST102977,2026-05-21,2026-05-24,KING,PREPAY,PPR_DLX,CANCELLED,2,0,INR,2026-05-11 04:40:00,2026-05-11 05:46:00
RES102978,BLR001,CNF102978,GUEST102978,2026-06-20,2026-06-24,DLX,MEMBER,MEM_STD,MODIFIED,3,157968,INR,2026-05-11 18:38:56,2026-05-11 20:43:56
RES102979,KOL001,CNF102979,GUEST102979,2026-06-12,2026-06-15,DLX,CORP,CORP_DLX,BOOKED,1,28077,INR,2026-05-11 00:13:08,2026-05-11 01:11:08
RES102980,KER001,CNF102980,GUEST102980,2026-06-30,2026-07-01,STD,BAR,BAR_DLX,BOOKED,3,34782,INR,2026-05-11 07:21:04,2026-05-11 08:17:04
RES102981,KOL001,CNF102981,GUEST102981,2026-06-22,2026-06-23,QUEEN,CORP,CORP_STD,BOOKED,1,6463,INR,2026-05-11 04:37:37,2026-05-11 07:14:37
RES102982,MUM001,CNF102982,GUEST102982,2026-06-14,2026-06-18,STE,BAR,BAR_STD,CANCELLED,2,0,INR,2026-05-11 17:05:48,2026-05-11 18:28:48
RES102983,DEL001,CNF102983,GUEST102983,2026-05-17,2026-05-21,KING,PREPAY,PPR_STD,CANCELLED,2,0,INR,2026-05-11 03:24:12,2026-05-11 03:37:12
RES102984,BLR002,CNF102984,GUEST102984,2026-06-30,2026-07-01,STE,PREPAY,PPR_DLX,BOOKED,1,6028,INR,2026-05-11 19:29:27,2026-05-11 20:35:27
RES102985,MUM001,CNF102985,GUEST102985,2026-05-27,2026-05-28,STE,MEMBER,MEM_STD,BOOKED,4,37108,INR,2026-05-11 12:55:36,2026-05-11 15:43:36
RES102986,CHN001,CNF102986,GUEST102986,2026-07-10,2026-07-13,QUEEN,CORP,CORP_STD,BOOKED,2,84012,INR,2026-05-11 11:56:28,2026-05-11 11:59:28
RES102987,KOL001,CNF102987,GUEST102987,2026-07-02,2026-07-05,KING,PKG,PKG_STD,MODIFIED,3,104148,INR,2026-05-11 19:37:55,2026-05-11 20:35:55
RES102988,CHA001,CNF102988,GUEST102988,2026-05-17,2026-05-22,STE,CORP,CORP_STD,MODIFIED,3,100260,INR,2026-05-11 01:20:31,2026-05-11 03:26:31
RES102989,CHN001,CNF102989,GUEST102989,2026-05-18,2026-05-22,DLX,PREPAY,PPR_STD,BOOKED,2,31040,INR,2026-05-11 12:08:18,2026-05-11 12:37:18
RES102990,CHA001,CNF102990,GUEST102990,2026-06-04,2026-06-06,DLX,MEMBER,MEM_STD,CANCELLED,1,0,INR,2026-05-11 04:50:21,2026-05-11 05:46:21
RES102991,DEL002,CNF102991,GUEST102991,2026-07-01,2026-07-04,STD,BAR,BAR_DLX,BOOKED,4,89616,INR,2026-05-11 03:36:57,2026-05-11 06:04:57
RES102992,MUM001,CNF102992,GUEST102992,2026-06-20,2026-06-21,DLX,PKG,PKG_STD,MODIFIED,4,43492,INR,2026-05-11 01:11:03,2026-05-11 03:57:03
RES102993,CHN001,CNF102993,GUEST102993,2026-06-08,2026-06-12,DLX,PKG,PKG_DLX,BOOKED,3,76476,INR,2026-05-11 11:45:36,2026-05-11 11:46:36
RES102994,KOL001,CNF102994,GUEST102994,2026-07-06,2026-07-11,DLX,CORP,CORP_STD,BOOKED,4,132600,INR,2026-05-11 19:54:38,2026-05-11 20:38:38
RES102995,DEL001,CNF102995,GUEST102995,2026-06-19,2026-06-24,STD,CORP,CORP_STD,MODIFIED,4,146500,INR,2026-05-11 23:50:00,2026-05-12 02:28:00
RES102996,HYD001,CNF102996,GUEST102996,2026-06-28,2026-07-01,STD,BAR,BAR_STD,BOOKED,4,61176,INR,2026-05-11 00:09:55,2026-05-11 00:56:55
RES102997,DEL002,CNF102997,GUEST102997,2026-07-08,2026-07-12,KING,PKG,PKG_STD,MODIFIED,1,20596,INR,2026-05-11 21:12:22,2026-05-11 21:38:22
RES102998,CHA001,CNF102998,GUEST102998,2026-05-24,2026-05-27,KING,CORP,CORP_STD,BOOKED,3,122877,INR,2026-05-11 13:15:56,2026-05-11 13:22:56
RES102999,MUM002,CNF102999,GUEST102999,2026-07-04,2026-07-05,STD,MEMBER,MEM_STD,CANCELLED,3,0,INR,2026-05-11 21:32:01,2026-05-11 23:27:01
RES103000,DEL002,CNF103000,GUEST103000,2026-07-08,2026-07-11,STE,CORP,CORP_DLX,BOOKED,1,16551,INR,2026-05-11 06:05:45,2026-05-11 08:54:45
RES103001,DEL002,CNF103001,GUEST103001,2026-07-06,2026-07-08,QUEEN,MEMBER,MEM_DLX,MODIFIED,4,89096,INR,2026-05-11 02:17:23,2026-05-11 03:18:23
RES103002,KOL001,CNF103002,GUEST103002,2026-05-24,2026-05-28,KING,PREPAY,PPR_DLX,BOOKED,3,102240,INR,2026-05-11 22:19:50,2026-05-11 23:11:50
RES103003,BLR001,CNF103003,GUEST103003,2026-06-25,2026-06-28,QUEEN,MEMBER,MEM_DLX,CANCELLED,1,0,INR,2026-05-11 22:47:29,2026-05-12 00:02:29
RES103004,BLR002,CNF103004,GUEST103004,2026-06-05,2026-06-10,KING,MEMBER,MEM_STD,BOOKED,3,55110,INR,2026-05-11 23:51:31,2026-05-12 01:30:31
RES103005,MUM001,CNF103005,GUEST103005,2026-05-14,2026-05-18,DLX,CORP,CORP_DLX,MODIFIED,2,73648,INR,2026-05-11 13:33:38,2026-05-11 13:52:38
RES103006,KOL001,CNF103006,GUEST103006,2026-07-03,2026-07-06,STE,MEMBER,MEM_DLX,CANCELLED,1,0,INR,2026-05-11 04:07:07,2026-05-11 06:53:07
RES103007,MUM002,CNF103007,GUEST103007,2026-05-19,2026-05-24,DLX,PKG,PKG_DLX,BOOKED,4,152640,INR,2026-05-11 10:13:56,2026-05-11 11:07:56
RES103008,BLR002,CNF103008,GUEST103008,2026-06-21,2026-06-25,STD,MEMBER,MEM_STD,BOOKED,1,35548,INR,2026-05-11 02:11:29,2026-05-11 04:30:29
RES103009,HYD001,CNF103009,GUEST103009,2026-07-04,2026-07-07,STD,PKG,PKG_STD,CANCELLED,3,0,INR,2026-05-11 07:49:48,2026-05-11 09:31:48
RES103010,KER001,CNF103010,GUEST103010,2026-06-22,2026-06-25,STD,BAR,BAR_DLX,CANCELLED,1,0,INR,2026-05-11 11:35:35,2026-05-11 11:40:35
RES103011,CHA001,CNF103011,GUEST103011,2026-06-05,2026-06-07,QUEEN,BAR,BAR_DLX,CANCELLED,3,0,INR,2026-05-11 14:26:05,2026-05-11 17:11:05
RES103012,HYD001,CNF103012,GUEST103012,2026-05-14,2026-05-17,STE,BAR,BAR_STD,CANCELLED,3,0,INR,2026-05-11 15:46:30,2026-05-11 16:40:30
RES103013,BLR001,CNF103013,GUEST103013,2026-06-02,2026-06-06,KING,CORP,CORP_STD,MODIFIED,2,31280,INR,2026-05-11 04:42:15,2026-05-11 07:16:15
RES103014,DEL001,CNF103014,GUEST103014,2026-05-24,2026-05-25,STE,MEMBER,MEM_STD,CANCELLED,2,0,INR,2026-05-11 02:43:02,2026-05-11 03:56:02
RES103015,DEL001,CNF103015,GUEST103015,2026-06-01,2026-06-05,KING,CORP,CORP_STD,BOOKED,1,54740,INR,2026-05-11 17:23:15,2026-05-11 20:01:15
RES103016,CHN001,CNF103016,GUEST103016,2026-05-28,2026-05-30,STD,BAR,BAR_DLX,MODIFIED,1,12912,INR,2026-05-11 10:22:03,2026-05-11 13:17:03
RES103017,HYD001,CNF103017,GUEST103017,2026-06-28,2026-07-02,STD,PKG,PKG_STD,BOOKED,1,20260,INR,2026-05-11 12:38:57,2026-05-11 13:03:57
RES103018,DEL002,CNF103018,GUEST103018,2026-07-07,2026-07-09,DLX,PREPAY,PPR_STD,BOOKED,4,112216,INR,2026-05-11 16:40:45,2026-05-11 17:45:45
RES103019,DEL001,CNF103019,GUEST103019,2026-05-24,2026-05-28,DLX,BAR,BAR_DLX,CANCELLED,1,0,INR,2026-05-11 12:59:59,2026-05-11 15:18:59
RES103020,CHA001,CNF103020,GUEST103020,2026-06-08,2026-06-09,STD,BAR,BAR_DLX,BOOKED,1,9787,INR,2026-05-11 20:46:22,2026-05-11 21:54:22
RES103021,KOL001,CNF103021,GUEST103021,2026-06-15,2026-06-17,QUEEN,CORP,CORP_STD,MODIFIED,1,16552,INR,2026-05-11 08:45:27,2026-05-11 09:38:27
RES103022,MUM001,CNF103022,GUEST103022,2026-07-03,2026-07-06,DLX,CORP,CORP_DLX,MODIFIED,1,39273,INR,2026-05-11 19:17:38,2026-05-11 22:10:38
RES103023,BLR001,CNF103023,GUEST103023,2026-06-23,2026-06-28,STE,PREPAY,PPR_DLX,BOOKED,3,150705,INR,2026-05-11 19:07:22,2026-05-11 21:09:22
RES103024,DEL001,CNF103024,GUEST103024,2026-06-04,2026-06-07,STE,PKG,PKG_STD,MODIFIED,4,127416,INR,2026-05-11 14:50:43,2026-05-11 16:22:43
RES103025,KOL001,CNF103025,GUEST103025,2026-06-19,2026-06-22,KING,MEMBER,MEM_DLX,BOOKED,4,146712,INR,2026-05-11 19:35:38,2026-05-11 20:55:38
RES103026,KER001,CNF103026,GUEST103026,2026-06-16,2026-06-20,DLX,BAR,BAR_DLX,BOOKED,2,102352,INR,2026-05-11 22:02:25,2026-05-11 22:17:25
RES103027,CHA001,CNF103027,GUEST103027,2026-07-04,2026-07-09,DLX,PKG,PKG_DLX,CANCELLED,2,0,INR,2026-05-11 01:15:10,2026-05-11 01:17:10
RES103028,BLR001,CNF103028,GUEST103028,2026-05-13,2026-05-18,DLX,CORP,CORP_STD,CANCELLED,4,0,INR,2026-05-11 09:00:31,2026-05-11 09:38:31
RES103029,BLR001,CNF103029,GUEST103029,2026-05-31,2026-06-01,STD,BAR,BAR_STD,BOOKED,3,17772,INR,2026-05-11 02:07:38,2026-05-11 03:21:38
RES103030,KOL001,CNF103030,GUEST103030,2026-06-17,2026-06-21,QUEEN,BAR,BAR_DLX,CANCELLED,1,0,INR,2026-05-11 06:42:06,2026-05-11 06:52:06
RES103031,DEL001,CNF103031,GUEST103031,2026-07-10,2026-07-14,STD,PREPAY,PPR_DLX,CANCELLED,1,0,INR,2026-05-11 07:42:42,2026-05-11 09:38:42
RES103032,CHN001,CNF103032,GUEST103032,2026-06-01,2026-06-03,STE,MEMBER,MEM_STD,BOOKED,1,13260,INR,2026-05-11 02:57:05,2026-05-11 04:06:05
RES103033,BLR002,CNF103033,GUEST103033,2026-06-24,2026-06-27,STD,PKG,PKG_DLX,MODIFIED,1,20073,INR,2026-05-11 04:28:14,2026-05-11 05:08:14
RES103034,BLR002,CNF103034,GUEST103034,2026-06-21,2026-06-24,DLX,PREPAY,PPR_DLX,MODIFIED,1,11163,INR,2026-05-11 02:07:20,2026-05-11 03:55:20
RES103035,DEL002,CNF103035,GUEST103035,2026-05-22,2026-05-27,QUEEN,MEMBER,MEM_STD,BOOKED,4,234220,INR,2026-05-11 08:41:56,2026-05-11 11:18:56
RES103036,BLR001,CNF103036,GUEST103036,2026-05-18,2026-05-22,DLX,PKG,PKG_STD,CANCELLED,4,0,INR,2026-05-11 10:15:25,2026-05-11 10:48:25
RES103037,BLR002,CNF103037,GUEST103037,2026-06-06,2026-06-10,DLX,PKG,PKG_STD,MODIFIED,1,46928,INR,2026-05-11 02:56:47,2026-05-11 04:00:47
RES103038,KOL001,CNF103038,GUEST103038,2026-05-15,2026-05-19,QUEEN,CORP,CORP_DLX,CANCELLED,3,0,INR,2026-05-11 10:13:49,2026-05-11 10:58:49
RES103039,KER001,CNF103039,GUEST103039,2026-05-22,2026-05-24,DLX,CORP,CORP_STD,BOOKED,3,66756,INR,2026-05-11 22:37:55,2026-05-11 23:32:55
RES103040,DEL001,CNF103040,GUEST103040,2026-05-15,2026-05-19,STD,PKG,PKG_STD,BOOKED,1,55772,INR,2026-05-11 06:41:15,2026-05-11 07:22:15
RES103041,KOL001,CNF103041,GUEST103041,2026-06-14,2026-06-17,QUEEN,BAR,BAR_DLX,CANCELLED,1,0,INR,2026-05-11 06:25:45,2026-05-11 08:55:45
RES103042,BLR001,CNF103042,GUEST103042,2026-05-16,2026-05-19,STE,BAR,BAR_DLX,MODIFIED,1,28158,INR,2026-05-11 13:52:16,2026-05-11 14:30:16
RES103043,BLR001,CNF103043,GUEST103043,2026-06-20,2026-06-21,STD,CORP,CORP_STD,CANCELLED,3,0,INR,2026-05-11 21:57:43,2026-05-12 00:48:43
RES103044,DEL002,CNF103044,GUEST103044,2026-07-09,2026-07-12,KING,PREPAY,PPR_DLX,BOOKED,2,55380,INR,2026-05-11 10:01:42,2026-05-11 12:46:42
RES103045,CHA001,CNF103045,GUEST103045,2026-06-13,2026-06-14,STE,PREPAY,PPR_STD,BOOKED,3,43413,INR,2026-05-11 20:20:13,2026-05-11 21:22:13
RES103046,KOL001,CNF103046,GUEST103046,2026-06-10,2026-06-14,STD,PREPAY,PPR_DLX,BOOKED,2,111656,INR,2026-05-11 05:16:35,2026-05-11 07:44:35
RES103047,MUM002,CNF103047,GUEST103047,2026-07-10,2026-07-11,QUEEN,PREPAY,PPR_STD,MODIFIED,4,26932,INR,2026-05-11 00:00:21,2026-05-11 01:14:21
RES103048,DEL002,CNF103048,GUEST103048,2026-06-04,2026-06-06,STD,CORP,CORP_STD,CANCELLED,2,0,INR,2026-05-11 23:17:59,2026-05-11 23:24:59
RES103049,CHA001,CNF103049,GUEST103049,2026-06-02,2026-06-03,STE,PREPAY,PPR_DLX,CANCELLED,1,0,INR,2026-05-11 12:43:09,2026-05-11 14:01:09
RES103050,CHA001,CNF103050,GUEST103050,2026-07-04,2026-07-09,KING,PREPAY,PPR_STD,CANCELLED,4,0,INR,2026-05-11 21:57:07,2026-05-11 22:29:07
RES103051,CHN001,CNF103051,GUEST103051,2026-06-17,2026-06-18,STD,PREPAY,PPR_STD,CANCELLED,1,0,INR,2026-05-11 12:10:02,2026-05-11 14:41:02
RES103052,MUM002,CNF103052,GUEST103052,2026-06-01,2026-06-02,STD,BAR,BAR_STD,BOOKED,4,43420,INR,2026-05-11 15:07:12,2026-05-11 15:15:12
RES103053,KOL001,CNF103053,GUEST103053,2026-06-25,2026-06-28,STE,CORP,CORP_DLX,CANCELLED,1,0,INR,2026-05-11 14:44:23,2026-05-11 15:20:23
RES103054,KOL001,CNF103054,GUEST103054,2026-06-10,2026-06-11,STD,PKG,PKG_STD,BOOKED,1,9941,INR,2026-05-11 20:35:23,2026-05-11 21:49:23
RES103055,DEL002,CNF103055,GUEST103055,2026-07-04,2026-07-05,STE,BAR,BAR_STD,BOOKED,4,19188,INR,2026-05-11 08:28:59,2026-05-11 10:05:59
RES103056,CHN001,CNF103056,GUEST103056,2026-06-02,2026-06-03,DLX,BAR,BAR_STD,CANCELLED,4,0,INR,2026-05-11 02:43:46,2026-05-11 04:18:46
RES103057,MUM001,CNF103057,GUEST103057,2026-06-29,2026-07-02,STE,PKG,PKG_DLX,BOOKED,4,91440,INR,2026-05-11 14:47:08,2026-05-11 16:48:08
RES103058,KOL001,CNF103058,GUEST103058,2026-06-10,2026-06-15,STD,BAR,BAR_DLX,CANCELLED,4,0,INR,2026-05-11 12:10:23,2026-05-11 13:30:23
RES103059,KER001,CNF103059,GUEST103059,2026-06-04,2026-06-05,QUEEN,PREPAY,PPR_STD,CANCELLED,3,0,INR,2026-05-11 19:21:42,2026-05-11 20:09:42
RES103060,MUM001,CNF103060,GUEST103060,2026-05-18,2026-05-23,STD,PREPAY,PPR_STD,BOOKED,2,104850,INR,2026-05-11 04:29:30,2026-05-11 05:08:30
RES103061,BLR002,CNF103061,GUEST103061,2026-05-13,2026-05-14,STE,PKG,PKG_STD,MODIFIED,2,8642,INR,2026-05-11 00:27:35,2026-05-11 02:32:35
RES103062,BLR001,CNF103062,GUEST103062,2026-06-08,2026-06-11,STE,BAR,BAR_STD,CANCELLED,2,0,INR,2026-05-11 16:24:19,2026-05-11 19:12:19
RES103063,DEL001,CNF103063,GUEST103063,2026-06-29,2026-07-04,STE,PREPAY,PPR_STD,MODIFIED,2,58570,INR,2026-05-11 14:42:47,2026-05-11 15:28:47
RES103064,MUM002,CNF103064,GUEST103064,2026-06-06,2026-06-08,STE,PREPAY,PPR_STD,MODIFIED,3,27978,INR,2026-05-11 11:47:20,2026-05-11 13:48:20
RES103065,KOL001,CNF103065,GUEST103065,2026-05-28,2026-06-02,QUEEN,BAR,BAR_DLX,MODIFIED,1,22800,INR,2026-05-11 01:32:38,2026-05-11 02:56:38
RES103066,BLR001,CNF103066,GUEST103066,2026-05-14,2026-05-16,KING,PKG,PKG_DLX,MODIFIED,2,39600,INR,2026-05-11 18:19:47,2026-05-11 20:14:47
RES103067,HYD001,CNF103067,GUEST103067,2026-05-17,2026-05-19,KING,PREPAY,PPR_STD,CANCELLED,2,0,INR,2026-05-11 14:12:44,2026-05-11 15:57:44
RES103068,DEL002,CNF103068,GUEST103068,2026-06-18,2026-06-19,QUEEN,MEMBER,MEM_DLX,MODIFIED,2,8978,INR,2026-05-11 20:12:45,2026-05-11 21:03:45
RES103069,MUM001,CNF103069,GUEST103069,2026-05-19,2026-05-24,KING,CORP,CORP_STD,MODIFIED,4,201140,INR,2026-05-11 07:29:12,2026-05-11 07:55:12
RES103070,KOL001,CNF103070,GUEST103070,2026-07-06,2026-07-10,DLX,BAR,BAR_STD,MODIFIED,3,117444,INR,2026-05-11 22:43:24,2026-05-11 23:39:24
RES103071,CHA001,CNF103071,GUEST103071,2026-05-24,2026-05-28,STE,CORP,CORP_STD,CANCELLED,2,0,INR,2026-05-11 00:42:10,2026-05-11 03:18:10
RES103072,DEL001,CNF103072,GUEST103072,2026-05-19,2026-05-24,STD,MEMBER,MEM_DLX,CANCELLED,2,0,INR,2026-05-11 21:25:20,2026-05-11 21:31:20
RES103073,MUM002,CNF103073,GUEST103073,2026-05-17,2026-05-18,KING,PREPAY,PPR_STD,MODIFIED,4,50612,INR,2026-05-11 20:36:15,2026-05-11 20:56:15
RES103074,HYD001,CNF103074,GUEST103074,2026-06-18,2026-06-23,QUEEN,BAR,BAR_DLX,CANCELLED,4,0,INR,2026-05-11 17:05:43,2026-05-11 18:02:43
RES103075,KOL001,CNF103075,GUEST103075,2026-07-03,2026-07-08,KING,PKG,PKG_STD,MODIFIED,3,165075,INR,2026-05-11 11:52:39,2026-05-11 13:37:39
RES103076,HYD001,CNF103076,GUEST103076,2026-07-05,2026-07-07,STE,MEMBER,MEM_DLX,CANCELLED,1,0,INR,2026-05-11 12:15:11,2026-05-11 12:23:11
RES103077,CHA001,CNF103077,GUEST103077,2026-06-18,2026-06-22,STE,PKG,PKG_STD,BOOKED,1,34268,INR,2026-05-11 18:41:47,2026-05-11 19:33:47
RES103078,DEL001,CNF103078,GUEST103078,2026-06-12,2026-06-16,DLX,BAR,BAR_STD,BOOKED,1,44876,INR,2026-05-11 17:04:58,2026-05-11 19:22:58
RES103079,HYD001,CNF103079,GUEST103079,2026-06-28,2026-06-29,STD,PKG,PKG_DLX,CANCELLED,3,0,INR,2026-05-11 16:23:12,2026-05-11 16:41:12
RES103080,BLR002,CNF103080,GUEST103080,2026-06-17,2026-06-20,QUEEN,PKG,PKG_DLX,CANCELLED,2,0,INR,2026-05-11 22:18:43,2026-05-11 22:26:43
RES103081,BLR002,CNF103081,GUEST103081,2026-06-10,2026-06-15,KING,BAR,BAR_STD,MODIFIED,1,61965,INR,2026-05-11 02:34:00,2026-05-11 03:17:00
RES103082,DEL002,CNF103082,GUEST103082,2026-05-26,2026-05-29,QUEEN,PKG,PKG_DLX,MODIFIED,4,96888,INR,2026-05-11 04:43:28,2026-05-11 06:39:28
RES103083,DEL001,CNF103083,GUEST103083,2026-06-12,2026-06-16,STE,BAR,BAR_STD,BOOKED,4,133248,INR,2026-05-11 18:05:39,2026-05-11 18:25:39
RES103084,MUM001,CNF103084,GUEST103084,2026-07-05,2026-07-08,DLX,BAR,BAR_STD,BOOKED,4,112980,INR,2026-05-11 16:14:46,2026-05-11 18:30:46
RES103085,CHA001,CNF103085,GUEST103085,2026-07-03,2026-07-06,KING,MEMBER,MEM_DLX,MODIFIED,2,51588,INR,2026-05-11 05:32:05,2026-05-11 06:56:05
RES103086,KOL001,CNF103086,GUEST103086,2026-05-26,2026-05-28,DLX,BAR,BAR_DLX,CANCELLED,2,0,INR,2026-05-11 14:10:19,2026-05-11 16:51:19
RES103087,BLR001,CNF103087,GUEST103087,2026-05-13,2026-05-18,STE,PKG,PKG_DLX,CANCELLED,1,0,INR,2026-05-11 09:32:12,2026-05-11 12:15:12
RES103088,BLR001,CNF103088,GUEST103088,2026-06-13,2026-06-18,DLX,CORP,CORP_STD,BOOKED,1,27220,INR,2026-05-11 21:34:30,2026-05-11 22:45:30
RES103089,BLR002,CNF103089,GUEST103089,2026-07-04,2026-07-09,QUEEN,CORP,CORP_STD,BOOKED,1,39980,INR,2026-05-11 16:27:04,2026-05-11 18:08:04
RES103090,BLR002,CNF103090,GUEST103090,2026-05-23,2026-05-24,QUEEN,PKG,PKG_STD,MODIFIED,4,16200,INR,2026-05-11 02:46:46,2026-05-11 04:53:46
RES103091,CHN001,CNF103091,GUEST103091,2026-06-24,2026-06-25,KING,PREPAY,PPR_DLX,CANCELLED,3,0,INR,2026-05-11 12:40:33,2026-05-11 14:06:33
RES103092,CHN001,CNF103092,GUEST103092,2026-06-14,2026-06-19,STE,PREPAY,PPR_DLX,MODIFIED,1,32350,INR,2026-05-11 00:11:55,2026-05-11 00:41:55
RES103093,MUM001,CNF103093,GUEST103093,2026-06-04,2026-06-07,KING,PKG,PKG_STD,BOOKED,1,40050,INR,2026-05-11 12:11:27,2026-05-11 13:06:27
RES103094,KOL001,CNF103094,GUEST103094,2026-05-27,2026-05-31,QUEEN,PKG,PKG_STD,BOOKED,4,91328,INR,2026-05-11 11:30:23,2026-05-11 11:45:23
RES103095,CHN001,CNF103095,GUEST103095,2026-06-30,2026-07-05,STE,CORP,CORP_DLX,MODIFIED,1,31070,INR,2026-05-11 17:51:32,2026-05-11 20:00:32
RES103096,DEL002,CNF103096,GUEST103096,2026-05-12,2026-05-16,STE,PKG,PKG_STD,BOOKED,2,87832,INR,2026-05-11 14:53:51,2026-05-11 15:03:51
RES103097,DEL002,CNF103097,GUEST103097,2026-06-25,2026-06-26,DLX,BAR,BAR_DLX,CANCELLED,3,0,INR,2026-05-11 22:38:17,2026-05-11 22:55:17
RES103098,HYD001,CNF103098,GUEST103098,2026-05-20,2026-05-23,KING,CORP,CORP_STD,MODIFIED,2,53070,INR,2026-05-11 12:12:23,2026-05-11 15:00:23
RES103099,KOL001,CNF103099,GUEST103099,2026-06-28,2026-07-02,DLX,PREPAY,PPR_DLX,MODIFIED,1,57240,INR,2026-05-11 10:57:49,2026-05-11 13:31:49
RES103100,BLR002,CNF103100,GUEST103100,2026-06-04,2026-06-07,QUEEN,BAR,BAR_DLX,MODIFIED,2,66186,INR,2026-05-11 13:18:15,2026-05-11 16:07:15
RES103101,MUM002,CNF103101,GUEST103101,2026-06-13,2026-06-17,DLX,MEMBER,MEM_DLX,BOOKED,4,200736,INR,2026-05-11 02:45:19,2026-05-11 05:01:19
RES103102,BLR001,CNF103102,GUEST103102,2026-05-25,2026-05-27,STE,CORP,CORP_DLX,BOOKED,1,9534,INR,2026-05-11 01:44:33,2026-05-11 04:27:33
RES103103,BLR001,CNF103103,GUEST103103,2026-06-17,2026-06-18,DLX,CORP,CORP_DLX,BOOKED,4,19112,INR,2026-05-11 14:30:48,2026-05-11 15:05:48
RES103104,KOL001,CNF103104,GUEST103104,2026-05-30,2026-06-04,QUEEN,BAR,BAR_DLX,MODIFIED,2,72770,INR,2026-05-11 00:30:18,2026-05-11 02:23:18
RES103105,HYD001,CNF103105,GUEST103105,2026-05-16,2026-05-17,DLX,PREPAY,PPR_DLX,MODIFIED,3,14427,INR,2026-05-11 01:39:19,2026-05-11 03:20:19
RES103106,DEL002,CNF103106,GUEST103106,2026-06-15,2026-06-18,STE,PREPAY,PPR_DLX,BOOKED,1,31773,INR,2026-05-11 01:49:49,2026-05-11 02:31:49
RES103107,BLR001,CNF103107,GUEST103107,2026-05-14,2026-05-17,STE,PKG,PKG_STD,MODIFIED,1,23424,INR,2026-05-11 11:30:55,2026-05-11 12:53:55
RES103108,DEL002,CNF103108,GUEST103108,2026-06-20,2026-06-24,KING,PKG,PKG_DLX,BOOKED,3,122364,INR,2026-05-11 18:22:15,2026-05-11 21:03:15
RES103109,BLR002,CNF103109,GUEST103109,2026-06-08,2026-06-13,KING,CORP,CORP_DLX,BOOKED,2,67030,INR,2026-05-11 21:30:32,2026-05-12 00:26:32
RES103110,CHN001,CNF103110,GUEST103110,2026-05-25,2026-05-28,STE,MEMBER,MEM_DLX,BOOKED,1,13851,INR,2026-05-11 03:42:28,2026-05-11 06:11:28
RES103111,BLR001,CNF103111,GUEST103111,2026-05-16,2026-05-21,DLX,MEMBER,MEM_STD,MODIFIED,4,174920,INR,2026-05-11 17:23:11,2026-05-11 18:40:11
RES103112,BLR002,CNF103112,GUEST103112,2026-06-21,2026-06-25,DLX,BAR,BAR_STD,BOOKED,2,117520,INR,2026-05-11 09:31:52,2026-05-11 11:33:52
RES103113,HYD001,CNF103113,GUEST103113,2026-06-23,2026-06-26,KING,BAR,BAR_STD,MODIFIED,2,76266,INR,2026-05-11 07:42:51,2026-05-11 09:56:51
RES103114,BLR001,CNF103114,GUEST103114,2026-05-31,2026-06-05,STD,MEMBER,MEM_DLX,CANCELLED,2,0,INR,2026-05-11 06:56:10,2026-05-11 07:29:10
RES103115,KOL001,CNF103115,GUEST103115,2026-05-20,2026-05-23,STE,MEMBER,MEM_DLX,CANCELLED,4,0,INR,2026-05-11 08:42:44,2026-05-11 10:52:44
RES103116,MUM002,CNF103116,GUEST103116,2026-06-11,2026-06-13,QUEEN,PKG,PKG_STD,CANCELLED,1,0,INR,2026-05-11 13:18:53,2026-05-11 15:17:53
RES103117,BLR002,CNF103117,GUEST103117,2026-06-19,2026-06-20,STE,CORP,CORP_DLX,BOOKED,2,9400,INR,2026-05-11 11:07:59,2026-05-11 13:09:59
RES103118,KOL001,CNF103118,GUEST103118,2026-07-09,2026-07-11,KING,MEMBER,MEM_DLX,MODIFIED,1,14062,INR,2026-05-11 06:13:43,2026-05-11 08:29:43
RES103119,CHN001,CNF103119,GUEST103119,2026-06-02,2026-06-07,STD,MEMBER,MEM_DLX,CANCELLED,2,0,INR,2026-05-11 18:46:00,2026-05-11 21:26:00
RES103120,DEL002,CNF103120,GUEST103120,2026-06-15,2026-06-18,STE,PKG,PKG_DLX,CANCELLED,3,0,INR,2026-05-11 01:10:04,2026-05-11 02:52:04
RES103121,BLR002,CNF103121,GUEST103121,2026-05-26,2026-05-31,STD,PREPAY,PPR_STD,CANCELLED,4,0,INR,2026-05-11 16:34:20,2026-05-11 18:34:20
RES103122,CHN001,CNF103122,GUEST103122,2026-06-20,2026-06-21,KING,PREPAY,PPR_STD,BOOKED,2,7016,INR,2026-05-11 09:32:42,2026-05-11 12:22:42
RES103123,DEL002,CNF103123,GUEST103123,2026-06-28,2026-06-29,DLX,MEMBER,MEM_DLX,MODIFIED,3,19509,INR,2026-05-11 04:22:19,2026-05-11 05:47:19
RES103124,CHA001,CNF103124,GUEST103124,2026-06-14,2026-06-19,QUEEN,MEMBER,MEM_DLX,MODIFIED,3,146250,INR,2026-05-11 01:03:23,2026-05-11 03:00:23
RES103125,KOL001,CNF103125,GUEST103125,2026-05-19,2026-05-23,STE,CORP,CORP_STD,BOOKED,3,151380,INR,2026-05-11 12:22:26,2026-05-11 14:18:26
RES103126,BLR002,CNF103126,GUEST103126,2026-06-03,2026-06-07,STD,CORP,CORP_DLX,MODIFIED,4,192432,INR,2026-05-11 17:52:19,2026-05-11 19:33:19
RES103127,MUM001,CNF103127,GUEST103127,2026-07-09,2026-07-11,KING,PREPAY,PPR_STD,BOOKED,2,23020,INR,2026-05-11 16:31:57,2026-05-11 18:06:57
RES103128,BLR002,CNF103128,GUEST103128,2026-06-09,2026-06-14,QUEEN,BAR,BAR_DLX,CANCELLED,1,0,INR,2026-05-11 09:21:06,2026-05-11 10:04:06
RES103129,MUM001,CNF103129,GUEST103129,2026-06-23,2026-06-27,STD,PKG,PKG_DLX,MODIFIED,3,99588,INR,2026-05-11 21:40:16,2026-05-12 00:05:16
RES103130,CHN001,CNF103130,GUEST103130,2026-07-01,2026-07-05,STD,PREPAY,PPR_DLX,CANCELLED,2,0,INR,2026-05-11 08:21:06,2026-05-11 11:15:06
RES103131,BLR002,CNF103131,GUEST103131,2026-05-14,2026-05-16,QUEEN,MEMBER,MEM_DLX,CANCELLED,4,0,INR,2026-05-11 17:12:56,2026-05-11 18:24:56
RES103132,KER001,CNF103132,GUEST103132,2026-05-16,2026-05-20,DLX,PREPAY,PPR_STD,BOOKED,1,14172,INR,2026-05-11 10:54:38,2026-05-11 13:12:38
RES103133,HYD001,CNF103133,GUEST103133,2026-05-18,2026-05-22,STE,PREPAY,PPR_DLX,CANCELLED,1,0,INR,2026-05-11 21:14:51,2026-05-11 23:00:51
RES103134,HYD001,CNF103134,GUEST103134,2026-06-12,2026-06-13,KING,PKG,PKG_DLX,MODIFIED,2,10754,INR,2026-05-11 02:26:52,2026-05-11 02:41:52
RES103135,HYD001,CNF103135,GUEST103135,2026-07-04,2026-07-05,STD,MEMBER,MEM_DLX,MODIFIED,2,9978,INR,2026-05-11 02:38:44,2026-05-11 03:50:44
RES103136,DEL002,CNF103136,GUEST103136,2026-06-01,2026-06-04,STD,PREPAY,PPR_STD,MODIFIED,2,76248,INR,2026-05-11 05:41:07,2026-05-11 07:21:07
RES103137,BLR002,CNF103137,GUEST103137,2026-05-15,2026-05-19,DLX,PREPAY,PPR_DLX,CANCELLED,4,0,INR,2026-05-11 04:41:06,2026-05-11 06:46:06
RES103138,KER001,CNF103138,GUEST103138,2026-07-08,2026-07-13,QUEEN,PREPAY,PPR_STD,BOOKED,2,117130,INR,2026-05-11 03:19:56,2026-05-11 03:24:56
RES103139,BLR002,CNF103139,GUEST103139,2026-06-01,2026-06-03,STD,BAR,BAR_DLX,MODIFIED,4,110248,INR,2026-05-11 08:11:56,2026-05-11 09:13:56
RES103140,BLR002,CNF103140,GUEST103140,2026-07-08,2026-07-13,STD,BAR,BAR_DLX,BOOKED,2,104780,INR,2026-05-11 00:36:17,2026-05-11 01:49:17
RES103141,DEL001,CNF103141,GUEST103141,2026-06-06,2026-06-11,STD,BAR,BAR_STD,MODIFIED,2,80510,INR,2026-05-11 15:25:56,2026-05-11 18:12:56
RES103142,CHN001,CNF103142,GUEST103142,2026-06-09,2026-06-10,STD,MEMBER,MEM_STD,BOOKED,3,19893,INR,2026-05-11 23:16:09,2026-05-12 01:25:09
RES103143,CHN001,CNF103143,GUEST103143,2026-05-31,2026-06-01,DLX,PKG,PKG_STD,BOOKED,4,20932,INR,2026-05-11 18:00:14,2026-05-11 18:07:14
RES103144,CHN001,CNF103144,GUEST103144,2026-05-25,2026-05-29,STD,PKG,PKG_DLX,BOOKED,1,25524,INR,2026-05-11 12:58:54,2026-05-11 15:22:54
RES103145,DEL001,CNF103145,GUEST103145,2026-06-02,2026-06-07,STE,MEMBER,MEM_STD,MODIFIED,2,52170,INR,2026-05-11 03:17:15,2026-05-11 05:56:15
RES103146,DEL002,CNF103146,GUEST103146,2026-07-02,2026-07-05,KING,PKG,PKG_STD,CANCELLED,4,0,INR,2026-05-11 22:52:44,2026-05-12 01:30:44
RES103147,MUM002,CNF103147,GUEST103147,2026-06-07,2026-06-08,KING,BAR,BAR_STD,BOOKED,3,43485,INR,2026-05-11 11:06:51,2026-05-11 11:13:51
RES103148,MUM001,CNF103148,GUEST103148,2026-05-22,2026-05-26,STD,MEMBER,MEM_STD,CANCELLED,1,0,INR,2026-05-11 04:59:30,2026-05-11 07:57:30
RES103149,MUM001,CNF103149,GUEST103149,2026-06-25,2026-06-29,STE,PREPAY,PPR_STD,CANCELLED,3,0,INR,2026-05-11 22:47:16,2026-05-12 01:04:16
RES103150,BLR001,CNF103150,GUEST103150,2026-06-30,2026-07-05,STD,PKG,PKG_STD,MODIFIED,3,83940,INR,2026-05-11 00:36:25,2026-05-11 01:00:25
RES103151,HYD001,CNF103151,GUEST103151,2026-06-04,2026-06-06,KING,CORP,CORP_STD,BOOKED,3,79698,INR,2026-05-11 21:25:36,2026-05-11 23:58:36
RES103152,HYD001,CNF103152,GUEST103152,2026-05-16,2026-05-18,STD,PKG,PKG_STD,CANCELLED,2,0,INR,2026-05-11 16:17:24,2026-05-11 17:30:24
RES103153,KOL001,CNF103153,GUEST103153,2026-06-14,2026-06-16,STD,MEMBER,MEM_STD,MODIFIED,1,24960,INR,2026-05-11 23:17:36,2026-05-11 23:57:36
RES103154,MUM002,CNF103154,GUEST103154,2026-05-16,2026-05-17,QUEEN,PKG,PKG_DLX,MODIFIED,4,14840,INR,2026-05-11 21:06:46,2026-05-11 22:28:46
RES103155,HYD001,CNF103155,GUEST103155,2026-07-10,2026-07-13,QUEEN,MEMBER,MEM_DLX,CANCELLED,4,0,INR,2026-05-11 14:14:11,2026-05-11 15:35:11
RES103156,CHA001,CNF103156,GUEST103156,2026-05-26,2026-05-29,DLX,MEMBER,MEM_DLX,BOOKED,2,31410,INR,2026-05-11 13:26:29,2026-05-11 15:07:29
RES103157,CHA001,CNF103157,GUEST103157,2026-07-07,2026-07-09,KING,CORP,CORP_DLX,BOOKED,1,24864,INR,2026-05-11 21:28:52,2026-05-11 22:04:52
RES103158,DEL001,CNF103158,GUEST103158,2026-06-17,2026-06-22,QUEEN,PKG,PKG_DLX,BOOKED,4,183760,INR,2026-05-11 00:37:33,2026-05-11 01:56:33
RES103159,BLR002,CNF103159,GUEST103159,2026-05-30,2026-05-31,KING,PREPAY,PPR_DLX,BOOKED,2,9238,INR,2026-05-11 04:40:43,2026-05-11 06:34:43
RES103160,HYD001,CNF103160,GUEST103160,2026-06-30,2026-07-03,KING,MEMBER,MEM_DLX,CANCELLED,1,0,INR,2026-05-11 09:11:12,2026-05-11 11:38:12
RES103161,BLR002,CNF103161,GUEST103161,2026-06-12,2026-06-15,STE,PREPAY,PPR_STD,BOOKED,1,12711,INR,2026-05-11 10:29:57,2026-05-11 12:54:57
RES103162,DEL002,CNF103162,GUEST103162,2026-06-29,2026-07-03,STD,MEMBER,MEM_DLX,BOOKED,3,167028,INR,2026-05-11 02:49:04,2026-05-11 03:01:04
RES103163,MUM001,CNF103163,GUEST103163,2026-06-08,2026-06-10,DLX,MEMBER,MEM_DLX,MODIFIED,3,83766,INR,2026-05-11 16:21:27,2026-05-11 17:24:27
RES103164,BLR001,CNF103164,GUEST103164,2026-06-22,2026-06-25,STD,PKG,PKG_DLX,MODIFIED,3,61065,INR,2026-05-11 06:55:52,2026-05-11 07:22:52
RES103165,DEL001,CNF103165,GUEST103165,2026-06-07,2026-06-08,QUEEN,MEMBER,MEM_STD,MODIFIED,4,32164,INR,2026-05-11 02:00:11,2026-05-11 04:47:11
RES103166,MUM001,CNF103166,GUEST103166,2026-05-22,2026-05-26,QUEEN,PKG,PKG_DLX,MODIFIED,3,168924,INR,2026-05-11 18:50:22,2026-05-11 19:49:22
RES103167,DEL001,CNF103167,GUEST103167,2026-05-15,2026-05-18,KING,MEMBER,MEM_STD,BOOKED,4,153828,INR,2026-05-11 01:02:54,2026-05-11 01:05:54
RES103168,MUM001,CNF103168,GUEST103168,2026-06-11,2026-06-15,STD,CORP,CORP_STD,CANCELLED,3,0,INR,2026-05-11 08:06:13,2026-05-11 08:16:13
RES103169,DEL001,CNF103169,GUEST103169,2026-05-21,2026-05-22,DLX,BAR,BAR_STD,MODIFIED,4,56476,INR,2026-05-11 04:02:25,2026-05-11 05:18:25
RES103170,HYD001,CNF103170,GUEST103170,2026-06-12,2026-06-13,QUEEN,BAR,BAR_DLX,CANCELLED,3,0,INR,2026-05-11 20:04:28,2026-05-11 22:23:28
RES103171,KOL001,CNF103171,GUEST103171,2026-06-23,2026-06-25,QUEEN,PKG,PKG_DLX,CANCELLED,4,0,INR,2026-05-11 21:58:59,2026-05-11 23:19:59
RES103172,CHA001,CNF103172,GUEST103172,2026-06-08,2026-06-10,STE,CORP,CORP_STD,BOOKED,1,13558,INR,2026-05-11 15:17:50,2026-05-11 15:42:50
RES103173,BLR001,CNF103173,GUEST103173,2026-05-21,2026-05-26,QUEEN,PKG,PKG_STD,CANCELLED,4,0,INR,2026-05-11 10:14:05,2026-05-11 13:09:05
RES103174,BLR002,CNF103174,GUEST103174,2026-05-24,2026-05-29,STD,PKG,PKG_STD,BOOKED,4,294240,INR,2026-05-11 23:09:39,2026-05-12 00:52:39
RES103175,CHA001,CNF103175,GUEST103175,2026-05-27,2026-05-30,STD,PREPAY,PPR_STD,CANCELLED,2,0,INR,2026-05-11 19:21:37,2026-05-11 21:40:37
RES103176,HYD001,CNF103176,GUEST103176,2026-06-15,2026-06-20,KING,PKG,PKG_DLX,MODIFIED,1,46715,INR,2026-05-11 02:25:08,2026-05-11 03:25:08
RES103177,KER001,CNF103177,GUEST103177,2026-06-23,2026-06-28,STD,MEMBER,MEM_STD,BOOKED,4,184640,INR,2026-05-11 16:41:59,2026-05-11 19:13:59
RES103178,KOL001,CNF103178,GUEST103178,2026-06-22,2026-06-27,QUEEN,CORP,CORP_STD,MODIFIED,4,264460,INR,2026-05-11 07:26:39,2026-05-11 07:32:39
RES103179,MUM002,CNF103179,GUEST103179,2026-05-13,2026-05-16,STE,BAR,BAR_STD,MODIFIED,3,114228,INR,2026-05-11 17:40:26,2026-05-11 18:28:26
RES103180,DEL002,CNF103180,GUEST103180,2026-06-19,2026-06-22,QUEEN,MEMBER,MEM_STD,CANCELLED,2,0,INR,2026-05-11 01:05:17,2026-05-11 01:18:17
RES103181,HYD001,CNF103181,GUEST103181,2026-05-21,2026-05-24,KING,CORP,CORP_STD,MODIFIED,2,74178,INR,2026-05-11 16:59:00,2026-05-11 18:38:00
RES103182,KOL001,CNF103182,GUEST103182,2026-05-24,2026-05-28,KING,MEMBER,MEM_STD,CANCELLED,3,0,INR,2026-05-11 09:42:16,2026-05-11 11:54:16
RES103183,BLR002,CNF103183,GUEST103183,2026-05-31,2026-06-01,STE,PKG,PKG_STD,MODIFIED,3,37857,INR,2026-05-11 05:16:32,2026-05-11 07:49:32
RES103184,HYD001,CNF103184,GUEST103184,2026-06-15,2026-06-16,QUEEN,CORP,CORP_STD,BOOKED,1,9233,INR,2026-05-11 03:11:31,2026-05-11 04:24:31
RES103185,DEL001,CNF103185,GUEST103185,2026-05-25,2026-05-30,STD,CORP,CORP_DLX,MODIFIED,2,96850,INR,2026-05-11 18:30:43,2026-05-11 20:09:43
RES103186,CHN001,CNF103186,GUEST103186,2026-05-15,2026-05-18,DLX,BAR,BAR_STD,BOOKED,3,134343,INR,2026-05-11 02:50:07,2026-05-11 03:48:07
RES103187,CHA001,CNF103187,GUEST103187,2026-06-04,2026-06-09,DLX,BAR,BAR_STD,MODIFIED,3,108330,INR,2026-05-11 19:47:09,2026-05-11 21:10:09
RES103188,MUM001,CNF103188,GUEST103188,2026-06-12,2026-06-15,KING,PKG,PKG_STD,CANCELLED,3,0,INR,2026-05-11 10:47:33,2026-05-11 12:33:33
RES103189,BLR002,CNF103189,GUEST103189,2026-06-25,2026-06-28,QUEEN,BAR,BAR_STD,CANCELLED,4,0,INR,2026-05-11 18:29:10,2026-05-11 20:25:10
RES103190,CHA001,CNF103190,GUEST103190,2026-06-15,2026-06-19,QUEEN,MEMBER,MEM_DLX,MODIFIED,1,38380,INR,2026-05-11 07:57:01,2026-05-11 10:19:01
RES103191,CHN001,CNF103191,GUEST103191,2026-05-19,2026-05-21,STD,BAR,BAR_STD,CANCELLED,2,0,INR,2026-05-11 08:55:10,2026-05-11 09:28:10
RES103192,HYD001,CNF103192,GUEST103192,2026-07-08,2026-07-11,STD,PREPAY,PPR_STD,BOOKED,1,14235,INR,2026-05-11 14:54:31,2026-05-11 17:13:31
RES103193,BLR002,CNF103193,GUEST103193,2026-06-07,2026-06-09,KING,CORP,CORP_STD,CANCELLED,2,0,INR,2026-05-11 07:49:54,2026-05-11 09:06:54
RES103194,DEL001,CNF103194,GUEST103194,2026-05-31,2026-06-05,STE,CORP,CORP_STD,BOOKED,4,81240,INR,2026-05-11 03:59:25,2026-05-11 05:30:25
RES103195,BLR001,CNF103195,GUEST103195,2026-06-24,2026-06-27,KING,BAR,BAR_DLX,MODIFIED,2,89388,INR,2026-05-11 13:47:34,2026-05-11 16:45:34
RES103196,HYD001,CNF103196,GUEST103196,2026-06-01,2026-06-06,STD,PKG,PKG_DLX,CANCELLED,1,0,INR,2026-05-11 16:45:46,2026-05-11 18:44:46
RES103197,DEL002,CNF103197,GUEST103197,2026-05-13,2026-05-18,STE,PKG,PKG_DLX,BOOKED,3,134535,INR,2026-05-11 15:37:59,2026-05-11 17:59:59
RES103198,CHN001,CNF103198,GUEST103198,2026-05-26,2026-05-28,STE,MEMBER,MEM_STD,CANCELLED,1,0,INR,2026-05-11 20:25:38,2026-05-11 22:20:38
RES103199,CHA001,CNF103199,GUEST103199,2026-06-21,2026-06-25,DLX,PKG,PKG_STD,BOOKED,2,45512,INR,2026-05-11 02:34:57,2026-05-11 04:04:57
RES103200,CHA001,CNF103200,GUEST103200,2026-06-30,2026-07-04,STD,MEMBER,MEM_STD,CANCELLED,1,0,INR,2026-05-11 21:52:28,2026-05-11 21:58:28
RES103201,KER001,CNF103201,GUEST103201,2026-07-06,2026-07-08,KING,PKG,PKG_DLX,CANCELLED,4,0,INR,2026-05-11 07:08:53,2026-05-11 08:00:53
RES103202,HYD001,CNF103202,GUEST103202,2026-06-10,2026-06-12,KING,PREPAY,PPR_STD,CANCELLED,1,0,INR,2026-05-11 15:29:59,2026-05-11 17:19:59
RES103203,CHA001,CNF103203,GUEST103203,2026-07-06,2026-07-08,STD,CORP,CORP_DLX,BOOKED,4,40352,INR,2026-05-11 00:56:05,2026-05-11 01:30:05
RES103204,KER001,CNF103204,GUEST103204,2026-05-14,2026-05-18,DLX,BAR,BAR_STD,MODIFIED,1,36452,INR,2026-05-11 19:29:09,2026-05-11 21:08:09
RES103205,HYD001,CNF103205,GUEST103205,2026-05-29,2026-05-30,KING,PKG,PKG_STD,BOOKED,4,30964,INR,2026-05-11 15:05:43,2026-05-11 16:44:43
RES103206,HYD001,CNF103206,GUEST103206,2026-06-03,2026-06-06,QUEEN,CORP,CORP_STD,BOOKED,4,46308,INR,2026-05-11 08:57:31,2026-05-11 11:33:31
RES103207,BLR002,CNF103207,GUEST103207,2026-06-20,2026-06-22,DLX,MEMBER,MEM_STD,CANCELLED,1,0,INR,2026-05-11 11:20:16,2026-05-11 12:43:16
RES103208,CHN001,CNF103208,GUEST103208,2026-05-30,2026-06-03,KING,CORP,CORP_DLX,MODIFIED,3,65412,INR,2026-05-11 21:11:08,2026-05-11 23:34:08
RES103209,DEL001,CNF103209,GUEST103209,2026-05-30,2026-06-01,KING,BAR,BAR_STD,MODIFIED,1,8002,INR,2026-05-11 05:14:12,2026-05-11 07:48:12
RES103210,MUM002,CNF103210,GUEST103210,2026-05-31,2026-06-05,QUEEN,BAR,BAR_DLX,MODIFIED,2,51190,INR,2026-05-11 10:32:39,2026-05-11 11:15:39
RES103211,CHA001,CNF103211,GUEST103211,2026-06-14,2026-06-16,STD,PREPAY,PPR_STD,CANCELLED,2,0,INR,2026-05-11 22:17:59,2026-05-11 22:50:59
RES103212,DEL001,CNF103212,GUEST103212,2026-06-07,2026-06-09,STD,MEMBER,MEM_STD,BOOKED,3,42540,INR,2026-05-11 02:34:41,2026-05-11 04:53:41
RES103213,KER001,CNF103213,GUEST103213,2026-06-17,2026-06-22,STD,CORP,CORP_DLX,BOOKED,3,108885,INR,2026-05-11 11:48:43,2026-05-11 13:03:43
RES103214,BLR002,CNF103214,GUEST103214,2026-07-07,2026-07-12,DLX,CORP,CORP_STD,BOOKED,3,118590,INR,2026-05-11 14:12:38,2026-05-11 15:13:38
RES103215,DEL001,CNF103215,GUEST103215,2026-06-18,2026-06-20,STD,PREPAY,PPR_DLX,CANCELLED,2,0,INR,2026-05-11 03:24:40,2026-05-11 04:13:40
RES103216,MUM001,CNF103216,GUEST103216,2026-07-03,2026-07-07,KING,MEMBER,MEM_DLX,MODIFIED,4,203200,INR,2026-05-11 18:38:52,2026-05-11 20:15:52
RES103217,CHA001,CNF103217,GUEST103217,2026-05-27,2026-05-29,KING,MEMBER,MEM_DLX,MODIFIED,1,13832,INR,2026-05-11 09:26:38,2026-05-11 11:00:38
RES103218,BLR002,CNF103218,GUEST103218,2026-07-08,2026-07-09,STE,PREPAY,PPR_STD,CANCELLED,3,0,INR,2026-05-11 11:42:39,2026-05-11 13:16:39
RES103219,CHA001,CNF103219,GUEST103219,2026-06-30,2026-07-02,STD,CORP,CORP_DLX,CANCELLED,2,0,INR,2026-05-11 02:02:19,2026-05-11 03:19:19
RES103220,CHA001,CNF103220,GUEST103220,2026-07-05,2026-07-06,DLX,BAR,BAR_DLX,CANCELLED,3,0,INR,2026-05-11 17:36:14,2026-05-11 18:55:14
RES103221,BLR002,CNF103221,GUEST103221,2026-06-26,2026-06-28,STE,CORP,CORP_DLX,CANCELLED,3,0,INR,2026-05-11 06:11:42,2026-05-11 08:10:42
RES103222,CHA001,CNF103222,GUEST103222,2026-05-18,2026-05-20,QUEEN,MEMBER,MEM_STD,MODIFIED,2,46156,INR,2026-05-11 05:47:09,2026-05-11 08:42:09
RES103223,CHA001,CNF103223,GUEST103223,2026-05-17,2026-05-21,STE,PKG,PKG_STD,CANCELLED,4,0,INR,2026-05-11 15:11:36,2026-05-11 16:54:36
RES103224,HYD001,CNF103224,GUEST103224,2026-05-15,2026-05-20,DLX,BAR,BAR_DLX,CANCELLED,4,0,INR,2026-05-11 16:32:27,2026-05-11 17:31:27
RES103225,MUM001,CNF103225,GUEST103225,2026-05-18,2026-05-23,DLX,CORP,CORP_STD,CANCELLED,4,0,INR,2026-05-11 17:32:13,2026-05-11 18:46:13
RES103226,KER001,CNF103226,GUEST103226,2026-06-24,2026-06-29,KING,CORP,CORP_STD,MODIFIED,3,70320,INR,2026-05-11 22:25:42,2026-05-12 01:04:42
RES103227,MUM001,CNF103227,GUEST103227,2026-06-30,2026-07-03,STD,BAR,BAR_STD,BOOKED,2,48534,INR,2026-05-11 05:29:17,2026-05-11 08:01:17
RES103228,BLR001,CNF103228,GUEST103228,2026-05-12,2026-05-13,STD,CORP,CORP_DLX,MODIFIED,3,25182,INR,2026-05-11 16:26:00,2026-05-11 16:29:00
RES103229,CHN001,CNF103229,GUEST103229,2026-06-28,2026-06-30,STE,CORP,CORP_DLX,MODIFIED,3,52104,INR,2026-05-11 04:05:40,2026-05-11 06:37:40
RES103230,KOL001,CNF103230,GUEST103230,2026-05-30,2026-06-01,DLX,PREPAY,PPR_DLX,MODIFIED,1,16142,INR,2026-05-11 06:03:27,2026-05-11 07:01:27
RES103231,CHN001,CNF103231,GUEST103231,2026-06-18,2026-06-23,QUEEN,MEMBER,MEM_DLX,CANCELLED,4,0,INR,2026-05-11 07:26:10,2026-05-11 08:09:10
RES103232,KER001,CNF103232,GUEST103232,2026-05-24,2026-05-26,STE,BAR,BAR_DLX,BOOKED,3,52326,INR,2026-05-11 16:08:59,2026-05-11 18:22:59
RES103233,HYD001,CNF103233,GUEST103233,2026-06-19,2026-06-20,STE,BAR,BAR_DLX,BOOKED,3,17460,INR,2026-05-11 05:51:30,2026-05-11 08:14:30
RES103234,CHN001,CNF103234,GUEST103234,2026-06-24,2026-06-25,DLX,PKG,PKG_DLX,CANCELLED,4,0,INR,2026-05-11 21:07:07,2026-05-11 23:22:07
RES103235,BLR001,CNF103235,GUEST103235,2026-07-03,2026-07-04,STE,PKG,PKG_STD,CANCELLED,1,0,INR,2026-05-11 15:17:30,2026-05-11 17:18:30
RES103236,HYD001,CNF103236,GUEST103236,2026-06-01,2026-06-02,STD,PKG,PKG_DLX,CANCELLED,3,0,INR,2026-05-11 06:49:13,2026-05-11 07:15:13
RES103237,DEL002,CNF103237,GUEST103237,2026-06-01,2026-06-04,DLX,PREPAY,PPR_STD,MODIFIED,1,22707,INR,2026-05-11 14:27:06,2026-05-11 15:49:06
RES103238,CHN001,CNF103238,GUEST103238,2026-06-05,2026-06-07,STE,PKG,PKG_DLX,CANCELLED,4,0,INR,2026-05-11 22:04:01,2026-05-12 00:08:01
RES103239,MUM002,CNF103239,GUEST103239,2026-07-10,2026-07-14,STD,PREPAY,PPR_STD,CANCELLED,1,0,INR,2026-05-11 00:46:06,2026-05-11 02:15:06
RES103240,MUM001,CNF103240,GUEST103240,2026-07-03,2026-07-06,STD,BAR,BAR_DLX,BOOKED,4,94788,INR,2026-05-11 20:29:35,2026-05-11 22:47:35
RES103241,CHA001,CNF103241,GUEST103241,2026-06-12,2026-06-13,DLX,PREPAY,PPR_STD,MODIFIED,2,22348,INR,2026-05-11 10:45:08,2026-05-11 12:37:08
RES103242,DEL002,CNF103242,GUEST103242,2026-06-10,2026-06-12,STE,CORP,CORP_STD,MODIFIED,4,28968,INR,2026-05-11 07:36:41,2026-05-11 09:21:41
RES103243,BLR001,CNF103243,GUEST103243,2026-06-28,2026-07-03,DLX,MEMBER,MEM_DLX,CANCELLED,3,0,INR,2026-05-11 16:27:46,2026-05-11 18:58:46
RES103244,CHA001,CNF103244,GUEST103244,2026-06-17,2026-06-20,DLX,PREPAY,PPR_STD,BOOKED,4,127968,INR,2026-05-11 12:32:46,2026-05-11 14:36:46
RES103245,BLR001,CNF103245,GUEST103245,2026-06-10,2026-06-15,KING,MEMBER,MEM_STD,BOOKED,3,195780,INR,2026-05-11 11:45:31,2026-05-11 12:36:31
RES103246,CHN001,CNF103246,GUEST103246,2026-06-11,2026-06-14,DLX,MEMBER,MEM_DLX,CANCELLED,3,0,INR,2026-05-11 14:19:58,2026-05-11 17:02:58
RES103247,BLR002,CNF103247,GUEST103247,2026-05-17,2026-05-19,QUEEN,PREPAY,PPR_STD,BOOKED,2,16792,INR,2026-05-11 13:02:43,2026-05-11 13:53:43
RES103248,BLR002,CNF103248,GUEST103248,2026-06-17,2026-06-18,DLX,MEMBER,MEM_STD,CANCELLED,4,0,INR,2026-05-11 04:44:08,2026-05-11 07:38:08
RES103249,CHA001,CNF103249,GUEST103249,2026-05-25,2026-05-27,KING,MEMBER,MEM_STD,BOOKED,4,71544,INR,2026-05-11 15:16:23,2026-05-11 15:59:23
RES103250,DEL001,CNF103250,GUEST103250,2026-06-23,2026-06-26,QUEEN,PKG,PKG_STD,CANCELLED,4,0,INR,2026-05-11 16:11:48,2026-05-11 17:10:48
RES103251,MUM001,CNF103251,GUEST103251,2026-06-09,2026-06-12,STD,BAR,BAR_STD,BOOKED,4,126204,INR,2026-05-11 09:33:45,2026-05-11 12:21:45
RES103252,KOL001,CNF103252,GUEST103252,2026-06-26,2026-06-30,STE,MEMBER,MEM_STD,BOOKED,2,43968,INR,2026-05-11 02:16:35,2026-05-11 04:30:35
RES103253,KER001,CNF103253,GUEST103253,2026-05-21,2026-05-25,STE,BAR,BAR_DLX,MODIFIED,1,55576,INR,2026-05-11 21:27:28,2026-05-11 23:51:28
RES103254,KER001,CNF103254,GUEST103254,2026-06-12,2026-06-13,KING,CORP,CORP_STD,MODIFIED,2,10006,INR,2026-05-11 01:43:45,2026-05-11 01:46:45
RES103255,DEL001,CNF103255,GUEST103255,2026-06-17,2026-06-22,QUEEN,PREPAY,PPR_DLX,CANCELLED,2,0,INR,2026-05-11 02:41:36,2026-05-11 02:47:36
RES103256,HYD001,CNF103256,GUEST103256,2026-06-16,2026-06-20,STD,PREPAY,PPR_STD,MODIFIED,4,71584,INR,2026-05-11 07:23:28,2026-05-11 08:13:28
RES103257,KOL001,CNF103257,GUEST103257,2026-06-01,2026-06-04,DLX,PREPAY,PPR_STD,MODIFIED,3,72873,INR,2026-05-11 21:04:33,2026-05-11 23:56:33
RES103258,CHN001,CNF103258,GUEST103258,2026-05-12,2026-05-17,KING,PREPAY,PPR_STD,BOOKED,2,102560,INR,2026-05-11 22:02:10,2026-05-11 22:09:10
RES103259,MUM002,CNF103259,GUEST103259,2026-06-27,2026-07-02,STD,PREPAY,PPR_STD,CANCELLED,3,0,INR,2026-05-11 14:24:49,2026-05-11 15:37:49
RES103260,MUM001,CNF103260,GUEST103260,2026-07-04,2026-07-05,STD,MEMBER,MEM_STD,CANCELLED,3,0,INR,2026-05-11 19:07:28,2026-05-11 19:43:28
RES103261,KER001,CNF103261,GUEST103261,2026-05-23,2026-05-26,STE,MEMBER,MEM_DLX,MODIFIED,3,67770,INR,2026-05-11 09:53:32,2026-05-11 10:36:32
RES103262,CHA001,CNF103262,GUEST103262,2026-05-28,2026-06-01,STD,CORP,CORP_STD,MODIFIED,4,66800,INR,2026-05-11 22:04:02,2026-05-11 22:26:02
RES103263,CHA001,CNF103263,GUEST103263,2026-05-28,2026-05-30,STD,PKG,PKG_STD,BOOKED,2,29592,INR,2026-05-11 04:48:27,2026-05-11 07:17:27
RES103264,DEL001,CNF103264,GUEST103264,2026-06-20,2026-06-24,STE,MEMBER,MEM_STD,MODIFIED,1,27156,INR,2026-05-11 11:05:01,2026-05-11 13:47:01
RES103265,DEL002,CNF103265,GUEST103265,2026-05-19,2026-05-21,DLX,BAR,BAR_DLX,MODIFIED,2,31372,INR,2026-05-11 18:54:33,2026-05-11 20:41:33
RES103266,BLR002,CNF103266,GUEST103266,2026-06-16,2026-06-21,STE,PKG,PKG_DLX,CANCELLED,4,0,INR,2026-05-11 14:28:49,2026-05-11 15:50:49
RES103267,CHN001,CNF103267,GUEST103267,2026-07-06,2026-07-07,QUEEN,PKG,PKG_DLX,BOOKED,2,23092,INR,2026-05-11 11:51:37,2026-05-11 13:23:37
RES103268,KER001,CNF103268,GUEST103268,2026-06-18,2026-06-22,KING,MEMBER,MEM_STD,CANCELLED,2,0,INR,2026-05-11 13:21:46,2026-05-11 13:56:46
RES103269,MUM001,CNF103269,GUEST103269,2026-07-06,2026-07-07,STD,MEMBER,MEM_STD,MODIFIED,3,22122,INR,2026-05-11 09:15:56,2026-05-11 11:38:56
RES103270,KER001,CNF103270,GUEST103270,2026-05-15,2026-05-17,STD,PREPAY,PPR_STD,BOOKED,4,112184,INR,2026-05-11 23:29:50,2026-05-12 01:45:50
RES103271,KOL001,CNF103271,GUEST103271,2026-06-07,2026-06-12,QUEEN,PKG,PKG_STD,CANCELLED,3,0,INR,2026-05-11 07:47:00,2026-05-11 09:38:00
RES103272,BLR001,CNF103272,GUEST103272,2026-06-12,2026-06-15,STD,MEMBER,MEM_STD,CANCELLED,3,0,INR,2026-05-11 04:23:25,2026-05-11 05:30:25
RES103273,KER001,CNF103273,GUEST103273,2026-05-28,2026-06-02,KING,MEMBER,MEM_DLX,CANCELLED,3,0,INR,2026-05-11 11:22:50,2026-05-11 12:05:50
RES103274,DEL002,CNF103274,GUEST103274,2026-06-02,2026-06-07,STD,PKG,PKG_DLX,MODIFIED,2,145760,INR,2026-05-11 03:54:42,2026-05-11 04:44:42
RES103275,KER001,CNF103275,GUEST103275,2026-05-23,2026-05-25,KING,PREPAY,PPR_STD,CANCELLED,2,0,INR,2026-05-11 05:31:59,2026-05-11 08:23:59
RES103276,BLR001,CNF103276,GUEST103276,2026-06-02,2026-06-04,STD,PREPAY,PPR_STD,MODIFIED,3,73128,INR,2026-05-11 21:00:55,2026-05-11 22:56:55
RES103277,DEL001,CNF103277,GUEST103277,2026-07-03,2026-07-04,STD,PKG,PKG_STD,CANCELLED,1,0,INR,2026-05-11 01:19:26,2026-05-11 03:05:26
RES103278,CHN001,CNF103278,GUEST103278,2026-05-13,2026-05-14,QUEEN,PKG,PKG_DLX,CANCELLED,2,0,INR,2026-05-11 16:01:10,2026-05-11 18:33:10
RES103279,MUM002,CNF103279,GUEST103279,2026-05-30,2026-05-31,KING,MEMBER,MEM_DLX,MODIFIED,2,23708,INR,2026-05-11 06:00:54,2026-05-11 06:38:54
RES103280,CHN001,CNF103280,GUEST103280,2026-05-18,2026-05-22,STD,BAR,BAR_DLX,MODIFIED,2,88528,INR,2026-05-11 01:55:17,2026-05-11 04:22:17
RES103281,HYD001,CNF103281,GUEST103281,2026-06-14,2026-06-19,KING,CORP,CORP_STD,BOOKED,3,144615,INR,2026-05-11 05:17:53,2026-05-11 07:33:53
RES103282,DEL002,CNF103282,GUEST103282,2026-05-30,2026-06-04,STD,PKG,PKG_STD,MODIFIED,1,57225,INR,2026-05-11 07:08:41,2026-05-11 07:52:41
RES103283,CHN001,CNF103283,GUEST103283,2026-07-08,2026-07-09,STE,PKG,PKG_DLX,MODIFIED,1,7134,INR,2026-05-11 22:19:12,2026-05-12 01:15:12
RES103284,BLR002,CNF103284,GUEST103284,2026-07-04,2026-07-09,DLX,BAR,BAR_STD,CANCELLED,4,0,INR,2026-05-11 21:24:57,2026-05-11 21:40:57
RES103285,MUM001,CNF103285,GUEST103285,2026-06-27,2026-06-30,STE,BAR,BAR_STD,CANCELLED,2,0,INR,2026-05-11 04:41:35,2026-05-11 07:02:35
RES103286,CHN001,CNF103286,GUEST103286,2026-05-18,2026-05-19,DLX,MEMBER,MEM_DLX,MODIFIED,2,24876,INR,2026-05-11 06:45:38,2026-05-11 08:32:38
RES103287,HYD001,CNF103287,GUEST103287,2026-07-02,2026-07-03,STD,PKG,PKG_STD,MODIFIED,1,6764,INR,2026-05-11 20:34:25,2026-05-11 20:59:25
RES103288,MUM002,CNF103288,GUEST103288,2026-05-17,2026-05-22,KING,CORP,CORP_DLX,MODIFIED,1,70895,INR,2026-05-11 00:17:19,2026-05-11 02:28:19
RES103289,KOL001,CNF103289,GUEST103289,2026-06-01,2026-06-03,STE,PKG,PKG_DLX,CANCELLED,1,0,INR,2026-05-11 21:14:03,2026-05-11 22:04:03
RES103290,DEL002,CNF103290,GUEST103290,2026-06-15,2026-06-18,STE,MEMBER,MEM_STD,MODIFIED,3,77445,INR,2026-05-11 00:00:20,2026-05-11 01:38:20
RES103291,MUM001,CNF103291,GUEST103291,2026-06-23,2026-06-27,DLX,MEMBER,MEM_DLX,CANCELLED,1,0,INR,2026-05-11 18:40:20,2026-05-11 19:26:20
RES103292,HYD001,CNF103292,GUEST103292,2026-05-24,2026-05-28,DLX,PREPAY,PPR_DLX,BOOKED,2,38944,INR,2026-05-11 02:59:06,2026-05-11 03:25:06
RES103293,DEL002,CNF103293,GUEST103293,2026-06-18,2026-06-20,STD,CORP,CORP_STD,BOOKED,1,11584,INR,2026-05-11 23:25:22,2026-05-12 00:35:22
RES103294,CHA001,CNF103294,GUEST103294,2026-06-16,2026-06-18,STE,PKG,PKG_STD,BOOKED,4,68952,INR,2026-05-11 06:10:04,2026-05-11 08:28:04
RES103295,KOL001,CNF103295,GUEST103295,2026-05-30,2026-06-02,KING,CORP,CORP_DLX,BOOKED,1,17331,INR,2026-05-11 13:03:14,2026-05-11 14:27:14
RES103296,MUM001,CNF103296,GUEST103296,2026-06-06,2026-06-07,KING,MEMBER,MEM_STD,CANCELLED,1,0,INR,2026-05-11 20:54:12,2026-05-11 21:05:12
RES103297,BLR002,CNF103297,GUEST103297,2026-05-28,2026-06-01,KING,PREPAY,PPR_DLX,MODIFIED,2,68040,INR,2026-05-11 14:39:52,2026-05-11 17:22:52
RES103298,BLR002,CNF103298,GUEST103298,2026-05-18,2026-05-19,KING,CORP,CORP_DLX,MODIFIED,2,25938,INR,2026-05-11 14:03:47,2026-05-11 15:35:47
RES103299,MUM002,CNF103299,GUEST103299,2026-06-05,2026-06-08,STD,PKG,PKG_DLX,MODIFIED,1,38040,INR,2026-05-11 15:28:52,2026-05-11 16:40:52
RES103300,KOL001,CNF103300,GUEST103300,2026-06-15,2026-06-19,STE,PREPAY,PPR_DLX,MODIFIED,3,68220,INR,2026-05-11 04:55:14,2026-05-11 05:19:14
RES103301,DEL002,CNF103301,GUEST103301,2026-06-05,2026-06-10,STD,MEMBER,MEM_DLX,MODIFIED,3,92820,INR,2026-05-11 16:51:49,2026-05-11 18:36:49
RES103302,BLR002,CNF103302,GUEST103302,2026-05-18,2026-05-19,QUEEN,PREPAY,PPR_STD,BOOKED,3,22746,INR,2026-05-11 00:09:10,2026-05-11 02:22:10
RES103303,MUM002,CNF103303,GUEST103303,2026-05-16,2026-05-19,DLX,CORP,CORP_STD,BOOKED,3,115038,INR,2026-05-11 04:49:05,2026-05-11 06:23:05
RES103304,BLR002,CNF103304,GUEST103304,2026-05-20,2026-05-25,STD,PKG,PKG_STD,CANCELLED,1,0,INR,2026-05-11 00:44:15,2026-05-11 02:19:15
RES103305,BLR001,CNF103305,GUEST103305,2026-05-19,2026-05-21,KING,PKG,PKG_DLX,CANCELLED,4,0,INR,2026-05-11 04:40:33,2026-05-11 06:37:33
RES103306,MUM001,CNF103306,GUEST103306,2026-06-24,2026-06-26,STE,CORP,CORP_STD,CANCELLED,1,0,INR,2026-05-11 13:46:09,2026-05-11 15:21:09
RES103307,CHN001,CNF103307,GUEST103307,2026-05-21,2026-05-23,STE,PKG,PKG_STD,MODIFIED,3,32058,INR,2026-05-11 00:43:20,2026-05-11 02:00:20
RES103308,BLR001,CNF103308,GUEST103308,2026-05-16,2026-05-21,STE,CORP,CORP_DLX,BOOKED,3,69225,INR,2026-05-11 04:34:48,2026-05-11 05:34:48
RES103309,MUM001,CNF103309,GUEST103309,2026-05-15,2026-05-18,KING,BAR,BAR_DLX,CANCELLED,1,0,INR,2026-05-11 20:43:47,2026-05-11 21:36:47
RES103310,BLR002,CNF103310,GUEST103310,2026-06-01,2026-06-04,STD,PREPAY,PPR_DLX,MODIFIED,1,38955,INR,2026-05-11 09:28:27,2026-05-11 12:05:27
RES103311,BLR002,CNF103311,GUEST103311,2026-06-25,2026-06-28,STE,PREPAY,PPR_DLX,BOOKED,2,35502,INR,2026-05-11 04:12:29,2026-05-11 06:49:29
RES103312,DEL001,CNF103312,GUEST103312,2026-07-06,2026-07-09,STE,MEMBER,MEM_DLX,MODIFIED,1,13119,INR,2026-05-11 21:05:20,2026-05-11 22:59:20
RES103313,BLR002,CNF103313,GUEST103313,2026-05-25,2026-05-29,STD,MEMBER,MEM_STD,CANCELLED,4,0,INR,2026-05-11 11:03:37,2026-05-11 13:37:37
RES103314,BLR002,CNF103314,GUEST103314,2026-05-26,2026-05-30,STE,BAR,BAR_DLX,MODIFIED,4,152944,INR,2026-05-11 00:16:13,2026-05-11 02:12:13
RES103315,KOL001,CNF103315,GUEST103315,2026-05-13,2026-05-15,STD,PKG,PKG_STD,CANCELLED,3,0,INR,2026-05-11 19:25:32,2026-05-11 20:53:32
RES103316,HYD001,CNF103316,GUEST103316,2026-05-23,2026-05-28,STE,PKG,PKG_STD,BOOKED,2,122760,INR,2026-05-11 10:09:42,2026-05-11 10:35:42
RES103317,HYD001,CNF103317,GUEST103317,2026-06-17,2026-06-21,STD,BAR,BAR_DLX,MODIFIED,1,25684,INR,2026-05-11 05:25:35,2026-05-11 06:56:35
RES103318,KOL001,CNF103318,GUEST103318,2026-05-18,2026-05-19,DLX,PKG,PKG_DLX,CANCELLED,3,0,INR,2026-05-11 15:45:24,2026-05-11 17:10:24
RES103319,DEL002,CNF103319,GUEST103319,2026-05-30,2026-06-01,KING,PKG,PKG_DLX,MODIFIED,4,64664,INR,2026-05-11 15:30:39,2026-05-11 16:31:39
RES103320,HYD001,CNF103320,GUEST103320,2026-06-03,2026-06-06,STD,PKG,PKG_DLX,MODIFIED,4,42168,INR,2026-05-11 08:48:43,2026-05-11 09:02:43
RES103321,KOL001,CNF103321,GUEST103321,2026-07-08,2026-07-09,DLX,PREPAY,PPR_DLX,CANCELLED,3,0,INR,2026-05-11 21:47:09,2026-05-11 23:16:09
RES103322,BLR001,CNF103322,GUEST103322,2026-05-28,2026-06-01,STE,PKG,PKG_STD,MODIFIED,2,82944,INR,2026-05-11 03:43:18,2026-05-11 05:42:18
RES103323,MUM001,CNF103323,GUEST103323,2026-05-22,2026-05-25,KING,MEMBER,MEM_STD,BOOKED,2,60606,INR,2026-05-11 14:07:09,2026-05-11 15:29:09
RES103324,DEL002,CNF103324,GUEST103324,2026-06-07,2026-06-08,STE,BAR,BAR_STD,BOOKED,1,9875,INR,2026-05-11 16:47:11,2026-05-11 19:08:11
RES103325,KOL001,CNF103325,GUEST103325,2026-07-09,2026-07-14,DLX,BAR,BAR_DLX,CANCELLED,2,0,INR,2026-05-11 21:31:40,2026-05-12 00:26:40
RES103326,DEL001,CNF103326,GUEST103326,2026-05-31,2026-06-03,KING,MEMBER,MEM_STD,CANCELLED,4,0,INR,2026-05-11 18:27:08,2026-05-11 21:13:08
RES103327,BLR001,CNF103327,GUEST103327,2026-05-21,2026-05-23,QUEEN,BAR,BAR_STD,BOOKED,3,36384,INR,2026-05-11 15:45:38,2026-05-11 16:51:38
RES103328,DEL002,CNF103328,GUEST103328,2026-05-18,2026-05-22,DLX,PKG,PKG_DLX,CANCELLED,2,0,INR,2026-05-11 12:35:12,2026-05-11 13:24:12
RES103329,KER001,CNF103329,GUEST103329,2026-06-29,2026-07-02,QUEEN,CORP,CORP_STD,MODIFIED,1,32367,INR,2026-05-11 06:49:21,2026-05-11 06:52:21
RES103330,DEL001,CNF103330,GUEST103330,2026-06-07,2026-06-12,STD,CORP,CORP_DLX,CANCELLED,3,0,INR,2026-05-11 11:01:15,2026-05-11 13:30:15
RES103331,HYD001,CNF103331,GUEST103331,2026-06-19,2026-06-23,QUEEN,PREPAY,PPR_STD,BOOKED,2,40408,INR,2026-05-11 03:57:41,2026-05-11 06:18:41
RES103332,DEL002,CNF103332,GUEST103332,2026-06-11,2026-06-16,QUEEN,BAR,BAR_STD,MODIFIED,4,160440,INR,2026-05-11 00:42:32,2026-05-11 01:10:32
RES103333,DEL001,CNF103333,GUEST103333,2026-06-19,2026-06-23,DLX,PREPAY,PPR_DLX,CANCELLED,1,0,INR,2026-05-11 17:33:07,2026-05-11 18:48:07
RES103334,KER001,CNF103334,GUEST103334,2026-05-19,2026-05-20,STD,MEMBER,MEM_STD,MODIFIED,4,24448,INR,2026-05-11 02:01:39,2026-05-11 04:36:39
RES103335,DEL001,CNF103335,GUEST103335,2026-06-29,2026-07-04,DLX,MEMBER,MEM_DLX,MODIFIED,4,285300,INR,2026-05-11 15:54:55,2026-05-11 16:57:55
RES103336,DEL002,CNF103336,GUEST103336,2026-05-30,2026-06-02,STD,PREPAY,PPR_DLX,CANCELLED,3,0,INR,2026-05-11 18:27:21,2026-05-11 20:08:21
RES103337,DEL001,CNF103337,GUEST103337,2026-05-15,2026-05-20,DLX,MEMBER,MEM_DLX,MODIFIED,4,138220,INR,2026-05-11 11:23:01,2026-05-11 14:05:01
RES103338,CHA001,CNF103338,GUEST103338,2026-05-16,2026-05-20,QUEEN,PREPAY,PPR_STD,BOOKED,1,16760,INR,2026-05-11 22:46:01,2026-05-12 00:12:01
RES103339,KER001,CNF103339,GUEST103339,2026-06-10,2026-06-11,DLX,BAR,BAR_STD,MODIFIED,1,13264,INR,2026-05-11 17:50:59,2026-05-11 18:47:59
RES103340,DEL001,CNF103340,GUEST103340,2026-06-04,2026-06-05,KING,PREPAY,PPR_DLX,MODIFIED,3,15543,INR,2026-05-11 18:20:03,2026-05-11 18:39:03
RES103341,MUM002,CNF103341,GUEST103341,2026-05-27,2026-06-01,STE,BAR,BAR_DLX,MODIFIED,4,139720,INR,2026-05-11 03:34:27,2026-05-11 04:29:27
RES103342,CHN001,CNF103342,GUEST103342,2026-07-10,2026-07-14,KING,MEMBER,MEM_DLX,CANCELLED,2,0,INR,2026-05-11 14:09:04,2026-05-11 14:14:04
RES103343,DEL002,CNF103343,GUEST103343,2026-06-10,2026-06-11,STD,MEMBER,MEM_DLX,BOOKED,2,19490,INR,2026-05-11 02:41:11,2026-05-11 03:13:11
RES103344,CHN001,CNF103344,GUEST103344,2026-06-12,2026-06-14,STD,PREPAY,PPR_DLX,MODIFIED,2,26612,INR,2026-05-11 17:40:29,2026-05-11 20:17:29
RES103345,MUM001,CNF103345,GUEST103345,2026-05-21,2026-05-26,DLX,PREPAY,PPR_DLX,BOOKED,3,195165,INR,2026-05-11 22:20:24,2026-05-11 22:43:24
RES103346,MUM001,CNF103346,GUEST103346,2026-06-06,2026-06-07,STD,PREPAY,PPR_DLX,MODIFIED,2,16638,INR,2026-05-11 03:24:33,2026-05-11 04:36:33
RES103347,MUM002,CNF103347,GUEST103347,2026-06-01,2026-06-06,STD,BAR,BAR_DLX,MODIFIED,4,110320,INR,2026-05-11 09:28:07,2026-05-11 09:44:07
RES103348,BLR001,CNF103348,GUEST103348,2026-06-07,2026-06-12,STE,BAR,BAR_STD,CANCELLED,1,0,INR,2026-05-11 03:45:46,2026-05-11 05:10:46
RES103349,MUM001,CNF103349,GUEST103349,2026-06-19,2026-06-20,STD,BAR,BAR_DLX,CANCELLED,4,0,INR,2026-05-11 22:04:45,2026-05-12 00:40:45
RES103350,BLR002,CNF103350,GUEST103350,2026-06-27,2026-07-02,STE,PREPAY,PPR_DLX,BOOKED,4,222740,INR,2026-05-11 10:38:19,2026-05-11 10:53:19
RES103351,HYD001,CNF103351,GUEST103351,2026-06-08,2026-06-11,STE,BAR,BAR_DLX,BOOKED,1,13140,INR,2026-05-11 11:40:05,2026-05-11 14:28:05
RES103352,DEL002,CNF103352,GUEST103352,2026-07-08,2026-07-13,DLX,MEMBER,MEM_DLX,BOOKED,4,219860,INR,2026-05-11 22:19:39,2026-05-11 22:26:39
RES103353,DEL001,CNF103353,GUEST103353,2026-05-15,2026-05-17,STD,PREPAY,PPR_STD,MODIFIED,1,16138,INR,2026-05-11 08:36:54,2026-05-11 08:36:54
RES103354,KOL001,CNF103354,GUEST103354,2026-05-26,2026-05-30,DLX,CORP,CORP_DLX,BOOKED,2,101872,INR,2026-05-11 06:44:35,2026-05-11 08:17:35
RES103355,KOL001,CNF103355,GUEST103355,2026-06-13,2026-06-15,STE,PKG,PKG_DLX,MODIFIED,3,32712,INR,2026-05-11 11:02:29,2026-05-11 11:56:29
RES103356,BLR002,CNF103356,GUEST103356,2026-07-04,2026-07-06,STD,PKG,PKG_DLX,CANCELLED,4,0,INR,2026-05-11 00:27:57,2026-05-11 01:32:57
RES103357,HYD001,CNF103357,GUEST103357,2026-05-29,2026-06-01,QUEEN,MEMBER,MEM_STD,BOOKED,3,77931,INR,2026-05-11 21:48:29,2026-05-11 21:50:29
RES103358,BLR001,CNF103358,GUEST103358,2026-05-30,2026-06-04,QUEEN,PREPAY,PPR_DLX,CANCELLED,1,0,INR,2026-05-11 23:34:04,2026-05-11 23:59:04
RES103359,KER001,CNF103359,GUEST103359,2026-05-25,2026-05-28,QUEEN,MEMBER,MEM_STD,CANCELLED,2,0,INR,2026-05-11 09:15:57,2026-05-11 10:58:57
RES103360,DEL002,CNF103360,GUEST103360,2026-05-28,2026-05-29,STD,PREPAY,PPR_STD,BOOKED,1,6690,INR,2026-05-11 19:05:54,2026-05-11 20:53:54
RES103361,CHA001,CNF103361,GUEST103361,2026-06-15,2026-06-17,DLX,PKG,PKG_DLX,BOOKED,2,23080,INR,2026-05-11 21:33:06,2026-05-11 22:32:06
RES103362,BLR002,CNF103362,GUEST103362,2026-05-30,2026-06-02,STD,MEMBER,MEM_DLX,MODIFIED,3,84564,INR,2026-05-11 05:42:31,2026-05-11 05:56:31
RES103363,CHA001,CNF103363,GUEST103363,2026-05-14,2026-05-17,STD,CORP,CORP_STD,BOOKED,4,80340,INR,2026-05-11 03:12:16,2026-05-11 05:51:16
RES103364,CHA001,CNF103364,GUEST103364,2026-06-01,2026-06-04,QUEEN,PREPAY,PPR_DLX,CANCELLED,4,0,INR,2026-05-11 12:14:58,2026-05-11 12:31:58
RES103365,CHN001,CNF103365,GUEST103365,2026-06-16,2026-06-20,QUEEN,MEMBER,MEM_DLX,MODIFIED,4,106720,INR,2026-05-11 06:39:52,2026-05-11 08:43:52
RES103366,BLR002,CNF103366,GUEST103366,2026-05-27,2026-06-01,STD,MEMBER,MEM_STD,MODIFIED,2,148780,INR,2026-05-11 16:57:43,2026-05-11 18:16:43
RES103367,DEL002,CNF103367,GUEST103367,2026-05-13,2026-05-17,KING,BAR,BAR_DLX,MODIFIED,2,78912,INR,2026-05-11 03:53:16,2026-05-11 06:18:16
RES103368,CHN001,CNF103368,GUEST103368,2026-07-04,2026-07-07,QUEEN,BAR,BAR_DLX,CANCELLED,4,0,INR,2026-05-11 23:50:58,2026-05-12 01:28:58
RES103369,BLR001,CNF103369,GUEST103369,2026-05-28,2026-05-31,KING,PREPAY,PPR_DLX,CANCELLED,4,0,INR,2026-05-11 15:03:19,2026-05-11 16:46:19
RES103370,BLR002,CNF103370,GUEST103370,2026-05-29,2026-06-02,KING,CORP,CORP_STD,BOOKED,1,22076,INR,2026-05-11 00:55:39,2026-05-11 03:12:39
RES103371,CHA001,CNF103371,GUEST103371,2026-06-10,2026-06-11,STD,BAR,BAR_DLX,MODIFIED,1,9608,INR,2026-05-11 16:51:24,2026-05-11 17:11:24
RES103372,MUM002,CNF103372,GUEST103372,2026-06-08,2026-06-13,DLX,PREPAY,PPR_STD,CANCELLED,1,0,INR,2026-05-11 17:05:34,2026-05-11 19:46:34
RES103373,MUM001,CNF103373,GUEST103373,2026-07-04,2026-07-05,KING,MEMBER,MEM_DLX,MODIFIED,1,8191,INR,2026-05-11 12:43:38,2026-05-11 14:02:38
RES103374,DEL001,CNF103374,GUEST103374,2026-06-05,2026-06-08,QUEEN,MEMBER,MEM_DLX,BOOKED,1,22872,INR,2026-05-11 05:49:45,2026-05-11 06:44:45
RES103375,HYD001,CNF103375,GUEST103375,2026-05-13,2026-05-16,STE,PREPAY,PPR_DLX,MODIFIED,4,49632,INR,2026-05-11 22:37:17,2026-05-11 23:31:17
RES103376,BLR002,CNF103376,GUEST103376,2026-07-09,2026-07-10,DLX,CORP,CORP_DLX,BOOKED,1,10512,INR,2026-05-11 21:55:21,2026-05-12 00:30:21
RES103377,CHA001,CNF103377,GUEST103377,2026-05-28,2026-06-02,DLX,PKG,PKG_STD,BOOKED,2,37890,INR,2026-05-11 05:06:59,2026-05-11 07:32:59
RES103378,MUM002,CNF103378,GUEST103378,2026-06-21,2026-06-26,QUEEN,CORP,CORP_DLX,CANCELLED,2,0,INR,2026-05-11 11:55:19,2026-05-11 12:48:19
RES103379,KOL001,CNF103379,GUEST103379,2026-05-19,2026-05-23,DLX,CORP,CORP_STD,MODIFIED,1,25536,INR,2026-05-11 13:31:32,2026-05-11 15:38:32
RES103380,MUM001,CNF103380,GUEST103380,2026-06-03,2026-06-04,DLX,MEMBER,MEM_STD,MODIFIED,4,45680,INR,2026-05-11 10:28:28,2026-05-11 13:04:28
RES103381,MUM002,CNF103381,GUEST103381,2026-05-15,2026-05-18,KING,BAR,BAR_DLX,CANCELLED,3,0,INR,2026-05-11 02:38:01,2026-05-11 04:23:01
RES103382,DEL001,CNF103382,GUEST103382,2026-06-06,2026-06-07,STE,PKG,PKG_STD,CANCELLED,3,0,INR,2026-05-11 16:19:38,2026-05-11 17:09:38
RES103383,CHA001,CNF103383,GUEST103383,2026-07-04,2026-07-06,KING,PKG,PKG_STD,BOOKED,4,111144,INR,2026-05-11 16:54:00,2026-05-11 17:28:00
RES103384,HYD001,CNF103384,GUEST103384,2026-05-28,2026-05-30,KING,PREPAY,PPR_STD,MODIFIED,3,79866,INR,2026-05-11 19:20:16,2026-05-11 22:00:16
RES103385,KOL001,CNF103385,GUEST103385,2026-06-27,2026-07-02,KING,PREPAY,PPR_STD,MODIFIED,2,91000,INR,2026-05-11 16:16:35,2026-05-11 17:49:35
RES103386,DEL001,CNF103386,GUEST103386,2026-06-28,2026-07-01,KING,BAR,BAR_STD,BOOKED,2,33522,INR,2026-05-11 04:07:57,2026-05-11 05:59:57
RES103387,KOL001,CNF103387,GUEST103387,2026-06-15,2026-06-20,STE,CORP,CORP_DLX,CANCELLED,1,0,INR,2026-05-11 15:14:21,2026-05-11 16:44:21
RES103388,DEL002,CNF103388,GUEST103388,2026-06-01,2026-06-03,KING,PKG,PKG_STD,CANCELLED,3,0,INR,2026-05-11 00:30:35,2026-05-11 01:42:35
RES103389,DEL002,CNF103389,GUEST103389,2026-05-27,2026-05-31,QUEEN,PKG,PKG_DLX,MODIFIED,3,81240,INR,2026-05-11 23:25:52,2026-05-12 00:34:52
RES103390,BLR002,CNF103390,GUEST103390,2026-05-30,2026-06-02,QUEEN,BAR,BAR_DLX,BOOKED,1,30189,INR,2026-05-11 06:59:03,2026-05-11 09:54:03
RES103391,MUM002,CNF103391,GUEST103391,2026-05-20,2026-05-23,KING,MEMBER,MEM_STD,BOOKED,1,39669,INR,2026-05-11 05:49:38,2026-05-11 07:20:38
RES103392,BLR001,CNF103392,GUEST103392,2026-05-27,2026-06-01,QUEEN,BAR,BAR_STD,MODIFIED,4,275260,INR,2026-05-11 15:47:23,2026-05-11 18:44:23
RES103393,DEL002,CNF103393,GUEST103393,2026-06-23,2026-06-24,KING,MEMBER,MEM_DLX,BOOKED,1,5310,INR,2026-05-11 17:20:04,2026-05-11 18:48:04
RES103394,BLR002,CNF103394,GUEST103394,2026-05-31,2026-06-03,QUEEN,MEMBER,MEM_DLX,MODIFIED,1,24990,INR,2026-05-11 08:57:05,2026-05-11 09:59:05
RES103395,DEL001,CNF103395,GUEST103395,2026-05-25,2026-05-28,DLX,MEMBER,MEM_DLX,MODIFIED,1,35652,INR,2026-05-11 21:00:26,2026-05-11 22:14:26
RES103396,KER001,CNF103396,GUEST103396,2026-05-16,2026-05-17,DLX,CORP,CORP_STD,CANCELLED,2,0,INR,2026-05-11 06:02:24,2026-05-11 08:10:24
RES103397,DEL001,CNF103397,GUEST103397,2026-05-13,2026-05-15,STE,PREPAY,PPR_DLX,BOOKED,3,41316,INR,2026-05-11 14:35:10,2026-05-11 17:00:10
RES103398,MUM002,CNF103398,GUEST103398,2026-06-23,2026-06-24,STE,CORP,CORP_DLX,MODIFIED,1,8083,INR,2026-05-11 17:51:29,2026-05-11 18:17:29
RES103399,MUM001,CNF103399,GUEST103399,2026-07-08,2026-07-09,STD,MEMBER,MEM_STD,BOOKED,3,36558,INR,2026-05-11 10:40:07,2026-05-11 10:47:07
RES103400,KOL001,CNF103400,GUEST103400,2026-07-04,2026-07-09,KING,BAR,BAR_DLX,CANCELLED,1,0,INR,2026-05-11 05:41:43,2026-05-11 08:02:43
RES103401,DEL002,CNF103401,GUEST103401,2026-07-06,2026-07-08,DLX,CORP,CORP_DLX,BOOKED,3,68178,INR,2026-05-11 21:27:57,2026-05-11 21:33:57
RES103402,BLR002,CNF103402,GUEST103402,2026-06-29,2026-06-30,STD,BAR,BAR_STD,BOOKED,4,41128,INR,2026-05-11 15:39:28,2026-05-11 17:29:28
RES103403,MUM001,CNF103403,GUEST103403,2026-06-12,2026-06-14,STD,MEMBER,MEM_DLX,CANCELLED,3,0,INR,2026-05-11 22:58:50,2026-05-12 01:52:50
RES103404,CHN001,CNF103404,GUEST103404,2026-06-27,2026-07-01,STE,MEMBER,MEM_DLX,BOOKED,4,139152,INR,2026-05-11 12:50:24,2026-05-11 14:49:24
RES103405,MUM001,CNF103405,GUEST103405,2026-05-26,2026-05-30,STE,BAR,BAR_STD,MODIFIED,2,98624,INR,2026-05-11 06:31:16,2026-05-11 08:12:16
RES103406,MUM002,CNF103406,GUEST103406,2026-05-25,2026-05-30,STD,BAR,BAR_STD,BOOKED,4,205920,INR,2026-05-11 06:57:15,2026-05-11 08:36:15
RES103407,CHN001,CNF103407,GUEST103407,2026-05-21,2026-05-24,QUEEN,PKG,PKG_DLX,MODIFIED,3,40311,INR,2026-05-11 15:41:53,2026-05-11 17:02:53
RES103408,MUM002,CNF103408,GUEST103408,2026-05-29,2026-06-03,STE,BAR,BAR_DLX,BOOKED,2,93150,INR,2026-05-11 10:29:02,2026-05-11 12:40:02
RES103409,DEL002,CNF103409,GUEST103409,2026-06-19,2026-06-22,DLX,PREPAY,PPR_STD,BOOKED,4,52872,INR,2026-05-11 01:44:53,2026-05-11 03:57:53
RES103410,KOL001,CNF103410,GUEST103410,2026-05-30,2026-06-01,KING,CORP,CORP_STD,MODIFIED,4,34896,INR,2026-05-11 04:40:19,2026-05-11 06:49:19
RES103411,CHN001,CNF103411,GUEST103411,2026-05-21,2026-05-23,DLX,PREPAY,PPR_STD,CANCELLED,1,0,INR,2026-05-11 03:16:03,2026-05-11 06:13:03
RES103412,MUM001,CNF103412,GUEST103412,2026-06-09,2026-06-12,QUEEN,PREPAY,PPR_DLX,CANCELLED,3,0,INR,2026-05-11 01:55:34,2026-05-11 04:14:34
RES103413,HYD001,CNF103413,GUEST103413,2026-07-10,2026-07-12,DLX,PREPAY,PPR_STD,MODIFIED,2,35428,INR,2026-05-11 22:08:15,2026-05-12 00:51:15
RES103414,MUM001,CNF103414,GUEST103414,2026-05-18,2026-05-21,DLX,BAR,BAR_STD,CANCELLED,1,0,INR,2026-05-11 23:28:54,2026-05-12 02:25:54
RES103415,HYD001,CNF103415,GUEST103415,2026-06-15,2026-06-16,QUEEN,CORP,CORP_STD,CANCELLED,4,0,INR,2026-05-11 19:43:53,2026-05-11 20:34:53
RES103416,BLR001,CNF103416,GUEST103416,2026-06-23,2026-06-27,KING,MEMBER,MEM_DLX,MODIFIED,4,227984,INR,2026-05-11 02:41:33,2026-05-11 04:31:33
RES103417,MUM001,CNF103417,GUEST103417,2026-07-01,2026-07-03,QUEEN,PREPAY,PPR_DLX,BOOKED,3,35862,INR,2026-05-11 04:10:19,2026-05-11 06:02:19
RES103418,CHN001,CNF103418,GUEST103418,2026-06-26,2026-06-28,DLX,MEMBER,MEM_STD,MODIFIED,4,29176,INR,2026-05-11 07:25:30,2026-05-11 09:20:30
RES103419,KER001,CNF103419,GUEST103419,2026-06-29,2026-06-30,DLX,BAR,BAR_DLX,MODIFIED,4,54080,INR,2026-05-11 03:03:56,2026-05-11 03:08:56
RES103420,DEL001,CNF103420,GUEST103420,2026-06-13,2026-06-14,STE,PREPAY,PPR_STD,CANCELLED,3,0,INR,2026-05-11 00:54:37,2026-05-11 01:49:37
RES103421,CHA001,CNF103421,GUEST103421,2026-05-29,2026-05-30,KING,BAR,BAR_STD,CANCELLED,3,0,INR,2026-05-11 02:00:01,2026-05-11 02:30:01
RES103422,MUM002,CNF103422,GUEST103422,2026-07-10,2026-07-15,STE,BAR,BAR_DLX,MODIFIED,3,143625,INR,2026-05-11 15:03:26,2026-05-11 16:23:26
RES103423,BLR002,CNF103423,GUEST103423,2026-06-04,2026-06-08,DLX,PREPAY,PPR_DLX,CANCELLED,2,0,INR,2026-05-11 00:40:08,2026-05-11 00:59:08
RES103424,MUM002,CNF103424,GUEST103424,2026-05-31,2026-06-02,STD,PKG,PKG_STD,MODIFIED,1,23572,INR,2026-05-11 21:47:45,2026-05-12 00:03:45
RES103425,MUM002,CNF103425,GUEST103425,2026-06-25,2026-06-27,STE,MEMBER,MEM_STD,BOOKED,1,14976,INR,2026-05-11 03:02:34,2026-05-11 03:22:34
RES103426,DEL002,CNF103426,GUEST103426,2026-06-22,2026-06-25,STD,CORP,CORP_DLX,MODIFIED,3,96930,INR,2026-05-11 17:39:14,2026-05-11 18:05:14
RES103427,HYD001,CNF103427,GUEST103427,2026-06-28,2026-07-03,STE,MEMBER,MEM_STD,BOOKED,4,94900,INR,2026-05-11 03:31:57,2026-05-11 06:19:57
RES103428,HYD001,CNF103428,GUEST103428,2026-05-18,2026-05-23,QUEEN,PKG,PKG_DLX,MODIFIED,4,211820,INR,2026-05-11 23:19:25,2026-05-12 01:49:25
RES103429,BLR002,CNF103429,GUEST103429,2026-06-21,2026-06-26,KING,BAR,BAR_DLX,MODIFIED,3,137760,INR,2026-05-11 23:21:15,2026-05-11 23:36:15
RES103430,KER001,CNF103430,GUEST103430,2026-05-26,2026-05-31,QUEEN,PREPAY,PPR_DLX,CANCELLED,3,0,INR,2026-05-11 12:26:56,2026-05-11 14:26:56
RES103431,BLR002,CNF103431,GUEST103431,2026-06-01,2026-06-05,STD,PKG,PKG_STD,CANCELLED,4,0,INR,2026-05-11 11:35:43,2026-05-11 12:26:43
RES103432,BLR002,CNF103432,GUEST103432,2026-06-20,2026-06-22,KING,BAR,BAR_DLX,MODIFIED,1,26420,INR,2026-05-11 01:37:39,2026-05-11 01:53:39
RES103433,MUM001,CNF103433,GUEST103433,2026-07-09,2026-07-12,KING,CORP,CORP_DLX,CANCELLED,1,0,INR,2026-05-11 18:38:51,2026-05-11 20:18:51
RES103434,KOL001,CNF103434,GUEST103434,2026-05-14,2026-05-16,STE,CORP,CORP_DLX,BOOKED,1,17592,INR,2026-05-11 07:40:36,2026-05-11 10:33:36
RES103435,MUM002,CNF103435,GUEST103435,2026-06-19,2026-06-21,KING,MEMBER,MEM_DLX,CANCELLED,3,0,INR,2026-05-11 06:54:15,2026-05-11 09:42:15
RES103436,CHN001,CNF103436,GUEST103436,2026-05-30,2026-06-01,STD,MEMBER,MEM_STD,BOOKED,3,22428,INR,2026-05-11 15:50:33,2026-05-11 17:30:33
RES103437,DEL002,CNF103437,GUEST103437,2026-05-14,2026-05-16,DLX,BAR,BAR_DLX,BOOKED,4,29496,INR,2026-05-11 00:31:54,2026-05-11 01:38:54
RES103438,BLR002,CNF103438,GUEST103438,2026-07-08,2026-07-12,STD,BAR,BAR_STD,MODIFIED,1,26600,INR,2026-05-11 21:01:46,2026-05-11 23:30:46
RES103439,KER001,CNF103439,GUEST103439,2026-06-16,2026-06-19,QUEEN,PKG,PKG_STD,MODIFIED,1,19809,INR,2026-05-11 07:59:11,2026-05-11 08:58:11
RES103440,CHN001,CNF103440,GUEST103440,2026-07-04,2026-07-08,QUEEN,PREPAY,PPR_STD,CANCELLED,4,0,INR,2026-05-11 06:04:58,2026-05-11 06:57:58
RES103441,DEL001,CNF103441,GUEST103441,2026-05-14,2026-05-19,DLX,PKG,PKG_STD,CANCELLED,3,0,INR,2026-05-11 04:49:12,2026-05-11 05:21:12
RES103442,KER001,CNF103442,GUEST103442,2026-06-02,2026-06-04,KING,BAR,BAR_STD,BOOKED,2,26968,INR,2026-05-11 06:15:50,2026-05-11 06:25:50
RES103443,CHN001,CNF103443,GUEST103443,2026-05-19,2026-05-24,DLX,PREPAY,PPR_STD,BOOKED,2,76340,INR,2026-05-11 17:17:37,2026-05-11 20:06:37
RES103444,MUM002,CNF103444,GUEST103444,2026-06-17,2026-06-20,QUEEN,CORP,CORP_DLX,CANCELLED,3,0,INR,2026-05-11 04:47:54,2026-05-11 05:20:54
RES103445,KOL001,CNF103445,GUEST103445,2026-05-24,2026-05-25,STD,MEMBER,MEM_STD,CANCELLED,2,0,INR,2026-05-11 20:49:04,2026-05-11 22:29:04
RES103446,MUM002,CNF103446,GUEST103446,2026-07-03,2026-07-05,STE,CORP,CORP_STD,BOOKED,1,11188,INR,2026-05-11 07:29:58,2026-05-11 09:15:58
RES103447,BLR001,CNF103447,GUEST103447,2026-06-04,2026-06-06,STD,MEMBER,MEM_STD,MODIFIED,1,21318,INR,2026-05-11 11:51:08,2026-05-11 14:09:08
RES103448,KOL001,CNF103448,GUEST103448,2026-06-09,2026-06-10,KING,CORP,CORP_STD,CANCELLED,1,0,INR,2026-05-11 02:09:29,2026-05-11 02:39:29
RES103449,CHA001,CNF103449,GUEST103449,2026-05-30,2026-06-01,STD,BAR,BAR_DLX,CANCELLED,3,0,INR,2026-05-11 17:02:30,2026-05-11 17:12:30
RES103450,DEL002,CNF103450,GUEST103450,2026-06-27,2026-07-02,DLX,PREPAY,PPR_DLX,CANCELLED,3,0,INR,2026-05-11 05:37:58,2026-05-11 07:04:58
RES103451,CHN001,CNF103451,GUEST103451,2026-06-10,2026-06-13,QUEEN,PREPAY,PPR_STD,MODIFIED,2,77976,INR,2026-05-11 02:45:50,2026-05-11 05:34:50
RES103452,KOL001,CNF103452,GUEST103452,2026-06-04,2026-06-09,STE,MEMBER,MEM_DLX,CANCELLED,1,0,INR,2026-05-11 02:27:26,2026-05-11 02:58:26
RES103453,DEL001,CNF103453,GUEST103453,2026-07-08,2026-07-13,STE,CORP,CORP_STD,MODIFIED,4,262760,INR,2026-05-11 21:03:39,2026-05-11 22:11:39
RES103454,KER001,CNF103454,GUEST103454,2026-05-14,2026-05-16,STE,PKG,PKG_STD,BOOKED,4,37320,INR,2026-05-11 03:06:29,2026-05-11 03:31:29
RES103455,KER001,CNF103455,GUEST103455,2026-06-19,2026-06-21,QUEEN,BAR,BAR_DLX,BOOKED,3,28836,INR,2026-05-11 23:45:44,2026-05-12 02:10:44
RES103456,KOL001,CNF103456,GUEST103456,2026-06-12,2026-06-15,STE,PREPAY,PPR_STD,CANCELLED,1,0,INR,2026-05-11 17:50:20,2026-05-11 17:57:20
RES103457,CHN001,CNF103457,GUEST103457,2026-05-27,2026-05-31,KING,CORP,CORP_DLX,MODIFIED,4,79456,INR,2026-05-11 14:59:23,2026-05-11 15:16:23
RES103458,DEL002,CNF103458,GUEST103458,2026-06-22,2026-06-24,QUEEN,CORP,CORP_STD,BOOKED,2,35304,INR,2026-05-11 17:15:35,2026-05-11 18:17:35
RES103459,DEL001,CNF103459,GUEST103459,2026-06-22,2026-06-24,QUEEN,PKG,PKG_STD,CANCELLED,4,0,INR,2026-05-11 10:03:36,2026-05-11 10:17:36
RES103460,DEL001,CNF103460,GUEST103460,2026-05-27,2026-05-28,KING,BAR,BAR_DLX,CANCELLED,1,0,INR,2026-05-11 14:32:23,2026-05-11 16:48:23
RES103461,MUM002,CNF103461,GUEST103461,2026-05-27,2026-05-28,STD,BAR,BAR_DLX,CANCELLED,2,0,INR,2026-05-11 12:01:49,2026-05-11 13:44:49
RES103462,MUM001,CNF103462,GUEST103462,2026-07-04,2026-07-08,QUEEN,PKG,PKG_STD,MODIFIED,4,197632,INR,2026-05-11 10:41:39,2026-05-11 10:58:39
RES103463,CHA001,CNF103463,GUEST103463,2026-06-30,2026-07-03,DLX,CORP,CORP_DLX,CANCELLED,3,0,INR,2026-05-11 02:05:02,2026-05-11 04:46:02
RES103464,BLR001,CNF103464,GUEST103464,2026-05-28,2026-05-29,STD,BAR,BAR_DLX,MODIFIED,2,18018,INR,2026-05-11 02:28:57,2026-05-11 03:39:57
RES103465,DEL002,CNF103465,GUEST103465,2026-06-26,2026-06-28,STD,PKG,PKG_STD,MODIFIED,1,23636,INR,2026-05-11 03:19:47,2026-05-11 05:31:47
RES103466,DEL001,CNF103466,GUEST103466,2026-05-29,2026-05-30,DLX,BAR,BAR_STD,CANCELLED,2,0,INR,2026-05-11 04:05:27,2026-05-11 05:55:27
RES103467,MUM001,CNF103467,GUEST103467,2026-06-08,2026-06-10,STD,PREPAY,PPR_STD,MODIFIED,1,22660,INR,2026-05-11 03:04:17,2026-05-11 04:02:17
RES103468,MUM002,CNF103468,GUEST103468,2026-05-30,2026-05-31,DLX,CORP,CORP_DLX,CANCELLED,1,0,INR,2026-05-11 21:06:22,2026-05-11 21:26:22
RES103469,DEL001,CNF103469,GUEST103469,2026-05-16,2026-05-21,QUEEN,BAR,BAR_DLX,MODIFIED,1,70480,INR,2026-05-11 00:48:22,2026-05-11 01:54:22
RES103470,MUM002,CNF103470,GUEST103470,2026-06-08,2026-06-13,STD,CORP,CORP_STD,CANCELLED,3,0,INR,2026-05-11 08:13:26,2026-05-11 10:43:26
RES103471,CHA001,CNF103471,GUEST103471,2026-06-04,2026-06-06,DLX,PKG,PKG_STD,CANCELLED,2,0,INR,2026-05-11 13:15:34,2026-05-11 14:22:34
RES103472,KOL001,CNF103472,GUEST103472,2026-06-09,2026-06-10,STD,MEMBER,MEM_DLX,CANCELLED,4,0,INR,2026-05-11 23:23:21,2026-05-12 02:17:21
RES103473,KOL001,CNF103473,GUEST103473,2026-06-06,2026-06-07,DLX,PREPAY,PPR_STD,MODIFIED,1,10743,INR,2026-05-11 05:53:28,2026-05-11 06:36:28
RES103474,BLR002,CNF103474,GUEST103474,2026-07-05,2026-07-07,STD,PREPAY,PPR_STD,CANCELLED,3,0,INR,2026-05-11 11:39:25,2026-05-11 12:03:25
RES103475,DEL002,CNF103475,GUEST103475,2026-07-05,2026-07-08,DLX,MEMBER,MEM_STD,MODIFIED,3,99045,INR,2026-05-11 00:40:40,2026-05-11 01:51:40
RES103476,CHN001,CNF103476,GUEST103476,2026-06-07,2026-06-10,STD,MEMBER,MEM_DLX,BOOKED,2,88476,INR,2026-05-11 16:23:04,2026-05-11 16:41:04
RES103477,CHA001,CNF103477,GUEST103477,2026-06-01,2026-06-02,DLX,PKG,PKG_DLX,CANCELLED,3,0,INR,2026-05-11 06:44:46,2026-05-11 08:31:46
RES103478,KER001,CNF103478,GUEST103478,2026-06-21,2026-06-23,STE,PREPAY,PPR_DLX,MODIFIED,2,46200,INR,2026-05-11 06:02:28,2026-05-11 06:28:28
RES103479,KOL001,CNF103479,GUEST103479,2026-06-22,2026-06-26,STD,MEMBER,MEM_DLX,MODIFIED,4,215264,INR,2026-05-11 20:57:26,2026-05-11 23:39:26
RES103480,KER001,CNF103480,GUEST103480,2026-05-25,2026-05-30,STE,PREPAY,PPR_DLX,BOOKED,2,135720,INR,2026-05-11 11:36:30,2026-05-11 14:21:30
RES103481,MUM001,CNF103481,GUEST103481,2026-06-04,2026-06-09,DLX,MEMBER,MEM_DLX,CANCELLED,2,0,INR,2026-05-11 10:45:16,2026-05-11 11:41:16
RES103482,BLR001,CNF103482,GUEST103482,2026-06-08,2026-06-10,STE,CORP,CORP_DLX,BOOKED,4,43848,INR,2026-05-11 18:17:24,2026-05-11 18:17:24
RES103483,KER001,CNF103483,GUEST103483,2026-06-09,2026-06-10,STD,BAR,BAR_DLX,CANCELLED,2,0,INR,2026-05-11 19:48:35,2026-05-11 22:02:35
RES103484,BLR001,CNF103484,GUEST103484,2026-05-18,2026-05-20,DLX,BAR,BAR_STD,MODIFIED,4,61080,INR,2026-05-11 23:56:08,2026-05-12 02:15:08
RES103485,CHA001,CNF103485,GUEST103485,2026-06-04,2026-06-09,KING,PREPAY,PPR_DLX,MODIFIED,1,18740,INR,2026-05-11 03:03:57,2026-05-11 06:03:57
RES103486,CHN001,CNF103486,GUEST103486,2026-06-23,2026-06-24,STE,MEMBER,MEM_DLX,MODIFIED,2,27666,INR,2026-05-11 06:38:48,2026-05-11 06:56:48
RES103487,DEL002,CNF103487,GUEST103487,2026-07-04,2026-07-09,STE,MEMBER,MEM_STD,CANCELLED,2,0,INR,2026-05-11 15:24:20,2026-05-11 16:09:20
RES103488,MUM002,CNF103488,GUEST103488,2026-05-12,2026-05-14,STD,PREPAY,PPR_DLX,MODIFIED,3,26370,INR,2026-05-11 08:53:42,2026-05-11 11:52:42
RES103489,BLR002,CNF103489,GUEST103489,2026-06-18,2026-06-19,KING,MEMBER,MEM_STD,MODIFIED,1,5993,INR,2026-05-11 22:56:04,2026-05-12 01:27:04
RES103490,DEL001,CNF103490,GUEST103490,2026-06-21,2026-06-24,KING,CORP,CORP_STD,CANCELLED,1,0,INR,2026-05-11 15:57:37,2026-05-11 16:46:37
RES103491,MUM002,CNF103491,GUEST103491,2026-06-25,2026-06-27,KING,CORP,CORP_STD,MODIFIED,1,15530,INR,2026-05-11 06:26:22,2026-05-11 08:48:22
RES103492,CHN001,CNF103492,GUEST103492,2026-05-29,2026-06-03,KING,BAR,BAR_STD,MODIFIED,3,124410,INR,2026-05-11 11:30:46,2026-05-11 13:38:46
RES103493,HYD001,CNF103493,GUEST103493,2026-07-10,2026-07-14,KING,MEMBER,MEM_DLX,BOOKED,3,75972,INR,2026-05-11 17:34:26,2026-05-11 18:33:26
RES103494,KOL001,CNF103494,GUEST103494,2026-06-25,2026-06-28,STE,CORP,CORP_STD,BOOKED,3,130275,INR,2026-05-11 16:34:39,2026-05-11 18:47:39
RES103495,DEL001,CNF103495,GUEST103495,2026-06-21,2026-06-24,KING,CORP,CORP_DLX,BOOKED,4,178920,INR,2026-05-11 10:00:48,2026-05-11 11:48:48
RES103496,MUM001,CNF103496,GUEST103496,2026-06-03,2026-06-05,QUEEN,MEMBER,MEM_DLX,MODIFIED,2,59708,INR,2026-05-11 14:30:50,2026-05-11 15:03:50
RES103497,KER001,CNF103497,GUEST103497,2026-06-14,2026-06-16,DLX,MEMBER,MEM_DLX,CANCELLED,1,0,INR,2026-05-11 08:28:22,2026-05-11 10:31:22
RES103498,KER001,CNF103498,GUEST103498,2026-07-06,2026-07-11,KING,PKG,PKG_DLX,BOOKED,2,50270,INR,2026-05-11 05:02:24,2026-05-11 06:50:24
RES103499,CHN001,CNF103499,GUEST103499,2026-06-10,2026-06-14,DLX,PKG,PKG_DLX,CANCELLED,2,0,INR,2026-05-11 17:10:16,2026-05-11 19:35:16
RES103500,MUM001,CNF103500,GUEST103500,2026-06-05,2026-06-07,STD,PKG,PKG_STD,CANCELLED,4,0,INR,2026-05-11 22:46:07,2026-05-12 00:52:07
RES103501,MUM001,CNF103501,GUEST103501,2026-06-11,2026-06-15,KING,CORP,CORP_DLX,BOOKED,3,150972,INR,2026-05-11 11:09:04,2026-05-11 13:18:04
RES103502,BLR002,CNF103502,GUEST103502,2026-06-03,2026-06-08,STD,PKG,PKG_DLX,MODIFIED,3,188445,INR,2026-05-11 01:45:05,2026-05-11 02:48:05
RES103503,CHA001,CNF103503,GUEST103503,2026-06-13,2026-06-14,KING,MEMBER,MEM_DLX,BOOKED,1,6151,INR,2026-05-11 11:02:01,2026-05-11 11:27:01
RES103504,CHN001,CNF103504,GUEST103504,2026-05-15,2026-05-17,DLX,BAR,BAR_DLX,BOOKED,2,55664,INR,2026-05-11 12:59:15,2026-05-11 14:06:15
RES103505,KER001,CNF103505,GUEST103505,2026-05-18,2026-05-22,DLX,CORP,CORP_DLX,MODIFIED,3,145200,INR,2026-05-11 15:00:58,2026-05-11 17:27:58
RES103506,BLR002,CNF103506,GUEST103506,2026-06-01,2026-06-05,QUEEN,BAR,BAR_STD,CANCELLED,4,0,INR,2026-05-11 15:32:59,2026-05-11 16:27:59
RES103507,DEL002,CNF103507,GUEST103507,2026-07-04,2026-07-08,DLX,CORP,CORP_DLX,BOOKED,2,76056,INR,2026-05-11 20:32:36,2026-05-11 21:23:36
RES103508,BLR001,CNF103508,GUEST103508,2026-05-20,2026-05-24,DLX,CORP,CORP_DLX,CANCELLED,1,0,INR,2026-05-11 01:28:50,2026-05-11 01:40:50
RES103509,BLR002,CNF103509,GUEST103509,2026-07-05,2026-07-09,STE,CORP,CORP_DLX,MODIFIED,1,18640,INR,2026-05-11 03:43:43,2026-05-11 05:32:43
RES103510,CHA001,CNF103510,GUEST103510,2026-06-25,2026-06-29,STE,MEMBER,MEM_STD,MODIFIED,3,72876,INR,2026-05-11 16:20:31,2026-05-11 19:20:31
RES103511,BLR002,CNF103511,GUEST103511,2026-07-01,2026-07-02,DLX,PREPAY,PPR_DLX,BOOKED,2,12374,INR,2026-05-11 09:41:34,2026-05-11 10:09:34
RES103512,CHA001,CNF103512,GUEST103512,2026-06-07,2026-06-11,QUEEN,PKG,PKG_DLX,MODIFIED,2,87064,INR,2026-05-11 05:49:17,2026-05-11 08:06:17
RES103513,MUM002,CNF103513,GUEST103513,2026-06-01,2026-06-02,KING,MEMBER,MEM_STD,CANCELLED,4,0,INR,2026-05-11 04:20:51,2026-05-11 07:02:51
RES103514,BLR001,CNF103514,GUEST103514,2026-06-20,2026-06-22,STD,CORP,CORP_DLX,MODIFIED,1,12066,INR,2026-05-11 00:39:14,2026-05-11 02:53:14
RES103515,DEL001,CNF103515,GUEST103515,2026-07-02,2026-07-05,DLX,BAR,BAR_STD,MODIFIED,3,127791,INR,2026-05-11 14:10:54,2026-05-11 16:45:54
RES103516,MUM002,CNF103516,GUEST103516,2026-05-13,2026-05-18,STD,CORP,CORP_DLX,CANCELLED,3,0,INR,2026-05-11 08:55:55,2026-05-11 11:31:55
RES103517,MUM002,CNF103517,GUEST103517,2026-05-20,2026-05-21,STE,BAR,BAR_STD,MODIFIED,2,13324,INR,2026-05-11 18:51:27,2026-05-11 20:49:27
RES103518,BLR001,CNF103518,GUEST103518,2026-06-30,2026-07-02,KING,PREPAY,PPR_DLX,BOOKED,1,16314,INR,2026-05-11 21:34:47,2026-05-12 00:02:47
RES103519,DEL001,CNF103519,GUEST103519,2026-06-18,2026-06-23,QUEEN,PKG,PKG_DLX,MODIFIED,2,72290,INR,2026-05-11 01:47:05,2026-05-11 04:07:05
RES103520,KER001,CNF103520,GUEST103520,2026-06-06,2026-06-11,STD,CORP,CORP_STD,MODIFIED,4,145340,INR,2026-05-11 18:00:35,2026-05-11 18:53:35
RES103521,MUM002,CNF103521,GUEST103521,2026-07-02,2026-07-07,STD,MEMBER,MEM_STD,MODIFIED,4,244180,INR,2026-05-11 19:59:04,2026-05-11 20:24:04
RES103522,KOL001,CNF103522,GUEST103522,2026-06-07,2026-06-10,STD,MEMBER,MEM_STD,CANCELLED,1,0,INR,2026-05-11 08:22:52,2026-05-11 11:03:52
RES103523,HYD001,CNF103523,GUEST103523,2026-06-19,2026-06-22,STD,PREPAY,PPR_STD,MODIFIED,1,25410,INR,2026-05-11 14:51:19,2026-05-11 16:53:19
RES103524,KER001,CNF103524,GUEST103524,2026-06-20,2026-06-22,KING,MEMBER,MEM_DLX,CANCELLED,3,0,INR,2026-05-11 01:33:01,2026-05-11 02:16:01
RES103525,CHA001,CNF103525,GUEST103525,2026-05-20,2026-05-25,DLX,CORP,CORP_STD,BOOKED,2,121940,INR,2026-05-11 16:12:13,2026-05-11 17:10:13
RES103526,DEL002,CNF103526,GUEST103526,2026-06-07,2026-06-11,QUEEN,PREPAY,PPR_DLX,CANCELLED,1,0,INR,2026-05-11 11:30:29,2026-05-11 13:24:29
RES103527,MUM002,CNF103527,GUEST103527,2026-05-27,2026-05-28,KING,MEMBER,MEM_DLX,MODIFIED,2,24320,INR,2026-05-11 12:14:08,2026-05-11 12:32:08
RES103528,CHA001,CNF103528,GUEST103528,2026-06-08,2026-06-09,STE,MEMBER,MEM_DLX,CANCELLED,1,0,INR,2026-05-11 08:19:57,2026-05-11 11:17:57
RES103529,BLR001,CNF103529,GUEST103529,2026-07-04,2026-07-06,KING,PKG,PKG_STD,BOOKED,3,81978,INR,2026-05-11 14:05:20,2026-05-11 16:31:20
RES103530,CHA001,CNF103530,GUEST103530,2026-06-18,2026-06-20,QUEEN,MEMBER,MEM_DLX,BOOKED,3,64002,INR,2026-05-11 21:38:40,2026-05-12 00:22:40
RES103531,MUM002,CNF103531,GUEST103531,2026-05-28,2026-05-29,STD,MEMBER,MEM_STD,CANCELLED,1,0,INR,2026-05-11 23:08:35,2026-05-12 00:26:35
RES103532,HYD001,CNF103532,GUEST103532,2026-07-10,2026-07-11,STD,BAR,BAR_STD,BOOKED,2,29304,INR,2026-05-11 05:18:54,2026-05-11 05:50:54
RES103533,CHN001,CNF103533,GUEST103533,2026-07-09,2026-07-11,DLX,PKG,PKG_DLX,BOOKED,3,89424,INR,2026-05-11 10:42:21,2026-05-11 12:09:21
RES103534,MUM002,CNF103534,GUEST103534,2026-07-09,2026-07-10,DLX,PKG,PKG_DLX,BOOKED,3,43236,INR,2026-05-11 14:45:16,2026-05-11 15:43:16
RES103535,CHA001,CNF103535,GUEST103535,2026-07-10,2026-07-15,DLX,BAR,BAR_DLX,BOOKED,1,65170,INR,2026-05-11 15:22:10,2026-05-11 15:29:10
RES103536,CHN001,CNF103536,GUEST103536,2026-06-02,2026-06-07,KING,CORP,CORP_STD,MODIFIED,3,104100,INR,2026-05-11 06:50:15,2026-05-11 08:50:15
RES103537,BLR002,CNF103537,GUEST103537,2026-06-03,2026-06-05,STD,BAR,BAR_STD,BOOKED,1,12462,INR,2026-05-11 15:17:18,2026-05-11 16:46:18
RES103538,HYD001,CNF103538,GUEST103538,2026-07-06,2026-07-07,KING,MEMBER,MEM_STD,BOOKED,4,52612,INR,2026-05-11 15:11:31,2026-05-11 15:44:31
RES103539,BLR001,CNF103539,GUEST103539,2026-06-20,2026-06-25,DLX,CORP,CORP_STD,MODIFIED,1,66780,INR,2026-05-11 04:23:20,2026-05-11 04:57:20
RES103540,KOL001,CNF103540,GUEST103540,2026-06-17,2026-06-20,KING,PKG,PKG_DLX,BOOKED,2,47502,INR,2026-05-11 23:45:03,2026-05-12 01:24:03
RES103541,BLR002,CNF103541,GUEST103541,2026-05-20,2026-05-25,QUEEN,PREPAY,PPR_DLX,CANCELLED,4,0,INR,2026-05-11 06:58:20,2026-05-11 08:49:20
RES103542,DEL001,CNF103542,GUEST103542,2026-05-17,2026-05-22,DLX,PREPAY,PPR_DLX,MODIFIED,1,41265,INR,2026-05-11 02:16:20,2026-05-11 02:50:20
RES103543,DEL001,CNF103543,GUEST103543,2026-05-15,2026-05-18,STD,PKG,PKG_DLX,MODIFIED,4,71748,INR,2026-05-11 23:37:49,2026-05-12 00:53:49
RES103544,MUM002,CNF103544,GUEST103544,2026-05-21,2026-05-23,KING,BAR,BAR_STD,CANCELLED,3,0,INR,2026-05-11 07:52:12,2026-05-11 09:52:12
RES103545,MUM002,CNF103545,GUEST103545,2026-06-13,2026-06-18,QUEEN,BAR,BAR_STD,BOOKED,2,120510,INR,2026-05-11 09:20:36,2026-05-11 09:21:36
RES103546,DEL002,CNF103546,GUEST103546,2026-05-23,2026-05-25,STD,BAR,BAR_STD,BOOKED,3,32724,INR,2026-05-11 04:40:31,2026-05-11 05:21:31
RES103547,MUM002,CNF103547,GUEST103547,2026-06-09,2026-06-13,QUEEN,CORP,CORP_DLX,MODIFIED,3,74628,INR,2026-05-11 06:07:54,2026-05-11 08:18:54
RES103548,KER001,CNF103548,GUEST103548,2026-06-10,2026-06-12,QUEEN,CORP,CORP_DLX,MODIFIED,4,28960,INR,2026-05-11 19:38:58,2026-05-11 19:43:58
RES103549,BLR001,CNF103549,GUEST103549,2026-06-29,2026-07-02,DLX,MEMBER,MEM_DLX,CANCELLED,3,0,INR,2026-05-11 19:17:57,2026-05-11 21:48:57
RES103550,DEL002,CNF103550,GUEST103550,2026-06-10,2026-06-13,STD,PKG,PKG_STD,CANCELLED,2,0,INR,2026-05-11 14:23:41,2026-05-11 15:52:41
RES103551,BLR001,CNF103551,GUEST103551,2026-05-12,2026-05-14,QUEEN,PKG,PKG_DLX,BOOKED,2,24468,INR,2026-05-11 22:28:37,2026-05-12 00:21:37
RES103552,MUM001,CNF103552,GUEST103552,2026-07-07,2026-07-10,STE,CORP,CORP_DLX,MODIFIED,1,12915,INR,2026-05-11 09:43:20,2026-05-11 11:27:20
RES103553,MUM001,CNF103553,GUEST103553,2026-06-01,2026-06-05,DLX,PKG,PKG_STD,BOOKED,3,71280,INR,2026-05-11 07:12:26,2026-05-11 10:10:26
RES103554,DEL002,CNF103554,GUEST103554,2026-06-26,2026-06-30,QUEEN,MEMBER,MEM_DLX,CANCELLED,4,0,INR,2026-05-11 22:26:37,2026-05-12 01:14:37
RES103555,CHN001,CNF103555,GUEST103555,2026-06-07,2026-06-09,QUEEN,CORP,CORP_STD,CANCELLED,3,0,INR,2026-05-11 13:22:39,2026-05-11 14:07:39
RES103556,DEL001,CNF103556,GUEST103556,2026-05-16,2026-05-19,STE,MEMBER,MEM_DLX,CANCELLED,2,0,INR,2026-05-11 12:41:34,2026-05-11 13:40:34
RES103557,DEL001,CNF103557,GUEST103557,2026-05-19,2026-05-20,KING,PREPAY,PPR_STD,BOOKED,1,9620,INR,2026-05-11 16:10:25,2026-05-11 18:52:25
RES103558,MUM001,CNF103558,GUEST103558,2026-06-15,2026-06-17,KING,MEMBER,MEM_DLX,MODIFIED,2,28972,INR,2026-05-11 20:49:55,2026-05-11 23:38:55
RES103559,KOL001,CNF103559,GUEST103559,2026-06-18,2026-06-22,KING,MEMBER,MEM_STD,CANCELLED,4,0,INR,2026-05-11 01:04:36,2026-05-11 03:30:36
RES103560,KOL001,CNF103560,GUEST103560,2026-06-26,2026-06-29,QUEEN,PREPAY,PPR_DLX,BOOKED,3,96021,INR,2026-05-11 01:48:40,2026-05-11 02:10:40
RES103561,KER001,CNF103561,GUEST103561,2026-06-24,2026-06-28,DLX,PKG,PKG_DLX,CANCELLED,3,0,INR,2026-05-11 00:04:02,2026-05-11 00:50:02
RES103562,HYD001,CNF103562,GUEST103562,2026-06-26,2026-06-27,DLX,MEMBER,MEM_DLX,CANCELLED,2,0,INR,2026-05-11 06:24:19,2026-05-11 08:11:19
RES103563,BLR001,CNF103563,GUEST103563,2026-05-20,2026-05-22,STD,CORP,CORP_STD,CANCELLED,4,0,INR,2026-05-11 21:00:40,2026-05-11 23:30:40
RES103564,BLR002,CNF103564,GUEST103564,2026-06-15,2026-06-19,DLX,BAR,BAR_DLX,BOOKED,3,139836,INR,2026-05-11 06:27:43,2026-05-11 07:47:43
RES103565,CHN001,CNF103565,GUEST103565,2026-06-14,2026-06-19,QUEEN,PREPAY,PPR_DLX,CANCELLED,1,0,INR,2026-05-11 07:58:00,2026-05-11 09:56:00
RES103566,DEL001,CNF103566,GUEST103566,2026-06-01,2026-06-05,QUEEN,BAR,BAR_DLX,BOOKED,3,97020,INR,2026-05-11 12:49:18,2026-05-11 15:43:18
RES103567,BLR002,CNF103567,GUEST103567,2026-06-21,2026-06-23,DLX,PREPAY,PPR_STD,BOOKED,3,67254,INR,2026-05-11 22:26:56,2026-05-11 23:09:56
RES103568,CHA001,CNF103568,GUEST103568,2026-06-22,2026-06-26,QUEEN,CORP,CORP_STD,BOOKED,1,26000,INR,2026-05-11 20:18:03,2026-05-11 22:36:03
RES103569,MUM002,CNF103569,GUEST103569,2026-06-01,2026-06-03,DLX,PKG,PKG_DLX,MODIFIED,1,18128,INR,2026-05-11 01:22:39,2026-05-11 04:00:39
RES103570,BLR002,CNF103570,GUEST103570,2026-05-14,2026-05-15,STE,MEMBER,MEM_STD,CANCELLED,1,0,INR,2026-05-11 17:17:45,2026-05-11 18:32:45
RES103571,MUM001,CNF103571,GUEST103571,2026-06-06,2026-06-10,STE,MEMBER,MEM_STD,CANCELLED,4,0,INR,2026-05-11 20:34:59,2026-05-11 23:28:59
RES103572,HYD001,CNF103572,GUEST103572,2026-06-05,2026-06-09,STE,MEMBER,MEM_DLX,BOOKED,3,158328,INR,2026-05-11 09:27:53,2026-05-11 11:59:53
RES103573,DEL001,CNF103573,GUEST103573,2026-05-28,2026-05-30,STD,CORP,CORP_STD,BOOKED,1,17138,INR,2026-05-11 06:55:32,2026-05-11 08:13:32
RES103574,BLR002,CNF103574,GUEST103574,2026-06-16,2026-06-20,KING,CORP,CORP_STD,CANCELLED,3,0,INR,2026-05-11 15:52:39,2026-05-11 15:59:39
RES103575,CHN001,CNF103575,GUEST103575,2026-06-23,2026-06-25,DLX,PKG,PKG_STD,CANCELLED,3,0,INR,2026-05-11 17:53:46,2026-05-11 18:02:46
RES103576,KOL001,CNF103576,GUEST103576,2026-05-21,2026-05-23,DLX,PKG,PKG_DLX,CANCELLED,3,0,INR,2026-05-11 15:52:01,2026-05-11 15:58:01
RES103577,MUM002,CNF103577,GUEST103577,2026-05-25,2026-05-27,STD,PREPAY,PPR_DLX,CANCELLED,1,0,INR,2026-05-11 11:29:27,2026-05-11 12:32:27
RES103578,DEL002,CNF103578,GUEST103578,2026-06-18,2026-06-22,DLX,BAR,BAR_STD,BOOKED,2,115432,INR,2026-05-11 05:27:09,2026-05-11 05:38:09
RES103579,DEL002,CNF103579,GUEST103579,2026-07-04,2026-07-08,KING,PKG,PKG_STD,CANCELLED,3,0,INR,2026-05-11 13:27:34,2026-05-11 15:01:34
RES103580,BLR001,CNF103580,GUEST103580,2026-05-23,2026-05-24,QUEEN,MEMBER,MEM_DLX,CANCELLED,4,0,INR,2026-05-11 12:40:44,2026-05-11 15:24:44
RES103581,BLR001,CNF103581,GUEST103581,2026-06-18,2026-06-20,KING,PREPAY,PPR_STD,CANCELLED,3,0,INR,2026-05-11 19:42:11,2026-05-11 20:24:11
RES103582,KER001,CNF103582,GUEST103582,2026-06-06,2026-06-10,DLX,BAR,BAR_DLX,BOOKED,3,46164,INR,2026-05-11 06:44:31,2026-05-11 09:44:31
RES103583,MUM001,CNF103583,GUEST103583,2026-06-29,2026-07-04,KING,MEMBER,MEM_DLX,BOOKED,1,39400,INR,2026-05-11 21:11:21,2026-05-11 22:56:21
RES103584,BLR002,CNF103584,GUEST103584,2026-06-14,2026-06-15,STD,CORP,CORP_DLX,BOOKED,2,24210,INR,2026-05-11 13:27:04,2026-05-11 16:11:04
RES103585,CHN001,CNF103585,GUEST103585,2026-06-07,2026-06-11,STE,PKG,PKG_STD,BOOKED,2,111504,INR,2026-05-11 06:58:28,2026-05-11 09:22:28
RES103586,KOL001,CNF103586,GUEST103586,2026-05-31,2026-06-01,STD,CORP,CORP_DLX,MODIFIED,2,21546,INR,2026-05-11 02:15:45,2026-05-11 04:09:45
RES103587,BLR001,CNF103587,GUEST103587,2026-05-13,2026-05-14,STD,PKG,PKG_DLX,MODIFIED,1,10012,INR,2026-05-11 10:58:49,2026-05-11 12:19:49
RES103588,HYD001,CNF103588,GUEST103588,2026-05-15,2026-05-17,QUEEN,MEMBER,MEM_DLX,CANCELLED,2,0,INR,2026-05-11 04:21:12,2026-05-11 06:31:12
RES103589,DEL002,CNF103589,GUEST103589,2026-06-30,2026-07-05,KING,CORP,CORP_STD,MODIFIED,2,52720,INR,2026-05-11 10:11:36,2026-05-11 11:39:36
RES103590,DEL002,CNF103590,GUEST103590,2026-07-09,2026-07-14,STE,CORP,CORP_STD,CANCELLED,2,0,INR,2026-05-11 01:40:30,2026-05-11 02:29:30
RES103591,MUM002,CNF103591,GUEST103591,2026-06-10,2026-06-11,STD,MEMBER,MEM_STD,CANCELLED,3,0,INR,2026-05-11 00:17:30,2026-05-11 03:02:30
RES103592,BLR002,CNF103592,GUEST103592,2026-05-14,2026-05-15,STE,BAR,BAR_DLX,CANCELLED,4,0,INR,2026-05-11 21:01:37,2026-05-11 22:44:37
RES103593,DEL002,CNF103593,GUEST103593,2026-05-12,2026-05-17,DLX,CORP,CORP_STD,MODIFIED,2,149930,INR,2026-05-11 17:01:49,2026-05-11 19:16:49
RES103594,HYD001,CNF103594,GUEST103594,2026-06-16,2026-06-21,STE,PREPAY,PPR_STD,BOOKED,2,129830,INR,2026-05-11 14:38:04,2026-05-11 15:09:04
RES103595,CHA001,CNF103595,GUEST103595,2026-05-13,2026-05-17,DLX,CORP,CORP_DLX,CANCELLED,4,0,INR,2026-05-11 20:00:26,2026-05-11 21:52:26
RES103596,MUM001,CNF103596,GUEST103596,2026-06-28,2026-06-29,STE,PKG,PKG_STD,MODIFIED,4,47056,INR,2026-05-11 10:02:49,2026-05-11 11:36:49
RES103597,KOL001,CNF103597,GUEST103597,2026-07-08,2026-07-13,DLX,PKG,PKG_STD,BOOKED,1,46590,INR,2026-05-11 07:03:22,2026-05-11 07:49:22
RES103598,KER001,CNF103598,GUEST103598,2026-07-10,2026-07-15,QUEEN,CORP,CORP_DLX,BOOKED,4,112640,INR,2026-05-11 04:42:49,2026-05-11 04:56:49
RES103599,KOL001,CNF103599,GUEST103599,2026-05-19,2026-05-21,STD,PREPAY,PPR_DLX,MODIFIED,2,57156,INR,2026-05-11 04:15:59,2026-05-11 05:59:59
RES103600,MUM002,CNF103600,GUEST103600,2026-06-28,2026-06-29,STE,CORP,CORP_STD,BOOKED,4,57708,INR,2026-05-11 11:05:40,2026-05-11 13:41:40
RES103601,HYD001,CNF103601,GUEST103601,2026-06-21,2026-06-26,STD,CORP,CORP_DLX,CANCELLED,2,0,INR,2026-05-11 04:45:57,2026-05-11 05:37:57
RES103602,BLR002,CNF103602,GUEST103602,2026-06-21,2026-06-24,STD,PKG,PKG_STD,CANCELLED,3,0,INR,2026-05-11 01:52:30,2026-05-11 03:36:30
RES103603,DEL002,CNF103603,GUEST103603,2026-06-14,2026-06-16,STD,CORP,CORP_STD,BOOKED,3,80400,INR,2026-05-11 01:35:59,2026-05-11 04:29:59
RES103604,BLR001,CNF103604,GUEST103604,2026-06-17,2026-06-21,KING,PREPAY,PPR_STD,CANCELLED,2,0,INR,2026-05-11 13:37:53,2026-05-11 14:23:53
RES103605,KOL001,CNF103605,GUEST103605,2026-06-27,2026-07-01,STE,CORP,CORP_DLX,MODIFIED,4,197728,INR,2026-05-11 22:13:01,2026-05-12 00:38:01
RES103606,DEL002,CNF103606,GUEST103606,2026-05-16,2026-05-21,STE,PREPAY,PPR_DLX,BOOKED,3,196665,INR,2026-05-11 06:40:59,2026-05-11 08:22:59
RES103607,BLR001,CNF103607,GUEST103607,2026-07-09,2026-07-14,DLX,MEMBER,MEM_STD,MODIFIED,4,162320,INR,2026-05-11 02:17:02,2026-05-11 05:15:02
RES103608,CHN001,CNF103608,GUEST103608,2026-06-15,2026-06-16,DLX,PKG,PKG_STD,MODIFIED,3,34881,INR,2026-05-11 13:29:38,2026-05-11 16:25:38
RES103609,HYD001,CNF103609,GUEST103609,2026-06-07,2026-06-09,KING,BAR,BAR_STD,CANCELLED,4,0,INR,2026-05-11 08:32:07,2026-05-11 08:35:07
RES103610,CHA001,CNF103610,GUEST103610,2026-05-28,2026-05-29,STD,PKG,PKG_DLX,MODIFIED,3,33363,INR,2026-05-11 05:54:36,2026-05-11 05:58:36
RES103611,KER001,CNF103611,GUEST103611,2026-06-27,2026-06-28,QUEEN,CORP,CORP_STD,CANCELLED,2,0,INR,2026-05-11 19:21:58,2026-05-11 20:36:58
RES103612,CHA001,CNF103612,GUEST103612,2026-07-10,2026-07-15,STD,PREPAY,PPR_STD,CANCELLED,4,0,INR,2026-05-11 04:42:47,2026-05-11 06:17:47
RES103613,BLR001,CNF103613,GUEST103613,2026-05-31,2026-06-04,DLX,CORP,CORP_DLX,CANCELLED,1,0,INR,2026-05-11 16:46:11,2026-05-11 19:36:11
RES103614,MUM001,CNF103614,GUEST103614,2026-05-29,2026-06-02,KING,CORP,CORP_STD,MODIFIED,4,202976,INR,2026-05-11 22:10:28,2026-05-12 00:55:28
RES103615,DEL002,CNF103615,GUEST103615,2026-07-09,2026-07-12,STD,PREPAY,PPR_STD,MODIFIED,1,21342,INR,2026-05-11 01:27:48,2026-05-11 04:10:48
RES103616,CHN001,CNF103616,GUEST103616,2026-05-29,2026-06-03,STE,BAR,BAR_DLX,MODIFIED,2,132480,INR,2026-05-11 21:59:22,2026-05-11 23:55:22
RES103617,CHN001,CNF103617,GUEST103617,2026-05-27,2026-05-28,STE,BAR,BAR_STD,CANCELLED,2,0,INR,2026-05-11 08:07:00,2026-05-11 09:39:00
RES103618,HYD001,CNF103618,GUEST103618,2026-07-02,2026-07-05,DLX,MEMBER,MEM_STD,MODIFIED,2,70956,INR,2026-05-11 14:54:59,2026-05-11 15:53:59
RES103619,MUM002,CNF103619,GUEST103619,2026-06-02,2026-06-03,QUEEN,CORP,CORP_DLX,CANCELLED,4,0,INR,2026-05-11 10:44:23,2026-05-11 11:58:23
RES103620,MUM001,CNF103620,GUEST103620,2026-05-16,2026-05-20,STD,MEMBER,MEM_DLX,MODIFIED,1,58128,INR,2026-05-11 23:17:07,2026-05-12 01:22:07
RES103621,DEL002,CNF103621,GUEST103621,2026-06-25,2026-06-29,STD,BAR,BAR_DLX,BOOKED,2,80096,INR,2026-05-11 16:56:07,2026-05-11 18:53:07
RES103622,BLR002,CNF103622,GUEST103622,2026-06-07,2026-06-10,DLX,MEMBER,MEM_STD,CANCELLED,3,0,INR,2026-05-11 16:15:25,2026-05-11 18:41:25
RES103623,CHA001,CNF103623,GUEST103623,2026-07-08,2026-07-09,DLX,CORP,CORP_STD,MODIFIED,1,10695,INR,2026-05-11 17:45:48,2026-05-11 19:20:48
RES103624,CHA001,CNF103624,GUEST103624,2026-06-13,2026-06-16,STD,PREPAY,PPR_DLX,MODIFIED,3,101376,INR,2026-05-11 21:19:40,2026-05-12 00:05:40
RES103625,BLR002,CNF103625,GUEST103625,2026-05-14,2026-05-17,STE,BAR,BAR_STD,BOOKED,1,39780,INR,2026-05-11 11:23:12,2026-05-11 14:21:12
RES103626,KOL001,CNF103626,GUEST103626,2026-06-05,2026-06-06,STD,BAR,BAR_DLX,MODIFIED,3,34473,INR,2026-05-11 23:40:30,2026-05-12 02:26:30
RES103627,CHA001,CNF103627,GUEST103627,2026-06-17,2026-06-19,QUEEN,CORP,CORP_DLX,CANCELLED,4,0,INR,2026-05-11 15:23:05,2026-05-11 16:04:05
RES103628,CHA001,CNF103628,GUEST103628,2026-06-03,2026-06-05,KING,MEMBER,MEM_DLX,MODIFIED,4,82168,INR,2026-05-11 03:38:55,2026-05-11 04:11:55
RES103629,BLR001,CNF103629,GUEST103629,2026-06-20,2026-06-23,DLX,CORP,CORP_STD,CANCELLED,4,0,INR,2026-05-11 14:35:21,2026-05-11 14:53:21
RES103630,CHN001,CNF103630,GUEST103630,2026-06-01,2026-06-04,STE,PKG,PKG_DLX,MODIFIED,3,134280,INR,2026-05-11 03:29:46,2026-05-11 04:18:46
RES103631,KOL001,CNF103631,GUEST103631,2026-05-18,2026-05-21,DLX,MEMBER,MEM_DLX,BOOKED,4,169548,INR,2026-05-11 01:48:06,2026-05-11 04:08:06
RES103632,BLR002,CNF103632,GUEST103632,2026-05-21,2026-05-26,DLX,PREPAY,PPR_DLX,BOOKED,2,74340,INR,2026-05-11 11:16:48,2026-05-11 14:14:48
RES103633,DEL001,CNF103633,GUEST103633,2026-05-29,2026-06-03,KING,PREPAY,PPR_DLX,MODIFIED,3,56085,INR,2026-05-11 14:36:34,2026-05-11 14:43:34
RES103634,DEL001,CNF103634,GUEST103634,2026-05-17,2026-05-21,QUEEN,PKG,PKG_STD,BOOKED,3,51924,INR,2026-05-11 08:40:30,2026-05-11 10:08:30
RES103635,KOL001,CNF103635,GUEST103635,2026-05-30,2026-06-02,STE,BAR,BAR_DLX,MODIFIED,2,42444,INR,2026-05-11 02:50:13,2026-05-11 04:09:13
RES103636,DEL001,CNF103636,GUEST103636,2026-06-18,2026-06-20,STD,CORP,CORP_DLX,MODIFIED,4,116696,INR,2026-05-11 09:20:49,2026-05-11 11:51:49
RES103637,DEL001,CNF103637,GUEST103637,2026-06-03,2026-06-04,KING,PKG,PKG_STD,CANCELLED,1,0,INR,2026-05-11 22:33:21,2026-05-11 22:35:21
RES103638,KER001,CNF103638,GUEST103638,2026-06-01,2026-06-04,DLX,PKG,PKG_STD,BOOKED,2,88164,INR,2026-05-11 17:21:51,2026-05-11 20:03:51
RES103639,HYD001,CNF103639,GUEST103639,2026-06-03,2026-06-05,DLX,CORP,CORP_STD,MODIFIED,1,9714,INR,2026-05-11 07:18:26,2026-05-11 07:38:26
RES103640,CHN001,CNF103640,GUEST103640,2026-05-19,2026-05-24,KING,PREPAY,PPR_DLX,CANCELLED,4,0,INR,2026-05-11 02:20:22,2026-05-11 03:29:22
RES103641,HYD001,CNF103641,GUEST103641,2026-05-12,2026-05-14,STD,MEMBER,MEM_STD,CANCELLED,3,0,INR,2026-05-11 16:01:44,2026-05-11 17:16:44
RES103642,DEL002,CNF103642,GUEST103642,2026-05-27,2026-06-01,KING,BAR,BAR_STD,BOOKED,1,61755,INR,2026-05-11 13:32:05,2026-05-11 15:16:05
RES103643,BLR001,CNF103643,GUEST103643,2026-06-15,2026-06-16,QUEEN,PREPAY,PPR_STD,BOOKED,2,15398,INR,2026-05-11 15:25:52,2026-05-11 16:48:52
RES103644,KOL001,CNF103644,GUEST103644,2026-07-02,2026-07-03,STD,BAR,BAR_STD,BOOKED,2,23714,INR,2026-05-11 12:07:55,2026-05-11 12:29:55
RES103645,CHA001,CNF103645,GUEST103645,2026-07-07,2026-07-11,DLX,PKG,PKG_STD,CANCELLED,2,0,INR,2026-05-11 07:30:27,2026-05-11 08:34:27
RES103646,BLR001,CNF103646,GUEST103646,2026-05-20,2026-05-22,QUEEN,MEMBER,MEM_STD,MODIFIED,1,8154,INR,2026-05-11 04:24:14,2026-05-11 05:33:14
RES103647,MUM002,CNF103647,GUEST103647,2026-05-15,2026-05-17,QUEEN,BAR,BAR_STD,BOOKED,4,51584,INR,2026-05-11 23:02:02,2026-05-12 00:32:02
RES103648,MUM002,CNF103648,GUEST103648,2026-05-18,2026-05-23,KING,CORP,CORP_STD,MODIFIED,2,60190,INR,2026-05-11 21:59:50,2026-05-11 23:04:50
RES103649,KER001,CNF103649,GUEST103649,2026-05-25,2026-05-27,KING,PKG,PKG_STD,CANCELLED,2,0,INR,2026-05-11 15:40:35,2026-05-11 17:07:35
RES103650,DEL001,CNF103650,GUEST103650,2026-05-15,2026-05-19,STD,CORP,CORP_DLX,MODIFIED,2,119344,INR,2026-05-11 03:00:32,2026-05-11 05:45:32
RES103651,HYD001,CNF103651,GUEST103651,2026-06-04,2026-06-06,DLX,PREPAY,PPR_STD,MODIFIED,1,8096,INR,2026-05-11 20:24:22,2026-05-11 20:28:22
RES103652,HYD001,CNF103652,GUEST103652,2026-05-27,2026-05-29,QUEEN,PREPAY,PPR_DLX,BOOKED,4,42432,INR,2026-05-11 04:08:54,2026-05-11 05:06:54
RES103653,CHA001,CNF103653,GUEST103653,2026-05-14,2026-05-18,STE,MEMBER,MEM_DLX,MODIFIED,1,26004,INR,2026-05-11 15:38:54,2026-05-11 16:47:54
RES103654,CHA001,CNF103654,GUEST103654,2026-05-25,2026-05-26,QUEEN,PKG,PKG_STD,MODIFIED,4,40080,INR,2026-05-11 15:53:49,2026-05-11 16:52:49
RES103655,KER001,CNF103655,GUEST103655,2026-06-13,2026-06-17,DLX,MEMBER,MEM_DLX,MODIFIED,4,145248,INR,2026-05-11 10:45:15,2026-05-11 13:27:15
RES103656,CHA001,CNF103656,GUEST103656,2026-06-24,2026-06-28,STD,MEMBER,MEM_STD,MODIFIED,3,55860,INR,2026-05-11 16:14:28,2026-05-11 17:06:28
RES103657,KOL001,CNF103657,GUEST103657,2026-06-02,2026-06-03,STD,CORP,CORP_DLX,BOOKED,1,4867,INR,2026-05-11 01:55:33,2026-05-11 03:47:33
RES103658,DEL001,CNF103658,GUEST103658,2026-05-21,2026-05-26,DLX,CORP,CORP_STD,BOOKED,1,30125,INR,2026-05-11 01:18:38,2026-05-11 01:21:38
RES103659,KER001,CNF103659,GUEST103659,2026-05-23,2026-05-26,QUEEN,BAR,BAR_STD,CANCELLED,1,0,INR,2026-05-11 14:28:16,2026-05-11 15:09:16
RES103660,HYD001,CNF103660,GUEST103660,2026-06-27,2026-07-02,DLX,PKG,PKG_STD,BOOKED,4,160940,INR,2026-05-11 18:46:23,2026-05-11 21:31:23
RES103661,CHN001,CNF103661,GUEST103661,2026-07-04,2026-07-05,KING,PREPAY,PPR_DLX,BOOKED,1,14061,INR,2026-05-11 08:29:24,2026-05-11 09:01:24
RES103662,CHA001,CNF103662,GUEST103662,2026-06-21,2026-06-23,QUEEN,PREPAY,PPR_DLX,MODIFIED,4,80368,INR,2026-05-11 22:18:12,2026-05-11 23:01:12
RES103663,CHA001,CNF103663,GUEST103663,2026-05-14,2026-05-19,STD,MEMBER,MEM_DLX,BOOKED,1,27550,INR,2026-05-11 09:16:53,2026-05-11 11:47:53
RES103664,CHA001,CNF103664,GUEST103664,2026-06-22,2026-06-24,DLX,PREPAY,PPR_STD,MODIFIED,2,16020,INR,2026-05-11 20:24:12,2026-05-11 21:03:12
RES103665,BLR001,CNF103665,GUEST103665,2026-05-22,2026-05-26,STD,PKG,PKG_DLX,CANCELLED,4,0,INR,2026-05-11 01:11:08,2026-05-11 01:46:08
RES103666,MUM001,CNF103666,GUEST103666,2026-05-22,2026-05-26,KING,PREPAY,PPR_DLX,MODIFIED,2,82576,INR,2026-05-11 09:46:23,2026-05-11 11:40:23
RES103667,BLR002,CNF103667,GUEST103667,2026-06-28,2026-06-29,KING,MEMBER,MEM_STD,BOOKED,1,6036,INR,2026-05-11 21:38:12,2026-05-12 00:20:12
RES103668,KER001,CNF103668,GUEST103668,2026-07-05,2026-07-06,DLX,MEMBER,MEM_STD,CANCELLED,1,0,INR,2026-05-11 18:23:46,2026-05-11 19:09:46
RES103669,KER001,CNF103669,GUEST103669,2026-05-24,2026-05-27,DLX,PKG,PKG_STD,BOOKED,2,64794,INR,2026-05-11 23:38:46,2026-05-12 02:30:46
RES103670,DEL001,CNF103670,GUEST103670,2026-06-18,2026-06-23,STE,MEMBER,MEM_STD,BOOKED,4,145120,INR,2026-05-11 01:21:24,2026-05-11 02:29:24
RES103671,MUM001,CNF103671,GUEST103671,2026-07-01,2026-07-02,KING,CORP,CORP_STD,CANCELLED,3,0,INR,2026-05-11 13:50:28,2026-05-11 16:26:28
RES103672,BLR001,CNF103672,GUEST103672,2026-06-04,2026-06-05,DLX,PREPAY,PPR_DLX,CANCELLED,1,0,INR,2026-05-11 14:50:31,2026-05-11 16:52:31
RES103673,HYD001,CNF103673,GUEST103673,2026-06-19,2026-06-23,STD,BAR,BAR_DLX,MODIFIED,3,85536,INR,2026-05-11 11:48:26,2026-05-11 13:58:26
RES103674,DEL002,CNF103674,GUEST103674,2026-05-31,2026-06-01,QUEEN,MEMBER,MEM_DLX,BOOKED,2,20872,INR,2026-05-11 16:34:22,2026-05-11 18:27:22
RES103675,MUM001,CNF103675,GUEST103675,2026-06-14,2026-06-15,KING,BAR,BAR_STD,BOOKED,1,8505,INR,2026-05-11 07:28:48,2026-05-11 08:36:48
RES103676,KOL001,CNF103676,GUEST103676,2026-06-20,2026-06-22,QUEEN,MEMBER,MEM_STD,MODIFIED,3,37734,INR,2026-05-11 12:03:54,2026-05-11 13:49:54
RES103677,BLR002,CNF103677,GUEST103677,2026-06-08,2026-06-11,KING,PKG,PKG_STD,CANCELLED,4,0,INR,2026-05-11 01:22:44,2026-05-11 03:05:44
RES103678,MUM002,CNF103678,GUEST103678,2026-05-14,2026-05-19,DLX,CORP,CORP_DLX,BOOKED,4,256260,INR,2026-05-11 14:44:39,2026-05-11 17:35:39
RES103679,DEL002,CNF103679,GUEST103679,2026-07-08,2026-07-12,QUEEN,PREPAY,PPR_DLX,MODIFIED,4,61120,INR,2026-05-11 01:04:29,2026-05-11 01:38:29
RES103680,BLR002,CNF103680,GUEST103680,2026-05-23,2026-05-27,QUEEN,PREPAY,PPR_DLX,CANCELLED,1,0,INR,2026-05-11 13:45:25,2026-05-11 14:14:25
RES103681,KER001,CNF103681,GUEST103681,2026-07-08,2026-07-09,KING,PKG,PKG_DLX,CANCELLED,3,0,INR,2026-05-11 11:37:35,2026-05-11 13:46:35
RES103682,BLR001,CNF103682,GUEST103682,2026-05-30,2026-06-02,KING,PREPAY,PPR_STD,CANCELLED,4,0,INR,2026-05-11 03:35:35,2026-05-11 04:52:35
RES103683,DEL001,CNF103683,GUEST103683,2026-05-30,2026-06-02,DLX,BAR,BAR_DLX,BOOKED,2,83340,INR,2026-05-11 12:40:31,2026-05-11 15:08:31
RES103684,MUM002,CNF103684,GUEST103684,2026-05-12,2026-05-15,STE,MEMBER,MEM_DLX,BOOKED,3,83007,INR,2026-05-11 02:07:34,2026-05-11 03:09:34
RES103685,HYD001,CNF103685,GUEST103685,2026-05-16,2026-05-19,STD,PREPAY,PPR_DLX,MODIFIED,2,28038,INR,2026-05-11 01:17:15,2026-05-11 02:10:15
RES103686,BLR002,CNF103686,GUEST103686,2026-05-17,2026-05-20,STD,CORP,CORP_DLX,CANCELLED,1,0,INR,2026-05-11 06:56:38,2026-05-11 09:47:38
RES103687,DEL002,CNF103687,GUEST103687,2026-05-18,2026-05-23,QUEEN,CORP,CORP_DLX,BOOKED,2,130760,INR,2026-05-11 02:23:34,2026-05-11 03:55:34
RES103688,BLR002,CNF103688,GUEST103688,2026-06-29,2026-07-02,KING,CORP,CORP_DLX,CANCELLED,3,0,INR,2026-05-11 02:54:40,2026-05-11 03:29:40
RES103689,KER001,CNF103689,GUEST103689,2026-06-14,2026-06-19,QUEEN,PREPAY,PPR_DLX,CANCELLED,4,0,INR,2026-05-11 18:15:36,2026-05-11 18:44:36
RES103690,CHN001,CNF103690,GUEST103690,2026-06-12,2026-06-16,QUEEN,MEMBER,MEM_DLX,BOOKED,3,44520,INR,2026-05-11 09:17:07,2026-05-11 11:14:07
RES103691,CHA001,CNF103691,GUEST103691,2026-05-29,2026-05-31,QUEEN,CORP,CORP_DLX,BOOKED,1,9740,INR,2026-05-11 17:58:05,2026-05-11 20:11:05
RES103692,CHN001,CNF103692,GUEST103692,2026-05-20,2026-05-24,KING,CORP,CORP_DLX,CANCELLED,3,0,INR,2026-05-11 17:00:08,2026-05-11 19:46:08
RES103693,MUM001,CNF103693,GUEST103693,2026-06-03,2026-06-07,STE,BAR,BAR_DLX,MODIFIED,4,239072,INR,2026-05-11 13:12:53,2026-05-11 14:41:53
RES103694,MUM001,CNF103694,GUEST103694,2026-07-06,2026-07-09,STE,MEMBER,MEM_DLX,BOOKED,3,76311,INR,2026-05-11 18:20:21,2026-05-11 19:24:21
RES103695,HYD001,CNF103695,GUEST103695,2026-05-25,2026-05-29,STE,PREPAY,PPR_STD,CANCELLED,4,0,INR,2026-05-11 12:48:54,2026-05-11 13:19:54
RES103696,MUM002,CNF103696,GUEST103696,2026-06-20,2026-06-21,STE,PKG,PKG_DLX,BOOKED,3,37737,INR,2026-05-11 12:25:57,2026-05-11 13:18:57
RES103697,HYD001,CNF103697,GUEST103697,2026-06-28,2026-07-03,KING,PKG,PKG_STD,CANCELLED,4,0,INR,2026-05-11 16:51:49,2026-05-11 19:42:49
RES103698,CHA001,CNF103698,GUEST103698,2026-06-24,2026-06-27,KING,BAR,BAR_DLX,BOOKED,1,40227,INR,2026-05-11 13:29:09,2026-05-11 16:01:09
RES103699,CHA001,CNF103699,GUEST103699,2026-05-29,2026-06-02,STE,PKG,PKG_STD,CANCELLED,4,0,INR,2026-05-11 03:15:16,2026-05-11 03:41:16
RES103700,MUM002,CNF103700,GUEST103700,2026-06-04,2026-06-06,STE,MEMBER,MEM_STD,MODIFIED,1,9646,INR,2026-05-11 08:46:12,2026-05-11 10:39:12
RES103701,HYD001,CNF103701,GUEST103701,2026-06-02,2026-06-04,KING,PKG,PKG_STD,MODIFIED,2,20744,INR,2026-05-11 09:11:42,2026-05-11 11:03:42
RES103702,KER001,CNF103702,GUEST103702,2026-06-04,2026-06-05,STD,MEMBER,MEM_STD,BOOKED,1,7361,INR,2026-05-11 12:34:40,2026-05-11 13:56:40
RES103703,KOL001,CNF103703,GUEST103703,2026-05-27,2026-06-01,STE,MEMBER,MEM_DLX,BOOKED,3,218235,INR,2026-05-11 07:07:45,2026-05-11 09:12:45
RES103704,BLR002,CNF103704,GUEST103704,2026-06-24,2026-06-27,STE,PKG,PKG_DLX,CANCELLED,2,0,INR,2026-05-11 07:39:47,2026-05-11 08:46:47
RES103705,DEL001,CNF103705,GUEST103705,2026-05-30,2026-06-02,DLX,CORP,CORP_STD,MODIFIED,3,132174,INR,2026-05-11 12:53:39,2026-05-11 13:49:39
RES103706,KER001,CNF103706,GUEST103706,2026-06-12,2026-06-13,QUEEN,PREPAY,PPR_STD,MODIFIED,2,16388,INR,2026-05-11 08:28:45,2026-05-11 09:18:45
RES103707,BLR002,CNF103707,GUEST103707,2026-06-06,2026-06-07,STE,PREPAY,PPR_STD,MODIFIED,3,21765,INR,2026-05-11 01:18:53,2026-05-11 01:32:53
RES103708,CHN001,CNF103708,GUEST103708,2026-06-07,2026-06-11,STE,PREPAY,PPR_STD,BOOKED,1,16752,INR,2026-05-11 22:11:00,2026-05-11 23:43:00
RES103709,MUM001,CNF103709,GUEST103709,2026-06-09,2026-06-13,QUEEN,CORP,CORP_DLX,MODIFIED,2,66128,INR,2026-05-11 09:58:19,2026-05-11 11:00:19
RES103710,BLR002,CNF103710,GUEST103710,2026-06-02,2026-06-04,DLX,CORP,CORP_STD,CANCELLED,4,0,INR,2026-05-11 17:38:33,2026-05-11 18:27:33
RES103711,BLR002,CNF103711,GUEST103711,2026-07-08,2026-07-10,STE,CORP,CORP_STD,CANCELLED,4,0,INR,2026-05-11 05:46:45,2026-05-11 06:10:45
RES103712,MUM001,CNF103712,GUEST103712,2026-07-04,2026-07-05,STE,PKG,PKG_STD,BOOKED,1,12288,INR,2026-05-11 05:19:08,2026-05-11 08:16:08
RES103713,MUM001,CNF103713,GUEST103713,2026-07-09,2026-07-12,KING,PKG,PKG_STD,CANCELLED,4,0,INR,2026-05-11 12:10:34,2026-05-11 13:48:34
RES103714,CHA001,CNF103714,GUEST103714,2026-07-02,2026-07-06,STD,BAR,BAR_STD,MODIFIED,3,122892,INR,2026-05-11 18:07:02,2026-05-11 19:12:02
RES103715,CHN001,CNF103715,GUEST103715,2026-06-29,2026-06-30,QUEEN,PKG,PKG_STD,BOOKED,1,10407,INR,2026-05-11 08:48:45,2026-05-11 10:16:45
RES103716,DEL001,CNF103716,GUEST103716,2026-06-21,2026-06-25,QUEEN,CORP,CORP_DLX,MODIFIED,3,78816,INR,2026-05-11 20:59:50,2026-05-11 23:22:50
RES103717,MUM001,CNF103717,GUEST103717,2026-05-24,2026-05-28,QUEEN,BAR,BAR_STD,CANCELLED,4,0,INR,2026-05-11 02:13:04,2026-05-11 05:05:04
RES103718,MUM001,CNF103718,GUEST103718,2026-06-23,2026-06-28,STD,CORP,CORP_DLX,MODIFIED,3,222045,INR,2026-05-11 23:18:36,2026-05-12 01:45:36
RES103719,DEL001,CNF103719,GUEST103719,2026-06-23,2026-06-24,QUEEN,CORP,CORP_STD,CANCELLED,1,0,INR,2026-05-11 16:48:31,2026-05-11 17:12:31
RES103720,HYD001,CNF103720,GUEST103720,2026-05-23,2026-05-28,DLX,CORP,CORP_DLX,BOOKED,1,53380,INR,2026-05-11 05:33:31,2026-05-11 08:03:31
RES103721,CHA001,CNF103721,GUEST103721,2026-07-03,2026-07-08,STE,CORP,CORP_DLX,MODIFIED,3,220365,INR,2026-05-11 03:03:41,2026-05-11 04:57:41
RES103722,MUM002,CNF103722,GUEST103722,2026-05-20,2026-05-25,STD,PREPAY,PPR_DLX,CANCELLED,1,0,INR,2026-05-11 02:40:16,2026-05-11 04:05:16
RES103723,BLR002,CNF103723,GUEST103723,2026-07-07,2026-07-08,QUEEN,BAR,BAR_DLX,BOOKED,3,22152,INR,2026-05-11 09:06:08,2026-05-11 12:04:08
RES103724,MUM002,CNF103724,GUEST103724,2026-05-23,2026-05-26,STD,BAR,BAR_DLX,CANCELLED,3,0,INR,2026-05-11 09:26:33,2026-05-11 11:57:33
RES103725,MUM002,CNF103725,GUEST103725,2026-05-28,2026-05-29,STD,PREPAY,PPR_STD,MODIFIED,3,35832,INR,2026-05-11 15:05:48,2026-05-11 16:13:48
RES103726,BLR002,CNF103726,GUEST103726,2026-06-10,2026-06-15,STE,BAR,BAR_DLX,CANCELLED,1,0,INR,2026-05-11 08:02:26,2026-05-11 10:35:26
RES103727,BLR002,CNF103727,GUEST103727,2026-06-29,2026-07-03,QUEEN,BAR,BAR_DLX,MODIFIED,3,84648,INR,2026-05-11 00:49:58,2026-05-11 01:36:58
RES103728,KER001,CNF103728,GUEST103728,2026-06-06,2026-06-09,STE,MEMBER,MEM_DLX,BOOKED,3,60210,INR,2026-05-11 10:10:52,2026-05-11 13:05:52
RES103729,CHA001,CNF103729,GUEST103729,2026-05-31,2026-06-04,STD,PKG,PKG_DLX,BOOKED,3,168792,INR,2026-05-11 11:10:39,2026-05-11 12:38:39
RES103730,CHN001,CNF103730,GUEST103730,2026-07-03,2026-07-07,DLX,CORP,CORP_DLX,MODIFIED,3,176700,INR,2026-05-11 06:01:13,2026-05-11 06:51:13
RES103731,DEL001,CNF103731,GUEST103731,2026-05-26,2026-05-30,DLX,PREPAY,PPR_STD,CANCELLED,4,0,INR,2026-05-11 15:46:44,2026-05-11 18:42:44
RES103732,CHN001,CNF103732,GUEST103732,2026-05-13,2026-05-16,QUEEN,MEMBER,MEM_STD,MODIFIED,1,19971,INR,2026-05-11 13:22:51,2026-05-11 15:20:51
RES103733,HYD001,CNF103733,GUEST103733,2026-06-23,2026-06-25,STD,PKG,PKG_STD,MODIFIED,4,102992,INR,2026-05-11 08:12:43,2026-05-11 09:58:43
RES103734,BLR001,CNF103734,GUEST103734,2026-05-24,2026-05-28,DLX,BAR,BAR_DLX,BOOKED,3,179880,INR,2026-05-11 18:05:33,2026-05-11 19:20:33
RES103735,CHN001,CNF103735,GUEST103735,2026-07-01,2026-07-03,QUEEN,CORP,CORP_DLX,MODIFIED,4,64712,INR,2026-05-11 19:05:59,2026-05-11 19:40:59
RES103736,MUM001,CNF103736,GUEST103736,2026-05-21,2026-05-25,STD,PKG,PKG_DLX,CANCELLED,1,0,INR,2026-05-11 06:35:07,2026-05-11 06:44:07
RES103737,CHA001,CNF103737,GUEST103737,2026-05-21,2026-05-25,DLX,CORP,CORP_STD,CANCELLED,1,0,INR,2026-05-11 13:22:50,2026-05-11 16:01:50
RES103738,BLR001,CNF103738,GUEST103738,2026-07-01,2026-07-04,STE,PREPAY,PPR_DLX,MODIFIED,4,58212,INR,2026-05-11 23:11:26,2026-05-12 00:21:26
RES103739,HYD001,CNF103739,GUEST103739,2026-06-03,2026-06-05,STE,PKG,PKG_STD,BOOKED,4,46504,INR,2026-05-11 09:04:04,2026-05-11 09:34:04
RES103740,BLR002,CNF103740,GUEST103740,2026-05-23,2026-05-25,STD,BAR,BAR_DLX,MODIFIED,2,25184,INR,2026-05-11 06:00:54,2026-05-11 08:47:54
RES103741,HYD001,CNF103741,GUEST103741,2026-06-02,2026-06-04,DLX,CORP,CORP_STD,CANCELLED,1,0,INR,2026-05-11 20:34:52,2026-05-11 20:40:52
RES103742,HYD001,CNF103742,GUEST103742,2026-06-22,2026-06-24,KING,BAR,BAR_STD,CANCELLED,1,0,INR,2026-05-11 21:00:53,2026-05-11 21:15:53
RES103743,CHA001,CNF103743,GUEST103743,2026-05-14,2026-05-16,DLX,PREPAY,PPR_DLX,CANCELLED,3,0,INR,2026-05-11 03:07:36,2026-05-11 06:05:36
RES103744,CHA001,CNF103744,GUEST103744,2026-05-14,2026-05-18,STE,PREPAY,PPR_STD,MODIFIED,4,144192,INR,2026-05-11 06:38:41,2026-05-11 08:52:41
RES103745,BLR001,CNF103745,GUEST103745,2026-06-04,2026-06-07,STE,CORP,CORP_DLX,MODIFIED,4,177264,INR,2026-05-11 16:10:29,2026-05-11 18:40:29
RES103746,CHN001,CNF103746,GUEST103746,2026-06-05,2026-06-08,STD,BAR,BAR_STD,MODIFIED,2,66600,INR,2026-05-11 15:05:29,2026-05-11 15:41:29
RES103747,DEL002,CNF103747,GUEST103747,2026-05-20,2026-05-25,QUEEN,MEMBER,MEM_DLX,BOOKED,1,56295,INR,2026-05-11 02:54:57,2026-05-11 05:18:57
RES103748,DEL002,CNF103748,GUEST103748,2026-05-21,2026-05-23,DLX,PREPAY,PPR_DLX,MODIFIED,2,42408,INR,2026-05-11 03:59:40,2026-05-11 05:00:40
RES103749,BLR002,CNF103749,GUEST103749,2026-06-22,2026-06-24,QUEEN,MEMBER,MEM_STD,MODIFIED,3,60876,INR,2026-05-11 12:06:53,2026-05-11 14:22:53
RES103750,MUM001,CNF103750,GUEST103750,2026-07-03,2026-07-07,DLX,MEMBER,MEM_DLX,CANCELLED,2,0,INR,2026-05-11 00:48:40,2026-05-11 03:14:40
RES103751,BLR001,CNF103751,GUEST103751,2026-06-08,2026-06-11,STE,MEMBER,MEM_STD,MODIFIED,4,148416,INR,2026-05-11 12:28:27,2026-05-11 14:07:27
RES103752,KER001,CNF103752,GUEST103752,2026-06-29,2026-07-03,DLX,CORP,CORP_DLX,BOOKED,4,160288,INR,2026-05-11 05:34:41,2026-05-11 06:57:41
RES103753,MUM002,CNF103753,GUEST103753,2026-05-18,2026-05-21,DLX,PKG,PKG_DLX,CANCELLED,2,0,INR,2026-05-11 23:04:46,2026-05-11 23:35:46
RES103754,HYD001,CNF103754,GUEST103754,2026-06-03,2026-06-04,STD,CORP,CORP_STD,CANCELLED,1,0,INR,2026-05-11 17:20:04,2026-05-11 18:28:04
RES103755,HYD001,CNF103755,GUEST103755,2026-06-11,2026-06-14,QUEEN,CORP,CORP_STD,MODIFIED,2,33426,INR,2026-05-11 07:19:09,2026-05-11 09:11:09
RES103756,BLR002,CNF103756,GUEST103756,2026-06-18,2026-06-21,STE,CORP,CORP_DLX,CANCELLED,1,0,INR,2026-05-11 02:08:46,2026-05-11 03:07:46
RES103757,BLR001,CNF103757,GUEST103757,2026-07-02,2026-07-05,DLX,CORP,CORP_STD,CANCELLED,4,0,INR,2026-05-11 16:24:44,2026-05-11 18:33:44
RES103758,CHA001,CNF103758,GUEST103758,2026-06-08,2026-06-09,KING,PREPAY,PPR_STD,MODIFIED,4,37868,INR,2026-05-11 11:04:21,2026-05-11 12:51:21
RES103759,KER001,CNF103759,GUEST103759,2026-06-17,2026-06-20,KING,BAR,BAR_DLX,MODIFIED,2,55608,INR,2026-05-11 00:51:01,2026-05-11 00:51:01
RES103760,CHA001,CNF103760,GUEST103760,2026-06-23,2026-06-28,DLX,CORP,CORP_STD,CANCELLED,1,0,INR,2026-05-11 18:04:45,2026-05-11 21:03:45
RES103761,CHN001,CNF103761,GUEST103761,2026-06-29,2026-07-03,QUEEN,CORP,CORP_DLX,MODIFIED,4,107472,INR,2026-05-11 03:45:01,2026-05-11 06:24:01
RES103762,CHA001,CNF103762,GUEST103762,2026-06-24,2026-06-26,STD,PREPAY,PPR_DLX,MODIFIED,1,9516,INR,2026-05-11 18:41:27,2026-05-11 19:36:27
RES103763,DEL002,CNF103763,GUEST103763,2026-05-17,2026-05-18,QUEEN,MEMBER,MEM_STD,CANCELLED,2,0,INR,2026-05-11 04:27:26,2026-05-11 06:26:26
RES103764,BLR002,CNF103764,GUEST103764,2026-06-20,2026-06-21,DLX,CORP,CORP_DLX,MODIFIED,4,41748,INR,2026-05-11 19:19:30,2026-05-11 19:42:30
RES103765,CHA001,CNF103765,GUEST103765,2026-05-13,2026-05-17,QUEEN,MEMBER,MEM_DLX,MODIFIED,4,132672,INR,2026-05-11 13:21:12,2026-05-11 13:36:12
RES103766,KOL001,CNF103766,GUEST103766,2026-06-27,2026-06-28,KING,CORP,CORP_STD,BOOKED,3,16632,INR,2026-05-11 06:15:03,2026-05-11 08:45:03
RES103767,KOL001,CNF103767,GUEST103767,2026-05-12,2026-05-14,STE,CORP,CORP_DLX,MODIFIED,3,88026,INR,2026-05-11 23:48:40,2026-05-12 01:22:40
RES103768,MUM001,CNF103768,GUEST103768,2026-05-23,2026-05-28,DLX,PKG,PKG_DLX,MODIFIED,4,228300,INR,2026-05-11 09:06:48,2026-05-11 10:45:48
RES103769,BLR001,CNF103769,GUEST103769,2026-05-31,2026-06-01,QUEEN,PREPAY,PPR_STD,BOOKED,2,8298,INR,2026-05-11 06:20:16,2026-05-11 06:38:16
RES103770,CHN001,CNF103770,GUEST103770,2026-06-25,2026-06-29,DLX,CORP,CORP_DLX,BOOKED,4,100432,INR,2026-05-11 01:15:15,2026-05-11 02:13:15
RES103771,DEL001,CNF103771,GUEST103771,2026-06-12,2026-06-13,KING,BAR,BAR_STD,BOOKED,1,6697,INR,2026-05-11 15:58:53,2026-05-11 17:51:53
RES103772,CHA001,CNF103772,GUEST103772,2026-05-20,2026-05-25,DLX,PREPAY,PPR_STD,MODIFIED,4,168220,INR,2026-05-11 18:01:56,2026-05-11 19:36:56
RES103773,CHA001,CNF103773,GUEST103773,2026-06-17,2026-06-21,STD,BAR,BAR_DLX,BOOKED,4,80656,INR,2026-05-11 08:05:25,2026-05-11 10:57:25
RES103774,KER001,CNF103774,GUEST103774,2026-06-28,2026-07-03,DLX,BAR,BAR_DLX,MODIFIED,1,48400,INR,2026-05-11 11:45:19,2026-05-11 13:53:19
RES103775,DEL002,CNF103775,GUEST103775,2026-06-16,2026-06-19,STD,PKG,PKG_DLX,MODIFIED,2,66084,INR,2026-05-11 19:43:08,2026-05-11 22:25:08
RES103776,DEL001,CNF103776,GUEST103776,2026-05-31,2026-06-03,STE,CORP,CORP_STD,CANCELLED,2,0,INR,2026-05-11 10:24:57,2026-05-11 11:12:57
RES103777,BLR002,CNF103777,GUEST103777,2026-06-11,2026-06-12,STE,PKG,PKG_DLX,MODIFIED,4,59960,INR,2026-05-11 07:23:10,2026-05-11 10:15:10
RES103778,BLR001,CNF103778,GUEST103778,2026-05-14,2026-05-18,KING,BAR,BAR_STD,CANCELLED,2,0,INR,2026-05-11 05:19:06,2026-05-11 06:18:06
RES103779,DEL001,CNF103779,GUEST103779,2026-07-07,2026-07-12,DLX,PKG,PKG_STD,MODIFIED,1,18030,INR,2026-05-11 15:17:30,2026-05-11 17:24:30
RES103780,KOL001,CNF103780,GUEST103780,2026-06-26,2026-06-28,STE,PREPAY,PPR_DLX,BOOKED,2,36364,INR,2026-05-11 02:02:47,2026-05-11 03:19:47
RES103781,CHA001,CNF103781,GUEST103781,2026-06-03,2026-06-08,KING,BAR,BAR_STD,MODIFIED,2,83140,INR,2026-05-11 06:30:47,2026-05-11 07:21:47
RES103782,CHA001,CNF103782,GUEST103782,2026-06-02,2026-06-06,STD,BAR,BAR_STD,CANCELLED,4,0,INR,2026-05-11 08:16:02,2026-05-11 10:30:02
RES103783,MUM001,CNF103783,GUEST103783,2026-06-28,2026-07-01,QUEEN,PREPAY,PPR_STD,MODIFIED,2,38460,INR,2026-05-11 02:56:29,2026-05-11 05:54:29
RES103784,BLR002,CNF103784,GUEST103784,2026-07-07,2026-07-08,QUEEN,PKG,PKG_DLX,MODIFIED,2,27208,INR,2026-05-11 14:37:22,2026-05-11 17:16:22
RES103785,MUM001,CNF103785,GUEST103785,2026-05-21,2026-05-24,STD,CORP,CORP_DLX,CANCELLED,3,0,INR,2026-05-11 09:00:19,2026-05-11 10:08:19
RES103786,DEL001,CNF103786,GUEST103786,2026-06-16,2026-06-21,QUEEN,PKG,PKG_DLX,BOOKED,2,124530,INR,2026-05-11 02:31:35,2026-05-11 02:39:35
RES103787,MUM002,CNF103787,GUEST103787,2026-07-04,2026-07-09,DLX,CORP,CORP_DLX,BOOKED,2,113290,INR,2026-05-11 00:49:38,2026-05-11 01:55:38
RES103788,KER001,CNF103788,GUEST103788,2026-06-09,2026-06-11,KING,PREPAY,PPR_STD,BOOKED,1,16930,INR,2026-05-11 19:07:12,2026-05-11 19:37:12
RES103789,BLR002,CNF103789,GUEST103789,2026-06-09,2026-06-14,QUEEN,CORP,CORP_STD,CANCELLED,2,0,INR,2026-05-11 06:51:56,2026-05-11 07:55:56
RES103790,KOL001,CNF103790,GUEST103790,2026-05-22,2026-05-26,DLX,MEMBER,MEM_STD,CANCELLED,1,0,INR,2026-05-11 02:20:40,2026-05-11 03:05:40
RES103791,HYD001,CNF103791,GUEST103791,2026-05-19,2026-05-21,STE,MEMBER,MEM_DLX,BOOKED,2,36068,INR,2026-05-11 17:46:26,2026-05-11 18:04:26
RES103792,DEL002,CNF103792,GUEST103792,2026-05-26,2026-05-29,STD,BAR,BAR_STD,MODIFIED,3,102240,INR,2026-05-11 07:15:10,2026-05-11 09:58:10
RES103793,CHN001,CNF103793,GUEST103793,2026-06-21,2026-06-25,QUEEN,MEMBER,MEM_DLX,MODIFIED,2,112176,INR,2026-05-11 16:01:08,2026-05-11 17:23:08
RES103794,MUM001,CNF103794,GUEST103794,2026-06-20,2026-06-23,DLX,PREPAY,PPR_DLX,CANCELLED,3,0,INR,2026-05-11 16:49:27,2026-05-11 19:48:27
RES103795,MUM002,CNF103795,GUEST103795,2026-06-26,2026-06-29,STE,CORP,CORP_DLX,BOOKED,1,18279,INR,2026-05-11 05:13:04,2026-05-11 06:09:04
RES103796,CHN001,CNF103796,GUEST103796,2026-06-03,2026-06-05,KING,BAR,BAR_STD,MODIFIED,1,10960,INR,2026-05-11 15:24:04,2026-05-11 16:33:04
RES103797,KER001,CNF103797,GUEST103797,2026-06-28,2026-07-01,DLX,CORP,CORP_DLX,CANCELLED,3,0,INR,2026-05-11 20:51:55,2026-05-11 23:26:55
RES103798,CHA001,CNF103798,GUEST103798,2026-05-14,2026-05-17,STD,BAR,BAR_STD,CANCELLED,1,0,INR,2026-05-11 02:30:13,2026-05-11 02:53:13
RES103799,DEL002,CNF103799,GUEST103799,2026-06-01,2026-06-02,DLX,BAR,BAR_STD,MODIFIED,3,10560,INR,2026-05-11 12:53:45,2026-05-11 13:57:45
RES103800,BLR002,CNF103800,GUEST103800,2026-05-21,2026-05-23,STE,CORP,CORP_DLX,CANCELLED,2,0,INR,2026-05-11 05:16:58,2026-05-11 06:58:58
RES103801,CHA001,CNF103801,GUEST103801,2026-07-10,2026-07-14,STE,BAR,BAR_STD,MODIFIED,2,101440,INR,2026-05-11 15:40:37,2026-05-11 18:23:37
RES103802,BLR002,CNF103802,GUEST103802,2026-06-10,2026-06-11,DLX,CORP,CORP_STD,CANCELLED,3,0,INR,2026-05-11 08:03:24,2026-05-11 11:00:24
RES103803,DEL001,CNF103803,GUEST103803,2026-05-26,2026-05-27,STE,PKG,PKG_DLX,MODIFIED,4,45116,INR,2026-05-11 15:09:31,2026-05-11 16:33:31
RES103804,KOL001,CNF103804,GUEST103804,2026-07-08,2026-07-12,KING,PREPAY,PPR_STD,MODIFIED,2,75920,INR,2026-05-11 00:07:49,2026-05-11 02:12:49
RES103805,MUM001,CNF103805,GUEST103805,2026-07-09,2026-07-14,KING,CORP,CORP_DLX,CANCELLED,1,0,INR,2026-05-11 18:14:15,2026-05-11 20:23:15
RES103806,DEL002,CNF103806,GUEST103806,2026-07-04,2026-07-05,DLX,BAR,BAR_STD,CANCELLED,2,0,INR,2026-05-11 10:22:47,2026-05-11 12:10:47
RES103807,DEL001,CNF103807,GUEST103807,2026-07-10,2026-07-11,KING,MEMBER,MEM_DLX,BOOKED,4,20396,INR,2026-05-11 11:57:59,2026-05-11 12:12:59
RES103808,MUM002,CNF103808,GUEST103808,2026-05-20,2026-05-24,STD,PREPAY,PPR_STD,MODIFIED,4,219344,INR,2026-05-11 04:20:16,2026-05-11 04:34:16
RES103809,CHN001,CNF103809,GUEST103809,2026-06-14,2026-06-15,KING,CORP,CORP_DLX,BOOKED,1,12678,INR,2026-05-11 18:11:45,2026-05-11 19:41:45
RES103810,BLR002,CNF103810,GUEST103810,2026-05-24,2026-05-26,STD,PREPAY,PPR_DLX,CANCELLED,4,0,INR,2026-05-11 09:46:55,2026-05-11 10:46:55
RES103811,KER001,CNF103811,GUEST103811,2026-05-22,2026-05-27,QUEEN,PKG,PKG_STD,CANCELLED,4,0,INR,2026-05-11 23:56:56,2026-05-12 02:48:56
RES103812,KOL001,CNF103812,GUEST103812,2026-06-27,2026-06-30,STD,MEMBER,MEM_DLX,BOOKED,2,30612,INR,2026-05-11 14:17:54,2026-05-11 14:40:54
RES103813,CHN001,CNF103813,GUEST103813,2026-06-27,2026-07-02,DLX,BAR,BAR_STD,BOOKED,4,240120,INR,2026-05-11 16:09:42,2026-05-11 18:36:42
RES103814,DEL001,CNF103814,GUEST103814,2026-06-02,2026-06-07,DLX,CORP,CORP_STD,CANCELLED,1,0,INR,2026-05-11 17:23:49,2026-05-11 17:25:49
RES103815,HYD001,CNF103815,GUEST103815,2026-06-14,2026-06-19,QUEEN,PKG,PKG_DLX,CANCELLED,1,0,INR,2026-05-11 00:04:22,2026-05-11 02:14:22
RES103816,HYD001,CNF103816,GUEST103816,2026-06-14,2026-06-15,KING,PREPAY,PPR_DLX,MODIFIED,3,39372,INR,2026-05-11 08:30:46,2026-05-11 10:50:46
RES103817,DEL001,CNF103817,GUEST103817,2026-06-20,2026-06-25,DLX,MEMBER,MEM_STD,BOOKED,4,294660,INR,2026-05-11 14:34:22,2026-05-11 15:21:22
RES103818,HYD001,CNF103818,GUEST103818,2026-06-30,2026-07-03,QUEEN,BAR,BAR_STD,MODIFIED,2,68310,INR,2026-05-11 08:18:22,2026-05-11 08:54:22
RES103819,BLR001,CNF103819,GUEST103819,2026-05-21,2026-05-23,KING,BAR,BAR_STD,CANCELLED,3,0,INR,2026-05-11 23:34:27,2026-05-12 02:25:27
RES103820,BLR001,CNF103820,GUEST103820,2026-05-24,2026-05-29,KING,BAR,BAR_DLX,BOOKED,1,73740,INR,2026-05-11 02:36:34,2026-05-11 04:23:34
RES103821,CHA001,CNF103821,GUEST103821,2026-06-14,2026-06-15,DLX,PKG,PKG_DLX,BOOKED,1,5321,INR,2026-05-11 07:54:41,2026-05-11 10:51:41
RES103822,DEL001,CNF103822,GUEST103822,2026-07-09,2026-07-10,KING,PKG,PKG_STD,BOOKED,2,11362,INR,2026-05-11 07:51:19,2026-05-11 10:47:19
RES103823,CHN001,CNF103823,GUEST103823,2026-05-31,2026-06-04,KING,PREPAY,PPR_STD,CANCELLED,4,0,INR,2026-05-11 12:52:37,2026-05-11 14:10:37
RES103824,MUM001,CNF103824,GUEST103824,2026-06-14,2026-06-15,QUEEN,PREPAY,PPR_DLX,CANCELLED,1,0,INR,2026-05-11 18:10:40,2026-05-11 18:34:40
RES103825,MUM002,CNF103825,GUEST103825,2026-05-13,2026-05-18,KING,BAR,BAR_STD,BOOKED,2,73620,INR,2026-05-11 11:10:47,2026-05-11 12:39:47
RES103826,BLR001,CNF103826,GUEST103826,2026-06-25,2026-06-26,QUEEN,PREPAY,PPR_DLX,CANCELLED,2,0,INR,2026-05-11 08:15:57,2026-05-11 09:27:57
RES103827,MUM002,CNF103827,GUEST103827,2026-06-10,2026-06-11,STE,PREPAY,PPR_DLX,BOOKED,1,7962,INR,2026-05-11 19:11:05,2026-05-11 19:38:05
RES103828,MUM002,CNF103828,GUEST103828,2026-05-31,2026-06-02,KING,BAR,BAR_STD,BOOKED,3,87714,INR,2026-05-11 22:28:48,2026-05-12 00:33:48
RES103829,KOL001,CNF103829,GUEST103829,2026-05-17,2026-05-21,STE,PKG,PKG_STD,CANCELLED,2,0,INR,2026-05-11 17:46:33,2026-05-11 18:15:33
RES103830,CHN001,CNF103830,GUEST103830,2026-05-25,2026-05-30,DLX,CORP,CORP_DLX,CANCELLED,2,0,INR,2026-05-11 18:30:30,2026-05-11 19:09:30
RES103831,KOL001,CNF103831,GUEST103831,2026-05-23,2026-05-28,STD,BAR,BAR_DLX,CANCELLED,1,0,INR,2026-05-11 06:46:36,2026-05-11 08:12:36
RES103832,CHN001,CNF103832,GUEST103832,2026-06-30,2026-07-04,STD,PREPAY,PPR_STD,BOOKED,3,127704,INR,2026-05-11 05:12:26,2026-05-11 05:41:26
RES103833,CHN001,CNF103833,GUEST103833,2026-05-14,2026-05-19,STD,BAR,BAR_STD,BOOKED,4,103380,INR,2026-05-11 23:10:38,2026-05-11 23:24:38
RES103834,DEL002,CNF103834,GUEST103834,2026-06-01,2026-06-02,STD,PKG,PKG_STD,MODIFIED,3,27309,INR,2026-05-11 16:09:04,2026-05-11 17:19:04
RES103835,MUM002,CNF103835,GUEST103835,2026-05-29,2026-06-03,STD,MEMBER,MEM_DLX,CANCELLED,3,0,INR,2026-05-11 13:16:25,2026-05-11 14:33:25
RES103836,HYD001,CNF103836,GUEST103836,2026-05-19,2026-05-22,QUEEN,BAR,BAR_DLX,MODIFIED,3,48240,INR,2026-05-11 16:39:32,2026-05-11 17:35:32
RES103837,CHN001,CNF103837,GUEST103837,2026-06-15,2026-06-19,DLX,BAR,BAR_STD,MODIFIED,4,94560,INR,2026-05-11 04:05:06,2026-05-11 05:51:06
RES103838,MUM002,CNF103838,GUEST103838,2026-07-08,2026-07-09,DLX,PKG,PKG_STD,BOOKED,3,33864,INR,2026-05-11 08:30:32,2026-05-11 10:07:32
RES103839,DEL002,CNF103839,GUEST103839,2026-07-10,2026-07-13,QUEEN,PKG,PKG_STD,BOOKED,4,85596,INR,2026-05-11 10:51:48,2026-05-11 12:24:48
RES103840,DEL001,CNF103840,GUEST103840,2026-05-20,2026-05-23,QUEEN,BAR,BAR_STD,BOOKED,2,77796,INR,2026-05-11 21:11:00,2026-05-11 23:19:00
RES103841,CHN001,CNF103841,GUEST103841,2026-07-06,2026-07-10,DLX,PKG,PKG_STD,MODIFIED,4,190304,INR,2026-05-11 07:42:33,2026-05-11 09:48:33
RES103842,KOL001,CNF103842,GUEST103842,2026-05-25,2026-05-26,STD,CORP,CORP_DLX,MODIFIED,3,16281,INR,2026-05-11 15:22:31,2026-05-11 18:16:31
RES103843,DEL002,CNF103843,GUEST103843,2026-07-03,2026-07-05,QUEEN,BAR,BAR_DLX,CANCELLED,3,0,INR,2026-05-11 01:40:31,2026-05-11 02:08:31
RES103844,MUM001,CNF103844,GUEST103844,2026-06-02,2026-06-04,STE,PKG,PKG_STD,BOOKED,4,62000,INR,2026-05-11 12:33:35,2026-05-11 15:33:35
RES103845,BLR001,CNF103845,GUEST103845,2026-06-16,2026-06-18,QUEEN,CORP,CORP_DLX,BOOKED,2,43440,INR,2026-05-11 22:32:44,2026-05-12 00:58:44
RES103846,HYD001,CNF103846,GUEST103846,2026-06-22,2026-06-26,STD,CORP,CORP_DLX,BOOKED,3,160404,INR,2026-05-11 14:35:25,2026-05-11 15:38:25
RES103847,DEL001,CNF103847,GUEST103847,2026-06-21,2026-06-24,STD,BAR,BAR_STD,MODIFIED,3,132831,INR,2026-05-11 15:59:59,2026-05-11 17:40:59
RES103848,MUM001,CNF103848,GUEST103848,2026-05-16,2026-05-21,STE,BAR,BAR_DLX,MODIFIED,2,136100,INR,2026-05-11 01:54:26,2026-05-11 03:15:26
RES103849,KOL001,CNF103849,GUEST103849,2026-05-26,2026-05-30,STE,PREPAY,PPR_DLX,CANCELLED,3,0,INR,2026-05-11 13:13:58,2026-05-11 14:07:58
RES103850,BLR002,CNF103850,GUEST103850,2026-06-10,2026-06-15,QUEEN,MEMBER,MEM_STD,MODIFIED,2,45800,INR,2026-05-11 21:40:24,2026-05-11 21:49:24
RES103851,DEL002,CNF103851,GUEST103851,2026-07-09,2026-07-13,DLX,BAR,BAR_DLX,MODIFIED,4,238976,INR,2026-05-11 04:50:56,2026-05-11 07:32:56
RES103852,DEL002,CNF103852,GUEST103852,2026-07-09,2026-07-14,KING,PREPAY,PPR_STD,CANCELLED,1,0,INR,2026-05-11 22:08:52,2026-05-11 22:48:52
RES103853,CHN001,CNF103853,GUEST103853,2026-07-04,2026-07-06,STD,PKG,PKG_STD,CANCELLED,1,0,INR,2026-05-11 23:54:03,2026-05-12 00:21:03
RES103854,KOL001,CNF103854,GUEST103854,2026-06-18,2026-06-21,STD,PKG,PKG_DLX,CANCELLED,3,0,INR,2026-05-11 06:50:18,2026-05-11 09:40:18
RES103855,HYD001,CNF103855,GUEST103855,2026-06-14,2026-06-19,QUEEN,MEMBER,MEM_DLX,BOOKED,3,63195,INR,2026-05-11 05:57:22,2026-05-11 06:12:22
RES103856,CHA001,CNF103856,GUEST103856,2026-06-24,2026-06-27,DLX,CORP,CORP_STD,CANCELLED,2,0,INR,2026-05-11 00:45:49,2026-05-11 02:57:49
RES103857,DEL002,CNF103857,GUEST103857,2026-05-19,2026-05-24,STE,PKG,PKG_DLX,MODIFIED,2,102380,INR,2026-05-11 10:58:48,2026-05-11 12:14:48
RES103858,CHA001,CNF103858,GUEST103858,2026-05-30,2026-06-04,STE,PREPAY,PPR_DLX,BOOKED,1,57670,INR,2026-05-11 13:09:20,2026-05-11 14:32:20
RES103859,MUM002,CNF103859,GUEST103859,2026-05-20,2026-05-23,QUEEN,PKG,PKG_DLX,BOOKED,1,27828,INR,2026-05-11 22:25:12,2026-05-12 00:54:12
RES103860,BLR002,CNF103860,GUEST103860,2026-06-01,2026-06-04,STE,PREPAY,PPR_STD,MODIFIED,2,51180,INR,2026-05-11 23:25:07,2026-05-12 01:54:07
RES103861,CHN001,CNF103861,GUEST103861,2026-07-10,2026-07-13,QUEEN,PKG,PKG_STD,CANCELLED,2,0,INR,2026-05-11 15:33:17,2026-05-11 16:16:17
RES103862,BLR001,CNF103862,GUEST103862,2026-07-10,2026-07-12,KING,MEMBER,MEM_DLX,BOOKED,4,113960,INR,2026-05-11 19:01:14,2026-05-11 20:04:14
RES103863,MUM002,CNF103863,GUEST103863,2026-05-15,2026-05-18,STE,CORP,CORP_STD,MODIFIED,3,121239,INR,2026-05-11 01:50:09,2026-05-11 02:35:09
RES103864,CHN001,CNF103864,GUEST103864,2026-06-03,2026-06-08,STE,PREPAY,PPR_STD,MODIFIED,2,76120,INR,2026-05-11 17:22:17,2026-05-11 17:58:17
RES103865,MUM001,CNF103865,GUEST103865,2026-06-19,2026-06-24,QUEEN,PKG,PKG_STD,MODIFIED,2,146060,INR,2026-05-11 13:49:05,2026-05-11 14:04:05
RES103866,CHN001,CNF103866,GUEST103866,2026-06-29,2026-07-03,DLX,CORP,CORP_STD,BOOKED,2,83544,INR,2026-05-11 10:57:41,2026-05-11 11:38:41
RES103867,HYD001,CNF103867,GUEST103867,2026-05-12,2026-05-17,KING,PKG,PKG_DLX,CANCELLED,3,0,INR,2026-05-11 19:51:20,2026-05-11 22:45:20
RES103868,KER001,CNF103868,GUEST103868,2026-06-08,2026-06-11,STE,MEMBER,MEM_DLX,MODIFIED,1,13422,INR,2026-05-11 23:22:26,2026-05-12 02:02:26
RES103869,MUM001,CNF103869,GUEST103869,2026-07-05,2026-07-07,KING,PREPAY,PPR_DLX,CANCELLED,3,0,INR,2026-05-11 23:06:46,2026-05-11 23:18:46
RES103870,DEL001,CNF103870,GUEST103870,2026-06-26,2026-06-30,DLX,MEMBER,MEM_STD,BOOKED,2,89888,INR,2026-05-11 15:19:53,2026-05-11 17:23:53
RES103871,MUM002,CNF103871,GUEST103871,2026-07-08,2026-07-12,KING,CORP,CORP_DLX,BOOKED,1,46668,INR,2026-05-11 07:37:43,2026-05-11 09:14:43
RES103872,KER001,CNF103872,GUEST103872,2026-06-23,2026-06-24,DLX,CORP,CORP_STD,MODIFIED,2,28422,INR,2026-05-11 01:48:19,2026-05-11 02:27:19
RES103873,CHN001,CNF103873,GUEST103873,2026-07-10,2026-07-13,QUEEN,CORP,CORP_STD,MODIFIED,3,117306,INR,2026-05-11 01:39:22,2026-05-11 04:34:22
RES103874,MUM001,CNF103874,GUEST103874,2026-07-06,2026-07-09,STE,CORP,CORP_DLX,CANCELLED,2,0,INR,2026-05-11 22:37:54,2026-05-11 22:44:54
RES103875,BLR002,CNF103875,GUEST103875,2026-06-06,2026-06-11,KING,PREPAY,PPR_STD,BOOKED,1,33240,INR,2026-05-11 09:30:03,2026-05-11 12:02:03
RES103876,MUM002,CNF103876,GUEST103876,2026-06-20,2026-06-22,KING,BAR,BAR_STD,CANCELLED,3,0,INR,2026-05-11 03:36:24,2026-05-11 05:27:24
RES103877,CHN001,CNF103877,GUEST103877,2026-05-18,2026-05-21,STD,MEMBER,MEM_STD,BOOKED,2,41388,INR,2026-05-11 09:22:15,2026-05-11 10:58:15
RES103878,DEL002,CNF103878,GUEST103878,2026-06-23,2026-06-28,KING,PREPAY,PPR_DLX,CANCELLED,2,0,INR,2026-05-11 02:36:49,2026-05-11 05:22:49
RES103879,KOL001,CNF103879,GUEST103879,2026-06-14,2026-06-18,KING,PKG,PKG_STD,MODIFIED,3,160980,INR,2026-05-11 13:40:28,2026-05-11 16:28:28
RES103880,KOL001,CNF103880,GUEST103880,2026-05-13,2026-05-18,KING,PREPAY,PPR_STD,MODIFIED,2,127600,INR,2026-05-11 06:48:08,2026-05-11 06:48:08
RES103881,HYD001,CNF103881,GUEST103881,2026-05-19,2026-05-22,KING,BAR,BAR_STD,BOOKED,1,11865,INR,2026-05-11 19:02:50,2026-05-11 19:11:50
RES103882,BLR002,CNF103882,GUEST103882,2026-06-01,2026-06-05,STD,PREPAY,PPR_DLX,MODIFIED,3,130716,INR,2026-05-11 10:40:55,2026-05-11 12:56:55
RES103883,HYD001,CNF103883,GUEST103883,2026-05-19,2026-05-20,STD,PKG,PKG_DLX,CANCELLED,2,0,INR,2026-05-11 03:47:14,2026-05-11 06:09:14
RES103884,KER001,CNF103884,GUEST103884,2026-06-27,2026-06-28,KING,PKG,PKG_STD,MODIFIED,4,28136,INR,2026-05-11 07:08:28,2026-05-11 08:38:28
RES103885,KOL001,CNF103885,GUEST103885,2026-05-27,2026-05-28,DLX,BAR,BAR_DLX,CANCELLED,1,0,INR,2026-05-11 20:51:43,2026-05-11 23:10:43
RES103886,MUM001,CNF103886,GUEST103886,2026-06-18,2026-06-22,STE,PREPAY,PPR_DLX,BOOKED,4,214272,INR,2026-05-11 17:13:00,2026-05-11 19:44:00
RES103887,DEL002,CNF103887,GUEST103887,2026-05-19,2026-05-24,QUEEN,CORP,CORP_STD,MODIFIED,4,296080,INR,2026-05-11 12:04:52,2026-05-11 14:55:52
RES103888,CHA001,CNF103888,GUEST103888,2026-05-23,2026-05-25,STE,CORP,CORP_STD,CANCELLED,2,0,INR,2026-05-11 09:22:11,2026-05-11 10:22:11
RES103889,CHA001,CNF103889,GUEST103889,2026-07-01,2026-07-04,QUEEN,PKG,PKG_STD,BOOKED,2,85596,INR,2026-05-11 19:34:55,2026-05-11 21:42:55
RES103890,CHN001,CNF103890,GUEST103890,2026-06-21,2026-06-22,STD,BAR,BAR_DLX,MODIFIED,2,8294,INR,2026-05-11 08:01:29,2026-05-11 09:30:29
RES103891,MUM002,CNF103891,GUEST103891,2026-06-14,2026-06-18,QUEEN,CORP,CORP_STD,BOOKED,1,57840,INR,2026-05-11 18:35:18,2026-05-11 20:48:18
RES103892,HYD001,CNF103892,GUEST103892,2026-06-25,2026-06-30,STE,PKG,PKG_STD,BOOKED,4,74020,INR,2026-05-11 15:04:16,2026-05-11 17:45:16
RES103893,CHN001,CNF103893,GUEST103893,2026-05-29,2026-05-31,QUEEN,MEMBER,MEM_DLX,MODIFIED,1,12712,INR,2026-05-11 04:18:38,2026-05-11 06:10:38
RES103894,DEL002,CNF103894,GUEST103894,2026-05-12,2026-05-16,STE,CORP,CORP_STD,CANCELLED,3,0,INR,2026-05-11 14:21:45,2026-05-11 17:06:45
RES103895,CHA001,CNF103895,GUEST103895,2026-05-30,2026-06-04,QUEEN,BAR,BAR_STD,BOOKED,2,114950,INR,2026-05-11 16:25:56,2026-05-11 17:42:56
RES103896,BLR002,CNF103896,GUEST103896,2026-06-04,2026-06-05,DLX,PREPAY,PPR_DLX,MODIFIED,3,13383,INR,2026-05-11 18:14:25,2026-05-11 18:50:25
RES103897,MUM002,CNF103897,GUEST103897,2026-06-09,2026-06-13,DLX,PREPAY,PPR_DLX,CANCELLED,1,0,INR,2026-05-11 16:26:20,2026-05-11 16:47:20
RES103898,KOL001,CNF103898,GUEST103898,2026-05-13,2026-05-18,KING,MEMBER,MEM_DLX,MODIFIED,4,243560,INR,2026-05-11 21:48:26,2026-05-11 22:33:26
RES103899,DEL001,CNF103899,GUEST103899,2026-06-24,2026-06-27,DLX,BAR,BAR_STD,BOOKED,3,79785,INR,2026-05-11 07:10:55,2026-05-11 09:23:55
RES103900,DEL002,CNF103900,GUEST103900,2026-06-14,2026-06-19,STE,CORP,CORP_DLX,CANCELLED,2,0,INR,2026-05-11 13:16:35,2026-05-11 15:10:35
RES103901,CHN001,CNF103901,GUEST103901,2026-06-25,2026-06-30,DLX,CORP,CORP_DLX,CANCELLED,4,0,INR,2026-05-11 02:38:45,2026-05-11 04:02:45
RES103902,KER001,CNF103902,GUEST103902,2026-05-12,2026-05-15,DLX,MEMBER,MEM_STD,BOOKED,2,32322,INR,2026-05-11 21:39:32,2026-05-11 21:54:32
RES103903,KOL001,CNF103903,GUEST103903,2026-05-14,2026-05-18,STD,CORP,CORP_STD,BOOKED,3,68976,INR,2026-05-11 10:30:21,2026-05-11 12:31:21
RES103904,MUM002,CNF103904,GUEST103904,2026-05-23,2026-05-24,STD,CORP,CORP_DLX,MODIFIED,3,23580,INR,2026-05-11 03:17:52,2026-05-11 04:20:52
RES103905,CHN001,CNF103905,GUEST103905,2026-06-13,2026-06-15,DLX,BAR,BAR_STD,CANCELLED,1,0,INR,2026-05-11 12:06:20,2026-05-11 14:57:20
RES103906,CHA001,CNF103906,GUEST103906,2026-06-30,2026-07-03,STE,BAR,BAR_STD,CANCELLED,4,0,INR,2026-05-11 05:48:10,2026-05-11 07:30:10
RES103907,CHA001,CNF103907,GUEST103907,2026-07-03,2026-07-07,DLX,MEMBER,MEM_STD,MODIFIED,1,51172,INR,2026-05-11 03:33:53,2026-05-11 03:36:53
RES103908,MUM002,CNF103908,GUEST103908,2026-05-25,2026-05-27,KING,PKG,PKG_DLX,MODIFIED,4,113088,INR,2026-05-11 15:46:29,2026-05-11 17:14:29
RES103909,MUM002,CNF103909,GUEST103909,2026-06-17,2026-06-20,STD,CORP,CORP_DLX,BOOKED,2,42708,INR,2026-05-11 07:35:33,2026-05-11 07:53:33
RES103910,KOL001,CNF103910,GUEST103910,2026-06-05,2026-06-06,DLX,MEMBER,MEM_DLX,CANCELLED,4,0,INR,2026-05-11 23:01:43,2026-05-12 01:41:43
RES103911,DEL002,CNF103911,GUEST103911,2026-05-24,2026-05-27,KING,PREPAY,PPR_STD,MODIFIED,3,119970,INR,2026-05-11 07:34:50,2026-05-11 08:59:50
RES103912,BLR001,CNF103912,GUEST103912,2026-07-01,2026-07-04,QUEEN,BAR,BAR_DLX,CANCELLED,3,0,INR,2026-05-11 16:45:16,2026-05-11 18:37:16
RES103913,DEL002,CNF103913,GUEST103913,2026-06-22,2026-06-24,DLX,CORP,CORP_DLX,MODIFIED,1,9720,INR,2026-05-11 21:51:19,2026-05-11 22:36:19
RES103914,DEL001,CNF103914,GUEST103914,2026-06-26,2026-07-01,QUEEN,PKG,PKG_DLX,BOOKED,3,221850,INR,2026-05-11 09:45:42,2026-05-11 12:39:42
RES103915,CHA001,CNF103915,GUEST103915,2026-06-28,2026-06-29,STE,BAR,BAR_DLX,BOOKED,3,31167,INR,2026-05-11 17:52:59,2026-05-11 19:49:59
RES103916,KER001,CNF103916,GUEST103916,2026-07-06,2026-07-09,DLX,MEMBER,MEM_STD,CANCELLED,1,0,INR,2026-05-11 09:42:17,2026-05-11 11:20:17
RES103917,MUM002,CNF103917,GUEST103917,2026-06-13,2026-06-17,DLX,PREPAY,PPR_DLX,BOOKED,1,18736,INR,2026-05-11 21:44:23,2026-05-12 00:38:23
RES103918,BLR002,CNF103918,GUEST103918,2026-06-03,2026-06-05,DLX,CORP,CORP_DLX,MODIFIED,4,57736,INR,2026-05-11 18:47:33,2026-05-11 19:43:33
RES103919,BLR001,CNF103919,GUEST103919,2026-06-25,2026-06-29,STE,CORP,CORP_STD,MODIFIED,2,43280,INR,2026-05-11 12:28:16,2026-05-11 13:59:16
RES103920,KOL001,CNF103920,GUEST103920,2026-06-24,2026-06-27,STE,PKG,PKG_DLX,MODIFIED,1,29703,INR,2026-05-11 19:13:14,2026-05-11 20:22:14
RES103921,CHN001,CNF103921,GUEST103921,2026-05-31,2026-06-01,QUEEN,MEMBER,MEM_DLX,MODIFIED,4,16356,INR,2026-05-11 15:34:42,2026-05-11 16:59:42
RES103922,MUM001,CNF103922,GUEST103922,2026-06-13,2026-06-17,KING,PREPAY,PPR_DLX,MODIFIED,2,40760,INR,2026-05-11 18:10:43,2026-05-11 19:36:43
RES103923,HYD001,CNF103923,GUEST103923,2026-05-30,2026-06-03,STE,CORP,CORP_DLX,BOOKED,1,58740,INR,2026-05-11 20:22:47,2026-05-11 20:47:47
RES103924,CHA001,CNF103924,GUEST103924,2026-06-27,2026-06-29,DLX,MEMBER,MEM_STD,CANCELLED,3,0,INR,2026-05-11 09:10:06,2026-05-11 09:17:06
RES103925,CHA001,CNF103925,GUEST103925,2026-06-22,2026-06-25,DLX,BAR,BAR_DLX,MODIFIED,2,21876,INR,2026-05-11 13:38:13,2026-05-11 14:35:13
RES103926,KOL001,CNF103926,GUEST103926,2026-06-04,2026-06-06,KING,PREPAY,PPR_STD,CANCELLED,1,0,INR,2026-05-11 21:24:45,2026-05-11 21:36:45
RES103927,MUM002,CNF103927,GUEST103927,2026-07-07,2026-07-08,KING,CORP,CORP_DLX,MODIFIED,3,44748,INR,2026-05-11 14:20:12,2026-05-11 16:04:12
RES103928,HYD001,CNF103928,GUEST103928,2026-06-05,2026-06-09,DLX,MEMBER,MEM_STD,MODIFIED,1,21544,INR,2026-05-11 14:35:45,2026-05-11 16:57:45
RES103929,CHA001,CNF103929,GUEST103929,2026-06-24,2026-06-29,STD,CORP,CORP_STD,BOOKED,3,59220,INR,2026-05-11 12:17:52,2026-05-11 12:58:52
RES103930,KOL001,CNF103930,GUEST103930,2026-06-04,2026-06-07,STD,PREPAY,PPR_STD,MODIFIED,1,37062,INR,2026-05-11 16:10:12,2026-05-11 18:13:12
RES103931,DEL001,CNF103931,GUEST103931,2026-06-29,2026-07-02,QUEEN,PREPAY,PPR_STD,BOOKED,1,13242,INR,2026-05-11 21:35:16,2026-05-12 00:16:16
RES103932,MUM001,CNF103932,GUEST103932,2026-06-15,2026-06-18,STE,PREPAY,PPR_DLX,MODIFIED,2,52482,INR,2026-05-11 13:12:21,2026-05-11 15:17:21
RES103933,DEL002,CNF103933,GUEST103933,2026-05-16,2026-05-21,STD,CORP,CORP_STD,CANCELLED,3,0,INR,2026-05-11 05:58:43,2026-05-11 07:44:43
RES103934,MUM001,CNF103934,GUEST103934,2026-05-14,2026-05-15,DLX,BAR,BAR_STD,MODIFIED,4,52664,INR,2026-05-11 02:04:53,2026-05-11 04:32:53
RES103935,BLR001,CNF103935,GUEST103935,2026-06-02,2026-06-04,QUEEN,MEMBER,MEM_DLX,MODIFIED,4,70912,INR,2026-05-11 20:45:36,2026-05-11 21:33:36
RES103936,DEL001,CNF103936,GUEST103936,2026-05-31,2026-06-03,STE,CORP,CORP_STD,BOOKED,1,32970,INR,2026-05-11 19:41:31,2026-05-11 19:48:31
RES103937,DEL002,CNF103937,GUEST103937,2026-05-27,2026-05-29,STD,BAR,BAR_STD,BOOKED,2,51200,INR,2026-05-11 12:26:25,2026-05-11 13:49:25
RES103938,MUM001,CNF103938,GUEST103938,2026-07-09,2026-07-11,KING,CORP,CORP_DLX,CANCELLED,2,0,INR,2026-05-11 04:34:35,2026-05-11 05:34:35
RES103939,CHA001,CNF103939,GUEST103939,2026-05-27,2026-05-29,KING,PREPAY,PPR_STD,BOOKED,4,48504,INR,2026-05-11 00:56:41,2026-05-11 02:23:41
RES103940,MUM001,CNF103940,GUEST103940,2026-06-12,2026-06-17,STD,CORP,CORP_DLX,MODIFIED,3,120975,INR,2026-05-11 07:17:48,2026-05-11 10:12:48
RES103941,HYD001,CNF103941,GUEST103941,2026-06-25,2026-06-28,STE,CORP,CORP_DLX,CANCELLED,2,0,INR,2026-05-11 14:19:28,2026-05-11 15:48:28
RES103942,BLR001,CNF103942,GUEST103942,2026-05-25,2026-05-29,STD,PREPAY,PPR_DLX,BOOKED,4,185920,INR,2026-05-11 23:27:48,2026-05-12 02:19:48
RES103943,BLR001,CNF103943,GUEST103943,2026-07-09,2026-07-12,STE,CORP,CORP_DLX,MODIFIED,2,75264,INR,2026-05-11 18:19:24,2026-05-11 19:32:24
RES103944,MUM002,CNF103944,GUEST103944,2026-06-03,2026-06-04,DLX,PKG,PKG_STD,MODIFIED,4,28040,INR,2026-05-11 13:16:53,2026-05-11 13:30:53
RES103945,DEL001,CNF103945,GUEST103945,2026-05-14,2026-05-19,STD,CORP,CORP_STD,BOOKED,4,102900,INR,2026-05-11 09:52:01,2026-05-11 12:44:01
RES103946,KOL001,CNF103946,GUEST103946,2026-06-29,2026-06-30,DLX,CORP,CORP_DLX,BOOKED,3,37212,INR,2026-05-11 21:49:36,2026-05-11 23:58:36
RES103947,DEL001,CNF103947,GUEST103947,2026-06-20,2026-06-22,STE,PKG,PKG_DLX,MODIFIED,1,22688,INR,2026-05-11 15:57:49,2026-05-11 16:14:49
RES103948,MUM002,CNF103948,GUEST103948,2026-06-25,2026-06-28,QUEEN,CORP,CORP_DLX,MODIFIED,1,44622,INR,2026-05-11 13:09:38,2026-05-11 13:51:38
RES103949,KER001,CNF103949,GUEST103949,2026-06-22,2026-06-26,STD,CORP,CORP_STD,MODIFIED,1,47112,INR,2026-05-11 02:52:00,2026-05-11 04:27:00
RES103950,DEL002,CNF103950,GUEST103950,2026-06-02,2026-06-04,DLX,MEMBER,MEM_DLX,MODIFIED,3,64998,INR,2026-05-11 01:44:03,2026-05-11 02:50:03
RES103951,KOL001,CNF103951,GUEST103951,2026-07-09,2026-07-10,STE,MEMBER,MEM_DLX,MODIFIED,3,18792,INR,2026-05-11 03:26:28,2026-05-11 05:02:28
RES103952,CHA001,CNF103952,GUEST103952,2026-05-30,2026-06-04,KING,PKG,PKG_DLX,MODIFIED,3,160290,INR,2026-05-11 04:48:01,2026-05-11 06:47:01
RES103953,HYD001,CNF103953,GUEST103953,2026-05-19,2026-05-22,STE,PKG,PKG_DLX,CANCELLED,2,0,INR,2026-05-11 03:40:35,2026-05-11 05:22:35
RES103954,CHN001,CNF103954,GUEST103954,2026-07-06,2026-07-07,KING,PREPAY,PPR_DLX,MODIFIED,2,14142,INR,2026-05-11 07:26:26,2026-05-11 09:26:26
RES103955,MUM002,CNF103955,GUEST103955,2026-06-11,2026-06-16,STE,BAR,BAR_DLX,BOOKED,4,161740,INR,2026-05-11 16:40:47,2026-05-11 18:04:47
RES103956,BLR002,CNF103956,GUEST103956,2026-06-15,2026-06-20,STD,PKG,PKG_STD,MODIFIED,3,177510,INR,2026-05-11 21:50:13,2026-05-11 23:51:13
RES103957,HYD001,CNF103957,GUEST103957,2026-05-28,2026-06-01,STE,BAR,BAR_STD,MODIFIED,4,137424,INR,2026-05-11 01:27:03,2026-05-11 02:58:03
RES103958,HYD001,CNF103958,GUEST103958,2026-06-18,2026-06-21,DLX,PKG,PKG_STD,BOOKED,3,59481,INR,2026-05-11 22:45:22,2026-05-12 00:41:22
RES103959,MUM002,CNF103959,GUEST103959,2026-06-13,2026-06-17,STE,BAR,BAR_DLX,BOOKED,2,52392,INR,2026-05-11 01:18:31,2026-05-11 02:28:31
RES103960,CHA001,CNF103960,GUEST103960,2026-07-02,2026-07-04,DLX,BAR,BAR_STD,BOOKED,2,39064,INR,2026-05-11 08:27:56,2026-05-11 10:08:56
RES103961,BLR002,CNF103961,GUEST103961,2026-05-15,2026-05-20,STE,MEMBER,MEM_DLX,BOOKED,4,160820,INR,2026-05-11 09:45:08,2026-05-11 11:35:08
RES103962,MUM001,CNF103962,GUEST103962,2026-06-22,2026-06-23,KING,PKG,PKG_DLX,BOOKED,4,58668,INR,2026-05-11 06:57:39,2026-05-11 08:31:39
RES103963,CHA001,CNF103963,GUEST103963,2026-05-14,2026-05-18,DLX,PKG,PKG_DLX,MODIFIED,1,20524,INR,2026-05-11 15:54:55,2026-05-11 16:41:55
RES103964,BLR002,CNF103964,GUEST103964,2026-07-09,2026-07-12,STD,MEMBER,MEM_STD,BOOKED,3,41490,INR,2026-05-11 03:58:09,2026-05-11 05:43:09
RES103965,DEL002,CNF103965,GUEST103965,2026-05-20,2026-05-24,QUEEN,MEMBER,MEM_STD,BOOKED,1,29132,INR,2026-05-11 19:18:12,2026-05-11 19:58:12
RES103966,BLR001,CNF103966,GUEST103966,2026-05-27,2026-05-30,KING,MEMBER,MEM_DLX,BOOKED,4,47424,INR,2026-05-11 10:20:43,2026-05-11 10:34:43
RES103967,BLR002,CNF103967,GUEST103967,2026-06-05,2026-06-09,DLX,PKG,PKG_DLX,CANCELLED,1,0,INR,2026-05-11 19:10:01,2026-05-11 19:54:01
RES103968,BLR002,CNF103968,GUEST103968,2026-07-05,2026-07-06,DLX,PREPAY,PPR_DLX,CANCELLED,2,0,INR,2026-05-11 19:16:55,2026-05-11 21:20:55
RES103969,KOL001,CNF103969,GUEST103969,2026-06-18,2026-06-20,KING,CORP,CORP_DLX,MODIFIED,1,22110,INR,2026-05-11 02:49:56,2026-05-11 03:19:56
RES103970,BLR002,CNF103970,GUEST103970,2026-07-02,2026-07-07,DLX,BAR,BAR_DLX,BOOKED,2,141420,INR,2026-05-11 11:41:56,2026-05-11 13:49:56
RES103971,KER001,CNF103971,GUEST103971,2026-06-19,2026-06-23,QUEEN,PREPAY,PPR_DLX,MODIFIED,1,21088,INR,2026-05-11 18:19:10,2026-05-11 20:35:10
RES103972,KOL001,CNF103972,GUEST103972,2026-07-10,2026-07-15,DLX,MEMBER,MEM_STD,CANCELLED,4,0,INR,2026-05-11 21:03:44,2026-05-11 21:07:44
RES103973,HYD001,CNF103973,GUEST103973,2026-05-28,2026-05-29,KING,CORP,CORP_DLX,MODIFIED,3,31932,INR,2026-05-11 11:58:35,2026-05-11 14:01:35
RES103974,BLR002,CNF103974,GUEST103974,2026-07-01,2026-07-04,STD,CORP,CORP_DLX,BOOKED,2,66252,INR,2026-05-11 13:56:50,2026-05-11 15:14:50
RES103975,CHN001,CNF103975,GUEST103975,2026-07-03,2026-07-08,QUEEN,PREPAY,PPR_STD,BOOKED,2,74450,INR,2026-05-11 01:57:55,2026-05-11 02:53:55
RES103976,DEL001,CNF103976,GUEST103976,2026-06-15,2026-06-18,KING,MEMBER,MEM_STD,CANCELLED,4,0,INR,2026-05-11 08:46:38,2026-05-11 09:10:38
RES103977,BLR002,CNF103977,GUEST103977,2026-06-29,2026-07-01,QUEEN,PREPAY,PPR_DLX,BOOKED,4,69336,INR,2026-05-11 19:38:58,2026-05-11 19:46:58
RES103978,DEL001,CNF103978,GUEST103978,2026-07-01,2026-07-03,QUEEN,MEMBER,MEM_DLX,BOOKED,2,48752,INR,2026-05-11 06:08:04,2026-05-11 08:06:04
RES103979,BLR002,CNF103979,GUEST103979,2026-06-14,2026-06-15,STD,PKG,PKG_DLX,CANCELLED,1,0,INR,2026-05-11 03:41:02,2026-05-11 06:17:02
RES103980,CHN001,CNF103980,GUEST103980,2026-05-23,2026-05-27,DLX,PKG,PKG_STD,BOOKED,4,111200,INR,2026-05-11 01:07:50,2026-05-11 02:49:50
RES103981,KOL001,CNF103981,GUEST103981,2026-05-20,2026-05-23,KING,MEMBER,MEM_DLX,MODIFIED,1,36705,INR,2026-05-11 21:57:04,2026-05-12 00:17:04
RES103982,DEL002,CNF103982,GUEST103982,2026-06-22,2026-06-25,STE,MEMBER,MEM_STD,MODIFIED,2,84180,INR,2026-05-11 15:36:31,2026-05-11 17:31:31
RES103983,MUM002,CNF103983,GUEST103983,2026-06-15,2026-06-18,KING,MEMBER,MEM_STD,BOOKED,4,165936,INR,2026-05-11 03:57:02,2026-05-11 06:47:02
RES103984,BLR002,CNF103984,GUEST103984,2026-07-02,2026-07-05,DLX,BAR,BAR_STD,MODIFIED,3,113742,INR,2026-05-11 20:57:34,2026-05-11 23:24:34
RES103985,CHA001,CNF103985,GUEST103985,2026-06-14,2026-06-19,DLX,BAR,BAR_DLX,CANCELLED,4,0,INR,2026-05-11 10:42:27,2026-05-11 11:12:27
RES103986,BLR001,CNF103986,GUEST103986,2026-06-14,2026-06-18,STE,MEMBER,MEM_DLX,BOOKED,2,70536,INR,2026-05-11 10:45:30,2026-05-11 11:45:30
RES103987,MUM002,CNF103987,GUEST103987,2026-06-05,2026-06-09,DLX,CORP,CORP_DLX,CANCELLED,3,0,INR,2026-05-11 12:23:59,2026-05-11 14:19:59
RES103988,HYD001,CNF103988,GUEST103988,2026-05-25,2026-05-26,DLX,PREPAY,PPR_STD,BOOKED,3,40101,INR,2026-05-11 16:21:53,2026-05-11 18:44:53
RES103989,MUM002,CNF103989,GUEST103989,2026-06-07,2026-06-10,STD,BAR,BAR_STD,BOOKED,3,50535,INR,2026-05-11 23:12:11,2026-05-12 01:59:11
RES103990,CHA001,CNF103990,GUEST103990,2026-06-22,2026-06-24,DLX,CORP,CORP_DLX,MODIFIED,3,83778,INR,2026-05-11 07:54:46,2026-05-11 08:57:46
RES103991,BLR001,CNF103991,GUEST103991,2026-07-10,2026-07-12,DLX,BAR,BAR_DLX,BOOKED,1,8976,INR,2026-05-11 07:21:51,2026-05-11 09:17:51
RES103992,DEL002,CNF103992,GUEST103992,2026-06-21,2026-06-22,DLX,MEMBER,MEM_STD,MODIFIED,3,39696,INR,2026-05-11 20:32:59,2026-05-11 23:04:59
RES103993,KER001,CNF103993,GUEST103993,2026-05-19,2026-05-21,KING,MEMBER,MEM_STD,MODIFIED,4,114472,INR,2026-05-11 13:44:51,2026-05-11 14:08:51
RES103994,CHN001,CNF103994,GUEST103994,2026-06-26,2026-06-28,KING,BAR,BAR_STD,CANCELLED,4,0,INR,2026-05-11 13:35:03,2026-05-11 14:48:03
RES103995,MUM001,CNF103995,GUEST103995,2026-05-14,2026-05-15,STE,MEMBER,MEM_DLX,CANCELLED,1,0,INR,2026-05-11 06:30:55,2026-05-11 07:11:55
RES103996,DEL001,CNF103996,GUEST103996,2026-05-16,2026-05-17,STD,PKG,PKG_STD,MODIFIED,1,14801,INR,2026-05-11 09:52:21,2026-05-11 12:49:21
RES103997,CHN001,CNF103997,GUEST103997,2026-07-07,2026-07-10,STD,PKG,PKG_STD,MODIFIED,1,34887,INR,2026-05-11 19:37:08,2026-05-11 21:26:08
RES103998,KOL001,CNF103998,GUEST103998,2026-07-05,2026-07-09,STE,PREPAY,PPR_STD,MODIFIED,4,236112,INR,2026-05-11 01:33:51,2026-05-11 02:14:51
RES103999,MUM001,CNF103999,GUEST103999,2026-05-22,2026-05-25,DLX,MEMBER,MEM_STD,CANCELLED,4,0,INR,2026-05-11 05:48:23,2026-05-11 07:49:23
RES104000,CHN001,CNF104000,GUEST104000,2026-06-26,2026-06-28,DLX,MEMBER,MEM_DLX,BOOKED,2,27452,INR,2026-05-11 13:45:16,2026-05-11 16:03:16
RES104001,KOL001,CNF104001,GUEST104001,2026-06-24,2026-06-29,KING,PREPAY,PPR_STD,BOOKED,2,149630,INR,2026-05-11 16:24:00,2026-05-11 18:23:00
RES104002,KOL001,CNF104002,GUEST104002,2026-06-14,2026-06-19,DLX,PREPAY,PPR_STD,BOOKED,3,160680,INR,2026-05-11 02:17:38,2026-05-11 04:37:38
RES104003,MUM002,CNF104003,GUEST104003,2026-07-05,2026-07-07,STD,PREPAY,PPR_DLX,BOOKED,4,85440,INR,2026-05-11 02:20:02,2026-05-11 04:26:02
RES104004,KOL001,CNF104004,GUEST104004,2026-05-21,2026-05-22,STD,MEMBER,MEM_DLX,MODIFIED,1,13335,INR,2026-05-11 07:09:03,2026-05-11 09:42:03
RES104005,DEL001,CNF104005,GUEST104005,2026-05-19,2026-05-21,KING,CORP,CORP_STD,BOOKED,1,16834,INR,2026-05-11 14:45:45,2026-05-11 16:49:45
RES104006,DEL002,CNF104006,GUEST104006,2026-05-27,2026-05-29,STE,MEMBER,MEM_STD,BOOKED,1,21874,INR,2026-05-11 17:49:36,2026-05-11 19:16:36
RES104007,BLR002,CNF104007,GUEST104007,2026-07-07,2026-07-11,DLX,CORP,CORP_STD,MODIFIED,4,68464,INR,2026-05-11 15:32:22,2026-05-11 17:52:22
RES104008,BLR002,CNF104008,GUEST104008,2026-07-08,2026-07-10,KING,CORP,CORP_STD,MODIFIED,2,43580,INR,2026-05-11 03:34:39,2026-05-11 04:15:39
RES104009,KER001,CNF104009,GUEST104009,2026-06-29,2026-07-01,QUEEN,BAR,BAR_DLX,CANCELLED,1,0,INR,2026-05-11 04:52:23,2026-05-11 07:18:23
RES104010,CHN001,CNF104010,GUEST104010,2026-05-31,2026-06-02,QUEEN,PREPAY,PPR_DLX,CANCELLED,2,0,INR,2026-05-11 05:44:59,2026-05-11 07:49:59
RES104011,BLR001,CNF104011,GUEST104011,2026-07-06,2026-07-09,DLX,BAR,BAR_DLX,MODIFIED,1,13113,INR,2026-05-11 17:54:37,2026-05-11 19:44:37
RES104012,HYD001,CNF104012,GUEST104012,2026-05-26,2026-05-30,KING,CORP,CORP_DLX,CANCELLED,1,0,INR,2026-05-11 20:20:47,2026-05-11 21:50:47
RES104013,CHA001,CNF104013,GUEST104013,2026-07-01,2026-07-03,KING,CORP,CORP_STD,BOOKED,2,45832,INR,2026-05-11 08:25:58,2026-05-11 10:48:58
RES104014,KOL001,CNF104014,GUEST104014,2026-05-15,2026-05-19,STE,PKG,PKG_DLX,BOOKED,3,68076,INR,2026-05-11 16:06:32,2026-05-11 17:31:32
RES104015,MUM002,CNF104015,GUEST104015,2026-07-09,2026-07-10,QUEEN,MEMBER,MEM_STD,BOOKED,4,35832,INR,2026-05-11 02:37:17,2026-05-11 03:47:17
RES104016,BLR001,CNF104016,GUEST104016,2026-06-28,2026-07-01,DLX,CORP,CORP_DLX,BOOKED,1,10524,INR,2026-05-11 03:17:59,2026-05-11 05:01:59
RES104017,BLR001,CNF104017,GUEST104017,2026-06-10,2026-06-14,DLX,PREPAY,PPR_STD,MODIFIED,4,66864,INR,2026-05-11 08:36:24,2026-05-11 09:14:24
RES104018,BLR001,CNF104018,GUEST104018,2026-05-13,2026-05-18,KING,MEMBER,MEM_STD,MODIFIED,3,55200,INR,2026-05-11 16:04:18,2026-05-11 18:59:18
RES104019,MUM001,CNF104019,GUEST104019,2026-05-22,2026-05-23,STE,MEMBER,MEM_DLX,MODIFIED,4,52740,INR,2026-05-11 12:21:26,2026-05-11 14:09:26
RES104020,KOL001,CNF104020,GUEST104020,2026-05-21,2026-05-23,QUEEN,PREPAY,PPR_DLX,BOOKED,3,39486,INR,2026-05-11 09:46:50,2026-05-11 11:17:50
RES104021,DEL001,CNF104021,GUEST104021,2026-06-18,2026-06-22,STD,PREPAY,PPR_DLX,MODIFIED,1,23004,INR,2026-05-11 09:57:36,2026-05-11 12:22:36
RES104022,CHN001,CNF104022,GUEST104022,2026-06-27,2026-06-30,STD,PKG,PKG_STD,MODIFIED,4,134784,INR,2026-05-11 06:31:46,2026-05-11 08:06:46
RES104023,DEL002,CNF104023,GUEST104023,2026-05-27,2026-06-01,STE,MEMBER,MEM_DLX,BOOKED,1,67685,INR,2026-05-11 13:40:13,2026-05-11 14:00:13
RES104024,CHA001,CNF104024,GUEST104024,2026-07-03,2026-07-04,STE,BAR,BAR_DLX,BOOKED,1,13887,INR,2026-05-11 10:48:56,2026-05-11 12:37:56
RES104025,KOL001,CNF104025,GUEST104025,2026-07-04,2026-07-06,STD,BAR,BAR_DLX,CANCELLED,4,0,INR,2026-05-11 13:52:02,2026-05-11 14:43:02
RES104026,CHA001,CNF104026,GUEST104026,2026-06-15,2026-06-19,QUEEN,PREPAY,PPR_DLX,BOOKED,2,33168,INR,2026-05-11 18:33:43,2026-05-11 21:26:43
RES104027,BLR002,CNF104027,GUEST104027,2026-06-14,2026-06-18,STD,MEMBER,MEM_DLX,MODIFIED,1,49124,INR,2026-05-11 08:11:57,2026-05-11 09:05:57
RES104028,BLR001,CNF104028,GUEST104028,2026-05-14,2026-05-16,STE,PREPAY,PPR_STD,BOOKED,3,88014,INR,2026-05-11 17:06:27,2026-05-11 19:24:27
RES104029,DEL001,CNF104029,GUEST104029,2026-06-15,2026-06-20,KING,PREPAY,PPR_DLX,CANCELLED,1,0,INR,2026-05-11 05:25:14,2026-05-11 05:46:14
RES104030,KOL001,CNF104030,GUEST104030,2026-05-24,2026-05-26,DLX,MEMBER,MEM_STD,BOOKED,1,8096,INR,2026-05-11 04:23:37,2026-05-11 06:51:37
RES104031,BLR002,CNF104031,GUEST104031,2026-07-10,2026-07-13,KING,PKG,PKG_STD,BOOKED,4,133692,INR,2026-05-11 19:34:09,2026-05-11 21:22:09
RES104032,BLR002,CNF104032,GUEST104032,2026-05-30,2026-06-01,DLX,PKG,PKG_STD,MODIFIED,1,12220,INR,2026-05-11 17:44:47,2026-05-11 19:02:47
RES104033,DEL002,CNF104033,GUEST104033,2026-06-20,2026-06-25,KING,PREPAY,PPR_DLX,MODIFIED,1,35660,INR,2026-05-11 16:40:54,2026-05-11 19:18:54
RES104034,BLR002,CNF104034,GUEST104034,2026-05-26,2026-05-29,QUEEN,PKG,PKG_DLX,CANCELLED,4,0,INR,2026-05-11 00:54:04,2026-05-11 01:48:04
RES104035,MUM002,CNF104035,GUEST104035,2026-05-28,2026-06-01,DLX,PREPAY,PPR_DLX,CANCELLED,1,0,INR,2026-05-11 08:29:29,2026-05-11 09:00:29
RES104036,KOL001,CNF104036,GUEST104036,2026-05-22,2026-05-23,KING,CORP,CORP_DLX,CANCELLED,3,0,INR,2026-05-11 08:13:56,2026-05-11 11:12:56
RES104037,CHA001,CNF104037,GUEST104037,2026-06-09,2026-06-12,QUEEN,CORP,CORP_DLX,CANCELLED,2,0,INR,2026-05-11 08:23:39,2026-05-11 10:50:39
RES104038,KER001,CNF104038,GUEST104038,2026-07-08,2026-07-09,STD,PKG,PKG_DLX,MODIFIED,1,10985,INR,2026-05-11 14:23:01,2026-05-11 14:29:01
RES104039,CHA001,CNF104039,GUEST104039,2026-05-21,2026-05-23,STD,PREPAY,PPR_DLX,BOOKED,2,39400,INR,2026-05-11 11:00:27,2026-05-11 12:47:27
RES104040,CHN001,CNF104040,GUEST104040,2026-05-12,2026-05-13,STE,PREPAY,PPR_DLX,MODIFIED,4,40512,INR,2026-05-11 09:47:16,2026-05-11 10:06:16
RES104041,BLR002,CNF104041,GUEST104041,2026-05-23,2026-05-28,STD,PKG,PKG_DLX,CANCELLED,1,0,INR,2026-05-11 09:26:18,2026-05-11 12:18:18
RES104042,KOL001,CNF104042,GUEST104042,2026-05-30,2026-06-04,QUEEN,PREPAY,PPR_STD,BOOKED,3,194145,INR,2026-05-11 21:43:42,2026-05-12 00:19:42
RES104043,DEL002,CNF104043,GUEST104043,2026-05-14,2026-05-15,KING,PREPAY,PPR_STD,BOOKED,2,17704,INR,2026-05-11 15:11:11,2026-05-11 17:30:11
RES104044,MUM001,CNF104044,GUEST104044,2026-06-26,2026-06-27,STE,PKG,PKG_DLX,BOOKED,1,6334,INR,2026-05-11 12:28:07,2026-05-11 14:13:07
RES104045,KOL001,CNF104045,GUEST104045,2026-07-07,2026-07-09,STE,PKG,PKG_DLX,BOOKED,3,25098,INR,2026-05-11 15:00:06,2026-05-11 17:10:06
RES104046,HYD001,CNF104046,GUEST104046,2026-05-14,2026-05-15,DLX,PKG,PKG_DLX,BOOKED,1,9714,INR,2026-05-11 05:45:39,2026-05-11 08:39:39
RES104047,HYD001,CNF104047,GUEST104047,2026-06-07,2026-06-11,KING,PKG,PKG_DLX,CANCELLED,1,0,INR,2026-05-11 00:30:17,2026-05-11 02:59:17
RES104048,HYD001,CNF104048,GUEST104048,2026-06-05,2026-06-08,QUEEN,CORP,CORP_DLX,CANCELLED,1,0,INR,2026-05-11 21:31:04,2026-05-12 00:04:04
RES104049,CHA001,CNF104049,GUEST104049,2026-06-03,2026-06-05,KING,CORP,CORP_STD,BOOKED,2,37148,INR,2026-05-11 16:50:21,2026-05-11 19:48:21
RES104050,BLR002,CNF104050,GUEST104050,2026-05-31,2026-06-02,KING,CORP,CORP_STD,MODIFIED,1,11810,INR,2026-05-11 08:58:26,2026-05-11 11:25:26
RES104051,BLR002,CNF104051,GUEST104051,2026-07-03,2026-07-06,KING,MEMBER,MEM_STD,MODIFIED,3,126504,INR,2026-05-11 09:48:02,2026-05-11 12:00:02
RES104052,DEL001,CNF104052,GUEST104052,2026-06-15,2026-06-19,STE,BAR,BAR_STD,BOOKED,4,149712,INR,2026-05-11 11:33:40,2026-05-11 12:37:40
RES104053,BLR001,CNF104053,GUEST104053,2026-05-23,2026-05-27,DLX,PKG,PKG_DLX,MODIFIED,4,124256,INR,2026-05-11 05:13:13,2026-05-11 05:48:13
RES104054,BLR001,CNF104054,GUEST104054,2026-05-25,2026-05-27,QUEEN,BAR,BAR_STD,MODIFIED,1,15768,INR,2026-05-11 14:52:06,2026-05-11 17:49:06
RES104055,DEL002,CNF104055,GUEST104055,2026-06-02,2026-06-03,STE,PREPAY,PPR_STD,CANCELLED,1,0,INR,2026-05-11 10:33:50,2026-05-11 12:24:50
RES104056,CHA001,CNF104056,GUEST104056,2026-06-23,2026-06-26,QUEEN,BAR,BAR_STD,CANCELLED,4,0,INR,2026-05-11 23:02:11,2026-05-12 00:20:11
RES104057,MUM002,CNF104057,GUEST104057,2026-06-30,2026-07-01,DLX,BAR,BAR_STD,BOOKED,2,15752,INR,2026-05-11 03:16:19,2026-05-11 05:30:19
RES104058,CHA001,CNF104058,GUEST104058,2026-06-07,2026-06-12,QUEEN,BAR,BAR_DLX,MODIFIED,4,119400,INR,2026-05-11 05:31:09,2026-05-11 05:31:09
RES104059,KOL001,CNF104059,GUEST104059,2026-07-05,2026-07-09,DLX,MEMBER,MEM_DLX,MODIFIED,3,78984,INR,2026-05-11 21:23:48,2026-05-11 21:26:48
RES104060,CHN001,CNF104060,GUEST104060,2026-06-01,2026-06-06,STE,PREPAY,PPR_DLX,MODIFIED,1,28595,INR,2026-05-11 14:26:50,2026-05-11 16:50:50
RES104061,KOL001,CNF104061,GUEST104061,2026-06-05,2026-06-07,QUEEN,CORP,CORP_DLX,CANCELLED,1,0,INR,2026-05-11 16:08:55,2026-05-11 18:58:55
RES104062,CHA001,CNF104062,GUEST104062,2026-06-18,2026-06-23,STD,PREPAY,PPR_STD,BOOKED,3,131250,INR,2026-05-11 02:14:47,2026-05-11 02:50:47
RES104063,KER001,CNF104063,GUEST104063,2026-06-14,2026-06-15,STE,CORP,CORP_STD,CANCELLED,3,0,INR,2026-05-11 10:05:10,2026-05-11 10:39:10
RES104064,KOL001,CNF104064,GUEST104064,2026-06-17,2026-06-20,STE,CORP,CORP_DLX,CANCELLED,4,0,INR,2026-05-11 08:34:10,2026-05-11 11:01:10
RES104065,MUM001,CNF104065,GUEST104065,2026-05-12,2026-05-17,KING,PKG,PKG_STD,CANCELLED,1,0,INR,2026-05-11 15:34:12,2026-05-11 17:10:12
RES104066,DEL001,CNF104066,GUEST104066,2026-05-12,2026-05-15,KING,MEMBER,MEM_STD,MODIFIED,4,47040,INR,2026-05-11 15:07:57,2026-05-11 15:50:57
RES104067,BLR001,CNF104067,GUEST104067,2026-06-10,2026-06-14,STD,PREPAY,PPR_STD,BOOKED,3,63984,INR,2026-05-11 18:02:49,2026-05-11 20:45:49
RES104068,KER001,CNF104068,GUEST104068,2026-07-09,2026-07-13,DLX,BAR,BAR_STD,MODIFIED,1,35380,INR,2026-05-11 03:43:27,2026-05-11 06:07:27
RES104069,MUM001,CNF104069,GUEST104069,2026-05-23,2026-05-24,STD,PKG,PKG_DLX,CANCELLED,4,0,INR,2026-05-11 09:40:23,2026-05-11 12:17:23
RES104070,DEL002,CNF104070,GUEST104070,2026-06-05,2026-06-06,QUEEN,CORP,CORP_DLX,CANCELLED,2,0,INR,2026-05-11 05:45:23,2026-05-11 06:27:23
RES104071,MUM002,CNF104071,GUEST104071,2026-06-23,2026-06-25,STD,MEMBER,MEM_STD,CANCELLED,2,0,INR,2026-05-11 07:35:05,2026-05-11 09:52:05
RES104072,MUM001,CNF104072,GUEST104072,2026-06-04,2026-06-05,DLX,BAR,BAR_STD,BOOKED,1,7913,INR,2026-05-11 09:23:27,2026-05-11 09:27:27
RES104073,MUM001,CNF104073,GUEST104073,2026-06-30,2026-07-04,KING,PKG,PKG_DLX,CANCELLED,1,0,INR,2026-05-11 22:36:56,2026-05-11 23:09:56
RES104074,KOL001,CNF104074,GUEST104074,2026-05-25,2026-05-30,STD,PREPAY,PPR_STD,MODIFIED,2,63140,INR,2026-05-11 21:24:10,2026-05-11 22:37:10
RES104075,MUM002,CNF104075,GUEST104075,2026-06-10,2026-06-11,KING,PKG,PKG_STD,MODIFIED,3,29967,INR,2026-05-11 20:06:26,2026-05-11 21:55:26
RES104076,HYD001,CNF104076,GUEST104076,2026-06-17,2026-06-21,QUEEN,BAR,BAR_DLX,BOOKED,3,97452,INR,2026-05-11 04:36:41,2026-05-11 06:43:41
RES104077,MUM001,CNF104077,GUEST104077,2026-06-28,2026-06-30,STD,MEMBER,MEM_STD,BOOKED,3,54066,INR,2026-05-11 15:57:11,2026-05-11 16:01:11
RES104078,BLR001,CNF104078,GUEST104078,2026-05-20,2026-05-22,QUEEN,MEMBER,MEM_STD,CANCELLED,1,0,INR,2026-05-11 06:03:08,2026-05-11 07:17:08
RES104079,CHN001,CNF104079,GUEST104079,2026-07-03,2026-07-05,QUEEN,CORP,CORP_STD,BOOKED,4,67192,INR,2026-05-11 02:04:25,2026-05-11 03:41:25
RES104080,MUM002,CNF104080,GUEST104080,2026-06-13,2026-06-17,QUEEN,CORP,CORP_STD,CANCELLED,3,0,INR,2026-05-11 13:47:31,2026-05-11 13:55:31
RES104081,KOL001,CNF104081,GUEST104081,2026-06-12,2026-06-15,STE,PKG,PKG_DLX,BOOKED,2,21342,INR,2026-05-11 23:51:00,2026-05-12 01:30:00
RES104082,DEL001,CNF104082,GUEST104082,2026-06-29,2026-07-04,DLX,CORP,CORP_DLX,BOOKED,4,253940,INR,2026-05-11 23:15:24,2026-05-11 23:44:24
RES104083,BLR001,CNF104083,GUEST104083,2026-05-13,2026-05-14,KING,MEMBER,MEM_STD,MODIFIED,4,29704,INR,2026-05-11 06:34:18,2026-05-11 08:16:18
RES104084,DEL002,CNF104084,GUEST104084,2026-06-10,2026-06-11,STE,BAR,BAR_STD,CANCELLED,3,0,INR,2026-05-11 21:42:08,2026-05-11 21:42:08
RES104085,CHN001,CNF104085,GUEST104085,2026-06-04,2026-06-09,DLX,PREPAY,PPR_DLX,MODIFIED,3,131190,INR,2026-05-11 18:10:21,2026-05-11 19:54:21
RES104086,DEL001,CNF104086,GUEST104086,2026-05-20,2026-05-24,STD,MEMBER,MEM_STD,MODIFIED,4,68784,INR,2026-05-11 08:06:34,2026-05-11 10:51:34
RES104087,BLR001,CNF104087,GUEST104087,2026-05-16,2026-05-21,STD,CORP,CORP_DLX,CANCELLED,4,0,INR,2026-05-11 02:48:39,2026-05-11 03:00:39
RES104088,KOL001,CNF104088,GUEST104088,2026-07-01,2026-07-02,KING,CORP,CORP_DLX,MODIFIED,1,10822,INR,2026-05-11 06:38:57,2026-05-11 09:03:57
RES104089,BLR002,CNF104089,GUEST104089,2026-06-19,2026-06-20,QUEEN,PREPAY,PPR_DLX,CANCELLED,3,0,INR,2026-05-11 05:59:36,2026-05-11 06:17:36
RES104090,KER001,CNF104090,GUEST104090,2026-06-28,2026-07-03,STE,PREPAY,PPR_STD,CANCELLED,3,0,INR,2026-05-11 09:59:34,2026-05-11 10:05:34
RES104091,MUM001,CNF104091,GUEST104091,2026-06-01,2026-06-03,STE,PKG,PKG_STD,MODIFIED,2,36320,INR,2026-05-11 22:53:50,2026-05-12 00:05:50
RES104092,DEL001,CNF104092,GUEST104092,2026-06-01,2026-06-06,QUEEN,BAR,BAR_DLX,MODIFIED,2,84810,INR,2026-05-11 10:45:57,2026-05-11 12:08:57
RES104093,MUM001,CNF104093,GUEST104093,2026-05-14,2026-05-18,STD,BAR,BAR_DLX,BOOKED,1,49932,INR,2026-05-11 01:19:00,2026-05-11 01:28:00
RES104094,CHA001,CNF104094,GUEST104094,2026-05-29,2026-05-31,DLX,BAR,BAR_DLX,BOOKED,2,15860,INR,2026-05-11 09:42:07,2026-05-11 10:34:07
RES104095,DEL001,CNF104095,GUEST104095,2026-05-31,2026-06-03,STD,PREPAY,PPR_STD,MODIFIED,2,84882,INR,2026-05-11 15:16:08,2026-05-11 17:43:08
RES104096,KOL001,CNF104096,GUEST104096,2026-06-03,2026-06-08,STD,MEMBER,MEM_DLX,BOOKED,1,57620,INR,2026-05-11 10:26:03,2026-05-11 10:57:03
RES104097,BLR001,CNF104097,GUEST104097,2026-06-23,2026-06-25,QUEEN,BAR,BAR_DLX,BOOKED,3,42408,INR,2026-05-11 02:51:27,2026-05-11 03:19:27
RES104098,MUM002,CNF104098,GUEST104098,2026-05-20,2026-05-22,KING,PKG,PKG_STD,BOOKED,3,64272,INR,2026-05-11 18:20:39,2026-05-11 21:01:39
RES104099,KER001,CNF104099,GUEST104099,2026-07-10,2026-07-15,KING,PKG,PKG_DLX,MODIFIED,1,45785,INR,2026-05-11 17:45:17,2026-05-11 19:46:17
RES104100,DEL001,CNF104100,GUEST104100,2026-05-15,2026-05-16,STE,PREPAY,PPR_DLX,BOOKED,1,10414,INR,2026-05-11 10:04:29,2026-05-11 12:06:29
RES104101,BLR002,CNF104101,GUEST104101,2026-05-30,2026-06-03,STE,PKG,PKG_STD,BOOKED,2,69816,INR,2026-05-11 00:57:41,2026-05-11 01:51:41
RES104102,CHN001,CNF104102,GUEST104102,2026-05-30,2026-06-02,STD,PREPAY,PPR_STD,CANCELLED,1,0,INR,2026-05-11 17:25:06,2026-05-11 17:53:06
RES104103,KER001,CNF104103,GUEST104103,2026-05-29,2026-06-02,QUEEN,PKG,PKG_DLX,CANCELLED,1,0,INR,2026-05-11 02:14:30,2026-05-11 05:03:30
RES104104,KER001,CNF104104,GUEST104104,2026-06-23,2026-06-26,KING,PREPAY,PPR_DLX,MODIFIED,1,19410,INR,2026-05-11 08:42:00,2026-05-11 10:40:00
RES104105,MUM001,CNF104105,GUEST104105,2026-06-24,2026-06-25,STD,MEMBER,MEM_STD,MODIFIED,2,10174,INR,2026-05-11 16:33:58,2026-05-11 17:09:58
RES104106,CHA001,CNF104106,GUEST104106,2026-05-20,2026-05-25,DLX,CORP,CORP_DLX,BOOKED,3,192660,INR,2026-05-11 09:27:25,2026-05-11 11:47:25
RES104107,KOL001,CNF104107,GUEST104107,2026-06-22,2026-06-26,DLX,PREPAY,PPR_STD,CANCELLED,1,0,INR,2026-05-11 09:14:16,2026-05-11 10:34:16
RES104108,KOL001,CNF104108,GUEST104108,2026-05-20,2026-05-23,QUEEN,MEMBER,MEM_DLX,BOOKED,3,54099,INR,2026-05-11 05:35:27,2026-05-11 06:24:27
RES104109,HYD001,CNF104109,GUEST104109,2026-07-10,2026-07-13,DLX,MEMBER,MEM_STD,MODIFIED,3,68058,INR,2026-05-11 10:05:41,2026-05-11 12:31:41
RES104110,BLR002,CNF104110,GUEST104110,2026-06-24,2026-06-27,QUEEN,PKG,PKG_DLX,MODIFIED,4,128856,INR,2026-05-11 03:01:51,2026-05-11 05:29:51
RES104111,MUM001,CNF104111,GUEST104111,2026-06-14,2026-06-18,DLX,BAR,BAR_DLX,BOOKED,3,109548,INR,2026-05-11 20:39:18,2026-05-11 21:29:18
RES104112,MUM001,CNF104112,GUEST104112,2026-06-28,2026-06-30,QUEEN,PREPAY,PPR_STD,MODIFIED,1,8560,INR,2026-05-11 18:34:52,2026-05-11 21:05:52
RES104113,BLR001,CNF104113,GUEST104113,2026-06-19,2026-06-24,QUEEN,PREPAY,PPR_STD,BOOKED,4,78140,INR,2026-05-11 05:46:07,2026-05-11 06:48:07
RES104114,KOL001,CNF104114,GUEST104114,2026-07-03,2026-07-05,STE,PKG,PKG_DLX,CANCELLED,2,0,INR,2026-05-11 11:23:22,2026-05-11 11:31:22
RES104115,KOL001,CNF104115,GUEST104115,2026-05-15,2026-05-20,DLX,MEMBER,MEM_STD,MODIFIED,4,106500,INR,2026-05-11 18:30:36,2026-05-11 21:08:36
RES104116,KOL001,CNF104116,GUEST104116,2026-06-29,2026-07-03,DLX,PKG,PKG_STD,BOOKED,3,101016,INR,2026-05-11 18:59:20,2026-05-11 20:31:20
RES104117,DEL001,CNF104117,GUEST104117,2026-06-22,2026-06-24,STE,CORP,CORP_STD,CANCELLED,4,0,INR,2026-05-11 15:03:59,2026-05-11 17:37:59
RES104118,MUM001,CNF104118,GUEST104118,2026-05-18,2026-05-23,KING,CORP,CORP_DLX,MODIFIED,4,83100,INR,2026-05-11 14:42:18,2026-05-11 17:34:18
RES104119,MUM002,CNF104119,GUEST104119,2026-06-05,2026-06-10,QUEEN,BAR,BAR_STD,BOOKED,3,164040,INR,2026-05-11 05:09:47,2026-05-11 06:12:47
RES104120,HYD001,CNF104120,GUEST104120,2026-06-04,2026-06-07,STD,PREPAY,PPR_DLX,CANCELLED,1,0,INR,2026-05-11 07:45:59,2026-05-11 09:52:59
RES104121,BLR001,CNF104121,GUEST104121,2026-06-07,2026-06-12,DLX,PREPAY,PPR_DLX,MODIFIED,4,98900,INR,2026-05-11 22:51:23,2026-05-12 01:10:23
RES104122,HYD001,CNF104122,GUEST104122,2026-05-15,2026-05-18,DLX,PKG,PKG_DLX,CANCELLED,3,0,INR,2026-05-11 19:10:01,2026-05-11 21:53:01
RES104123,DEL001,CNF104123,GUEST104123,2026-05-15,2026-05-16,STD,CORP,CORP_STD,MODIFIED,3,16275,INR,2026-05-11 04:00:53,2026-05-11 06:54:53
RES104124,HYD001,CNF104124,GUEST104124,2026-05-14,2026-05-19,QUEEN,MEMBER,MEM_STD,CANCELLED,3,0,INR,2026-05-11 19:20:48,2026-05-11 22:06:48
RES104125,KER001,CNF104125,GUEST104125,2026-05-14,2026-05-15,QUEEN,CORP,CORP_STD,BOOKED,4,19712,INR,2026-05-11 17:35:48,2026-05-11 18:16:48
RES104126,KER001,CNF104126,GUEST104126,2026-07-03,2026-07-06,KING,PREPAY,PPR_DLX,CANCELLED,4,0,INR,2026-05-11 06:10:17,2026-05-11 06:43:17
RES104127,KER001,CNF104127,GUEST104127,2026-06-23,2026-06-26,STE,BAR,BAR_DLX,BOOKED,4,100404,INR,2026-05-11 17:55:06,2026-05-11 18:59:06
RES104128,BLR001,CNF104128,GUEST104128,2026-06-19,2026-06-24,STD,CORP,CORP_DLX,BOOKED,2,91550,INR,2026-05-11 17:19:16,2026-05-11 18:03:16
RES104129,BLR002,CNF104129,GUEST104129,2026-05-27,2026-06-01,STD,BAR,BAR_DLX,BOOKED,4,243960,INR,2026-05-11 05:01:44,2026-05-11 06:39:44
RES104130,MUM002,CNF104130,GUEST104130,2026-06-21,2026-06-24,DLX,CORP,CORP_DLX,MODIFIED,3,84942,INR,2026-05-11 11:39:06,2026-05-11 12:16:06
RES104131,CHA001,CNF104131,GUEST104131,2026-06-15,2026-06-20,KING,PREPAY,PPR_STD,MODIFIED,2,136130,INR,2026-05-11 02:05:17,2026-05-11 02:29:17
RES104132,KOL001,CNF104132,GUEST104132,2026-06-25,2026-06-27,KING,CORP,CORP_STD,MODIFIED,1,24076,INR,2026-05-11 08:27:37,2026-05-11 11:02:37
RES104133,DEL001,CNF104133,GUEST104133,2026-06-27,2026-07-02,STE,BAR,BAR_STD,MODIFIED,3,76890,INR,2026-05-11 02:16:09,2026-05-11 03:28:09
RES104134,DEL002,CNF104134,GUEST104134,2026-05-22,2026-05-23,DLX,BAR,BAR_DLX,BOOKED,4,27248,INR,2026-05-11 17:45:39,2026-05-11 20:40:39
RES104135,HYD001,CNF104135,GUEST104135,2026-06-21,2026-06-26,STD,PKG,PKG_STD,MODIFIED,4,78300,INR,2026-05-11 07:48:05,2026-05-11 10:15:05
RES104136,BLR002,CNF104136,GUEST104136,2026-05-17,2026-05-18,STD,CORP,CORP_STD,MODIFIED,3,36957,INR,2026-05-11 15:55:41,2026-05-11 16:22:41
RES104137,CHN001,CNF104137,GUEST104137,2026-05-13,2026-05-14,DLX,MEMBER,MEM_DLX,MODIFIED,4,41592,INR,2026-05-11 09:38:01,2026-05-11 09:48:01
RES104138,KER001,CNF104138,GUEST104138,2026-07-04,2026-07-06,STE,BAR,BAR_DLX,CANCELLED,4,0,INR,2026-05-11 22:36:14,2026-05-12 00:33:14
RES104139,KOL001,CNF104139,GUEST104139,2026-07-08,2026-07-09,DLX,PREPAY,PPR_STD,CANCELLED,1,0,INR,2026-05-11 21:42:30,2026-05-12 00:16:30
RES104140,DEL001,CNF104140,GUEST104140,2026-06-03,2026-06-08,DLX,PKG,PKG_DLX,CANCELLED,2,0,INR,2026-05-11 02:13:14,2026-05-11 02:23:14
RES104141,CHN001,CNF104141,GUEST104141,2026-06-17,2026-06-20,STE,PREPAY,PPR_DLX,MODIFIED,1,24330,INR,2026-05-11 20:16:09,2026-05-11 21:38:09
RES104142,BLR002,CNF104142,GUEST104142,2026-06-18,2026-06-23,KING,PKG,PKG_DLX,BOOKED,3,129495,INR,2026-05-11 04:12:35,2026-05-11 06:32:35
RES104143,DEL002,CNF104143,GUEST104143,2026-06-05,2026-06-08,STE,PREPAY,PPR_DLX,MODIFIED,2,89628,INR,2026-05-11 04:10:10,2026-05-11 05:20:10
RES104144,BLR001,CNF104144,GUEST104144,2026-05-27,2026-05-31,STD,CORP,CORP_STD,BOOKED,2,71248,INR,2026-05-11 07:25:38,2026-05-11 08:02:38
RES104145,MUM001,CNF104145,GUEST104145,2026-06-23,2026-06-25,STE,PKG,PKG_STD,MODIFIED,4,65696,INR,2026-05-11 16:43:14,2026-05-11 17:29:14
RES104146,KOL001,CNF104146,GUEST104146,2026-05-21,2026-05-24,KING,PKG,PKG_DLX,BOOKED,2,73992,INR,2026-05-11 09:04:09,2026-05-11 09:38:09
RES104147,KOL001,CNF104147,GUEST104147,2026-05-30,2026-06-01,DLX,MEMBER,MEM_DLX,CANCELLED,3,0,INR,2026-05-11 21:01:17,2026-05-11 21:27:17
RES104148,BLR002,CNF104148,GUEST104148,2026-06-05,2026-06-06,KING,CORP,CORP_STD,BOOKED,3,27873,INR,2026-05-11 22:46:01,2026-05-11 23:39:01
RES104149,DEL001,CNF104149,GUEST104149,2026-06-15,2026-06-17,KING,BAR,BAR_STD,CANCELLED,1,0,INR,2026-05-11 02:29:19,2026-05-11 03:58:19
RES104150,BLR001,CNF104150,GUEST104150,2026-06-21,2026-06-25,QUEEN,CORP,CORP_STD,CANCELLED,4,0,INR,2026-05-11 05:39:25,2026-05-11 07:43:25
RES104151,DEL002,CNF104151,GUEST104151,2026-06-02,2026-06-05,QUEEN,PREPAY,PPR_DLX,CANCELLED,2,0,INR,2026-05-11 00:49:21,2026-05-11 02:54:21
RES104152,BLR002,CNF104152,GUEST104152,2026-06-05,2026-06-10,QUEEN,MEMBER,MEM_DLX,BOOKED,2,135760,INR,2026-05-11 17:51:28,2026-05-11 19:53:28
RES104153,KOL001,CNF104153,GUEST104153,2026-06-16,2026-06-21,KING,CORP,CORP_DLX,CANCELLED,3,0,INR,2026-05-11 23:45:30,2026-05-12 02:28:30
RES104154,BLR002,CNF104154,GUEST104154,2026-06-13,2026-06-14,DLX,BAR,BAR_STD,CANCELLED,2,0,INR,2026-05-11 01:02:22,2026-05-11 03:28:22
RES104155,CHN001,CNF104155,GUEST104155,2026-06-02,2026-06-05,STD,CORP,CORP_DLX,BOOKED,3,113058,INR,2026-05-11 10:51:51,2026-05-11 12:37:51
RES104156,CHA001,CNF104156,GUEST104156,2026-07-02,2026-07-06,KING,PREPAY,PPR_STD,MODIFIED,4,128736,INR,2026-05-11 06:28:36,2026-05-11 09:00:36
RES104157,CHA001,CNF104157,GUEST104157,2026-06-30,2026-07-01,KING,PKG,PKG_DLX,BOOKED,2,23596,INR,2026-05-11 00:53:26,2026-05-11 01:08:26
RES104158,KOL001,CNF104158,GUEST104158,2026-06-30,2026-07-01,STE,MEMBER,MEM_STD,MODIFIED,2,21044,INR,2026-05-11 17:37:00,2026-05-11 19:06:00
RES104159,MUM002,CNF104159,GUEST104159,2026-05-20,2026-05-25,QUEEN,CORP,CORP_STD,CANCELLED,3,0,INR,2026-05-11 03:52:29,2026-05-11 05:56:29
RES104160,KOL001,CNF104160,GUEST104160,2026-05-28,2026-05-30,DLX,PKG,PKG_STD,MODIFIED,3,73818,INR,2026-05-11 06:33:59,2026-05-11 07:54:59
RES104161,CHA001,CNF104161,GUEST104161,2026-06-09,2026-06-12,KING,CORP,CORP_STD,MODIFIED,1,31329,INR,2026-05-11 05:44:55,2026-05-11 06:07:55
RES104162,MUM001,CNF104162,GUEST104162,2026-07-02,2026-07-04,STD,CORP,CORP_DLX,CANCELLED,3,0,INR,2026-05-11 09:24:01,2026-05-11 11:40:01
RES104163,MUM002,CNF104163,GUEST104163,2026-07-08,2026-07-09,DLX,PKG,PKG_STD,CANCELLED,3,0,INR,2026-05-11 07:22:27,2026-05-11 10:15:27
RES104164,MUM001,CNF104164,GUEST104164,2026-07-03,2026-07-05,KING,MEMBER,MEM_STD,CANCELLED,4,0,INR,2026-05-11 13:01:27,2026-05-11 13:43:27
RES104165,HYD001,CNF104165,GUEST104165,2026-07-05,2026-07-07,QUEEN,BAR,BAR_STD,BOOKED,2,35300,INR,2026-05-11 19:43:45,2026-05-11 20:57:45
RES104166,BLR001,CNF104166,GUEST104166,2026-05-31,2026-06-01,QUEEN,PREPAY,PPR_STD,BOOKED,3,32415,INR,2026-05-11 20:37:22,2026-05-11 23:27:22
RES104167,DEL001,CNF104167,GUEST104167,2026-05-31,2026-06-05,KING,CORP,CORP_DLX,MODIFIED,2,111300,INR,2026-05-11 06:08:10,2026-05-11 06:38:10
RES104168,HYD001,CNF104168,GUEST104168,2026-05-18,2026-05-19,KING,MEMBER,MEM_STD,MODIFIED,2,10248,INR,2026-05-11 17:38:06,2026-05-11 18:29:06
RES104169,BLR002,CNF104169,GUEST104169,2026-05-23,2026-05-25,STD,MEMBER,MEM_STD,BOOKED,1,20334,INR,2026-05-11 18:12:10,2026-05-11 18:43:10
RES104170,KER001,CNF104170,GUEST104170,2026-06-23,2026-06-24,QUEEN,CORP,CORP_DLX,BOOKED,2,21374,INR,2026-05-11 23:59:48,2026-05-12 01:43:48
RES104171,DEL002,CNF104171,GUEST104171,2026-05-17,2026-05-20,STE,CORP,CORP_STD,CANCELLED,3,0,INR,2026-05-11 08:52:42,2026-05-11 11:05:42
RES104172,CHA001,CNF104172,GUEST104172,2026-06-19,2026-06-24,STE,BAR,BAR_DLX,BOOKED,2,144010,INR,2026-05-11 00:01:00,2026-05-11 02:46:00
RES104173,KER001,CNF104173,GUEST104173,2026-06-24,2026-06-26,DLX,MEMBER,MEM_STD,CANCELLED,2,0,INR,2026-05-11 14:54:32,2026-05-11 17:28:32
RES104174,BLR001,CNF104174,GUEST104174,2026-06-10,2026-06-14,DLX,CORP,CORP_DLX,MODIFIED,2,79464,INR,2026-05-11 13:35:48,2026-05-11 15:39:48
RES104175,MUM001,CNF104175,GUEST104175,2026-05-25,2026-05-26,QUEEN,MEMBER,MEM_DLX,CANCELLED,1,0,INR,2026-05-11 21:11:30,2026-05-11 21:55:30
RES104176,CHN001,CNF104176,GUEST104176,2026-07-04,2026-07-09,STE,MEMBER,MEM_STD,MODIFIED,1,24090,INR,2026-05-11 18:22:11,2026-05-11 20:58:11
RES104177,MUM001,CNF104177,GUEST104177,2026-05-31,2026-06-02,KING,BAR,BAR_DLX,CANCELLED,3,0,INR,2026-05-11 10:26:23,2026-05-11 13:20:23
RES104178,HYD001,CNF104178,GUEST104178,2026-06-14,2026-06-15,STE,BAR,BAR_STD,BOOKED,4,59880,INR,2026-05-11 04:21:54,2026-05-11 07:14:54
RES104179,BLR002,CNF104179,GUEST104179,2026-05-15,2026-05-16,DLX,BAR,BAR_STD,BOOKED,4,25320,INR,2026-05-11 16:12:49,2026-05-11 19:01:49
RES104180,CHA001,CNF104180,GUEST104180,2026-05-17,2026-05-21,KING,BAR,BAR_DLX,BOOKED,2,95776,INR,2026-05-11 07:32:08,2026-05-11 09:33:08
RES104181,DEL001,CNF104181,GUEST104181,2026-07-04,2026-07-06,DLX,PREPAY,PPR_DLX,BOOKED,4,43520,INR,2026-05-11 00:54:24,2026-05-11 01:05:24
RES104182,HYD001,CNF104182,GUEST104182,2026-07-04,2026-07-07,STD,BAR,BAR_DLX,BOOKED,4,134376,INR,2026-05-11 18:15:14,2026-05-11 21:13:14
RES104183,DEL002,CNF104183,GUEST104183,2026-05-13,2026-05-18,STD,MEMBER,MEM_DLX,CANCELLED,4,0,INR,2026-05-11 18:38:53,2026-05-11 21:09:53
RES104184,DEL001,CNF104184,GUEST104184,2026-07-06,2026-07-11,QUEEN,CORP,CORP_DLX,BOOKED,2,72480,INR,2026-05-11 08:42:20,2026-05-11 09:45:20
RES104185,MUM002,CNF104185,GUEST104185,2026-06-01,2026-06-04,KING,BAR,BAR_STD,CANCELLED,3,0,INR,2026-05-11 14:05:25,2026-05-11 14:48:25
RES104186,HYD001,CNF104186,GUEST104186,2026-06-10,2026-06-12,KING,CORP,CORP_STD,CANCELLED,1,0,INR,2026-05-11 13:42:37,2026-05-11 15:56:37
RES104187,DEL002,CNF104187,GUEST104187,2026-06-29,2026-06-30,QUEEN,PREPAY,PPR_DLX,BOOKED,3,16119,INR,2026-05-11 07:02:01,2026-05-11 08:59:01
RES104188,KER001,CNF104188,GUEST104188,2026-06-04,2026-06-08,DLX,BAR,BAR_STD,CANCELLED,1,0,INR,2026-05-11 01:09:43,2026-05-11 01:17:43
RES104189,BLR002,CNF104189,GUEST104189,2026-06-03,2026-06-04,STE,BAR,BAR_DLX,BOOKED,2,17578,INR,2026-05-11 13:49:32,2026-05-11 15:00:32
RES104190,DEL002,CNF104190,GUEST104190,2026-05-13,2026-05-17,QUEEN,CORP,CORP_DLX,CANCELLED,1,0,INR,2026-05-11 15:12:19,2026-05-11 16:47:19
RES104191,HYD001,CNF104191,GUEST104191,2026-05-22,2026-05-26,STD,BAR,BAR_STD,MODIFIED,3,125268,INR,2026-05-11 21:46:55,2026-05-12 00:14:55
RES104192,MUM001,CNF104192,GUEST104192,2026-06-16,2026-06-17,QUEEN,BAR,BAR_STD,BOOKED,4,55508,INR,2026-05-11 01:34:08,2026-05-11 01:57:08
RES104193,MUM002,CNF104193,GUEST104193,2026-07-01,2026-07-06,STD,MEMBER,MEM_STD,MODIFIED,1,32555,INR,2026-05-11 17:03:38,2026-05-11 17:32:38
RES104194,DEL002,CNF104194,GUEST104194,2026-06-17,2026-06-22,DLX,BAR,BAR_STD,BOOKED,3,185880,INR,2026-05-11 14:16:45,2026-05-11 15:13:45
RES104195,KER001,CNF104195,GUEST104195,2026-07-08,2026-07-12,QUEEN,BAR,BAR_STD,MODIFIED,4,213504,INR,2026-05-11 14:24:16,2026-05-11 15:27:16
RES104196,KER001,CNF104196,GUEST104196,2026-06-23,2026-06-27,STD,BAR,BAR_DLX,MODIFIED,3,143472,INR,2026-05-11 17:50:21,2026-05-11 17:55:21
RES104197,CHN001,CNF104197,GUEST104197,2026-07-05,2026-07-07,QUEEN,BAR,BAR_STD,CANCELLED,4,0,INR,2026-05-11 13:56:45,2026-05-11 16:20:45
RES104198,CHA001,CNF104198,GUEST104198,2026-06-28,2026-07-01,DLX,CORP,CORP_DLX,MODIFIED,1,38427,INR,2026-05-11 07:08:53,2026-05-11 07:23:53
RES104199,BLR002,CNF104199,GUEST104199,2026-06-02,2026-06-07,DLX,PREPAY,PPR_STD,BOOKED,1,58005,INR,2026-05-11 08:05:12,2026-05-11 09:31:12
RES104200,CHN001,CNF104200,GUEST104200,2026-06-17,2026-06-19,KING,BAR,BAR_STD,CANCELLED,2,0,INR,2026-05-11 07:34:45,2026-05-11 08:19:45
RES104201,CHN001,CNF104201,GUEST104201,2026-05-12,2026-05-14,KING,MEMBER,MEM_STD,CANCELLED,2,0,INR,2026-05-11 14:13:13,2026-05-11 14:33:13
RES104202,DEL001,CNF104202,GUEST104202,2026-05-25,2026-05-26,STE,MEMBER,MEM_STD,BOOKED,2,7850,INR,2026-05-11 02:00:48,2026-05-11 04:38:48
RES104203,BLR001,CNF104203,GUEST104203,2026-05-17,2026-05-18,KING,BAR,BAR_DLX,CANCELLED,1,0,INR,2026-05-11 08:04:43,2026-05-11 09:57:43
RES104204,MUM001,CNF104204,GUEST104204,2026-06-14,2026-06-17,STD,PREPAY,PPR_DLX,BOOKED,2,74274,INR,2026-05-11 17:49:33,2026-05-11 18:02:33
RES104205,DEL001,CNF104205,GUEST104205,2026-06-26,2026-07-01,STE,MEMBER,MEM_DLX,CANCELLED,2,0,INR,2026-05-11 14:54:49,2026-05-11 14:56:49
RES104206,BLR002,CNF104206,GUEST104206,2026-06-17,2026-06-21,DLX,BAR,BAR_DLX,MODIFIED,4,91792,INR,2026-05-11 00:26:26,2026-05-11 02:00:26
RES104207,BLR001,CNF104207,GUEST104207,2026-07-09,2026-07-13,DLX,PKG,PKG_STD,CANCELLED,1,0,INR,2026-05-11 03:38:02,2026-05-11 06:13:02
RES104208,MUM001,CNF104208,GUEST104208,2026-07-02,2026-07-07,DLX,BAR,BAR_STD,BOOKED,2,93900,INR,2026-05-11 20:54:03,2026-05-11 21:19:03
RES104209,DEL002,CNF104209,GUEST104209,2026-06-26,2026-07-01,QUEEN,PREPAY,PPR_STD,BOOKED,3,75750,INR,2026-05-11 07:23:10,2026-05-11 08:12:10
RES104210,DEL001,CNF104210,GUEST104210,2026-06-21,2026-06-23,KING,CORP,CORP_STD,CANCELLED,1,0,INR,2026-05-11 10:57:33,2026-05-11 11:20:33
RES104211,MUM001,CNF104211,GUEST104211,2026-07-09,2026-07-12,STD,BAR,BAR_STD,MODIFIED,2,66312,INR,2026-05-11 09:57:38,2026-05-11 10:51:38
RES104212,KER001,CNF104212,GUEST104212,2026-07-10,2026-07-13,STD,CORP,CORP_STD,BOOKED,2,44628,INR,2026-05-11 07:21:23,2026-05-11 08:07:23
RES104213,CHN001,CNF104213,GUEST104213,2026-05-28,2026-05-30,KING,CORP,CORP_STD,CANCELLED,1,0,INR,2026-05-11 04:06:25,2026-05-11 04:34:25
RES104214,DEL001,CNF104214,GUEST104214,2026-06-19,2026-06-23,STD,PREPAY,PPR_STD,BOOKED,1,43944,INR,2026-05-11 07:56:20,2026-05-11 10:08:20
RES104215,DEL002,CNF104215,GUEST104215,2026-07-03,2026-07-08,DLX,CORP,CORP_DLX,BOOKED,2,61600,INR,2026-05-11 19:57:29,2026-05-11 22:32:29
RES104216,CHN001,CNF104216,GUEST104216,2026-06-29,2026-07-04,STE,CORP,CORP_STD,BOOKED,4,130180,INR,2026-05-11 17:38:14,2026-05-11 18:16:14
RES104217,HYD001,CNF104217,GUEST104217,2026-05-15,2026-05-17,STD,PKG,PKG_DLX,MODIFIED,3,66798,INR,2026-05-11 00:30:04,2026-05-11 02:30:04
RES104218,KOL001,CNF104218,GUEST104218,2026-06-29,2026-07-02,QUEEN,CORP,CORP_DLX,BOOKED,1,18417,INR,2026-05-11 03:27:11,2026-05-11 05:02:11
RES104219,MUM001,CNF104219,GUEST104219,2026-05-21,2026-05-25,STD,BAR,BAR_DLX,MODIFIED,2,50560,INR,2026-05-11 18:29:35,2026-05-11 19:00:35
RES104220,DEL002,CNF104220,GUEST104220,2026-06-05,2026-06-07,KING,PKG,PKG_STD,MODIFIED,2,34344,INR,2026-05-11 02:48:35,2026-05-11 04:42:35
RES104221,DEL001,CNF104221,GUEST104221,2026-07-02,2026-07-03,STE,PKG,PKG_STD,CANCELLED,1,0,INR,2026-05-11 11:42:59,2026-05-11 14:14:59
RES104222,DEL002,CNF104222,GUEST104222,2026-06-01,2026-06-03,STE,PKG,PKG_DLX,BOOKED,2,44456,INR,2026-05-11 23:49:59,2026-05-12 02:24:59
RES104223,BLR002,CNF104223,GUEST104223,2026-05-16,2026-05-18,KING,BAR,BAR_STD,BOOKED,2,41104,INR,2026-05-11 00:22:58,2026-05-11 03:02:58
RES104224,BLR002,CNF104224,GUEST104224,2026-05-24,2026-05-26,KING,PKG,PKG_DLX,MODIFIED,2,51408,INR,2026-05-11 12:45:44,2026-05-11 13:13:44
RES104225,BLR001,CNF104225,GUEST104225,2026-05-29,2026-05-31,STD,PKG,PKG_DLX,CANCELLED,2,0,INR,2026-05-11 18:07:07,2026-05-11 18:59:07
RES104226,BLR001,CNF104226,GUEST104226,2026-05-13,2026-05-14,STD,PKG,PKG_STD,BOOKED,1,12720,INR,2026-05-11 16:02:56,2026-05-11 18:13:56
RES104227,KER001,CNF104227,GUEST104227,2026-06-10,2026-06-11,STE,BAR,BAR_STD,BOOKED,3,44178,INR,2026-05-11 21:05:11,2026-05-11 22:23:11
RES104228,MUM002,CNF104228,GUEST104228,2026-06-10,2026-06-15,KING,BAR,BAR_STD,CANCELLED,2,0,INR,2026-05-11 13:08:54,2026-05-11 13:37:54
RES104229,BLR001,CNF104229,GUEST104229,2026-05-31,2026-06-05,STE,MEMBER,MEM_DLX,BOOKED,2,96810,INR,2026-05-11 20:39:13,2026-05-11 22:32:13
RES104230,MUM001,CNF104230,GUEST104230,2026-05-23,2026-05-25,KING,PREPAY,PPR_DLX,BOOKED,3,28614,INR,2026-05-11 01:32:53,2026-05-11 04:22:53
RES104231,CHN001,CNF104231,GUEST104231,2026-05-21,2026-05-25,STE,MEMBER,MEM_STD,MODIFIED,2,111720,INR,2026-05-11 17:33:54,2026-05-11 18:46:54
RES104232,BLR001,CNF104232,GUEST104232,2026-05-28,2026-06-01,STD,MEMBER,MEM_STD,CANCELLED,3,0,INR,2026-05-11 21:01:05,2026-05-11 23:20:05
RES104233,DEL001,CNF104233,GUEST104233,2026-07-09,2026-07-12,KING,BAR,BAR_DLX,CANCELLED,3,0,INR,2026-05-11 09:21:42,2026-05-11 11:49:42
RES104234,MUM001,CNF104234,GUEST104234,2026-06-13,2026-06-16,STE,PKG,PKG_DLX,BOOKED,4,54372,INR,2026-05-11 08:53:30,2026-05-11 11:05:30
RES104235,CHN001,CNF104235,GUEST104235,2026-07-04,2026-07-06,QUEEN,PREPAY,PPR_STD,MODIFIED,2,17212,INR,2026-05-11 04:19:24,2026-05-11 04:38:24
RES104236,DEL001,CNF104236,GUEST104236,2026-06-03,2026-06-07,STE,MEMBER,MEM_STD,MODIFIED,3,138384,INR,2026-05-11 01:07:19,2026-05-11 02:37:19
RES104237,MUM001,CNF104237,GUEST104237,2026-06-13,2026-06-15,DLX,PKG,PKG_DLX,BOOKED,3,52842,INR,2026-05-11 09:08:21,2026-05-11 11:09:21
RES104238,KER001,CNF104238,GUEST104238,2026-05-27,2026-05-29,STD,CORP,CORP_STD,CANCELLED,3,0,INR,2026-05-11 19:45:03,2026-05-11 20:22:03
RES104239,KOL001,CNF104239,GUEST104239,2026-06-20,2026-06-25,KING,PREPAY,PPR_STD,MODIFIED,2,57410,INR,2026-05-11 02:14:08,2026-05-11 02:53:08
RES104240,HYD001,CNF104240,GUEST104240,2026-05-21,2026-05-23,STE,CORP,CORP_STD,CANCELLED,1,0,INR,2026-05-11 09:12:40,2026-05-11 10:12:40
RES104241,BLR001,CNF104241,GUEST104241,2026-06-21,2026-06-26,QUEEN,PREPAY,PPR_DLX,MODIFIED,3,162720,INR,2026-05-11 05:36:38,2026-05-11 06:22:38
RES104242,HYD001,CNF104242,GUEST104242,2026-05-30,2026-05-31,STE,CORP,CORP_DLX,MODIFIED,1,6144,INR,2026-05-11 06:15:10,2026-05-11 06:25:10
RES104243,KER001,CNF104243,GUEST104243,2026-05-20,2026-05-23,QUEEN,PREPAY,PPR_DLX,MODIFIED,2,70836,INR,2026-05-11 20:59:27,2026-05-11 23:11:27
RES104244,BLR002,CNF104244,GUEST104244,2026-06-24,2026-06-28,STD,BAR,BAR_STD,CANCELLED,3,0,INR,2026-05-11 17:08:46,2026-05-11 18:11:46
RES104245,DEL002,CNF104245,GUEST104245,2026-06-22,2026-06-25,KING,BAR,BAR_STD,BOOKED,1,22833,INR,2026-05-11 06:43:08,2026-05-11 08:01:08
RES104246,KER001,CNF104246,GUEST104246,2026-06-25,2026-06-29,STD,PREPAY,PPR_DLX,CANCELLED,3,0,INR,2026-05-11 00:49:20,2026-05-11 02:25:20
RES104247,BLR002,CNF104247,GUEST104247,2026-07-01,2026-07-04,DLX,MEMBER,MEM_STD,BOOKED,3,80334,INR,2026-05-11 05:43:53,2026-05-11 07:36:53
RES104248,DEL002,CNF104248,GUEST104248,2026-05-29,2026-06-01,STE,PKG,PKG_DLX,MODIFIED,2,55806,INR,2026-05-11 20:15:13,2026-05-11 20:31:13
RES104249,KOL001,CNF104249,GUEST104249,2026-06-23,2026-06-25,QUEEN,CORP,CORP_DLX,CANCELLED,1,0,INR,2026-05-11 22:12:16,2026-05-12 00:03:16
RES104250,CHN001,CNF104250,GUEST104250,2026-06-03,2026-06-07,QUEEN,PKG,PKG_DLX,BOOKED,3,109980,INR,2026-05-11 03:32:27,2026-05-11 05:20:27
RES104251,KER001,CNF104251,GUEST104251,2026-05-17,2026-05-18,QUEEN,BAR,BAR_DLX,MODIFIED,4,39892,INR,2026-05-11 01:27:15,2026-05-11 04:08:15
RES104252,KER001,CNF104252,GUEST104252,2026-06-14,2026-06-17,QUEEN,BAR,BAR_STD,CANCELLED,4,0,INR,2026-05-11 13:33:15,2026-05-11 15:19:15
RES104253,MUM002,CNF104253,GUEST104253,2026-06-29,2026-07-04,STE,BAR,BAR_DLX,CANCELLED,3,0,INR,2026-05-11 01:07:18,2026-05-11 03:35:18
RES104254,MUM002,CNF104254,GUEST104254,2026-06-20,2026-06-24,DLX,PKG,PKG_STD,MODIFIED,4,107952,INR,2026-05-11 12:44:10,2026-05-11 14:40:10
RES104255,CHA001,CNF104255,GUEST104255,2026-06-23,2026-06-28,STE,MEMBER,MEM_DLX,MODIFIED,3,155700,INR,2026-05-11 17:37:20,2026-05-11 20:19:20
RES104256,MUM001,CNF104256,GUEST104256,2026-06-29,2026-07-04,QUEEN,PREPAY,PPR_STD,MODIFIED,3,52710,INR,2026-05-11 20:21:35,2026-05-11 21:18:35
RES104257,HYD001,CNF104257,GUEST104257,2026-06-17,2026-06-22,STE,BAR,BAR_STD,MODIFIED,1,52200,INR,2026-05-11 05:56:01,2026-05-11 06:08:01
RES104258,KER001,CNF104258,GUEST104258,2026-07-03,2026-07-08,STE,PREPAY,PPR_DLX,BOOKED,3,147375,INR,2026-05-11 00:35:01,2026-05-11 02:18:01
RES104259,KOL001,CNF104259,GUEST104259,2026-05-13,2026-05-14,STE,BAR,BAR_DLX,MODIFIED,4,40416,INR,2026-05-11 12:55:59,2026-05-11 13:46:59
RES104260,CHN001,CNF104260,GUEST104260,2026-05-12,2026-05-15,QUEEN,MEMBER,MEM_STD,CANCELLED,1,0,INR,2026-05-11 04:41:56,2026-05-11 06:56:56
RES104261,CHN001,CNF104261,GUEST104261,2026-05-23,2026-05-27,DLX,PKG,PKG_STD,MODIFIED,3,152676,INR,2026-05-11 03:41:34,2026-05-11 03:56:34
RES104262,CHN001,CNF104262,GUEST104262,2026-05-24,2026-05-27,DLX,MEMBER,MEM_STD,MODIFIED,1,13962,INR,2026-05-11 03:05:11,2026-05-11 04:35:11
RES104263,KOL001,CNF104263,GUEST104263,2026-07-04,2026-07-05,QUEEN,BAR,BAR_STD,BOOKED,4,14948,INR,2026-05-11 11:23:09,2026-05-11 12:09:09
RES104264,CHN001,CNF104264,GUEST104264,2026-06-23,2026-06-28,KING,BAR,BAR_STD,BOOKED,2,131870,INR,2026-05-11 21:51:39,2026-05-11 23:26:39
RES104265,BLR002,CNF104265,GUEST104265,2026-07-03,2026-07-07,KING,CORP,CORP_DLX,BOOKED,2,89320,INR,2026-05-11 15:06:32,2026-05-11 17:39:32
RES104266,CHA001,CNF104266,GUEST104266,2026-06-03,2026-06-08,STD,CORP,CORP_DLX,MODIFIED,3,187320,INR,2026-05-11 15:59:27,2026-05-11 18:38:27
RES104267,MUM002,CNF104267,GUEST104267,2026-06-02,2026-06-04,STD,PREPAY,PPR_DLX,CANCELLED,2,0,INR,2026-05-11 17:02:22,2026-05-11 17:17:22
RES104268,MUM001,CNF104268,GUEST104268,2026-06-09,2026-06-13,QUEEN,MEMBER,MEM_STD,MODIFIED,4,151824,INR,2026-05-11 20:00:26,2026-05-11 22:05:26
RES104269,MUM002,CNF104269,GUEST104269,2026-05-15,2026-05-19,STD,BAR,BAR_DLX,BOOKED,4,57904,INR,2026-05-11 11:14:58,2026-05-11 12:20:58
RES104270,MUM001,CNF104270,GUEST104270,2026-06-06,2026-06-11,KING,PREPAY,PPR_STD,CANCELLED,4,0,INR,2026-05-11 00:50:28,2026-05-11 01:38:28
RES104271,BLR002,CNF104271,GUEST104271,2026-07-01,2026-07-03,STD,PREPAY,PPR_DLX,BOOKED,1,20214,INR,2026-05-11 14:47:59,2026-05-11 17:19:59
RES104272,MUM001,CNF104272,GUEST104272,2026-06-27,2026-07-01,KING,PKG,PKG_DLX,BOOKED,4,214960,INR,2026-05-11 08:11:53,2026-05-11 11:01:53
RES104273,DEL002,CNF104273,GUEST104273,2026-06-29,2026-07-04,STE,PREPAY,PPR_DLX,BOOKED,1,54935,INR,2026-05-11 14:18:36,2026-05-11 14:44:36
RES104274,BLR001,CNF104274,GUEST104274,2026-06-23,2026-06-26,STD,CORP,CORP_DLX,CANCELLED,2,0,INR,2026-05-11 12:37:15,2026-05-11 13:37:15
RES104275,KER001,CNF104275,GUEST104275,2026-06-10,2026-06-11,QUEEN,MEMBER,MEM_DLX,MODIFIED,3,38208,INR,2026-05-11 18:16:06,2026-05-11 20:26:06
RES104276,HYD001,CNF104276,GUEST104276,2026-05-19,2026-05-24,DLX,BAR,BAR_STD,BOOKED,2,72480,INR,2026-05-11 15:19:50,2026-05-11 16:19:50
RES104277,MUM002,CNF104277,GUEST104277,2026-05-20,2026-05-23,KING,BAR,BAR_STD,CANCELLED,3,0,INR,2026-05-11 19:04:14,2026-05-11 20:47:14
RES104278,KER001,CNF104278,GUEST104278,2026-07-02,2026-07-05,STE,PKG,PKG_DLX,CANCELLED,4,0,INR,2026-05-11 04:24:49,2026-05-11 07:22:49
RES104279,CHN001,CNF104279,GUEST104279,2026-07-02,2026-07-06,KING,PKG,PKG_DLX,MODIFIED,4,182848,INR,2026-05-11 23:22:06,2026-05-12 01:44:06
RES104280,KER001,CNF104280,GUEST104280,2026-05-27,2026-05-30,KING,PREPAY,PPR_DLX,BOOKED,4,99552,INR,2026-05-11 04:24:39,2026-05-11 04:51:39
RES104281,MUM001,CNF104281,GUEST104281,2026-06-18,2026-06-21,STD,MEMBER,MEM_STD,MODIFIED,1,37560,INR,2026-05-11 19:11:32,2026-05-11 19:33:32
RES104282,BLR001,CNF104282,GUEST104282,2026-06-28,2026-07-02,DLX,MEMBER,MEM_STD,MODIFIED,1,56648,INR,2026-05-11 11:09:19,2026-05-11 13:23:19
RES104283,MUM001,CNF104283,GUEST104283,2026-06-02,2026-06-04,QUEEN,BAR,BAR_STD,MODIFIED,2,17968,INR,2026-05-11 01:21:59,2026-05-11 02:04:59
RES104284,KER001,CNF104284,GUEST104284,2026-05-17,2026-05-22,QUEEN,CORP,CORP_STD,MODIFIED,2,113690,INR,2026-05-11 07:03:30,2026-05-11 07:35:30
RES104285,DEL002,CNF104285,GUEST104285,2026-05-14,2026-05-15,QUEEN,CORP,CORP_DLX,CANCELLED,3,0,INR,2026-05-11 03:02:46,2026-05-11 05:42:46
RES104286,KOL001,CNF104286,GUEST104286,2026-07-02,2026-07-04,DLX,BAR,BAR_STD,CANCELLED,4,0,INR,2026-05-11 15:21:20,2026-05-11 16:58:20
RES104287,MUM002,CNF104287,GUEST104287,2026-05-29,2026-06-01,STE,BAR,BAR_DLX,CANCELLED,1,0,INR,2026-05-11 07:11:13,2026-05-11 09:38:13
RES104288,DEL002,CNF104288,GUEST104288,2026-05-23,2026-05-27,KING,MEMBER,MEM_STD,BOOKED,3,177876,INR,2026-05-11 18:07:59,2026-05-11 19:08:59
RES104289,MUM001,CNF104289,GUEST104289,2026-06-20,2026-06-24,DLX,BAR,BAR_STD,MODIFIED,4,192928,INR,2026-05-11 04:44:52,2026-05-11 07:28:52
RES104290,DEL001,CNF104290,GUEST104290,2026-05-29,2026-05-31,STD,MEMBER,MEM_DLX,CANCELLED,4,0,INR,2026-05-11 05:18:25,2026-05-11 06:54:25
RES104291,BLR001,CNF104291,GUEST104291,2026-05-28,2026-06-01,KING,MEMBER,MEM_STD,BOOKED,1,38088,INR,2026-05-11 22:46:29,2026-05-12 00:15:29
RES104292,CHN001,CNF104292,GUEST104292,2026-05-20,2026-05-24,QUEEN,PREPAY,PPR_STD,MODIFIED,3,92604,INR,2026-05-11 17:36:18,2026-05-11 19:22:18
RES104293,KOL001,CNF104293,GUEST104293,2026-05-21,2026-05-22,DLX,CORP,CORP_STD,CANCELLED,4,0,INR,2026-05-11 13:15:40,2026-05-11 15:04:40
RES104294,BLR001,CNF104294,GUEST104294,2026-07-08,2026-07-09,KING,CORP,CORP_DLX,BOOKED,1,11746,INR,2026-05-11 06:34:19,2026-05-11 09:15:19
RES104295,DEL002,CNF104295,GUEST104295,2026-06-10,2026-06-13,DLX,BAR,BAR_STD,CANCELLED,1,0,INR,2026-05-11 20:18:08,2026-05-11 22:15:08
RES104296,KOL001,CNF104296,GUEST104296,2026-06-06,2026-06-10,DLX,PREPAY,PPR_DLX,BOOKED,3,128928,INR,2026-05-11 09:42:28,2026-05-11 12:34:28
RES104297,DEL001,CNF104297,GUEST104297,2026-06-18,2026-06-19,DLX,MEMBER,MEM_DLX,CANCELLED,3,0,INR,2026-05-11 12:02:54,2026-05-11 13:50:54
RES104298,CHA001,CNF104298,GUEST104298,2026-06-19,2026-06-23,STE,PREPAY,PPR_STD,BOOKED,2,57864,INR,2026-05-11 00:57:57,2026-05-11 03:08:57
RES104299,DEL002,CNF104299,GUEST104299,2026-07-10,2026-07-14,KING,PREPAY,PPR_DLX,BOOKED,1,31136,INR,2026-05-11 23:39:22,2026-05-11 23:58:22
RES104300,MUM002,CNF104300,GUEST104300,2026-06-19,2026-06-24,STD,BAR,BAR_DLX,CANCELLED,3,0,INR,2026-05-11 11:01:57,2026-05-11 12:21:57
RES104301,DEL002,CNF104301,GUEST104301,2026-05-17,2026-05-22,STE,PREPAY,PPR_STD,BOOKED,2,63390,INR,2026-05-11 02:00:19,2026-05-11 03:52:19
RES104302,DEL002,CNF104302,GUEST104302,2026-05-16,2026-05-20,QUEEN,CORP,CORP_DLX,BOOKED,4,126016,INR,2026-05-11 17:54:33,2026-05-11 18:47:33
RES104303,BLR001,CNF104303,GUEST104303,2026-05-20,2026-05-22,DLX,PREPAY,PPR_DLX,MODIFIED,1,29492,INR,2026-05-11 01:50:23,2026-05-11 03:40:23
RES104304,KOL001,CNF104304,GUEST104304,2026-05-30,2026-06-02,KING,MEMBER,MEM_DLX,BOOKED,3,74367,INR,2026-05-11 14:43:45,2026-05-11 15:46:45
RES104305,KER001,CNF104305,GUEST104305,2026-06-08,2026-06-13,KING,PREPAY,PPR_STD,MODIFIED,2,100870,INR,2026-05-11 14:40:06,2026-05-11 17:11:06
RES104306,BLR001,CNF104306,GUEST104306,2026-06-26,2026-06-30,QUEEN,CORP,CORP_DLX,BOOKED,3,102264,INR,2026-05-11 05:18:54,2026-05-11 06:35:54
RES104307,HYD001,CNF104307,GUEST104307,2026-07-08,2026-07-10,KING,CORP,CORP_STD,MODIFIED,4,40792,INR,2026-05-11 16:32:48,2026-05-11 17:10:48
RES104308,KOL001,CNF104308,GUEST104308,2026-06-08,2026-06-09,DLX,MEMBER,MEM_DLX,BOOKED,3,21492,INR,2026-05-11 13:29:47,2026-05-11 15:17:47
RES104309,DEL002,CNF104309,GUEST104309,2026-06-07,2026-06-09,STD,CORP,CORP_DLX,CANCELLED,2,0,INR,2026-05-11 02:07:17,2026-05-11 03:18:17
RES104310,KER001,CNF104310,GUEST104310,2026-05-25,2026-05-28,DLX,CORP,CORP_STD,CANCELLED,1,0,INR,2026-05-11 01:08:08,2026-05-11 01:17:08
RES104311,MUM001,CNF104311,GUEST104311,2026-06-12,2026-06-13,QUEEN,CORP,CORP_STD,CANCELLED,2,0,INR,2026-05-11 13:31:00,2026-05-11 14:08:00
RES104312,CHN001,CNF104312,GUEST104312,2026-06-22,2026-06-27,DLX,MEMBER,MEM_DLX,CANCELLED,4,0,INR,2026-05-11 14:02:00,2026-05-11 14:20:00
RES104313,MUM001,CNF104313,GUEST104313,2026-07-09,2026-07-11,KING,PKG,PKG_STD,MODIFIED,2,23900,INR,2026-05-11 04:00:37,2026-05-11 04:07:37
RES104314,KER001,CNF104314,GUEST104314,2026-05-20,2026-05-22,STD,PKG,PKG_STD,MODIFIED,1,14622,INR,2026-05-11 18:23:25,2026-05-11 19:47:25
RES104315,CHN001,CNF104315,GUEST104315,2026-06-18,2026-06-19,QUEEN,BAR,BAR_STD,BOOKED,2,9878,INR,2026-05-11 01:53:23,2026-05-11 02:58:23
RES104316,MUM002,CNF104316,GUEST104316,2026-06-17,2026-06-20,KING,MEMBER,MEM_DLX,MODIFIED,4,42300,INR,2026-05-11 10:45:39,2026-05-11 13:22:39
RES104317,KOL001,CNF104317,GUEST104317,2026-07-06,2026-07-07,QUEEN,MEMBER,MEM_DLX,CANCELLED,3,0,INR,2026-05-11 14:49:50,2026-05-11 16:38:50
RES104318,KOL001,CNF104318,GUEST104318,2026-06-06,2026-06-08,DLX,CORP,CORP_DLX,BOOKED,1,14200,INR,2026-05-11 00:40:32,2026-05-11 02:08:32
RES104319,DEL002,CNF104319,GUEST104319,2026-05-31,2026-06-05,DLX,MEMBER,MEM_STD,BOOKED,3,59805,INR,2026-05-11 10:02:51,2026-05-11 12:39:51
RES104320,MUM001,CNF104320,GUEST104320,2026-06-22,2026-06-26,STE,MEMBER,MEM_DLX,MODIFIED,1,59168,INR,2026-05-11 11:02:21,2026-05-11 13:16:21
RES104321,BLR001,CNF104321,GUEST104321,2026-05-20,2026-05-22,STE,PKG,PKG_STD,MODIFIED,2,46500,INR,2026-05-11 11:59:29,2026-05-11 12:56:29
RES104322,KOL001,CNF104322,GUEST104322,2026-06-27,2026-06-30,QUEEN,BAR,BAR_STD,MODIFIED,1,36897,INR,2026-05-11 03:55:57,2026-05-11 05:44:57
RES104323,BLR002,CNF104323,GUEST104323,2026-05-21,2026-05-24,STD,PKG,PKG_STD,CANCELLED,4,0,INR,2026-05-11 20:32:21,2026-05-11 23:00:21
RES104324,DEL002,CNF104324,GUEST104324,2026-05-19,2026-05-21,QUEEN,PREPAY,PPR_DLX,BOOKED,3,36732,INR,2026-05-11 04:04:49,2026-05-11 06:00:49
RES104325,HYD001,CNF104325,GUEST104325,2026-06-02,2026-06-07,QUEEN,BAR,BAR_STD,MODIFIED,2,149760,INR,2026-05-11 04:56:02,2026-05-11 06:47:02
RES104326,DEL002,CNF104326,GUEST104326,2026-06-16,2026-06-20,DLX,PKG,PKG_STD,CANCELLED,4,0,INR,2026-05-11 14:42:41,2026-05-11 15:37:41
RES104327,KOL001,CNF104327,GUEST104327,2026-06-19,2026-06-21,QUEEN,BAR,BAR_DLX,BOOKED,4,77008,INR,2026-05-11 19:28:53,2026-05-11 20:32:53
RES104328,DEL002,CNF104328,GUEST104328,2026-06-25,2026-06-28,KING,BAR,BAR_STD,BOOKED,4,80352,INR,2026-05-11 21:38:56,2026-05-11 22:08:56
RES104329,HYD001,CNF104329,GUEST104329,2026-07-09,2026-07-12,QUEEN,PREPAY,PPR_DLX,CANCELLED,3,0,INR,2026-05-11 17:26:38,2026-05-11 17:26:38
RES104330,CHA001,CNF104330,GUEST104330,2026-05-27,2026-06-01,STD,MEMBER,MEM_STD,CANCELLED,3,0,INR,2026-05-11 14:48:42,2026-05-11 16:05:42
RES104331,MUM002,CNF104331,GUEST104331,2026-05-24,2026-05-28,STE,CORP,CORP_STD,BOOKED,1,17324,INR,2026-05-11 13:52:43,2026-05-11 16:48:43
RES104332,MUM001,CNF104332,GUEST104332,2026-06-23,2026-06-26,KING,MEMBER,MEM_STD,BOOKED,4,171072,INR,2026-05-11 07:59:47,2026-05-11 09:29:47
RES104333,DEL001,CNF104333,GUEST104333,2026-07-01,2026-07-02,QUEEN,PKG,PKG_STD,BOOKED,3,33396,INR,2026-05-11 19:11:26,2026-05-11 19:33:26
RES104334,MUM002,CNF104334,GUEST104334,2026-06-01,2026-06-03,KING,BAR,BAR_DLX,MODIFIED,1,14048,INR,2026-05-11 12:20:36,2026-05-11 13:31:36
RES104335,CHN001,CNF104335,GUEST104335,2026-06-24,2026-06-28,QUEEN,BAR,BAR_DLX,BOOKED,1,45528,INR,2026-05-11 16:22:45,2026-05-11 16:56:45
RES104336,KER001,CNF104336,GUEST104336,2026-05-16,2026-05-21,KING,PREPAY,PPR_DLX,MODIFIED,2,120810,INR,2026-05-11 13:57:18,2026-05-11 16:56:18
RES104337,KOL001,CNF104337,GUEST104337,2026-06-20,2026-06-21,STE,BAR,BAR_STD,MODIFIED,3,40230,INR,2026-05-11 11:22:09,2026-05-11 14:05:09
RES104338,MUM002,CNF104338,GUEST104338,2026-07-04,2026-07-05,QUEEN,PREPAY,PPR_STD,MODIFIED,3,44289,INR,2026-05-11 00:16:20,2026-05-11 02:11:20
RES104339,KER001,CNF104339,GUEST104339,2026-06-15,2026-06-18,STE,MEMBER,MEM_DLX,MODIFIED,4,144888,INR,2026-05-11 18:31:31,2026-05-11 21:24:31
RES104340,MUM001,CNF104340,GUEST104340,2026-06-07,2026-06-11,KING,PKG,PKG_STD,MODIFIED,2,87120,INR,2026-05-11 22:46:10,2026-05-11 23:34:10
RES104341,CHN001,CNF104341,GUEST104341,2026-05-29,2026-06-03,DLX,PREPAY,PPR_DLX,MODIFIED,2,125580,INR,2026-05-11 16:09:42,2026-05-11 19:03:42
RES104342,DEL002,CNF104342,GUEST104342,2026-06-29,2026-07-02,KING,BAR,BAR_DLX,MODIFIED,1,44658,INR,2026-05-11 00:07:03,2026-05-11 01:21:03
RES104343,KER001,CNF104343,GUEST104343,2026-05-18,2026-05-19,STD,CORP,CORP_STD,CANCELLED,2,0,INR,2026-05-11 00:15:31,2026-05-11 02:32:31
RES104344,KOL001,CNF104344,GUEST104344,2026-06-13,2026-06-14,KING,PKG,PKG_DLX,CANCELLED,2,0,INR,2026-05-11 17:06:48,2026-05-11 20:06:48
RES104345,BLR001,CNF104345,GUEST104345,2026-07-05,2026-07-10,STE,MEMBER,MEM_DLX,BOOKED,1,58850,INR,2026-05-11 02:35:24,2026-05-11 03:39:24
RES104346,KOL001,CNF104346,GUEST104346,2026-07-01,2026-07-02,DLX,CORP,CORP_STD,CANCELLED,3,0,INR,2026-05-11 13:00:47,2026-05-11 15:12:47
RES104347,KER001,CNF104347,GUEST104347,2026-05-12,2026-05-15,DLX,PKG,PKG_STD,MODIFIED,4,100896,INR,2026-05-11 23:22:56,2026-05-11 23:36:56
RES104348,MUM001,CNF104348,GUEST104348,2026-06-24,2026-06-27,DLX,MEMBER,MEM_STD,CANCELLED,4,0,INR,2026-05-11 14:46:00,2026-05-11 17:06:00
RES104349,BLR002,CNF104349,GUEST104349,2026-06-01,2026-06-02,STE,PKG,PKG_DLX,MODIFIED,3,14553,INR,2026-05-11 03:50:07,2026-05-11 05:30:07
RES104350,MUM002,CNF104350,GUEST104350,2026-07-06,2026-07-07,DLX,CORP,CORP_STD,CANCELLED,4,0,INR,2026-05-11 05:34:52,2026-05-11 06:13:52
RES104351,KER001,CNF104351,GUEST104351,2026-06-10,2026-06-11,KING,PKG,PKG_DLX,MODIFIED,2,15088,INR,2026-05-11 18:11:22,2026-05-11 20:16:22
RES104352,BLR002,CNF104352,GUEST104352,2026-06-08,2026-06-11,QUEEN,BAR,BAR_DLX,MODIFIED,1,12279,INR,2026-05-11 08:26:27,2026-05-11 11:07:27
RES104353,MUM001,CNF104353,GUEST104353,2026-06-30,2026-07-02,STE,PREPAY,PPR_DLX,CANCELLED,1,0,INR,2026-05-11 02:20:12,2026-05-11 03:38:12
RES104354,KER001,CNF104354,GUEST104354,2026-07-07,2026-07-10,DLX,BAR,BAR_STD,CANCELLED,2,0,INR,2026-05-11 11:52:09,2026-05-11 13:43:09
RES104355,MUM002,CNF104355,GUEST104355,2026-06-02,2026-06-03,KING,CORP,CORP_STD,BOOKED,1,10621,INR,2026-05-11 10:10:16,2026-05-11 12:55:16
RES104356,BLR002,CNF104356,GUEST104356,2026-05-29,2026-05-31,QUEEN,PKG,PKG_STD,MODIFIED,3,42246,INR,2026-05-11 01:17:45,2026-05-11 02:11:45
RES104357,CHN001,CNF104357,GUEST104357,2026-05-13,2026-05-17,STE,CORP,CORP_DLX,BOOKED,1,35608,INR,2026-05-11 14:25:51,2026-05-11 16:29:51
RES104358,DEL001,CNF104358,GUEST104358,2026-06-15,2026-06-17,STE,PREPAY,PPR_DLX,BOOKED,3,79224,INR,2026-05-11 22:49:15,2026-05-12 01:32:15
RES104359,KOL001,CNF104359,GUEST104359,2026-06-28,2026-07-01,QUEEN,PKG,PKG_DLX,BOOKED,2,28878,INR,2026-05-11 04:59:22,2026-05-11 07:34:22
RES104360,CHN001,CNF104360,GUEST104360,2026-05-22,2026-05-23,DLX,PREPAY,PPR_DLX,CANCELLED,2,0,INR,2026-05-11 04:12:04,2026-05-11 05:25:04
RES104361,BLR001,CNF104361,GUEST104361,2026-06-14,2026-06-17,STE,BAR,BAR_DLX,CANCELLED,4,0,INR,2026-05-11 18:18:18,2026-05-11 18:40:18
RES104362,MUM001,CNF104362,GUEST104362,2026-06-18,2026-06-20,QUEEN,CORP,CORP_DLX,CANCELLED,3,0,INR,2026-05-11 06:38:28,2026-05-11 08:33:28
RES104363,DEL002,CNF104363,GUEST104363,2026-05-28,2026-05-30,DLX,PREPAY,PPR_DLX,MODIFIED,4,115208,INR,2026-05-11 22:32:06,2026-05-11 23:22:06
RES104364,KOL001,CNF104364,GUEST104364,2026-06-03,2026-06-04,STD,PREPAY,PPR_DLX,MODIFIED,4,17460,INR,2026-05-11 20:10:23,2026-05-11 23:01:23
RES104365,MUM001,CNF104365,GUEST104365,2026-05-24,2026-05-27,QUEEN,CORP,CORP_STD,CANCELLED,4,0,INR,2026-05-11 16:37:53,2026-05-11 18:54:53
RES104366,CHA001,CNF104366,GUEST104366,2026-07-03,2026-07-08,QUEEN,PREPAY,PPR_DLX,CANCELLED,1,0,INR,2026-05-11 17:54:46,2026-05-11 18:22:46
RES104367,CHN001,CNF104367,GUEST104367,2026-06-27,2026-07-02,STD,MEMBER,MEM_DLX,MODIFIED,4,182660,INR,2026-05-11 12:44:07,2026-05-11 13:29:07
RES104368,MUM001,CNF104368,GUEST104368,2026-06-14,2026-06-18,DLX,MEMBER,MEM_STD,CANCELLED,1,0,INR,2026-05-11 08:04:27,2026-05-11 09:54:27
RES104369,MUM001,CNF104369,GUEST104369,2026-06-08,2026-06-12,STE,CORP,CORP_STD,BOOKED,1,52960,INR,2026-05-11 04:41:03,2026-05-11 06:40:03
RES104370,DEL002,CNF104370,GUEST104370,2026-07-02,2026-07-04,DLX,MEMBER,MEM_STD,CANCELLED,1,0,INR,2026-05-11 23:45:55,2026-05-12 01:39:55
RES104371,KER001,CNF104371,GUEST104371,2026-06-21,2026-06-22,QUEEN,PKG,PKG_DLX,BOOKED,2,26024,INR,2026-05-11 12:42:40,2026-05-11 13:31:40
RES104372,MUM002,CNF104372,GUEST104372,2026-05-19,2026-05-22,QUEEN,PREPAY,PPR_STD,MODIFIED,2,35496,INR,2026-05-11 15:46:02,2026-05-11 16:15:02
RES104373,CHN001,CNF104373,GUEST104373,2026-05-24,2026-05-29,STD,MEMBER,MEM_DLX,BOOKED,4,135760,INR,2026-05-11 20:03:19,2026-05-11 22:59:19
RES104374,DEL002,CNF104374,GUEST104374,2026-07-07,2026-07-10,STD,MEMBER,MEM_DLX,BOOKED,2,53244,INR,2026-05-11 16:00:16,2026-05-11 16:09:16
RES104375,DEL001,CNF104375,GUEST104375,2026-05-21,2026-05-24,QUEEN,PREPAY,PPR_STD,MODIFIED,2,64398,INR,2026-05-11 13:25:29,2026-05-11 14:14:29
RES104376,HYD001,CNF104376,GUEST104376,2026-05-31,2026-06-02,STE,CORP,CORP_STD,CANCELLED,2,0,INR,2026-05-11 11:56:16,2026-05-11 12:08:16
RES104377,BLR002,CNF104377,GUEST104377,2026-06-10,2026-06-11,QUEEN,BAR,BAR_DLX,MODIFIED,1,5507,INR,2026-05-11 16:06:39,2026-05-11 18:27:39
RES104378,BLR001,CNF104378,GUEST104378,2026-05-23,2026-05-26,QUEEN,BAR,BAR_STD,CANCELLED,2,0,INR,2026-05-11 08:28:59,2026-05-11 11:05:59
RES104379,CHN001,CNF104379,GUEST104379,2026-06-04,2026-06-06,STE,BAR,BAR_DLX,MODIFIED,2,24552,INR,2026-05-11 06:29:38,2026-05-11 06:44:38
RES104380,HYD001,CNF104380,GUEST104380,2026-06-28,2026-07-03,QUEEN,PKG,PKG_STD,MODIFIED,3,55905,INR,2026-05-11 14:07:31,2026-05-11 14:37:31
RES104381,CHN001,CNF104381,GUEST104381,2026-05-16,2026-05-21,STE,PREPAY,PPR_DLX,CANCELLED,3,0,INR,2026-05-11 16:06:06,2026-05-11 16:12:06
RES104382,MUM002,CNF104382,GUEST104382,2026-05-15,2026-05-20,DLX,BAR,BAR_DLX,CANCELLED,3,0,INR,2026-05-11 06:24:49,2026-05-11 08:07:49
RES104383,KOL001,CNF104383,GUEST104383,2026-05-21,2026-05-24,STE,PREPAY,PPR_DLX,BOOKED,4,120876,INR,2026-05-11 01:04:15,2026-05-11 02:01:15
RES104384,KOL001,CNF104384,GUEST104384,2026-06-10,2026-06-13,DLX,PREPAY,PPR_DLX,BOOKED,1,15912,INR,2026-05-11 07:56:22,2026-05-11 09:54:22
RES104385,BLR002,CNF104385,GUEST104385,2026-07-02,2026-07-07,QUEEN,MEMBER,MEM_DLX,MODIFIED,2,145240,INR,2026-05-11 13:43:21,2026-05-11 16:04:21
RES104386,CHA001,CNF104386,GUEST104386,2026-06-22,2026-06-24,DLX,BAR,BAR_STD,BOOKED,4,53784,INR,2026-05-11 10:35:01,2026-05-11 12:16:01
RES104387,CHN001,CNF104387,GUEST104387,2026-05-24,2026-05-29,STD,PKG,PKG_DLX,BOOKED,3,171210,INR,2026-05-11 21:04:37,2026-05-11 22:27:37
RES104388,KER001,CNF104388,GUEST104388,2026-05-27,2026-05-28,QUEEN,MEMBER,MEM_STD,MODIFIED,4,17644,INR,2026-05-11 03:43:10,2026-05-11 05:17:10
RES104389,BLR002,CNF104389,GUEST104389,2026-06-25,2026-06-28,KING,PKG,PKG_DLX,MODIFIED,3,68139,INR,2026-05-11 22:46:31,2026-05-11 23:46:31
RES104390,MUM002,CNF104390,GUEST104390,2026-06-25,2026-06-28,STD,PKG,PKG_DLX,MODIFIED,1,13629,INR,2026-05-11 06:50:01,2026-05-11 07:14:01
RES104391,KER001,CNF104391,GUEST104391,2026-07-03,2026-07-04,DLX,BAR,BAR_STD,MODIFIED,4,43664,INR,2026-05-11 08:42:06,2026-05-11 10:02:06
RES104392,CHA001,CNF104392,GUEST104392,2026-06-14,2026-06-19,QUEEN,CORP,CORP_DLX,MODIFIED,4,233880,INR,2026-05-11 06:14:22,2026-05-11 07:36:22
RES104393,HYD001,CNF104393,GUEST104393,2026-06-12,2026-06-13,DLX,PKG,PKG_DLX,BOOKED,1,10107,INR,2026-05-11 04:34:01,2026-05-11 07:22:01
RES104394,HYD001,CNF104394,GUEST104394,2026-06-01,2026-06-02,STE,CORP,CORP_DLX,CANCELLED,2,0,INR,2026-05-11 19:03:56,2026-05-11 21:04:56
RES104395,KOL001,CNF104395,GUEST104395,2026-06-09,2026-06-13,QUEEN,PREPAY,PPR_STD,BOOKED,2,114744,INR,2026-05-11 04:03:48,2026-05-11 05:00:48
RES104396,DEL002,CNF104396,GUEST104396,2026-05-24,2026-05-25,STD,CORP,CORP_DLX,CANCELLED,2,0,INR,2026-05-11 18:26:56,2026-05-11 19:48:56
RES104397,DEL002,CNF104397,GUEST104397,2026-06-02,2026-06-05,KING,MEMBER,MEM_STD,BOOKED,4,56856,INR,2026-05-11 20:44:49,2026-05-11 23:16:49
RES104398,BLR001,CNF104398,GUEST104398,2026-06-21,2026-06-22,DLX,CORP,CORP_STD,MODIFIED,4,33228,INR,2026-05-11 23:49:25,2026-05-12 00:20:25
RES104399,KOL001,CNF104399,GUEST104399,2026-06-21,2026-06-23,QUEEN,CORP,CORP_DLX,BOOKED,2,43260,INR,2026-05-11 18:41:12,2026-05-11 21:24:12
RES104400,MUM002,CNF104400,GUEST104400,2026-07-02,2026-07-05,KING,PREPAY,PPR_DLX,MODIFIED,2,31896,INR,2026-05-11 09:45:26,2026-05-11 11:58:26
RES104401,DEL001,CNF104401,GUEST104401,2026-06-14,2026-06-15,QUEEN,PREPAY,PPR_DLX,MODIFIED,3,16290,INR,2026-05-11 07:56:10,2026-05-11 10:12:10
RES104402,BLR001,CNF104402,GUEST104402,2026-06-09,2026-06-10,KING,PREPAY,PPR_STD,CANCELLED,4,0,INR,2026-05-11 10:45:03,2026-05-11 12:34:03
RES104403,KOL001,CNF104403,GUEST104403,2026-05-17,2026-05-22,QUEEN,CORP,CORP_STD,CANCELLED,2,0,INR,2026-05-11 16:02:36,2026-05-11 17:04:36
RES104404,BLR001,CNF104404,GUEST104404,2026-06-09,2026-06-13,KING,PKG,PKG_DLX,CANCELLED,4,0,INR,2026-05-11 04:45:18,2026-05-11 05:14:18
RES104405,HYD001,CNF104405,GUEST104405,2026-06-09,2026-06-14,DLX,PKG,PKG_STD,BOOKED,4,134920,INR,2026-05-11 17:24:16,2026-05-11 19:53:16
RES104406,KOL001,CNF104406,GUEST104406,2026-07-06,2026-07-11,QUEEN,CORP,CORP_DLX,CANCELLED,4,0,INR,2026-05-11 07:12:18,2026-05-11 08:15:18
RES104407,CHN001,CNF104407,GUEST104407,2026-06-11,2026-06-15,KING,MEMBER,MEM_DLX,MODIFIED,3,56304,INR,2026-05-11 15:04:09,2026-05-11 15:57:09
RES104408,CHN001,CNF104408,GUEST104408,2026-06-29,2026-06-30,DLX,CORP,CORP_STD,CANCELLED,1,0,INR,2026-05-11 10:06:14,2026-05-11 11:42:14
RES104409,KER001,CNF104409,GUEST104409,2026-06-08,2026-06-09,DLX,BAR,BAR_DLX,BOOKED,1,14953,INR,2026-05-11 10:24:32,2026-05-11 12:58:32
RES104410,BLR002,CNF104410,GUEST104410,2026-05-13,2026-05-15,DLX,BAR,BAR_STD,BOOKED,1,24838,INR,2026-05-11 12:49:14,2026-05-11 14:15:14
RES104411,MUM001,CNF104411,GUEST104411,2026-07-02,2026-07-06,STE,PREPAY,PPR_STD,MODIFIED,4,154928,INR,2026-05-11 00:45:09,2026-05-11 02:08:09
RES104412,MUM001,CNF104412,GUEST104412,2026-05-18,2026-05-23,DLX,MEMBER,MEM_STD,MODIFIED,4,98820,INR,2026-05-11 13:39:34,2026-05-11 14:46:34
RES104413,CHN001,CNF104413,GUEST104413,2026-06-25,2026-06-28,DLX,PREPAY,PPR_DLX,CANCELLED,3,0,INR,2026-05-11 12:08:08,2026-05-11 14:26:08
RES104414,BLR002,CNF104414,GUEST104414,2026-06-30,2026-07-01,QUEEN,PKG,PKG_DLX,BOOKED,1,4741,INR,2026-05-11 14:02:14,2026-05-11 14:34:14
RES104415,MUM001,CNF104415,GUEST104415,2026-07-09,2026-07-12,KING,MEMBER,MEM_STD,CANCELLED,3,0,INR,2026-05-11 04:05:32,2026-05-11 06:21:32
RES104416,CHN001,CNF104416,GUEST104416,2026-06-14,2026-06-17,STE,MEMBER,MEM_STD,MODIFIED,1,15393,INR,2026-05-11 06:35:59,2026-05-11 07:58:59
RES104417,KOL001,CNF104417,GUEST104417,2026-07-07,2026-07-08,QUEEN,MEMBER,MEM_DLX,MODIFIED,1,13412,INR,2026-05-11 10:41:17,2026-05-11 12:18:17
RES104418,CHA001,CNF104418,GUEST104418,2026-06-08,2026-06-11,DLX,PKG,PKG_DLX,MODIFIED,4,160704,INR,2026-05-11 18:28:03,2026-05-11 20:12:03
RES104419,HYD001,CNF104419,GUEST104419,2026-07-03,2026-07-04,QUEEN,PKG,PKG_DLX,MODIFIED,3,26940,INR,2026-05-11 21:38:16,2026-05-11 23:39:16
RES104420,BLR001,CNF104420,GUEST104420,2026-07-09,2026-07-14,STD,PKG,PKG_DLX,MODIFIED,3,101280,INR,2026-05-11 11:54:05,2026-05-11 13:58:05
RES104421,CHN001,CNF104421,GUEST104421,2026-05-16,2026-05-19,STD,CORP,CORP_DLX,CANCELLED,3,0,INR,2026-05-11 10:56:40,2026-05-11 13:36:40
RES104422,CHA001,CNF104422,GUEST104422,2026-06-11,2026-06-13,DLX,BAR,BAR_DLX,BOOKED,4,45144,INR,2026-05-11 00:35:40,2026-05-11 02:43:40
RES104423,KOL001,CNF104423,GUEST104423,2026-06-12,2026-06-14,STE,PREPAY,PPR_DLX,CANCELLED,4,0,INR,2026-05-11 02:46:10,2026-05-11 04:43:10
RES104424,DEL001,CNF104424,GUEST104424,2026-06-08,2026-06-11,KING,MEMBER,MEM_STD,CANCELLED,3,0,INR,2026-05-11 15:34:31,2026-05-11 17:21:31
RES104425,DEL002,CNF104425,GUEST104425,2026-06-27,2026-07-01,STE,MEMBER,MEM_STD,CANCELLED,3,0,INR,2026-05-11 18:35:33,2026-05-11 19:51:33
RES104426,DEL002,CNF104426,GUEST104426,2026-06-08,2026-06-10,QUEEN,PKG,PKG_STD,MODIFIED,2,16036,INR,2026-05-11 00:14:14,2026-05-11 02:00:14
RES104427,KOL001,CNF104427,GUEST104427,2026-05-29,2026-06-03,STE,MEMBER,MEM_DLX,MODIFIED,4,107020,INR,2026-05-11 17:58:28,2026-05-11 19:01:28
RES104428,KOL001,CNF104428,GUEST104428,2026-06-24,2026-06-25,DLX,PKG,PKG_DLX,MODIFIED,4,55536,INR,2026-05-11 05:17:02,2026-05-11 07:13:02
RES104429,HYD001,CNF104429,GUEST104429,2026-07-04,2026-07-05,KING,MEMBER,MEM_STD,MODIFIED,4,18148,INR,2026-05-11 04:19:36,2026-05-11 04:44:36
RES104430,BLR002,CNF104430,GUEST104430,2026-05-20,2026-05-24,KING,PKG,PKG_STD,CANCELLED,1,0,INR,2026-05-11 02:14:49,2026-05-11 02:44:49
RES104431,MUM002,CNF104431,GUEST104431,2026-07-08,2026-07-11,KING,MEMBER,MEM_DLX,BOOKED,1,22281,INR,2026-05-11 06:14:19,2026-05-11 08:15:19
RES104432,HYD001,CNF104432,GUEST104432,2026-07-09,2026-07-13,QUEEN,CORP,CORP_STD,CANCELLED,3,0,INR,2026-05-11 19:10:27,2026-05-11 21:04:27
RES104433,MUM002,CNF104433,GUEST104433,2026-06-18,2026-06-21,STE,MEMBER,MEM_DLX,BOOKED,1,27540,INR,2026-05-11 12:24:55,2026-05-11 12:29:55
RES104434,BLR001,CNF104434,GUEST104434,2026-06-17,2026-06-19,KING,PKG,PKG_DLX,BOOKED,2,18504,INR,2026-05-11 07:26:00,2026-05-11 10:12:00
RES104435,KER001,CNF104435,GUEST104435,2026-05-26,2026-05-29,STE,BAR,BAR_STD,CANCELLED,1,0,INR,2026-05-11 20:59:42,2026-05-11 21:54:42
RES104436,KER001,CNF104436,GUEST104436,2026-05-14,2026-05-19,STD,PKG,PKG_STD,CANCELLED,3,0,INR,2026-05-11 18:40:53,2026-05-11 21:28:53
RES104437,MUM001,CNF104437,GUEST104437,2026-06-02,2026-06-07,QUEEN,MEMBER,MEM_DLX,CANCELLED,1,0,INR,2026-05-11 02:05:42,2026-05-11 03:57:42
RES104438,MUM001,CNF104438,GUEST104438,2026-06-14,2026-06-18,DLX,CORP,CORP_STD,BOOKED,1,28428,INR,2026-05-11 15:47:19,2026-05-11 17:19:19
RES104439,CHA001,CNF104439,GUEST104439,2026-05-27,2026-05-29,STE,BAR,BAR_DLX,CANCELLED,1,0,INR,2026-05-11 20:29:32,2026-05-11 21:34:32
RES104440,MUM001,CNF104440,GUEST104440,2026-06-03,2026-06-07,KING,PKG,PKG_DLX,MODIFIED,3,67500,INR,2026-05-11 15:47:04,2026-05-11 17:24:04
RES104441,KER001,CNF104441,GUEST104441,2026-05-26,2026-05-28,QUEEN,PKG,PKG_DLX,BOOKED,3,49410,INR,2026-05-11 10:16:56,2026-05-11 11:38:56
RES104442,KOL001,CNF104442,GUEST104442,2026-06-13,2026-06-15,QUEEN,CORP,CORP_DLX,MODIFIED,3,62568,INR,2026-05-11 08:23:35,2026-05-11 09:20:35
RES104443,DEL002,CNF104443,GUEST104443,2026-05-31,2026-06-01,STE,PKG,PKG_STD,BOOKED,2,7834,INR,2026-05-11 01:05:43,2026-05-11 03:40:43
RES104444,CHN001,CNF104444,GUEST104444,2026-05-12,2026-05-14,KING,PKG,PKG_DLX,MODIFIED,1,12740,INR,2026-05-11 11:46:32,2026-05-11 13:26:32
RES104445,MUM001,CNF104445,GUEST104445,2026-06-05,2026-06-06,STE,BAR,BAR_DLX,MODIFIED,2,27528,INR,2026-05-11 20:42:16,2026-05-11 23:40:16
RES104446,MUM001,CNF104446,GUEST104446,2026-06-25,2026-06-27,STE,BAR,BAR_DLX,MODIFIED,4,84304,INR,2026-05-11 00:25:11,2026-05-11 01:33:11
RES104447,CHA001,CNF104447,GUEST104447,2026-05-27,2026-05-30,QUEEN,PREPAY,PPR_STD,BOOKED,1,20790,INR,2026-05-11 16:28:28,2026-05-11 17:22:28
RES104448,HYD001,CNF104448,GUEST104448,2026-06-02,2026-06-04,KING,CORP,CORP_DLX,BOOKED,1,13970,INR,2026-05-11 22:23:56,2026-05-12 00:46:56
RES104449,CHA001,CNF104449,GUEST104449,2026-06-18,2026-06-20,STD,PKG,PKG_DLX,CANCELLED,4,0,INR,2026-05-11 10:47:54,2026-05-11 11:44:54
RES104450,BLR002,CNF104450,GUEST104450,2026-06-30,2026-07-04,STD,PREPAY,PPR_DLX,CANCELLED,1,0,INR,2026-05-11 20:46:30,2026-05-11 22:54:30
RES104451,CHA001,CNF104451,GUEST104451,2026-05-27,2026-05-28,DLX,PKG,PKG_DLX,MODIFIED,3,37662,INR,2026-05-11 20:11:21,2026-05-11 22:22:21
RES104452,DEL002,CNF104452,GUEST104452,2026-06-09,2026-06-11,QUEEN,PKG,PKG_STD,BOOKED,4,96520,INR,2026-05-11 17:10:15,2026-05-11 19:14:15
RES104453,BLR002,CNF104453,GUEST104453,2026-07-05,2026-07-09,DLX,MEMBER,MEM_DLX,CANCELLED,1,0,INR,2026-05-11 20:31:30,2026-05-11 22:25:30
RES104454,BLR002,CNF104454,GUEST104454,2026-06-26,2026-06-30,STD,BAR,BAR_DLX,CANCELLED,2,0,INR,2026-05-11 15:25:39,2026-05-11 17:31:39
RES104455,KER001,CNF104455,GUEST104455,2026-06-14,2026-06-15,DLX,BAR,BAR_DLX,CANCELLED,3,0,INR,2026-05-11 09:31:32,2026-05-11 11:27:32
RES104456,HYD001,CNF104456,GUEST104456,2026-05-31,2026-06-04,QUEEN,PKG,PKG_DLX,CANCELLED,3,0,INR,2026-05-11 14:10:37,2026-05-11 17:05:37
RES104457,CHA001,CNF104457,GUEST104457,2026-06-02,2026-06-03,QUEEN,PKG,PKG_DLX,CANCELLED,1,0,INR,2026-05-11 09:40:59,2026-05-11 11:02:59
RES104458,CHA001,CNF104458,GUEST104458,2026-05-30,2026-06-02,DLX,MEMBER,MEM_STD,BOOKED,4,176472,INR,2026-05-11 05:53:11,2026-05-11 07:47:11
RES104459,KER001,CNF104459,GUEST104459,2026-05-29,2026-05-31,DLX,CORP,CORP_STD,CANCELLED,1,0,INR,2026-05-11 07:21:03,2026-05-11 07:24:03
RES104460,DEL001,CNF104460,GUEST104460,2026-05-12,2026-05-15,STD,CORP,CORP_STD,MODIFIED,4,49788,INR,2026-05-11 23:01:09,2026-05-11 23:42:09
RES104461,MUM002,CNF104461,GUEST104461,2026-05-12,2026-05-15,QUEEN,BAR,BAR_DLX,MODIFIED,3,85635,INR,2026-05-11 22:42:07,2026-05-12 00:47:07
RES104462,DEL001,CNF104462,GUEST104462,2026-06-14,2026-06-19,QUEEN,CORP,CORP_STD,MODIFIED,3,187095,INR,2026-05-11 19:01:14,2026-05-11 21:48:14
RES104463,MUM002,CNF104463,GUEST104463,2026-06-11,2026-06-15,DLX,CORP,CORP_STD,MODIFIED,2,103960,INR,2026-05-11 05:50:10,2026-05-11 06:41:10
RES104464,MUM001,CNF104464,GUEST104464,2026-05-13,2026-05-16,DLX,BAR,BAR_DLX,BOOKED,1,22245,INR,2026-05-11 16:03:54,2026-05-11 16:55:54
RES104465,KOL001,CNF104465,GUEST104465,2026-06-15,2026-06-20,QUEEN,CORP,CORP_STD,BOOKED,1,45845,INR,2026-05-11 06:25:02,2026-05-11 09:02:02
RES104466,KOL001,CNF104466,GUEST104466,2026-05-25,2026-05-28,STE,PKG,PKG_STD,MODIFIED,1,23649,INR,2026-05-11 20:43:18,2026-05-11 21:08:18
RES104467,DEL002,CNF104467,GUEST104467,2026-05-25,2026-05-30,QUEEN,PKG,PKG_DLX,MODIFIED,1,67555,INR,2026-05-11 01:26:41,2026-05-11 01:38:41
RES104468,KER001,CNF104468,GUEST104468,2026-07-08,2026-07-10,KING,MEMBER,MEM_STD,MODIFIED,4,33480,INR,2026-05-11 01:35:43,2026-05-11 04:20:43
RES104469,BLR002,CNF104469,GUEST104469,2026-07-05,2026-07-06,DLX,PREPAY,PPR_DLX,MODIFIED,2,21150,INR,2026-05-11 10:11:32,2026-05-11 12:21:32
RES104470,DEL001,CNF104470,GUEST104470,2026-06-29,2026-07-01,DLX,PKG,PKG_DLX,CANCELLED,2,0,INR,2026-05-11 03:59:11,2026-05-11 04:07:11
RES104471,DEL001,CNF104471,GUEST104471,2026-05-16,2026-05-21,KING,PKG,PKG_DLX,MODIFIED,3,164460,INR,2026-05-11 23:18:03,2026-05-11 23:58:03
RES104472,DEL002,CNF104472,GUEST104472,2026-06-20,2026-06-25,STE,PKG,PKG_DLX,CANCELLED,3,0,INR,2026-05-11 00:17:47,2026-05-11 01:46:47
RES104473,DEL002,CNF104473,GUEST104473,2026-05-25,2026-05-26,QUEEN,BAR,BAR_STD,CANCELLED,3,0,INR,2026-05-11 00:38:31,2026-05-11 00:50:31
RES104474,BLR001,CNF104474,GUEST104474,2026-07-05,2026-07-07,QUEEN,CORP,CORP_STD,BOOKED,1,11804,INR,2026-05-11 17:17:48,2026-05-11 20:03:48
RES104475,BLR001,CNF104475,GUEST104475,2026-07-01,2026-07-02,KING,PKG,PKG_STD,BOOKED,3,15876,INR,2026-05-11 23:36:31,2026-05-12 00:23:31
RES104476,KOL001,CNF104476,GUEST104476,2026-06-17,2026-06-20,STE,BAR,BAR_STD,CANCELLED,2,0,INR,2026-05-11 03:41:13,2026-05-11 04:39:13
RES104477,KER001,CNF104477,GUEST104477,2026-06-06,2026-06-07,DLX,MEMBER,MEM_STD,MODIFIED,1,10189,INR,2026-05-11 06:10:19,2026-05-11 06:51:19
RES104478,HYD001,CNF104478,GUEST104478,2026-05-12,2026-05-14,KING,PKG,PKG_STD,MODIFIED,2,41976,INR,2026-05-11 16:29:48,2026-05-11 17:58:48
RES104479,BLR002,CNF104479,GUEST104479,2026-06-05,2026-06-10,STD,MEMBER,MEM_DLX,CANCELLED,1,0,INR,2026-05-11 11:01:15,2026-05-11 13:27:15
RES104480,MUM001,CNF104480,GUEST104480,2026-06-16,2026-06-19,DLX,CORP,CORP_DLX,MODIFIED,1,24789,INR,2026-05-11 18:50:12,2026-05-11 18:57:12
RES104481,CHA001,CNF104481,GUEST104481,2026-05-16,2026-05-18,QUEEN,MEMBER,MEM_DLX,BOOKED,2,35524,INR,2026-05-11 04:24:30,2026-05-11 07:11:30
RES104482,MUM002,CNF104482,GUEST104482,2026-06-05,2026-06-09,KING,CORP,CORP_DLX,BOOKED,3,73068,INR,2026-05-11 10:37:20,2026-05-11 11:12:20
RES104483,CHA001,CNF104483,GUEST104483,2026-05-20,2026-05-22,QUEEN,CORP,CORP_STD,MODIFIED,1,26452,INR,2026-05-11 20:38:26,2026-05-11 21:46:26
RES104484,KER001,CNF104484,GUEST104484,2026-06-27,2026-06-28,STD,CORP,CORP_STD,MODIFIED,2,17168,INR,2026-05-11 05:23:45,2026-05-11 05:27:45
RES104485,BLR001,CNF104485,GUEST104485,2026-05-26,2026-05-29,KING,MEMBER,MEM_STD,CANCELLED,1,0,INR,2026-05-11 01:19:22,2026-05-11 02:55:22
RES104486,DEL002,CNF104486,GUEST104486,2026-05-30,2026-06-03,STE,PREPAY,PPR_STD,BOOKED,4,153280,INR,2026-05-11 07:29:38,2026-05-11 08:46:38
RES104487,KER001,CNF104487,GUEST104487,2026-05-26,2026-05-28,STD,PKG,PKG_STD,BOOKED,3,27786,INR,2026-05-11 01:27:36,2026-05-11 04:05:36
RES104488,DEL002,CNF104488,GUEST104488,2026-06-03,2026-06-07,QUEEN,BAR,BAR_STD,MODIFIED,4,216080,INR,2026-05-11 12:45:28,2026-05-11 14:54:28
RES104489,BLR001,CNF104489,GUEST104489,2026-05-15,2026-05-20,QUEEN,PREPAY,PPR_STD,BOOKED,4,198520,INR,2026-05-11 22:02:27,2026-05-11 22:31:27
RES104490,HYD001,CNF104490,GUEST104490,2026-06-21,2026-06-23,STE,PKG,PKG_DLX,BOOKED,3,24324,INR,2026-05-11 16:09:07,2026-05-11 16:48:07
RES104491,KER001,CNF104491,GUEST104491,2026-05-16,2026-05-17,DLX,BAR,BAR_STD,BOOKED,1,6502,INR,2026-05-11 05:48:14,2026-05-11 06:25:14
RES104492,MUM002,CNF104492,GUEST104492,2026-05-31,2026-06-04,DLX,CORP,CORP_STD,MODIFIED,4,222912,INR,2026-05-11 00:11:59,2026-05-11 00:49:59
RES104493,DEL002,CNF104493,GUEST104493,2026-05-16,2026-05-18,STD,CORP,CORP_DLX,CANCELLED,4,0,INR,2026-05-11 06:26:32,2026-05-11 06:56:32
RES104494,BLR001,CNF104494,GUEST104494,2026-06-30,2026-07-02,DLX,MEMBER,MEM_STD,CANCELLED,4,0,INR,2026-05-11 13:09:59,2026-05-11 15:00:59
RES104495,CHN001,CNF104495,GUEST104495,2026-05-29,2026-06-02,STD,PKG,PKG_STD,BOOKED,2,37632,INR,2026-05-11 20:40:49,2026-05-11 20:54:49
RES104496,BLR001,CNF104496,GUEST104496,2026-05-22,2026-05-27,DLX,PREPAY,PPR_DLX,BOOKED,2,63050,INR,2026-05-11 12:22:46,2026-05-11 12:45:46
RES104497,BLR002,CNF104497,GUEST104497,2026-07-04,2026-07-09,DLX,CORP,CORP_STD,BOOKED,4,245560,INR,2026-05-11 03:25:41,2026-05-11 06:20:41
RES104498,CHA001,CNF104498,GUEST104498,2026-06-22,2026-06-26,STE,MEMBER,MEM_DLX,CANCELLED,2,0,INR,2026-05-11 11:27:57,2026-05-11 11:48:57
RES104499,HYD001,CNF104499,GUEST104499,2026-06-08,2026-06-13,DLX,CORP,CORP_DLX,MODIFIED,2,72620,INR,2026-05-11 15:21:48,2026-05-11 16:58:48
RES104500,HYD001,CNF104500,GUEST104500,2026-06-06,2026-06-07,STE,PREPAY,PPR_DLX,CANCELLED,1,0,INR,2026-05-11 10:22:00,2026-05-11 12:36:00
RES104501,HYD001,CNF104501,GUEST104501,2026-06-08,2026-06-13,DLX,CORP,CORP_DLX,BOOKED,1,19030,INR,2026-05-11 07:07:07,2026-05-11 08:31:07
RES104502,CHN001,CNF104502,GUEST104502,2026-06-02,2026-06-03,STD,PKG,PKG_DLX,BOOKED,3,44757,INR,2026-05-11 13:31:46,2026-05-11 15:42:46
RES104503,BLR002,CNF104503,GUEST104503,2026-06-27,2026-06-28,DLX,BAR,BAR_STD,CANCELLED,1,0,INR,2026-05-11 22:41:32,2026-05-12 00:19:32
RES104504,KER001,CNF104504,GUEST104504,2026-06-10,2026-06-15,KING,BAR,BAR_STD,CANCELLED,4,0,INR,2026-05-11 06:24:46,2026-05-11 06:55:46
RES104505,DEL001,CNF104505,GUEST104505,2026-06-19,2026-06-22,STE,PKG,PKG_DLX,MODIFIED,3,88857,INR,2026-05-11 00:36:57,2026-05-11 01:16:57
RES104506,MUM002,CNF104506,GUEST104506,2026-06-06,2026-06-07,STD,MEMBER,MEM_STD,BOOKED,4,53500,INR,2026-05-11 18:12:40,2026-05-11 19:09:40
RES104507,BLR002,CNF104507,GUEST104507,2026-06-04,2026-06-09,KING,PKG,PKG_STD,CANCELLED,3,0,INR,2026-05-11 23:19:45,2026-05-12 00:09:45
RES104508,KOL001,CNF104508,GUEST104508,2026-06-13,2026-06-15,DLX,CORP,CORP_STD,BOOKED,2,56140,INR,2026-05-11 13:32:40,2026-05-11 14:54:40
RES104509,DEL002,CNF104509,GUEST104509,2026-06-09,2026-06-14,KING,BAR,BAR_DLX,CANCELLED,1,0,INR,2026-05-11 23:09:13,2026-05-12 00:24:13
RES104510,DEL001,CNF104510,GUEST104510,2026-07-07,2026-07-11,QUEEN,PREPAY,PPR_DLX,MODIFIED,3,56376,INR,2026-05-11 08:13:27,2026-05-11 10:53:27
RES104511,KER001,CNF104511,GUEST104511,2026-05-22,2026-05-26,KING,CORP,CORP_DLX,BOOKED,2,53016,INR,2026-05-11 01:34:18,2026-05-11 02:23:18
RES104512,BLR001,CNF104512,GUEST104512,2026-05-19,2026-05-24,QUEEN,BAR,BAR_STD,CANCELLED,2,0,INR,2026-05-11 18:04:11,2026-05-11 21:04:11
RES104513,CHA001,CNF104513,GUEST104513,2026-05-16,2026-05-19,QUEEN,MEMBER,MEM_DLX,CANCELLED,2,0,INR,2026-05-11 20:50:36,2026-05-11 22:05:36
RES104514,MUM002,CNF104514,GUEST104514,2026-06-24,2026-06-28,STE,CORP,CORP_DLX,BOOKED,2,115568,INR,2026-05-11 22:53:21,2026-05-12 00:59:21
RES104515,KER001,CNF104515,GUEST104515,2026-05-29,2026-06-01,DLX,BAR,BAR_DLX,BOOKED,1,30606,INR,2026-05-11 11:16:53,2026-05-11 11:23:53
RES104516,KER001,CNF104516,GUEST104516,2026-05-14,2026-05-17,DLX,PKG,PKG_DLX,BOOKED,3,42345,INR,2026-05-11 20:49:05,2026-05-11 23:38:05
RES104517,KER001,CNF104517,GUEST104517,2026-05-30,2026-06-01,QUEEN,MEMBER,MEM_STD,CANCELLED,1,0,INR,2026-05-11 07:32:03,2026-05-11 08:10:03
RES104518,DEL002,CNF104518,GUEST104518,2026-05-13,2026-05-17,QUEEN,MEMBER,MEM_STD,MODIFIED,1,52932,INR,2026-05-11 02:24:12,2026-05-11 05:04:12
RES104519,MUM002,CNF104519,GUEST104519,2026-06-18,2026-06-22,STE,PREPAY,PPR_DLX,BOOKED,1,57516,INR,2026-05-11 12:25:41,2026-05-11 13:24:41
RES104520,MUM002,CNF104520,GUEST104520,2026-06-25,2026-06-27,DLX,PREPAY,PPR_STD,MODIFIED,2,39744,INR,2026-05-11 17:04:52,2026-05-11 18:56:52
RES104521,CHA001,CNF104521,GUEST104521,2026-06-01,2026-06-02,KING,BAR,BAR_STD,MODIFIED,3,16152,INR,2026-05-11 19:22:46,2026-05-11 20:23:46
RES104522,DEL001,CNF104522,GUEST104522,2026-07-09,2026-07-14,STE,PREPAY,PPR_STD,MODIFIED,4,90240,INR,2026-05-11 19:11:08,2026-05-11 21:06:08
RES104523,CHN001,CNF104523,GUEST104523,2026-05-17,2026-05-21,STD,PKG,PKG_STD,BOOKED,2,89072,INR,2026-05-11 22:08:49,2026-05-11 22:57:49
RES104524,DEL001,CNF104524,GUEST104524,2026-06-29,2026-07-04,KING,BAR,BAR_STD,MODIFIED,2,89440,INR,2026-05-11 07:31:23,2026-05-11 08:26:23
RES104525,BLR001,CNF104525,GUEST104525,2026-06-29,2026-06-30,KING,PREPAY,PPR_DLX,MODIFIED,1,3736,INR,2026-05-11 23:00:02,2026-05-12 01:56:02
RES104526,DEL002,CNF104526,GUEST104526,2026-06-29,2026-07-03,STD,PREPAY,PPR_DLX,MODIFIED,3,125604,INR,2026-05-11 12:13:08,2026-05-11 13:53:08
RES104527,MUM002,CNF104527,GUEST104527,2026-06-17,2026-06-21,KING,CORP,CORP_STD,CANCELLED,1,0,INR,2026-05-11 01:57:01,2026-05-11 03:21:01
RES104528,MUM002,CNF104528,GUEST104528,2026-06-08,2026-06-11,STE,CORP,CORP_DLX,BOOKED,1,15972,INR,2026-05-11 11:32:43,2026-05-11 12:20:43
RES104529,BLR002,CNF104529,GUEST104529,2026-05-29,2026-06-03,KING,PREPAY,PPR_STD,CANCELLED,2,0,INR,2026-05-11 18:24:10,2026-05-11 21:22:10
RES104530,DEL002,CNF104530,GUEST104530,2026-06-03,2026-06-08,DLX,MEMBER,MEM_DLX,MODIFIED,4,290900,INR,2026-05-11 22:46:34,2026-05-12 00:45:34
RES104531,CHA001,CNF104531,GUEST104531,2026-05-21,2026-05-24,STD,BAR,BAR_DLX,BOOKED,2,47154,INR,2026-05-11 18:19:23,2026-05-11 20:21:23
RES104532,HYD001,CNF104532,GUEST104532,2026-05-14,2026-05-16,STD,PREPAY,PPR_STD,MODIFIED,3,89046,INR,2026-05-11 23:45:31,2026-05-12 01:48:31
RES104533,DEL002,CNF104533,GUEST104533,2026-06-20,2026-06-21,KING,MEMBER,MEM_DLX,CANCELLED,1,0,INR,2026-05-11 03:06:27,2026-05-11 04:26:27
RES104534,BLR002,CNF104534,GUEST104534,2026-05-14,2026-05-16,KING,CORP,CORP_DLX,BOOKED,2,57300,INR,2026-05-11 23:33:03,2026-05-12 01:02:03
RES104535,MUM002,CNF104535,GUEST104535,2026-05-25,2026-05-26,STE,PKG,PKG_DLX,MODIFIED,1,6553,INR,2026-05-11 20:07:11,2026-05-11 21:34:11
RES104536,BLR002,CNF104536,GUEST104536,2026-06-04,2026-06-06,STE,PREPAY,PPR_DLX,CANCELLED,3,0,INR,2026-05-11 13:36:04,2026-05-11 14:29:04
RES104537,CHN001,CNF104537,GUEST104537,2026-07-04,2026-07-05,STD,CORP,CORP_STD,MODIFIED,1,5390,INR,2026-05-11 21:08:36,2026-05-11 22:45:36
RES104538,DEL002,CNF104538,GUEST104538,2026-06-10,2026-06-15,DLX,CORP,CORP_DLX,MODIFIED,1,60325,INR,2026-05-11 10:42:39,2026-05-11 11:07:39
RES104539,KOL001,CNF104539,GUEST104539,2026-06-23,2026-06-28,QUEEN,PKG,PKG_STD,CANCELLED,1,0,INR,2026-05-11 14:07:57,2026-05-11 14:22:57
RES104540,MUM001,CNF104540,GUEST104540,2026-06-10,2026-06-13,STD,PREPAY,PPR_STD,MODIFIED,4,150768,INR,2026-05-11 11:03:21,2026-05-11 13:39:21
RES104541,BLR002,CNF104541,GUEST104541,2026-07-06,2026-07-09,STD,CORP,CORP_DLX,MODIFIED,4,157776,INR,2026-05-11 04:29:52,2026-05-11 05:13:52
RES104542,CHA001,CNF104542,GUEST104542,2026-05-23,2026-05-25,QUEEN,BAR,BAR_STD,BOOKED,1,17886,INR,2026-05-11 16:22:29,2026-05-11 18:05:29
RES104543,KOL001,CNF104543,GUEST104543,2026-05-16,2026-05-18,KING,CORP,CORP_DLX,MODIFIED,2,57068,INR,2026-05-11 22:25:06,2026-05-11 23:14:06
RES104544,KOL001,CNF104544,GUEST104544,2026-06-07,2026-06-08,STE,PREPAY,PPR_STD,CANCELLED,1,0,INR,2026-05-11 21:11:26,2026-05-11 23:58:26
RES104545,HYD001,CNF104545,GUEST104545,2026-05-28,2026-05-31,DLX,BAR,BAR_DLX,BOOKED,1,18972,INR,2026-05-11 19:41:29,2026-05-11 21:23:29
RES104546,BLR001,CNF104546,GUEST104546,2026-05-15,2026-05-18,KING,CORP,CORP_STD,CANCELLED,1,0,INR,2026-05-11 09:26:21,2026-05-11 11:06:21
RES104547,KER001,CNF104547,GUEST104547,2026-07-01,2026-07-02,QUEEN,PREPAY,PPR_STD,MODIFIED,2,21242,INR,2026-05-11 05:55:01,2026-05-11 06:01:01
RES104548,DEL001,CNF104548,GUEST104548,2026-07-03,2026-07-08,KING,CORP,CORP_STD,BOOKED,1,26055,INR,2026-05-11 07:13:53,2026-05-11 08:49:53
RES104549,CHN001,CNF104549,GUEST104549,2026-06-26,2026-06-28,KING,PREPAY,PPR_DLX,MODIFIED,2,17960,INR,2026-05-11 04:08:40,2026-05-11 04:55:40
RES104550,MUM002,CNF104550,GUEST104550,2026-07-09,2026-07-12,STD,BAR,BAR_STD,MODIFIED,3,107919,INR,2026-05-11 18:25:58,2026-05-11 19:11:58
RES104551,BLR002,CNF104551,GUEST104551,2026-05-30,2026-05-31,KING,MEMBER,MEM_DLX,MODIFIED,2,10068,INR,2026-05-11 04:26:37,2026-05-11 04:40:37
RES104552,KER001,CNF104552,GUEST104552,2026-06-16,2026-06-21,DLX,PKG,PKG_STD,BOOKED,2,146840,INR,2026-05-11 23:14:45,2026-05-12 00:43:45
RES104553,BLR002,CNF104553,GUEST104553,2026-06-29,2026-07-03,STD,BAR,BAR_STD,CANCELLED,2,0,INR,2026-05-11 15:10:13,2026-05-11 17:44:13
RES104554,KER001,CNF104554,GUEST104554,2026-06-26,2026-06-29,QUEEN,PREPAY,PPR_STD,BOOKED,1,43248,INR,2026-05-11 17:47:57,2026-05-11 19:10:57
RES104555,HYD001,CNF104555,GUEST104555,2026-07-08,2026-07-12,STE,BAR,BAR_STD,BOOKED,3,49572,INR,2026-05-11 19:22:27,2026-05-11 21:57:27
RES104556,KOL001,CNF104556,GUEST104556,2026-07-10,2026-07-14,STD,CORP,CORP_STD,CANCELLED,4,0,INR,2026-05-11 20:35:24,2026-05-11 23:34:24
RES104557,DEL001,CNF104557,GUEST104557,2026-06-05,2026-06-06,STD,CORP,CORP_STD,BOOKED,2,18848,INR,2026-05-11 02:31:26,2026-05-11 04:54:26
RES104558,KOL001,CNF104558,GUEST104558,2026-06-04,2026-06-07,QUEEN,MEMBER,MEM_DLX,BOOKED,3,66123,INR,2026-05-11 11:45:37,2026-05-11 12:37:37
RES104559,HYD001,CNF104559,GUEST104559,2026-07-05,2026-07-06,STE,PKG,PKG_STD,MODIFIED,3,15594,INR,2026-05-11 21:10:32,2026-05-11 22:18:32
RES104560,MUM002,CNF104560,GUEST104560,2026-05-17,2026-05-18,DLX,PREPAY,PPR_STD,BOOKED,2,23744,INR,2026-05-11 01:38:30,2026-05-11 03:22:30
RES104561,MUM001,CNF104561,GUEST104561,2026-06-07,2026-06-11,DLX,BAR,BAR_DLX,MODIFIED,4,70576,INR,2026-05-11 21:16:06,2026-05-11 22:03:06
RES104562,BLR002,CNF104562,GUEST104562,2026-07-09,2026-07-13,STD,BAR,BAR_DLX,MODIFIED,2,98296,INR,2026-05-11 06:50:28,2026-05-11 09:12:28
RES104563,HYD001,CNF104563,GUEST104563,2026-06-05,2026-06-08,STE,CORP,CORP_STD,BOOKED,3,75636,INR,2026-05-11 11:13:06,2026-05-11 12:10:06
RES104564,DEL001,CNF104564,GUEST104564,2026-05-15,2026-05-20,DLX,BAR,BAR_STD,MODIFIED,2,60740,INR,2026-05-11 17:02:29,2026-05-11 17:02:29
RES104565,KOL001,CNF104565,GUEST104565,2026-05-14,2026-05-15,KING,CORP,CORP_STD,MODIFIED,1,6111,INR,2026-05-11 13:32:09,2026-05-11 14:09:09
RES104566,MUM001,CNF104566,GUEST104566,2026-05-30,2026-06-02,STD,MEMBER,MEM_STD,MODIFIED,3,75888,INR,2026-05-11 09:15:33,2026-05-11 11:04:33
RES104567,DEL001,CNF104567,GUEST104567,2026-06-22,2026-06-24,DLX,CORP,CORP_DLX,MODIFIED,1,16656,INR,2026-05-11 21:14:12,2026-05-11 21:23:12
RES104568,BLR001,CNF104568,GUEST104568,2026-05-13,2026-05-17,QUEEN,BAR,BAR_DLX,CANCELLED,2,0,INR,2026-05-11 15:46:51,2026-05-11 17:54:51
RES104569,KER001,CNF104569,GUEST104569,2026-05-24,2026-05-28,QUEEN,BAR,BAR_STD,CANCELLED,1,0,INR,2026-05-11 03:08:37,2026-05-11 04:34:37
RES104570,CHN001,CNF104570,GUEST104570,2026-06-01,2026-06-03,STD,BAR,BAR_STD,BOOKED,4,60592,INR,2026-05-11 06:33:48,2026-05-11 07:21:48
RES104571,KER001,CNF104571,GUEST104571,2026-06-20,2026-06-25,KING,PREPAY,PPR_STD,CANCELLED,3,0,INR,2026-05-11 19:10:28,2026-05-11 19:38:28
RES104572,KOL001,CNF104572,GUEST104572,2026-05-22,2026-05-26,QUEEN,PKG,PKG_DLX,CANCELLED,4,0,INR,2026-05-11 10:22:15,2026-05-11 13:22:15
RES104573,DEL001,CNF104573,GUEST104573,2026-06-01,2026-06-03,STD,PREPAY,PPR_STD,CANCELLED,4,0,INR,2026-05-11 22:08:44,2026-05-12 00:08:44
RES104574,HYD001,CNF104574,GUEST104574,2026-06-26,2026-06-30,DLX,MEMBER,MEM_STD,MODIFIED,3,175248,INR,2026-05-11 08:40:17,2026-05-11 11:00:17
RES104575,MUM002,CNF104575,GUEST104575,2026-06-10,2026-06-12,DLX,MEMBER,MEM_STD,MODIFIED,2,25640,INR,2026-05-11 14:56:41,2026-05-11 16:47:41
RES104576,BLR001,CNF104576,GUEST104576,2026-06-30,2026-07-04,STE,PREPAY,PPR_DLX,CANCELLED,2,0,INR,2026-05-11 03:52:03,2026-05-11 05:58:03
RES104577,HYD001,CNF104577,GUEST104577,2026-06-23,2026-06-25,DLX,CORP,CORP_STD,BOOKED,2,49492,INR,2026-05-11 05:52:14,2026-05-11 06:13:14
RES104578,KER001,CNF104578,GUEST104578,2026-06-01,2026-06-02,QUEEN,PKG,PKG_STD,CANCELLED,2,0,INR,2026-05-11 17:22:33,2026-05-11 17:42:33
RES104579,KER001,CNF104579,GUEST104579,2026-07-09,2026-07-12,KING,CORP,CORP_DLX,MODIFIED,2,88014,INR,2026-05-11 14:01:35,2026-05-11 15:30:35
RES104580,MUM002,CNF104580,GUEST104580,2026-07-03,2026-07-07,KING,MEMBER,MEM_STD,CANCELLED,3,0,INR,2026-05-11 03:09:48,2026-05-11 04:51:48
RES104581,MUM002,CNF104581,GUEST104581,2026-06-28,2026-06-29,STD,BAR,BAR_DLX,CANCELLED,4,0,INR,2026-05-11 09:59:54,2026-05-11 11:27:54
RES104582,DEL001,CNF104582,GUEST104582,2026-05-12,2026-05-15,KING,PREPAY,PPR_DLX,CANCELLED,1,0,INR,2026-05-11 20:00:46,2026-05-11 21:14:46
RES104583,BLR001,CNF104583,GUEST104583,2026-06-13,2026-06-15,KING,PREPAY,PPR_STD,BOOKED,2,57180,INR,2026-05-11 06:06:40,2026-05-11 06:44:40
RES104584,KER001,CNF104584,GUEST104584,2026-05-26,2026-05-31,KING,BAR,BAR_STD,MODIFIED,3,142320,INR,2026-05-11 23:20:21,2026-05-12 00:53:21
RES104585,DEL002,CNF104585,GUEST104585,2026-06-29,2026-07-04,STD,BAR,BAR_STD,BOOKED,1,57125,INR,2026-05-11 14:57:27,2026-05-11 17:01:27
RES104586,CHA001,CNF104586,GUEST104586,2026-07-05,2026-07-07,STD,BAR,BAR_STD,CANCELLED,1,0,INR,2026-05-11 23:33:52,2026-05-12 00:17:52
RES104587,MUM001,CNF104587,GUEST104587,2026-07-04,2026-07-06,DLX,CORP,CORP_DLX,MODIFIED,2,25592,INR,2026-05-11 02:27:35,2026-05-11 05:08:35
RES104588,MUM002,CNF104588,GUEST104588,2026-06-03,2026-06-07,QUEEN,PKG,PKG_STD,CANCELLED,3,0,INR,2026-05-11 21:29:52,2026-05-11 22:24:52
RES104589,KOL001,CNF104589,GUEST104589,2026-06-04,2026-06-09,STD,PREPAY,PPR_STD,CANCELLED,3,0,INR,2026-05-11 17:28:47,2026-05-11 18:59:47
RES104590,DEL001,CNF104590,GUEST104590,2026-05-17,2026-05-18,QUEEN,CORP,CORP_DLX,MODIFIED,1,7573,INR,2026-05-11 03:35:38,2026-05-11 05:09:38
RES104591,MUM002,CNF104591,GUEST104591,2026-06-18,2026-06-21,STE,CORP,CORP_DLX,CANCELLED,3,0,INR,2026-05-11 09:37:26,2026-05-11 10:50:26
RES104592,KER001,CNF104592,GUEST104592,2026-06-17,2026-06-20,STE,BAR,BAR_DLX,MODIFIED,1,37485,INR,2026-05-11 15:32:50,2026-05-11 15:57:50
RES104593,CHN001,CNF104593,GUEST104593,2026-05-15,2026-05-16,QUEEN,PREPAY,PPR_DLX,CANCELLED,1,0,INR,2026-05-11 11:55:28,2026-05-11 13:32:28
RES104594,MUM002,CNF104594,GUEST104594,2026-07-07,2026-07-11,KING,PREPAY,PPR_STD,CANCELLED,1,0,INR,2026-05-11 03:02:34,2026-05-11 05:27:34
RES104595,KOL001,CNF104595,GUEST104595,2026-05-25,2026-05-30,STD,MEMBER,MEM_STD,MODIFIED,1,24725,INR,2026-05-11 01:49:50,2026-05-11 04:12:50
RES104596,MUM001,CNF104596,GUEST104596,2026-05-27,2026-05-28,QUEEN,BAR,BAR_STD,MODIFIED,1,9683,INR,2026-05-11 16:12:15,2026-05-11 17:08:15
RES104597,CHA001,CNF104597,GUEST104597,2026-06-06,2026-06-07,KING,PKG,PKG_STD,CANCELLED,4,0,INR,2026-05-11 13:25:24,2026-05-11 13:50:24
RES104598,HYD001,CNF104598,GUEST104598,2026-06-22,2026-06-27,KING,PREPAY,PPR_DLX,MODIFIED,4,155880,INR,2026-05-11 06:03:31,2026-05-11 06:45:31
RES104599,KER001,CNF104599,GUEST104599,2026-06-07,2026-06-12,DLX,PREPAY,PPR_DLX,MODIFIED,3,196305,INR,2026-05-11 11:33:43,2026-05-11 12:30:43
RES104600,CHN001,CNF104600,GUEST104600,2026-05-20,2026-05-23,QUEEN,PKG,PKG_STD,CANCELLED,1,0,INR,2026-05-11 15:18:41,2026-05-11 17:43:41
RES104601,KER001,CNF104601,GUEST104601,2026-07-07,2026-07-10,KING,CORP,CORP_DLX,MODIFIED,1,33540,INR,2026-05-11 15:23:07,2026-05-11 17:15:07
RES104602,CHA001,CNF104602,GUEST104602,2026-05-12,2026-05-14,STE,PKG,PKG_DLX,MODIFIED,2,17356,INR,2026-05-11 11:15:08,2026-05-11 13:22:08
RES104603,HYD001,CNF104603,GUEST104603,2026-06-16,2026-06-18,QUEEN,CORP,CORP_STD,BOOKED,1,21354,INR,2026-05-11 12:35:49,2026-05-11 13:05:49
RES104604,MUM002,CNF104604,GUEST104604,2026-06-13,2026-06-16,STE,MEMBER,MEM_DLX,CANCELLED,2,0,INR,2026-05-11 18:14:50,2026-05-11 20:34:50
RES104605,MUM002,CNF104605,GUEST104605,2026-07-08,2026-07-09,STD,PKG,PKG_DLX,MODIFIED,2,8624,INR,2026-05-11 23:10:07,2026-05-12 01:06:07
RES104606,DEL002,CNF104606,GUEST104606,2026-06-20,2026-06-24,KING,PKG,PKG_STD,MODIFIED,4,114064,INR,2026-05-11 12:06:19,2026-05-11 12:44:19
RES104607,MUM002,CNF104607,GUEST104607,2026-06-21,2026-06-26,KING,PKG,PKG_DLX,MODIFIED,1,51745,INR,2026-05-11 14:27:33,2026-05-11 15:07:33
RES104608,BLR002,CNF104608,GUEST104608,2026-06-21,2026-06-22,STD,BAR,BAR_DLX,BOOKED,3,19740,INR,2026-05-11 21:43:15,2026-05-12 00:18:15
RES104609,DEL002,CNF104609,GUEST104609,2026-06-26,2026-06-28,STE,MEMBER,MEM_STD,CANCELLED,3,0,INR,2026-05-11 04:55:37,2026-05-11 07:45:37
RES104610,BLR001,CNF104610,GUEST104610,2026-07-08,2026-07-13,QUEEN,PKG,PKG_STD,MODIFIED,2,130990,INR,2026-05-11 15:37:01,2026-05-11 15:53:01
RES104611,MUM002,CNF104611,GUEST104611,2026-05-19,2026-05-21,KING,MEMBER,MEM_STD,BOOKED,3,76212,INR,2026-05-11 03:28:10,2026-05-11 05:40:10
RES104612,KOL001,CNF104612,GUEST104612,2026-06-25,2026-06-27,KING,MEMBER,MEM_DLX,MODIFIED,2,19700,INR,2026-05-11 08:48:45,2026-05-11 10:07:45
RES104613,KER001,CNF104613,GUEST104613,2026-06-07,2026-06-10,QUEEN,BAR,BAR_STD,BOOKED,2,79044,INR,2026-05-11 12:42:54,2026-05-11 13:28:54
RES104614,MUM001,CNF104614,GUEST104614,2026-07-10,2026-07-13,QUEEN,PREPAY,PPR_DLX,BOOKED,2,56982,INR,2026-05-11 12:42:27,2026-05-11 13:22:27
RES104615,HYD001,CNF104615,GUEST104615,2026-06-18,2026-06-21,QUEEN,CORP,CORP_DLX,BOOKED,3,130914,INR,2026-05-11 15:49:26,2026-05-11 18:36:26
RES104616,CHN001,CNF104616,GUEST104616,2026-05-24,2026-05-25,DLX,BAR,BAR_DLX,CANCELLED,1,0,INR,2026-05-11 02:46:31,2026-05-11 03:17:31
RES104617,CHN001,CNF104617,GUEST104617,2026-06-07,2026-06-09,DLX,BAR,BAR_STD,BOOKED,3,71646,INR,2026-05-11 18:23:02,2026-05-11 21:21:02
RES104618,CHN001,CNF104618,GUEST104618,2026-06-23,2026-06-27,KING,PKG,PKG_DLX,CANCELLED,2,0,INR,2026-05-11 00:55:10,2026-05-11 02:09:10
RES104619,HYD001,CNF104619,GUEST104619,2026-06-25,2026-06-27,QUEEN,PKG,PKG_STD,MODIFIED,1,27086,INR,2026-05-11 18:43:02,2026-05-11 20:56:02
RES104620,DEL002,CNF104620,GUEST104620,2026-06-01,2026-06-05,QUEEN,CORP,CORP_DLX,BOOKED,3,80028,INR,2026-05-11 01:25:31,2026-05-11 02:03:31
RES104621,DEL002,CNF104621,GUEST104621,2026-06-02,2026-06-06,STD,PREPAY,PPR_DLX,MODIFIED,3,61332,INR,2026-05-11 07:44:02,2026-05-11 08:02:02
RES104622,CHA001,CNF104622,GUEST104622,2026-06-09,2026-06-14,STD,PKG,PKG_STD,CANCELLED,4,0,INR,2026-05-11 20:43:02,2026-05-11 21:37:02
RES104623,BLR002,CNF104623,GUEST104623,2026-07-04,2026-07-08,STD,BAR,BAR_DLX,MODIFIED,3,140160,INR,2026-05-11 21:31:53,2026-05-11 21:42:53
RES104624,BLR002,CNF104624,GUEST104624,2026-06-18,2026-06-21,DLX,MEMBER,MEM_DLX,BOOKED,4,46020,INR,2026-05-11 02:35:58,2026-05-11 03:21:58
RES104625,KOL001,CNF104625,GUEST104625,2026-05-22,2026-05-24,DLX,MEMBER,MEM_STD,CANCELLED,4,0,INR,2026-05-11 18:31:24,2026-05-11 21:20:24
RES104626,KER001,CNF104626,GUEST104626,2026-07-01,2026-07-04,KING,PREPAY,PPR_STD,CANCELLED,4,0,INR,2026-05-11 20:36:42,2026-05-11 21:56:42
RES104627,CHA001,CNF104627,GUEST104627,2026-05-24,2026-05-28,STD,CORP,CORP_STD,BOOKED,2,107888,INR,2026-05-11 06:38:29,2026-05-11 08:58:29
RES104628,HYD001,CNF104628,GUEST104628,2026-06-08,2026-06-09,DLX,PKG,PKG_DLX,BOOKED,2,10360,INR,2026-05-11 17:32:19,2026-05-11 20:31:19
RES104629,KER001,CNF104629,GUEST104629,2026-05-14,2026-05-15,STE,CORP,CORP_DLX,BOOKED,2,15746,INR,2026-05-11 21:32:14,2026-05-11 22:03:14
RES104630,MUM002,CNF104630,GUEST104630,2026-05-12,2026-05-13,STD,PKG,PKG_DLX,BOOKED,1,9894,INR,2026-05-11 12:32:22,2026-05-11 13:13:22
RES104631,BLR001,CNF104631,GUEST104631,2026-07-06,2026-07-07,KING,BAR,BAR_DLX,BOOKED,3,17238,INR,2026-05-11 19:15:30,2026-05-11 20:28:30
RES104632,KOL001,CNF104632,GUEST104632,2026-06-19,2026-06-21,QUEEN,MEMBER,MEM_STD,MODIFIED,4,76904,INR,2026-05-11 22:24:05,2026-05-11 23:19:05
RES104633,BLR002,CNF104633,GUEST104633,2026-05-22,2026-05-23,STE,BAR,BAR_STD,CANCELLED,2,0,INR,2026-05-11 15:44:46,2026-05-11 16:12:46
RES104634,HYD001,CNF104634,GUEST104634,2026-05-26,2026-05-29,STE,MEMBER,MEM_STD,MODIFIED,2,68400,INR,2026-05-11 00:43:53,2026-05-11 01:09:53
RES104635,DEL002,CNF104635,GUEST104635,2026-05-19,2026-05-20,STD,BAR,BAR_DLX,CANCELLED,3,0,INR,2026-05-11 19:38:35,2026-05-11 20:05:35
RES104636,DEL002,CNF104636,GUEST104636,2026-06-04,2026-06-09,STE,PKG,PKG_STD,CANCELLED,4,0,INR,2026-05-11 22:12:47,2026-05-11 23:09:47
RES104637,KOL001,CNF104637,GUEST104637,2026-05-31,2026-06-02,QUEEN,CORP,CORP_DLX,BOOKED,1,11196,INR,2026-05-11 21:22:44,2026-05-11 22:00:44
RES104638,CHA001,CNF104638,GUEST104638,2026-06-27,2026-06-29,STD,MEMBER,MEM_STD,CANCELLED,2,0,INR,2026-05-11 03:46:27,2026-05-11 04:15:27
RES104639,BLR001,CNF104639,GUEST104639,2026-06-29,2026-07-04,STE,PREPAY,PPR_STD,BOOKED,3,180060,INR,2026-05-11 04:22:21,2026-05-11 06:41:21
RES104640,KOL001,CNF104640,GUEST104640,2026-06-19,2026-06-21,STE,MEMBER,MEM_STD,CANCELLED,3,0,INR,2026-05-11 15:07:54,2026-05-11 17:41:54
RES104641,BLR001,CNF104641,GUEST104641,2026-05-12,2026-05-15,QUEEN,PREPAY,PPR_STD,MODIFIED,4,125880,INR,2026-05-11 18:22:03,2026-05-11 18:48:03
RES104642,DEL002,CNF104642,GUEST104642,2026-07-04,2026-07-07,QUEEN,BAR,BAR_STD,MODIFIED,2,72306,INR,2026-05-11 04:59:57,2026-05-11 07:11:57
RES104643,BLR002,CNF104643,GUEST104643,2026-05-19,2026-05-20,KING,PREPAY,PPR_DLX,MODIFIED,3,22746,INR,2026-05-11 09:17:17,2026-05-11 10:50:17
RES104644,DEL002,CNF104644,GUEST104644,2026-05-14,2026-05-16,STE,PREPAY,PPR_STD,MODIFIED,4,97840,INR,2026-05-11 04:59:55,2026-05-11 05:04:55
RES104645,CHN001,CNF104645,GUEST104645,2026-06-21,2026-06-22,DLX,MEMBER,MEM_STD,MODIFIED,4,59584,INR,2026-05-11 19:40:42,2026-05-11 21:32:42
RES104646,DEL001,CNF104646,GUEST104646,2026-05-19,2026-05-21,DLX,BAR,BAR_STD,BOOKED,4,80392,INR,2026-05-11 21:10:29,2026-05-11 23:26:29
RES104647,DEL001,CNF104647,GUEST104647,2026-07-08,2026-07-09,QUEEN,BAR,BAR_STD,CANCELLED,1,0,INR,2026-05-11 11:40:03,2026-05-11 14:02:03
RES104648,CHA001,CNF104648,GUEST104648,2026-06-29,2026-07-02,DLX,BAR,BAR_STD,CANCELLED,4,0,INR,2026-05-11 11:52:21,2026-05-11 13:52:21
RES104649,DEL002,CNF104649,GUEST104649,2026-07-01,2026-07-03,STE,PREPAY,PPR_STD,BOOKED,1,10096,INR,2026-05-11 21:49:29,2026-05-11 22:36:29
RES104650,MUM002,CNF104650,GUEST104650,2026-06-11,2026-06-16,STE,BAR,BAR_STD,MODIFIED,4,175400,INR,2026-05-11 22:45:28,2026-05-11 22:45:28
RES104651,DEL002,CNF104651,GUEST104651,2026-05-12,2026-05-15,STE,BAR,BAR_DLX,MODIFIED,3,87048,INR,2026-05-11 11:36:00,2026-05-11 12:01:00
RES104652,HYD001,CNF104652,GUEST104652,2026-06-28,2026-07-01,DLX,PKG,PKG_STD,CANCELLED,3,0,INR,2026-05-11 16:08:48,2026-05-11 17:24:48
RES104653,CHN001,CNF104653,GUEST104653,2026-05-28,2026-05-29,STE,MEMBER,MEM_STD,CANCELLED,1,0,INR,2026-05-11 22:57:32,2026-05-12 00:39:32
RES104654,DEL001,CNF104654,GUEST104654,2026-05-21,2026-05-26,DLX,BAR,BAR_DLX,MODIFIED,2,107040,INR,2026-05-11 21:45:03,2026-05-11 23:31:03
RES104655,BLR002,CNF104655,GUEST104655,2026-05-23,2026-05-27,STE,MEMBER,MEM_DLX,CANCELLED,3,0,INR,2026-05-11 11:35:45,2026-05-11 12:32:45
RES104656,MUM001,CNF104656,GUEST104656,2026-07-01,2026-07-02,STD,BAR,BAR_STD,MODIFIED,1,10891,INR,2026-05-11 11:07:44,2026-05-11 12:41:44
RES104657,HYD001,CNF104657,GUEST104657,2026-07-06,2026-07-09,STD,BAR,BAR_STD,MODIFIED,4,153420,INR,2026-05-11 20:45:43,2026-05-11 22:32:43
RES104658,BLR001,CNF104658,GUEST104658,2026-06-07,2026-06-09,DLX,BAR,BAR_DLX,CANCELLED,2,0,INR,2026-05-11 15:15:00,2026-05-11 17:41:00
RES104659,KOL001,CNF104659,GUEST104659,2026-06-06,2026-06-10,STD,PKG,PKG_DLX,CANCELLED,2,0,INR,2026-05-11 08:04:46,2026-05-11 08:12:46
RES104660,KER001,CNF104660,GUEST104660,2026-06-07,2026-06-10,STE,CORP,CORP_DLX,MODIFIED,4,73296,INR,2026-05-11 07:42:03,2026-05-11 07:45:03
RES104661,DEL001,CNF104661,GUEST104661,2026-06-28,2026-07-03,STD,BAR,BAR_DLX,BOOKED,3,196590,INR,2026-05-11 02:51:48,2026-05-11 03:41:48
RES104662,KOL001,CNF104662,GUEST104662,2026-06-06,2026-06-11,STE,PKG,PKG_STD,BOOKED,4,141600,INR,2026-05-11 21:36:43,2026-05-11 23:03:43
RES104663,BLR002,CNF104663,GUEST104663,2026-06-28,2026-07-03,DLX,PREPAY,PPR_DLX,CANCELLED,2,0,INR,2026-05-11 09:22:13,2026-05-11 09:43:13
RES104664,MUM001,CNF104664,GUEST104664,2026-07-08,2026-07-13,STE,MEMBER,MEM_DLX,MODIFIED,4,283580,INR,2026-05-11 01:15:51,2026-05-11 03:50:51
RES104665,HYD001,CNF104665,GUEST104665,2026-06-23,2026-06-25,DLX,MEMBER,MEM_DLX,CANCELLED,3,0,INR,2026-05-11 20:07:14,2026-05-11 21:08:14
RES104666,KOL001,CNF104666,GUEST104666,2026-06-15,2026-06-16,KING,PREPAY,PPR_DLX,BOOKED,3,37152,INR,2026-05-11 15:25:51,2026-05-11 17:42:51
RES104667,DEL001,CNF104667,GUEST104667,2026-06-17,2026-06-21,STE,CORP,CORP_STD,MODIFIED,1,15872,INR,2026-05-11 02:06:52,2026-05-11 03:00:52
RES104668,KER001,CNF104668,GUEST104668,2026-06-08,2026-06-10,STD,CORP,CORP_DLX,BOOKED,4,78576,INR,2026-05-11 20:58:25,2026-05-11 21:47:25
RES104669,DEL002,CNF104669,GUEST104669,2026-06-14,2026-06-16,STE,MEMBER,MEM_STD,MODIFIED,4,76064,INR,2026-05-11 20:45:06,2026-05-11 22:12:06
RES104670,MUM002,CNF104670,GUEST104670,2026-06-26,2026-06-29,DLX,BAR,BAR_STD,CANCELLED,1,0,INR,2026-05-11 19:54:29,2026-05-11 22:49:29
RES104671,CHA001,CNF104671,GUEST104671,2026-07-06,2026-07-08,QUEEN,CORP,CORP_DLX,BOOKED,1,29310,INR,2026-05-11 12:59:45,2026-05-11 14:36:45
RES104672,DEL001,CNF104672,GUEST104672,2026-05-19,2026-05-20,DLX,BAR,BAR_STD,CANCELLED,2,0,INR,2026-05-11 14:43:40,2026-05-11 15:54:40
RES104673,KOL001,CNF104673,GUEST104673,2026-06-26,2026-07-01,DLX,PKG,PKG_DLX,CANCELLED,4,0,INR,2026-05-11 03:10:12,2026-05-11 03:39:12
RES104674,DEL002,CNF104674,GUEST104674,2026-06-12,2026-06-13,DLX,PREPAY,PPR_DLX,MODIFIED,4,16852,INR,2026-05-11 04:52:35,2026-05-11 06:20:35
RES104675,KER001,CNF104675,GUEST104675,2026-07-03,2026-07-04,QUEEN,CORP,CORP_STD,CANCELLED,3,0,INR,2026-05-11 02:08:09,2026-05-11 02:32:09
RES104676,DEL002,CNF104676,GUEST104676,2026-07-10,2026-07-11,QUEEN,PKG,PKG_DLX,MODIFIED,4,36492,INR,2026-05-11 06:26:55,2026-05-11 06:37:55
RES104677,MUM001,CNF104677,GUEST104677,2026-05-26,2026-05-28,STD,PKG,PKG_STD,MODIFIED,4,94696,INR,2026-05-11 17:30:36,2026-05-11 18:41:36
RES104678,DEL001,CNF104678,GUEST104678,2026-06-16,2026-06-18,DLX,PREPAY,PPR_STD,MODIFIED,4,32552,INR,2026-05-11 04:53:10,2026-05-11 04:59:10
RES104679,MUM001,CNF104679,GUEST104679,2026-06-27,2026-06-30,KING,BAR,BAR_DLX,CANCELLED,3,0,INR,2026-05-11 12:47:06,2026-05-11 12:59:06
RES104680,CHN001,CNF104680,GUEST104680,2026-06-20,2026-06-24,DLX,CORP,CORP_STD,MODIFIED,4,154464,INR,2026-05-11 12:08:30,2026-05-11 13:31:30
RES104681,HYD001,CNF104681,GUEST104681,2026-07-10,2026-07-13,DLX,MEMBER,MEM_STD,MODIFIED,2,88878,INR,2026-05-11 16:46:17,2026-05-11 19:11:17
RES104682,DEL001,CNF104682,GUEST104682,2026-05-23,2026-05-27,KING,BAR,BAR_DLX,CANCELLED,2,0,INR,2026-05-11 15:33:15,2026-05-11 16:58:15
RES104683,KOL001,CNF104683,GUEST104683,2026-06-24,2026-06-28,KING,MEMBER,MEM_STD,MODIFIED,4,187216,INR,2026-05-11 22:28:10,2026-05-11 22:36:10
RES104684,BLR001,CNF104684,GUEST104684,2026-06-23,2026-06-27,KING,BAR,BAR_STD,CANCELLED,1,0,INR,2026-05-11 14:37:40,2026-05-11 17:24:40
RES104685,KOL001,CNF104685,GUEST104685,2026-06-20,2026-06-24,STD,PKG,PKG_DLX,BOOKED,3,177888,INR,2026-05-11 19:32:17,2026-05-11 20:37:17
RES104686,CHN001,CNF104686,GUEST104686,2026-05-22,2026-05-24,QUEEN,MEMBER,MEM_STD,CANCELLED,2,0,INR,2026-05-11 02:05:57,2026-05-11 03:04:57
RES104687,MUM001,CNF104687,GUEST104687,2026-05-30,2026-05-31,KING,MEMBER,MEM_STD,BOOKED,3,41484,INR,2026-05-11 22:03:17,2026-05-11 23:06:17
RES104688,BLR001,CNF104688,GUEST104688,2026-05-28,2026-05-29,STE,CORP,CORP_DLX,MODIFIED,1,12917,INR,2026-05-11 15:30:22,2026-05-11 18:23:22
RES104689,MUM002,CNF104689,GUEST104689,2026-06-01,2026-06-04,STE,BAR,BAR_DLX,BOOKED,4,69984,INR,2026-05-11 04:12:30,2026-05-11 06:07:30
RES104690,CHN001,CNF104690,GUEST104690,2026-07-09,2026-07-13,DLX,PREPAY,PPR_DLX,CANCELLED,2,0,INR,2026-05-11 18:43:47,2026-05-11 19:34:47
RES104691,DEL001,CNF104691,GUEST104691,2026-06-26,2026-07-01,QUEEN,PKG,PKG_STD,BOOKED,4,189800,INR,2026-05-11 13:23:22,2026-05-11 14:59:22
RES104692,DEL001,CNF104692,GUEST104692,2026-06-13,2026-06-14,DLX,MEMBER,MEM_DLX,CANCELLED,2,0,INR,2026-05-11 11:01:34,2026-05-11 13:24:34
RES104693,MUM002,CNF104693,GUEST104693,2026-07-03,2026-07-04,STE,PKG,PKG_STD,MODIFIED,3,42807,INR,2026-05-11 22:25:00,2026-05-11 22:46:00
RES104694,CHN001,CNF104694,GUEST104694,2026-06-03,2026-06-04,QUEEN,CORP,CORP_STD,CANCELLED,3,0,INR,2026-05-11 17:51:53,2026-05-11 19:07:53
RES104695,BLR002,CNF104695,GUEST104695,2026-05-30,2026-06-04,STE,BAR,BAR_DLX,MODIFIED,3,179025,INR,2026-05-11 13:09:04,2026-05-11 15:41:04
RES104696,KER001,CNF104696,GUEST104696,2026-06-25,2026-06-27,KING,CORP,CORP_STD,BOOKED,1,9418,INR,2026-05-11 06:19:44,2026-05-11 06:50:44
RES104697,BLR001,CNF104697,GUEST104697,2026-06-19,2026-06-24,STD,MEMBER,MEM_STD,BOOKED,4,90560,INR,2026-05-11 06:23:44,2026-05-11 08:30:44
RES104698,MUM002,CNF104698,GUEST104698,2026-07-02,2026-07-03,STE,MEMBER,MEM_STD,BOOKED,1,9797,INR,2026-05-11 03:44:11,2026-05-11 06:19:11
RES104699,MUM002,CNF104699,GUEST104699,2026-06-20,2026-06-22,QUEEN,PKG,PKG_DLX,BOOKED,2,53688,INR,2026-05-11 09:55:41,2026-05-11 12:40:41
RES104700,MUM002,CNF104700,GUEST104700,2026-05-20,2026-05-22,QUEEN,PREPAY,PPR_DLX,CANCELLED,4,0,INR,2026-05-11 09:29:41,2026-05-11 12:22:41
RES104701,MUM001,CNF104701,GUEST104701,2026-05-13,2026-05-16,STD,MEMBER,MEM_STD,BOOKED,3,88299,INR,2026-05-11 12:06:34,2026-05-11 14:20:34
RES104702,DEL002,CNF104702,GUEST104702,2026-06-05,2026-06-09,STD,PKG,PKG_DLX,BOOKED,2,104776,INR,2026-05-11 04:51:35,2026-05-11 07:08:35
RES104703,KER001,CNF104703,GUEST104703,2026-07-03,2026-07-08,STE,BAR,BAR_DLX,BOOKED,1,66950,INR,2026-05-11 06:34:52,2026-05-11 08:20:52
RES104704,MUM001,CNF104704,GUEST104704,2026-05-13,2026-05-18,DLX,MEMBER,MEM_DLX,BOOKED,1,54345,INR,2026-05-11 09:08:20,2026-05-11 10:58:20
RES104705,MUM002,CNF104705,GUEST104705,2026-07-07,2026-07-11,DLX,CORP,CORP_STD,BOOKED,1,32660,INR,2026-05-11 03:26:57,2026-05-11 04:16:57
RES104706,BLR001,CNF104706,GUEST104706,2026-06-20,2026-06-21,DLX,MEMBER,MEM_STD,BOOKED,3,41073,INR,2026-05-11 22:59:29,2026-05-12 01:39:29
RES104707,MUM002,CNF104707,GUEST104707,2026-07-01,2026-07-03,STE,PREPAY,PPR_STD,CANCELLED,2,0,INR,2026-05-11 12:37:29,2026-05-11 13:47:29
RES104708,BLR001,CNF104708,GUEST104708,2026-06-21,2026-06-26,KING,PREPAY,PPR_STD,MODIFIED,1,31815,INR,2026-05-11 13:19:46,2026-05-11 16:08:46
RES104709,CHN001,CNF104709,GUEST104709,2026-06-08,2026-06-09,STE,PKG,PKG_DLX,MODIFIED,1,4815,INR,2026-05-11 07:05:59,2026-05-11 07:09:59
RES104710,MUM001,CNF104710,GUEST104710,2026-06-29,2026-07-04,STD,MEMBER,MEM_DLX,MODIFIED,1,32830,INR,2026-05-11 16:29:11,2026-05-11 18:18:11
RES104711,KOL001,CNF104711,GUEST104711,2026-06-17,2026-06-21,KING,MEMBER,MEM_DLX,CANCELLED,4,0,INR,2026-05-11 20:06:13,2026-05-11 22:55:13
RES104712,DEL001,CNF104712,GUEST104712,2026-05-26,2026-05-29,KING,CORP,CORP_STD,MODIFIED,4,169296,INR,2026-05-11 14:39:11,2026-05-11 16:32:11
RES104713,MUM001,CNF104713,GUEST104713,2026-05-29,2026-06-03,DLX,CORP,CORP_DLX,BOOKED,3,169140,INR,2026-05-11 06:20:27,2026-05-11 06:23:27
RES104714,BLR001,CNF104714,GUEST104714,2026-07-02,2026-07-06,QUEEN,CORP,CORP_STD,BOOKED,4,90976,INR,2026-05-11 17:22:43,2026-05-11 19:31:43
RES104715,MUM002,CNF104715,GUEST104715,2026-05-23,2026-05-24,STD,MEMBER,MEM_DLX,BOOKED,2,24424,INR,2026-05-11 11:39:17,2026-05-11 13:02:17
RES104716,MUM001,CNF104716,GUEST104716,2026-06-03,2026-06-05,STE,MEMBER,MEM_STD,MODIFIED,1,14542,INR,2026-05-11 11:40:06,2026-05-11 12:17:06
RES104717,BLR002,CNF104717,GUEST104717,2026-07-02,2026-07-05,STE,BAR,BAR_DLX,MODIFIED,2,29598,INR,2026-05-11 10:08:04,2026-05-11 11:40:04
RES104718,BLR002,CNF104718,GUEST104718,2026-05-22,2026-05-24,STD,CORP,CORP_STD,CANCELLED,1,0,INR,2026-05-11 23:16:16,2026-05-12 01:07:16
RES104719,HYD001,CNF104719,GUEST104719,2026-06-28,2026-06-29,STD,BAR,BAR_DLX,CANCELLED,3,0,INR,2026-05-11 22:27:17,2026-05-12 00:21:17
RES104720,BLR001,CNF104720,GUEST104720,2026-06-01,2026-06-02,DLX,MEMBER,MEM_STD,MODIFIED,2,14438,INR,2026-05-11 06:54:28,2026-05-11 09:22:28
RES104721,MUM002,CNF104721,GUEST104721,2026-06-19,2026-06-21,KING,PREPAY,PPR_DLX,BOOKED,3,36954,INR,2026-05-11 09:05:30,2026-05-11 10:20:30
RES104722,CHA001,CNF104722,GUEST104722,2026-06-17,2026-06-20,DLX,PKG,PKG_DLX,CANCELLED,3,0,INR,2026-05-11 03:37:27,2026-05-11 06:01:27
RES104723,KER001,CNF104723,GUEST104723,2026-07-02,2026-07-06,QUEEN,CORP,CORP_STD,CANCELLED,4,0,INR,2026-05-11 20:14:27,2026-05-11 21:35:27
RES104724,DEL002,CNF104724,GUEST104724,2026-07-04,2026-07-09,KING,PREPAY,PPR_STD,CANCELLED,2,0,INR,2026-05-11 02:46:52,2026-05-11 03:05:52
RES104725,BLR002,CNF104725,GUEST104725,2026-05-17,2026-05-20,KING,PKG,PKG_DLX,BOOKED,4,78660,INR,2026-05-11 17:17:35,2026-05-11 18:41:35
RES104726,MUM002,CNF104726,GUEST104726,2026-06-21,2026-06-26,STD,CORP,CORP_STD,CANCELLED,2,0,INR,2026-05-11 23:48:11,2026-05-12 00:16:11
RES104727,CHN001,CNF104727,GUEST104727,2026-06-01,2026-06-06,STE,PKG,PKG_DLX,BOOKED,3,117915,INR,2026-05-11 06:14:25,2026-05-11 06:57:25
RES104728,DEL001,CNF104728,GUEST104728,2026-06-16,2026-06-20,QUEEN,PKG,PKG_STD,MODIFIED,3,146184,INR,2026-05-11 04:18:37,2026-05-11 06:36:37
RES104729,CHA001,CNF104729,GUEST104729,2026-06-03,2026-06-04,KING,PKG,PKG_DLX,BOOKED,1,10655,INR,2026-05-11 19:58:21,2026-05-11 21:43:21
RES104730,DEL002,CNF104730,GUEST104730,2026-06-25,2026-06-26,STD,BAR,BAR_STD,MODIFIED,3,44448,INR,2026-05-11 07:59:27,2026-05-11 08:01:27
RES104731,BLR002,CNF104731,GUEST104731,2026-05-23,2026-05-25,STD,PREPAY,PPR_STD,MODIFIED,1,26552,INR,2026-05-11 21:16:01,2026-05-11 21:45:01
RES104732,BLR002,CNF104732,GUEST104732,2026-07-02,2026-07-06,QUEEN,BAR,BAR_DLX,BOOKED,2,77712,INR,2026-05-11 04:53:00,2026-05-11 07:17:00
RES104733,BLR001,CNF104733,GUEST104733,2026-05-29,2026-05-31,STD,CORP,CORP_STD,CANCELLED,4,0,INR,2026-05-11 05:20:00,2026-05-11 05:31:00
RES104734,DEL002,CNF104734,GUEST104734,2026-05-25,2026-05-26,DLX,PKG,PKG_STD,MODIFIED,1,11993,INR,2026-05-11 02:48:56,2026-05-11 04:42:56
RES104735,KER001,CNF104735,GUEST104735,2026-05-21,2026-05-26,STD,BAR,BAR_STD,CANCELLED,4,0,INR,2026-05-11 17:00:21,2026-05-11 19:01:21
RES104736,BLR001,CNF104736,GUEST104736,2026-06-10,2026-06-12,KING,PREPAY,PPR_DLX,BOOKED,4,73632,INR,2026-05-11 08:30:17,2026-05-11 08:57:17
RES104737,BLR002,CNF104737,GUEST104737,2026-06-13,2026-06-16,KING,PKG,PKG_DLX,CANCELLED,1,0,INR,2026-05-11 21:24:36,2026-05-11 23:31:36
RES104738,DEL002,CNF104738,GUEST104738,2026-05-23,2026-05-24,QUEEN,PREPAY,PPR_STD,MODIFIED,1,12473,INR,2026-05-11 01:04:15,2026-05-11 03:42:15
RES104739,MUM001,CNF104739,GUEST104739,2026-05-28,2026-06-02,STE,PREPAY,PPR_STD,CANCELLED,2,0,INR,2026-05-11 08:12:30,2026-05-11 10:38:30
RES104740,HYD001,CNF104740,GUEST104740,2026-06-18,2026-06-20,DLX,CORP,CORP_DLX,BOOKED,3,72444,INR,2026-05-11 11:05:59,2026-05-11 12:41:59
RES104741,BLR002,CNF104741,GUEST104741,2026-06-11,2026-06-15,DLX,PREPAY,PPR_STD,BOOKED,3,174612,INR,2026-05-11 22:28:51,2026-05-11 23:47:51
RES104742,KOL001,CNF104742,GUEST104742,2026-07-03,2026-07-04,DLX,MEMBER,MEM_DLX,CANCELLED,1,0,INR,2026-05-11 10:26:44,2026-05-11 12:23:44
RES104743,MUM001,CNF104743,GUEST104743,2026-05-17,2026-05-20,STD,PKG,PKG_STD,CANCELLED,4,0,INR,2026-05-11 22:42:54,2026-05-11 22:53:54
RES104744,MUM001,CNF104744,GUEST104744,2026-06-28,2026-06-30,DLX,BAR,BAR_STD,CANCELLED,4,0,INR,2026-05-11 08:41:57,2026-05-11 08:45:57
RES104745,DEL002,CNF104745,GUEST104745,2026-05-27,2026-05-28,DLX,MEMBER,MEM_STD,MODIFIED,2,14566,INR,2026-05-11 09:36:46,2026-05-11 09:53:46
RES104746,CHA001,CNF104746,GUEST104746,2026-07-09,2026-07-10,DLX,MEMBER,MEM_STD,BOOKED,1,12156,INR,2026-05-11 13:13:57,2026-05-11 15:21:57
RES104747,KOL001,CNF104747,GUEST104747,2026-06-04,2026-06-08,STD,PKG,PKG_DLX,MODIFIED,4,207312,INR,2026-05-11 22:04:31,2026-05-12 00:08:31
RES104748,BLR001,CNF104748,GUEST104748,2026-05-31,2026-06-03,KING,CORP,CORP_STD,BOOKED,1,30510,INR,2026-05-11 18:40:22,2026-05-11 18:52:22
RES104749,CHN001,CNF104749,GUEST104749,2026-06-30,2026-07-05,QUEEN,PREPAY,PPR_DLX,CANCELLED,4,0,INR,2026-05-11 10:12:28,2026-05-11 11:10:28
RES104750,DEL002,CNF104750,GUEST104750,2026-06-13,2026-06-15,KING,MEMBER,MEM_STD,CANCELLED,1,0,INR,2026-05-11 19:16:33,2026-05-11 20:58:33
RES104751,MUM002,CNF104751,GUEST104751,2026-05-24,2026-05-27,QUEEN,PREPAY,PPR_STD,MODIFIED,3,34776,INR,2026-05-11 12:15:53,2026-05-11 12:15:53
RES104752,CHN001,CNF104752,GUEST104752,2026-07-05,2026-07-07,STD,PKG,PKG_DLX,BOOKED,4,57000,INR,2026-05-11 15:40:30,2026-05-11 16:39:30
RES104753,BLR002,CNF104753,GUEST104753,2026-05-23,2026-05-25,STD,PREPAY,PPR_DLX,MODIFIED,4,30488,INR,2026-05-11 18:40:21,2026-05-11 20:29:21
RES104754,BLR001,CNF104754,GUEST104754,2026-06-27,2026-06-30,QUEEN,BAR,BAR_DLX,CANCELLED,2,0,INR,2026-05-11 06:12:22,2026-05-11 07:35:22
RES104755,DEL002,CNF104755,GUEST104755,2026-06-06,2026-06-08,STD,PKG,PKG_DLX,BOOKED,3,64608,INR,2026-05-11 05:48:47,2026-05-11 06:46:47
RES104756,HYD001,CNF104756,GUEST104756,2026-05-15,2026-05-16,QUEEN,BAR,BAR_DLX,MODIFIED,1,7154,INR,2026-05-11 20:16:00,2026-05-11 20:17:00
RES104757,HYD001,CNF104757,GUEST104757,2026-06-28,2026-07-01,KING,CORP,CORP_STD,MODIFIED,4,117288,INR,2026-05-11 02:33:42,2026-05-11 03:18:42
RES104758,MUM002,CNF104758,GUEST104758,2026-07-08,2026-07-13,STE,BAR,BAR_STD,CANCELLED,2,0,INR,2026-05-11 23:13:57,2026-05-12 00:13:57
RES104759,DEL001,CNF104759,GUEST104759,2026-05-31,2026-06-04,STE,PKG,PKG_STD,BOOKED,2,78728,INR,2026-05-11 10:01:02,2026-05-11 11:01:02
RES104760,DEL002,CNF104760,GUEST104760,2026-06-09,2026-06-12,STD,CORP,CORP_STD,CANCELLED,3,0,INR,2026-05-11 03:00:07,2026-05-11 04:56:07
RES104761,KOL001,CNF104761,GUEST104761,2026-07-02,2026-07-05,KING,PKG,PKG_STD,BOOKED,1,38196,INR,2026-05-11 21:50:27,2026-05-11 22:54:27
RES104762,HYD001,CNF104762,GUEST104762,2026-05-26,2026-05-28,STE,PREPAY,PPR_DLX,BOOKED,3,35112,INR,2026-05-11 19:05:57,2026-05-11 21:17:57
RES104763,BLR002,CNF104763,GUEST104763,2026-07-01,2026-07-02,STD,BAR,BAR_STD,MODIFIED,2,10772,INR,2026-05-11 20:29:16,2026-05-11 23:13:16
RES104764,BLR001,CNF104764,GUEST104764,2026-07-10,2026-07-13,STD,BAR,BAR_STD,CANCELLED,4,0,INR,2026-05-11 23:27:21,2026-05-12 00:52:21
RES104765,DEL002,CNF104765,GUEST104765,2026-06-21,2026-06-23,STE,MEMBER,MEM_DLX,BOOKED,4,52656,INR,2026-05-11 08:46:36,2026-05-11 09:02:36
RES104766,HYD001,CNF104766,GUEST104766,2026-06-11,2026-06-14,KING,PREPAY,PPR_DLX,BOOKED,4,149292,INR,2026-05-11 22:52:10,2026-05-12 01:27:10
RES104767,KOL001,CNF104767,GUEST104767,2026-06-26,2026-06-29,DLX,PREPAY,PPR_DLX,CANCELLED,4,0,INR,2026-05-11 10:00:25,2026-05-11 11:05:25
RES104768,CHA001,CNF104768,GUEST104768,2026-07-07,2026-07-09,KING,MEMBER,MEM_DLX,BOOKED,1,24914,INR,2026-05-11 11:32:10,2026-05-11 11:38:10
RES104769,BLR002,CNF104769,GUEST104769,2026-07-04,2026-07-09,QUEEN,MEMBER,MEM_DLX,BOOKED,3,169125,INR,2026-05-11 11:38:07,2026-05-11 13:17:07
RES104770,BLR002,CNF104770,GUEST104770,2026-06-15,2026-06-17,DLX,PREPAY,PPR_STD,BOOKED,4,99816,INR,2026-05-11 09:38:38,2026-05-11 12:13:38
RES104771,BLR001,CNF104771,GUEST104771,2026-05-22,2026-05-24,STD,BAR,BAR_DLX,CANCELLED,4,0,INR,2026-05-11 00:09:23,2026-05-11 01:15:23
RES104772,DEL002,CNF104772,GUEST104772,2026-06-15,2026-06-17,QUEEN,MEMBER,MEM_STD,BOOKED,1,27028,INR,2026-05-11 15:10:39,2026-05-11 16:12:39
RES104773,DEL001,CNF104773,GUEST104773,2026-06-07,2026-06-09,STD,PREPAY,PPR_DLX,BOOKED,3,23148,INR,2026-05-11 00:56:42,2026-05-11 01:55:42
RES104774,HYD001,CNF104774,GUEST104774,2026-07-06,2026-07-10,STE,MEMBER,MEM_STD,BOOKED,4,182672,INR,2026-05-11 00:43:19,2026-05-11 03:35:19
RES104775,CHN001,CNF104775,GUEST104775,2026-05-12,2026-05-16,KING,PKG,PKG_STD,MODIFIED,4,61984,INR,2026-05-11 15:59:28,2026-05-11 17:59:28
RES104776,DEL001,CNF104776,GUEST104776,2026-06-06,2026-06-11,KING,PKG,PKG_DLX,BOOKED,2,36060,INR,2026-05-11 22:35:53,2026-05-11 22:44:53
RES104777,MUM002,CNF104777,GUEST104777,2026-05-24,2026-05-29,KING,PREPAY,PPR_DLX,CANCELLED,4,0,INR,2026-05-11 02:22:45,2026-05-11 03:16:45
RES104778,KER001,CNF104778,GUEST104778,2026-06-13,2026-06-17,KING,PREPAY,PPR_STD,CANCELLED,2,0,INR,2026-05-11 03:46:50,2026-05-11 06:45:50
RES104779,KOL001,CNF104779,GUEST104779,2026-05-29,2026-05-30,QUEEN,BAR,BAR_STD,CANCELLED,3,0,INR,2026-05-11 00:05:27,2026-05-11 02:43:27
RES104780,MUM001,CNF104780,GUEST104780,2026-07-10,2026-07-14,QUEEN,CORP,CORP_STD,BOOKED,1,26600,INR,2026-05-11 22:43:16,2026-05-11 23:51:16
RES104781,MUM002,CNF104781,GUEST104781,2026-05-14,2026-05-19,STE,MEMBER,MEM_STD,BOOKED,4,144560,INR,2026-05-11 08:47:53,2026-05-11 10:38:53
RES104782,HYD001,CNF104782,GUEST104782,2026-06-27,2026-06-29,STD,MEMBER,MEM_STD,MODIFIED,3,46980,INR,2026-05-11 21:14:06,2026-05-11 23:25:06
RES104783,MUM002,CNF104783,GUEST104783,2026-05-28,2026-05-31,STE,MEMBER,MEM_STD,CANCELLED,2,0,INR,2026-05-11 05:24:46,2026-05-11 08:22:46
RES104784,CHA001,CNF104784,GUEST104784,2026-07-10,2026-07-13,QUEEN,PREPAY,PPR_DLX,CANCELLED,4,0,INR,2026-05-11 15:11:38,2026-05-11 15:54:38
RES104785,CHA001,CNF104785,GUEST104785,2026-07-08,2026-07-11,STE,PKG,PKG_STD,MODIFIED,3,55728,INR,2026-05-11 16:37:56,2026-05-11 18:35:56
RES104786,DEL002,CNF104786,GUEST104786,2026-06-06,2026-06-07,KING,PREPAY,PPR_STD,CANCELLED,1,0,INR,2026-05-11 15:26:46,2026-05-11 16:00:46
RES104787,CHA001,CNF104787,GUEST104787,2026-06-30,2026-07-01,QUEEN,BAR,BAR_DLX,CANCELLED,3,0,INR,2026-05-11 21:21:56,2026-05-11 22:18:56
RES104788,MUM001,CNF104788,GUEST104788,2026-05-26,2026-05-31,QUEEN,MEMBER,MEM_DLX,BOOKED,3,169065,INR,2026-05-11 16:46:54,2026-05-11 17:56:54
RES104789,KER001,CNF104789,GUEST104789,2026-06-27,2026-06-29,STE,MEMBER,MEM_DLX,BOOKED,4,37576,INR,2026-05-11 00:58:50,2026-05-11 03:54:50
RES104790,KOL001,CNF104790,GUEST104790,2026-06-06,2026-06-11,KING,PREPAY,PPR_DLX,BOOKED,1,29080,INR,2026-05-11 15:34:20,2026-05-11 18:25:20
RES104791,KER001,CNF104791,GUEST104791,2026-05-22,2026-05-26,QUEEN,PKG,PKG_DLX,CANCELLED,3,0,INR,2026-05-11 04:28:04,2026-05-11 04:33:04
RES104792,DEL002,CNF104792,GUEST104792,2026-05-22,2026-05-26,DLX,BAR,BAR_STD,MODIFIED,2,118440,INR,2026-05-11 19:57:38,2026-05-11 20:26:38
RES104793,CHN001,CNF104793,GUEST104793,2026-06-19,2026-06-20,KING,PREPAY,PPR_STD,MODIFIED,4,52144,INR,2026-05-11 12:41:38,2026-05-11 15:14:38
RES104794,DEL001,CNF104794,GUEST104794,2026-06-27,2026-07-01,STD,CORP,CORP_STD,BOOKED,3,55008,INR,2026-05-11 10:56:21,2026-05-11 13:54:21
RES104795,DEL002,CNF104795,GUEST104795,2026-06-25,2026-06-29,STE,BAR,BAR_DLX,MODIFIED,3,89220,INR,2026-05-11 08:22:09,2026-05-11 10:25:09
RES104796,CHA001,CNF104796,GUEST104796,2026-07-03,2026-07-08,KING,CORP,CORP_STD,CANCELLED,3,0,INR,2026-05-11 12:37:21,2026-05-11 12:51:21
RES104797,CHA001,CNF104797,GUEST104797,2026-05-14,2026-05-15,DLX,PREPAY,PPR_STD,CANCELLED,3,0,INR,2026-05-11 05:16:03,2026-05-11 07:47:03
RES104798,CHN001,CNF104798,GUEST104798,2026-06-20,2026-06-22,KING,CORP,CORP_DLX,CANCELLED,3,0,INR,2026-05-11 00:00:50,2026-05-11 00:50:50
RES104799,KER001,CNF104799,GUEST104799,2026-05-22,2026-05-23,QUEEN,PREPAY,PPR_STD,MODIFIED,4,29232,INR,2026-05-11 15:39:49,2026-05-11 15:53:49
RES104800,KER001,CNF104800,GUEST104800,2026-05-12,2026-05-16,STE,PKG,PKG_STD,BOOKED,3,83856,INR,2026-05-11 00:12:13,2026-05-11 01:17:13
RES104801,BLR002,CNF104801,GUEST104801,2026-05-15,2026-05-17,STD,MEMBER,MEM_STD,MODIFIED,2,37956,INR,2026-05-11 06:33:06,2026-05-11 07:54:06
RES104802,MUM001,CNF104802,GUEST104802,2026-06-07,2026-06-10,STE,PKG,PKG_STD,MODIFIED,4,109224,INR,2026-05-11 15:16:33,2026-05-11 15:38:33
RES104803,DEL001,CNF104803,GUEST104803,2026-06-16,2026-06-21,DLX,MEMBER,MEM_DLX,BOOKED,4,284840,INR,2026-05-11 18:40:00,2026-05-11 19:38:00
RES104804,KER001,CNF104804,GUEST104804,2026-05-27,2026-05-29,KING,PREPAY,PPR_DLX,MODIFIED,4,64360,INR,2026-05-11 21:49:57,2026-05-12 00:13:57
RES104805,CHN001,CNF104805,GUEST104805,2026-05-31,2026-06-03,STD,MEMBER,MEM_STD,BOOKED,1,31842,INR,2026-05-11 20:59:18,2026-05-11 23:31:18
RES104806,CHA001,CNF104806,GUEST104806,2026-05-21,2026-05-22,DLX,MEMBER,MEM_DLX,BOOKED,4,41960,INR,2026-05-11 00:51:25,2026-05-11 02:29:25
RES104807,BLR001,CNF104807,GUEST104807,2026-05-24,2026-05-27,STD,BAR,BAR_STD,BOOKED,4,129876,INR,2026-05-11 01:12:22,2026-05-11 03:40:22
RES104808,MUM001,CNF104808,GUEST104808,2026-06-04,2026-06-05,STD,BAR,BAR_STD,MODIFIED,1,4855,INR,2026-05-11 06:06:49,2026-05-11 07:26:49
RES104809,MUM002,CNF104809,GUEST104809,2026-06-16,2026-06-18,STE,BAR,BAR_DLX,CANCELLED,1,0,INR,2026-05-11 09:44:49,2026-05-11 12:27:49
RES104810,KER001,CNF104810,GUEST104810,2026-05-30,2026-05-31,KING,CORP,CORP_STD,MODIFIED,1,6999,INR,2026-05-11 15:33:07,2026-05-11 16:59:07
RES104811,DEL002,CNF104811,GUEST104811,2026-06-04,2026-06-07,QUEEN,BAR,BAR_DLX,MODIFIED,2,51600,INR,2026-05-11 00:04:48,2026-05-11 01:57:48
RES104812,BLR002,CNF104812,GUEST104812,2026-06-10,2026-06-14,DLX,CORP,CORP_DLX,MODIFIED,2,55392,INR,2026-05-11 05:14:48,2026-05-11 07:43:48
RES104813,KER001,CNF104813,GUEST104813,2026-07-08,2026-07-11,KING,MEMBER,MEM_STD,BOOKED,4,84096,INR,2026-05-11 13:10:44,2026-05-11 14:48:44
RES104814,KOL001,CNF104814,GUEST104814,2026-05-20,2026-05-24,KING,MEMBER,MEM_STD,MODIFIED,2,61488,INR,2026-05-11 08:15:37,2026-05-11 10:20:37
RES104815,MUM001,CNF104815,GUEST104815,2026-06-03,2026-06-08,QUEEN,BAR,BAR_STD,MODIFIED,2,106650,INR,2026-05-11 07:11:35,2026-05-11 09:49:35
RES104816,KER001,CNF104816,GUEST104816,2026-06-18,2026-06-22,STD,PKG,PKG_STD,CANCELLED,4,0,INR,2026-05-11 01:57:11,2026-05-11 03:30:11
RES104817,MUM002,CNF104817,GUEST104817,2026-06-23,2026-06-26,STE,MEMBER,MEM_STD,BOOKED,4,85320,INR,2026-05-11 09:35:31,2026-05-11 11:19:31
RES104818,CHA001,CNF104818,GUEST104818,2026-05-25,2026-05-28,DLX,PREPAY,PPR_DLX,MODIFIED,2,70308,INR,2026-05-11 01:37:28,2026-05-11 04:14:28
RES104819,CHA001,CNF104819,GUEST104819,2026-07-08,2026-07-10,QUEEN,PKG,PKG_DLX,BOOKED,1,11024,INR,2026-05-11 14:42:11,2026-05-11 15:02:11
RES104820,KER001,CNF104820,GUEST104820,2026-06-25,2026-06-27,QUEEN,BAR,BAR_STD,BOOKED,2,58444,INR,2026-05-11 04:19:04,2026-05-11 07:18:04
RES104821,CHA001,CNF104821,GUEST104821,2026-06-01,2026-06-02,QUEEN,PREPAY,PPR_STD,BOOKED,1,14853,INR,2026-05-11 09:47:09,2026-05-11 11:16:09
RES104822,DEL001,CNF104822,GUEST104822,2026-05-16,2026-05-17,QUEEN,PREPAY,PPR_STD,CANCELLED,3,0,INR,2026-05-11 23:45:13,2026-05-12 02:30:13
RES104823,HYD001,CNF104823,GUEST104823,2026-06-29,2026-06-30,DLX,CORP,CORP_DLX,MODIFIED,1,7188,INR,2026-05-11 01:16:23,2026-05-11 02:33:23
RES104824,MUM001,CNF104824,GUEST104824,2026-07-03,2026-07-04,KING,MEMBER,MEM_STD,CANCELLED,2,0,INR,2026-05-11 17:10:44,2026-05-11 18:06:44
RES104825,DEL001,CNF104825,GUEST104825,2026-06-01,2026-06-06,QUEEN,PKG,PKG_DLX,MODIFIED,3,208065,INR,2026-05-11 07:26:37,2026-05-11 07:43:37
RES104826,HYD001,CNF104826,GUEST104826,2026-06-27,2026-07-02,STE,PREPAY,PPR_DLX,CANCELLED,4,0,INR,2026-05-11 00:55:52,2026-05-11 01:58:52
RES104827,CHN001,CNF104827,GUEST104827,2026-05-21,2026-05-23,STD,CORP,CORP_STD,CANCELLED,2,0,INR,2026-05-11 02:08:33,2026-05-11 02:59:33
RES104828,CHA001,CNF104828,GUEST104828,2026-06-23,2026-06-26,KING,MEMBER,MEM_DLX,CANCELLED,1,0,INR,2026-05-11 18:35:27,2026-05-11 19:58:27
RES104829,HYD001,CNF104829,GUEST104829,2026-05-23,2026-05-26,KING,MEMBER,MEM_STD,CANCELLED,3,0,INR,2026-05-11 17:31:25,2026-05-11 17:55:25
RES104830,HYD001,CNF104830,GUEST104830,2026-07-01,2026-07-03,STD,MEMBER,MEM_STD,MODIFIED,3,51894,INR,2026-05-11 18:13:16,2026-05-11 18:50:16
RES104831,MUM002,CNF104831,GUEST104831,2026-05-29,2026-05-30,STE,PKG,PKG_DLX,CANCELLED,4,0,INR,2026-05-11 04:00:52,2026-05-11 06:46:52
RES104832,BLR001,CNF104832,GUEST104832,2026-05-22,2026-05-25,STD,BAR,BAR_DLX,BOOKED,4,76308,INR,2026-05-11 18:08:05,2026-05-11 21:07:05
RES104833,KER001,CNF104833,GUEST104833,2026-07-01,2026-07-04,DLX,PKG,PKG_DLX,CANCELLED,1,0,INR,2026-05-11 21:59:45,2026-05-11 23:06:45
RES104834,BLR001,CNF104834,GUEST104834,2026-07-06,2026-07-10,QUEEN,CORP,CORP_STD,MODIFIED,1,52204,INR,2026-05-11 19:06:45,2026-05-11 21:46:45
RES104835,CHA001,CNF104835,GUEST104835,2026-05-25,2026-05-28,KING,BAR,BAR_STD,CANCELLED,4,0,INR,2026-05-11 10:02:39,2026-05-11 12:52:39
RES104836,HYD001,CNF104836,GUEST104836,2026-06-21,2026-06-22,KING,MEMBER,MEM_STD,MODIFIED,3,24126,INR,2026-05-11 03:33:07,2026-05-11 04:53:07
RES104837,CHN001,CNF104837,GUEST104837,2026-06-14,2026-06-15,STE,PREPAY,PPR_DLX,MODIFIED,3,28905,INR,2026-05-11 02:28:41,2026-05-11 02:58:41
RES104838,KOL001,CNF104838,GUEST104838,2026-06-07,2026-06-08,STD,BAR,BAR_DLX,BOOKED,4,25520,INR,2026-05-11 13:06:31,2026-05-11 14:37:31
RES104839,CHN001,CNF104839,GUEST104839,2026-06-18,2026-06-22,DLX,BAR,BAR_DLX,BOOKED,3,176736,INR,2026-05-11 13:00:14,2026-05-11 14:39:14
RES104840,CHN001,CNF104840,GUEST104840,2026-05-28,2026-05-29,STD,CORP,CORP_DLX,BOOKED,1,11204,INR,2026-05-11 10:44:14,2026-05-11 11:14:14
RES104841,DEL001,CNF104841,GUEST104841,2026-06-03,2026-06-08,STE,MEMBER,MEM_DLX,BOOKED,2,127410,INR,2026-05-11 23:24:54,2026-05-12 02:11:54
RES104842,MUM001,CNF104842,GUEST104842,2026-07-10,2026-07-13,DLX,PKG,PKG_STD,BOOKED,1,17091,INR,2026-05-11 02:38:34,2026-05-11 04:40:34
RES104843,KER001,CNF104843,GUEST104843,2026-05-21,2026-05-24,DLX,PKG,PKG_DLX,MODIFIED,1,23814,INR,2026-05-11 20:34:21,2026-05-11 22:35:21
RES104844,BLR001,CNF104844,GUEST104844,2026-06-09,2026-06-10,DLX,BAR,BAR_STD,BOOKED,4,25016,INR,2026-05-11 04:50:18,2026-05-11 07:10:18
RES104845,KER001,CNF104845,GUEST104845,2026-07-08,2026-07-10,QUEEN,MEMBER,MEM_DLX,MODIFIED,1,15770,INR,2026-05-11 18:03:18,2026-05-11 19:16:18
RES104846,KER001,CNF104846,GUEST104846,2026-06-28,2026-06-30,KING,PKG,PKG_DLX,CANCELLED,3,0,INR,2026-05-11 21:59:32,2026-05-11 22:27:32
RES104847,DEL001,CNF104847,GUEST104847,2026-06-18,2026-06-21,STE,BAR,BAR_STD,BOOKED,1,16440,INR,2026-05-11 00:29:33,2026-05-11 01:45:33
RES104848,KER001,CNF104848,GUEST104848,2026-06-04,2026-06-08,STD,MEMBER,MEM_STD,MODIFIED,4,234944,INR,2026-05-11 04:23:47,2026-05-11 04:56:47
RES104849,DEL002,CNF104849,GUEST104849,2026-05-30,2026-06-03,KING,BAR,BAR_STD,CANCELLED,4,0,INR,2026-05-11 06:53:21,2026-05-11 07:13:21
RES104850,DEL001,CNF104850,GUEST104850,2026-05-31,2026-06-05,STD,PKG,PKG_DLX,BOOKED,4,191160,INR,2026-05-11 16:27:28,2026-05-11 18:44:28
RES104851,DEL001,CNF104851,GUEST104851,2026-06-02,2026-06-06,DLX,BAR,BAR_DLX,MODIFIED,1,32992,INR,2026-05-11 03:56:36,2026-05-11 06:34:36
RES104852,DEL001,CNF104852,GUEST104852,2026-05-31,2026-06-04,STE,PKG,PKG_STD,BOOKED,1,42916,INR,2026-05-11 04:29:56,2026-05-11 05:41:56
RES104853,DEL002,CNF104853,GUEST104853,2026-07-06,2026-07-09,DLX,BAR,BAR_STD,BOOKED,2,86664,INR,2026-05-11 00:14:57,2026-05-11 02:00:57
RES104854,KOL001,CNF104854,GUEST104854,2026-06-14,2026-06-19,DLX,PKG,PKG_DLX,BOOKED,4,218300,INR,2026-05-11 20:26:18,2026-05-11 22:42:18
RES104855,KOL001,CNF104855,GUEST104855,2026-06-13,2026-06-14,STD,CORP,CORP_STD,MODIFIED,2,11542,INR,2026-05-11 19:16:06,2026-05-11 20:38:06
RES104856,BLR002,CNF104856,GUEST104856,2026-05-22,2026-05-23,DLX,CORP,CORP_STD,MODIFIED,2,10328,INR,2026-05-11 19:33:27,2026-05-11 20:18:27
RES104857,MUM001,CNF104857,GUEST104857,2026-06-11,2026-06-14,QUEEN,PKG,PKG_DLX,BOOKED,1,34896,INR,2026-05-11 12:32:03,2026-05-11 12:34:03
RES104858,KOL001,CNF104858,GUEST104858,2026-06-21,2026-06-22,KING,PREPAY,PPR_DLX,BOOKED,2,24994,INR,2026-05-11 20:02:05,2026-05-11 22:16:05
RES104859,CHN001,CNF104859,GUEST104859,2026-07-09,2026-07-10,STE,PKG,PKG_DLX,BOOKED,4,46404,INR,2026-05-11 00:19:51,2026-05-11 02:38:51
RES104860,BLR002,CNF104860,GUEST104860,2026-06-03,2026-06-08,STE,BAR,BAR_DLX,BOOKED,2,100800,INR,2026-05-11 18:37:43,2026-05-11 21:01:43
RES104861,MUM001,CNF104861,GUEST104861,2026-05-21,2026-05-26,DLX,MEMBER,MEM_STD,BOOKED,2,104240,INR,2026-05-11 14:41:49,2026-05-11 15:57:49
RES104862,MUM001,CNF104862,GUEST104862,2026-06-07,2026-06-11,DLX,CORP,CORP_STD,MODIFIED,3,126192,INR,2026-05-11 07:49:52,2026-05-11 08:15:52
RES104863,HYD001,CNF104863,GUEST104863,2026-06-22,2026-06-25,QUEEN,PREPAY,PPR_DLX,CANCELLED,1,0,INR,2026-05-11 19:04:01,2026-05-11 21:26:01
RES104864,KOL001,CNF104864,GUEST104864,2026-05-17,2026-05-22,QUEEN,PKG,PKG_DLX,BOOKED,1,67165,INR,2026-05-11 07:39:34,2026-05-11 08:25:34
RES104865,CHN001,CNF104865,GUEST104865,2026-05-18,2026-05-20,QUEEN,MEMBER,MEM_DLX,BOOKED,3,56616,INR,2026-05-11 11:38:15,2026-05-11 12:05:15
RES104866,BLR002,CNF104866,GUEST104866,2026-06-10,2026-06-14,STD,CORP,CORP_STD,MODIFIED,3,160368,INR,2026-05-11 15:28:04,2026-05-11 16:20:04
RES104867,CHA001,CNF104867,GUEST104867,2026-05-28,2026-05-30,QUEEN,BAR,BAR_DLX,BOOKED,2,33240,INR,2026-05-11 17:08:39,2026-05-11 18:31:39
RES104868,KER001,CNF104868,GUEST104868,2026-06-22,2026-06-25,QUEEN,MEMBER,MEM_STD,CANCELLED,2,0,INR,2026-05-11 08:06:31,2026-05-11 08:19:31
RES104869,CHA001,CNF104869,GUEST104869,2026-06-12,2026-06-15,STE,MEMBER,MEM_STD,MODIFIED,1,11724,INR,2026-05-11 18:16:49,2026-05-11 21:15:49
RES104870,BLR001,CNF104870,GUEST104870,2026-07-03,2026-07-07,QUEEN,CORP,CORP_DLX,BOOKED,1,31504,INR,2026-05-11 06:23:27,2026-05-11 09:04:27
RES104871,DEL001,CNF104871,GUEST104871,2026-05-22,2026-05-24,STE,CORP,CORP_STD,MODIFIED,3,23778,INR,2026-05-11 09:01:08,2026-05-11 11:07:08
RES104872,DEL002,CNF104872,GUEST104872,2026-05-18,2026-05-21,STE,PKG,PKG_STD,BOOKED,3,108135,INR,2026-05-11 18:53:34,2026-05-11 20:15:34
RES104873,HYD001,CNF104873,GUEST104873,2026-06-26,2026-06-27,STE,PREPAY,PPR_STD,BOOKED,4,41252,INR,2026-05-11 00:35:30,2026-05-11 01:56:30
RES104874,BLR001,CNF104874,GUEST104874,2026-06-21,2026-06-22,DLX,BAR,BAR_STD,CANCELLED,1,0,INR,2026-05-11 17:26:37,2026-05-11 17:30:37
RES104875,MUM002,CNF104875,GUEST104875,2026-06-29,2026-07-01,STE,PKG,PKG_DLX,MODIFIED,2,14360,INR,2026-05-11 13:39:22,2026-05-11 15:04:22
RES104876,CHN001,CNF104876,GUEST104876,2026-07-06,2026-07-07,STD,BAR,BAR_DLX,MODIFIED,1,3560,INR,2026-05-11 13:32:44,2026-05-11 16:29:44
RES104877,MUM002,CNF104877,GUEST104877,2026-07-10,2026-07-12,STD,MEMBER,MEM_STD,CANCELLED,2,0,INR,2026-05-11 16:40:26,2026-05-11 19:02:26
RES104878,BLR002,CNF104878,GUEST104878,2026-05-19,2026-05-20,STE,CORP,CORP_STD,MODIFIED,2,11712,INR,2026-05-11 07:26:31,2026-05-11 09:45:31
RES104879,HYD001,CNF104879,GUEST104879,2026-06-07,2026-06-11,STD,PKG,PKG_STD,MODIFIED,4,228768,INR,2026-05-11 03:58:45,2026-05-11 05:08:45
RES104880,MUM002,CNF104880,GUEST104880,2026-06-18,2026-06-22,QUEEN,MEMBER,MEM_STD,CANCELLED,4,0,INR,2026-05-11 04:41:33,2026-05-11 06:57:33
RES104881,CHA001,CNF104881,GUEST104881,2026-05-23,2026-05-26,STD,PREPAY,PPR_DLX,CANCELLED,1,0,INR,2026-05-11 04:50:10,2026-05-11 07:46:10
RES104882,MUM002,CNF104882,GUEST104882,2026-06-14,2026-06-15,KING,BAR,BAR_DLX,MODIFIED,1,7586,INR,2026-05-11 04:58:04,2026-05-11 06:07:04
RES104883,HYD001,CNF104883,GUEST104883,2026-05-27,2026-05-31,STD,PKG,PKG_STD,CANCELLED,3,0,INR,2026-05-11 12:08:16,2026-05-11 13:15:16
RES104884,DEL002,CNF104884,GUEST104884,2026-06-19,2026-06-23,KING,PREPAY,PPR_STD,CANCELLED,2,0,INR,2026-05-11 04:49:23,2026-05-11 05:06:23
RES104885,BLR002,CNF104885,GUEST104885,2026-06-28,2026-06-30,STD,MEMBER,MEM_STD,CANCELLED,4,0,INR,2026-05-11 05:48:58,2026-05-11 07:34:58
RES104886,KER001,CNF104886,GUEST104886,2026-05-18,2026-05-20,STD,CORP,CORP_STD,BOOKED,1,22280,INR,2026-05-11 19:31:59,2026-05-11 21:30:59
RES104887,HYD001,CNF104887,GUEST104887,2026-06-01,2026-06-05,DLX,MEMBER,MEM_DLX,MODIFIED,3,103560,INR,2026-05-11 22:22:44,2026-05-12 00:10:44
RES104888,CHA001,CNF104888,GUEST104888,2026-07-04,2026-07-07,KING,BAR,BAR_DLX,CANCELLED,3,0,INR,2026-05-11 15:07:49,2026-05-11 17:54:49
RES104889,KOL001,CNF104889,GUEST104889,2026-06-28,2026-07-01,STD,PREPAY,PPR_STD,BOOKED,4,116340,INR,2026-05-11 14:21:43,2026-05-11 15:40:43
RES104890,MUM001,CNF104890,GUEST104890,2026-05-17,2026-05-21,KING,MEMBER,MEM_STD,CANCELLED,1,0,INR,2026-05-11 01:40:27,2026-05-11 02:50:27
RES104891,MUM002,CNF104891,GUEST104891,2026-05-20,2026-05-25,DLX,BAR,BAR_STD,MODIFIED,1,26010,INR,2026-05-11 02:15:54,2026-05-11 05:06:54
RES104892,MUM002,CNF104892,GUEST104892,2026-06-05,2026-06-09,STE,PKG,PKG_DLX,MODIFIED,1,37728,INR,2026-05-11 18:30:28,2026-05-11 20:51:28
RES104893,KER001,CNF104893,GUEST104893,2026-07-05,2026-07-06,QUEEN,PREPAY,PPR_DLX,MODIFIED,4,37156,INR,2026-05-11 06:22:49,2026-05-11 06:47:49
RES104894,DEL001,CNF104894,GUEST104894,2026-06-24,2026-06-27,STE,BAR,BAR_DLX,MODIFIED,2,39264,INR,2026-05-11 01:17:06,2026-05-11 04:09:06
RES104895,KER001,CNF104895,GUEST104895,2026-06-09,2026-06-13,STE,MEMBER,MEM_DLX,CANCELLED,1,0,INR,2026-05-11 21:00:54,2026-05-11 22:32:54
RES104896,DEL002,CNF104896,GUEST104896,2026-05-21,2026-05-24,STE,PKG,PKG_STD,MODIFIED,4,109680,INR,2026-05-11 16:29:30,2026-05-11 17:09:30
RES104897,KER001,CNF104897,GUEST104897,2026-06-17,2026-06-22,KING,CORP,CORP_DLX,CANCELLED,3,0,INR,2026-05-11 23:48:12,2026-05-11 23:57:12
RES104898,DEL002,CNF104898,GUEST104898,2026-06-14,2026-06-17,QUEEN,CORP,CORP_STD,BOOKED,2,30312,INR,2026-05-11 02:32:49,2026-05-11 04:04:49
RES104899,KOL001,CNF104899,GUEST104899,2026-06-25,2026-06-28,STD,BAR,BAR_DLX,MODIFIED,1,31458,INR,2026-05-11 11:38:23,2026-05-11 14:06:23
RES104900,MUM002,CNF104900,GUEST104900,2026-05-31,2026-06-02,QUEEN,PKG,PKG_STD,MODIFIED,3,72690,INR,2026-05-11 18:00:35,2026-05-11 20:07:35
RES104901,HYD001,CNF104901,GUEST104901,2026-07-04,2026-07-07,STD,BAR,BAR_STD,CANCELLED,4,0,INR,2026-05-11 19:48:13,2026-05-11 21:57:13
RES104902,KER001,CNF104902,GUEST104902,2026-07-01,2026-07-04,QUEEN,MEMBER,MEM_DLX,MODIFIED,4,110400,INR,2026-05-11 10:05:49,2026-05-11 10:27:49
RES104903,KER001,CNF104903,GUEST104903,2026-06-26,2026-06-30,STE,CORP,CORP_STD,CANCELLED,4,0,INR,2026-05-11 22:14:50,2026-05-11 22:37:50
RES104904,BLR001,CNF104904,GUEST104904,2026-05-16,2026-05-17,DLX,CORP,CORP_STD,CANCELLED,4,0,INR,2026-05-11 14:40:00,2026-05-11 14:43:00
RES104905,KER001,CNF104905,GUEST104905,2026-06-22,2026-06-27,KING,PKG,PKG_DLX,MODIFIED,2,127480,INR,2026-05-11 22:15:56,2026-05-11 22:42:56
RES104906,MUM001,CNF104906,GUEST104906,2026-05-29,2026-05-31,STD,MEMBER,MEM_DLX,CANCELLED,2,0,INR,2026-05-11 22:03:48,2026-05-11 23:07:48
RES104907,BLR001,CNF104907,GUEST104907,2026-05-19,2026-05-23,DLX,BAR,BAR_STD,MODIFIED,4,140736,INR,2026-05-11 10:47:39,2026-05-11 13:13:39
RES104908,KOL001,CNF104908,GUEST104908,2026-06-15,2026-06-19,KING,PREPAY,PPR_STD,CANCELLED,3,0,INR,2026-05-11 22:40:17,2026-05-12 00:25:17
RES104909,MUM002,CNF104909,GUEST104909,2026-06-07,2026-06-12,DLX,MEMBER,MEM_DLX,BOOKED,2,116050,INR,2026-05-11 22:39:07,2026-05-12 00:07:07
RES104910,BLR001,CNF104910,GUEST104910,2026-05-17,2026-05-18,DLX,CORP,CORP_STD,CANCELLED,2,0,INR,2026-05-11 07:39:41,2026-05-11 09:07:41
RES104911,HYD001,CNF104911,GUEST104911,2026-06-30,2026-07-03,DLX,CORP,CORP_STD,MODIFIED,2,65232,INR,2026-05-11 21:18:37,2026-05-11 21:50:37
RES104912,CHA001,CNF104912,GUEST104912,2026-05-30,2026-06-01,DLX,BAR,BAR_STD,BOOKED,4,31208,INR,2026-05-11 23:41:17,2026-05-12 02:25:17
RES104913,DEL001,CNF104913,GUEST104913,2026-06-19,2026-06-20,DLX,PREPAY,PPR_DLX,CANCELLED,3,0,INR,2026-05-11 12:49:33,2026-05-11 14:13:33
RES104914,BLR002,CNF104914,GUEST104914,2026-06-19,2026-06-22,STE,BAR,BAR_STD,BOOKED,3,32130,INR,2026-05-11 05:50:36,2026-05-11 07:12:36
RES104915,CHA001,CNF104915,GUEST104915,2026-06-27,2026-06-30,KING,MEMBER,MEM_DLX,BOOKED,3,36288,INR,2026-05-11 09:35:35,2026-05-11 11:11:35
RES104916,CHA001,CNF104916,GUEST104916,2026-05-12,2026-05-13,QUEEN,MEMBER,MEM_DLX,CANCELLED,4,0,INR,2026-05-11 18:34:33,2026-05-11 18:41:33
RES104917,BLR002,CNF104917,GUEST104917,2026-05-24,2026-05-27,QUEEN,BAR,BAR_STD,BOOKED,3,65862,INR,2026-05-11 06:29:45,2026-05-11 06:58:45
RES104918,BLR001,CNF104918,GUEST104918,2026-05-30,2026-06-02,DLX,PKG,PKG_DLX,BOOKED,4,102336,INR,2026-05-11 11:37:43,2026-05-11 14:00:43
RES104919,HYD001,CNF104919,GUEST104919,2026-05-23,2026-05-25,STD,BAR,BAR_STD,MODIFIED,3,43824,INR,2026-05-11 04:48:06,2026-05-11 07:44:06
RES104920,HYD001,CNF104920,GUEST104920,2026-05-14,2026-05-15,DLX,MEMBER,MEM_STD,CANCELLED,4,0,INR,2026-05-11 09:22:48,2026-05-11 09:57:48
RES104921,HYD001,CNF104921,GUEST104921,2026-06-18,2026-06-21,STE,CORP,CORP_DLX,BOOKED,1,40236,INR,2026-05-11 02:47:08,2026-05-11 04:40:08
RES104922,KER001,CNF104922,GUEST104922,2026-06-03,2026-06-06,QUEEN,PKG,PKG_DLX,CANCELLED,1,0,INR,2026-05-11 18:37:17,2026-05-11 21:06:17
RES104923,BLR001,CNF104923,GUEST104923,2026-06-17,2026-06-20,DLX,MEMBER,MEM_DLX,CANCELLED,4,0,INR,2026-05-11 12:01:17,2026-05-11 14:38:17
RES104924,HYD001,CNF104924,GUEST104924,2026-06-17,2026-06-21,DLX,PREPAY,PPR_DLX,CANCELLED,1,0,INR,2026-05-11 05:12:13,2026-05-11 06:46:13
RES104925,MUM002,CNF104925,GUEST104925,2026-05-17,2026-05-22,KING,MEMBER,MEM_DLX,MODIFIED,3,195750,INR,2026-05-11 02:18:31,2026-05-11 05:15:31
RES104926,CHN001,CNF104926,GUEST104926,2026-06-23,2026-06-25,STD,PKG,PKG_DLX,BOOKED,2,48764,INR,2026-05-11 22:42:51,2026-05-12 01:13:51
RES104927,CHN001,CNF104927,GUEST104927,2026-05-17,2026-05-22,DLX,CORP,CORP_DLX,CANCELLED,1,0,INR,2026-05-11 03:31:03,2026-05-11 05:06:03
RES104928,DEL002,CNF104928,GUEST104928,2026-06-05,2026-06-08,STE,MEMBER,MEM_STD,BOOKED,2,24618,INR,2026-05-11 22:00:27,2026-05-11 22:01:27
RES104929,KER001,CNF104929,GUEST104929,2026-07-03,2026-07-05,KING,PKG,PKG_STD,BOOKED,4,73848,INR,2026-05-11 07:09:55,2026-05-11 08:32:55
RES104930,BLR002,CNF104930,GUEST104930,2026-07-03,2026-07-06,STE,MEMBER,MEM_STD,BOOKED,4,68508,INR,2026-05-11 07:13:38,2026-05-11 09:24:38
RES104931,BLR001,CNF104931,GUEST104931,2026-05-13,2026-05-17,QUEEN,PKG,PKG_STD,BOOKED,2,119872,INR,2026-05-11 18:28:07,2026-05-11 20:48:07
RES104932,BLR001,CNF104932,GUEST104932,2026-06-21,2026-06-25,DLX,CORP,CORP_DLX,CANCELLED,1,0,INR,2026-05-11 17:26:29,2026-05-11 18:11:29
RES104933,KOL001,CNF104933,GUEST104933,2026-06-05,2026-06-09,DLX,PREPAY,PPR_DLX,BOOKED,2,115232,INR,2026-05-11 01:04:33,2026-05-11 01:04:33
RES104934,KER001,CNF104934,GUEST104934,2026-07-08,2026-07-09,STD,MEMBER,MEM_DLX,BOOKED,2,22264,INR,2026-05-11 13:08:39,2026-05-11 13:10:39
RES104935,DEL001,CNF104935,GUEST104935,2026-07-06,2026-07-09,QUEEN,PKG,PKG_STD,MODIFIED,2,47724,INR,2026-05-11 18:56:19,2026-05-11 19:55:19
RES104936,KER001,CNF104936,GUEST104936,2026-06-26,2026-07-01,QUEEN,PREPAY,PPR_STD,CANCELLED,1,0,INR,2026-05-11 09:05:07,2026-05-11 10:52:07
RES104937,CHA001,CNF104937,GUEST104937,2026-05-24,2026-05-27,QUEEN,BAR,BAR_STD,MODIFIED,4,131700,INR,2026-05-11 21:54:08,2026-05-11 23:50:08
RES104938,CHN001,CNF104938,GUEST104938,2026-06-02,2026-06-03,DLX,PKG,PKG_STD,MODIFIED,3,11613,INR,2026-05-11 20:23:11,2026-05-11 23:14:11
RES104939,DEL002,CNF104939,GUEST104939,2026-06-09,2026-06-11,KING,CORP,CORP_DLX,MODIFIED,3,48156,INR,2026-05-11 05:38:07,2026-05-11 08:34:07
RES104940,MUM002,CNF104940,GUEST104940,2026-05-24,2026-05-26,QUEEN,BAR,BAR_DLX,BOOKED,3,74670,INR,2026-05-11 22:57:14,2026-05-11 23:26:14
RES104941,CHN001,CNF104941,GUEST104941,2026-06-10,2026-06-12,STE,BAR,BAR_DLX,BOOKED,3,33798,INR,2026-05-11 00:26:10,2026-05-11 03:23:10
RES104942,BLR002,CNF104942,GUEST104942,2026-06-03,2026-06-07,STD,CORP,CORP_STD,BOOKED,4,58784,INR,2026-05-11 11:32:03,2026-05-11 12:34:03
RES104943,KOL001,CNF104943,GUEST104943,2026-06-16,2026-06-18,QUEEN,PREPAY,PPR_DLX,BOOKED,3,55020,INR,2026-05-11 12:35:04,2026-05-11 12:50:04
RES104944,DEL002,CNF104944,GUEST104944,2026-06-11,2026-06-13,STD,MEMBER,MEM_DLX,CANCELLED,3,0,INR,2026-05-11 23:20:24,2026-05-12 00:09:24
RES104945,CHA001,CNF104945,GUEST104945,2026-05-21,2026-05-22,STD,PKG,PKG_DLX,BOOKED,2,27502,INR,2026-05-11 21:48:36,2026-05-12 00:18:36
RES104946,CHN001,CNF104946,GUEST104946,2026-06-21,2026-06-23,STE,PREPAY,PPR_DLX,CANCELLED,4,0,INR,2026-05-11 23:02:04,2026-05-12 01:21:04
RES104947,BLR001,CNF104947,GUEST104947,2026-07-02,2026-07-06,KING,BAR,BAR_DLX,MODIFIED,2,104560,INR,2026-05-11 06:48:50,2026-05-11 07:23:50
RES104948,KOL001,CNF104948,GUEST104948,2026-07-07,2026-07-11,STE,PREPAY,PPR_STD,CANCELLED,1,0,INR,2026-05-11 17:15:01,2026-05-11 17:54:01
RES104949,BLR002,CNF104949,GUEST104949,2026-07-04,2026-07-06,STE,PREPAY,PPR_STD,MODIFIED,3,56652,INR,2026-05-11 01:14:43,2026-05-11 01:20:43
RES104950,KOL001,CNF104950,GUEST104950,2026-05-25,2026-05-27,STD,MEMBER,MEM_DLX,BOOKED,4,44672,INR,2026-05-11 20:16:29,2026-05-11 20:56:29
RES104951,MUM002,CNF104951,GUEST104951,2026-07-08,2026-07-10,DLX,PREPAY,PPR_STD,BOOKED,4,73432,INR,2026-05-11 04:21:47,2026-05-11 06:15:47
RES104952,KOL001,CNF104952,GUEST104952,2026-06-17,2026-06-20,STD,BAR,BAR_DLX,CANCELLED,1,0,INR,2026-05-11 20:09:28,2026-05-11 22:31:28
RES104953,KOL001,CNF104953,GUEST104953,2026-07-10,2026-07-15,KING,BAR,BAR_STD,MODIFIED,2,42930,INR,2026-05-11 12:14:25,2026-05-11 15:03:25
RES104954,HYD001,CNF104954,GUEST104954,2026-06-03,2026-06-08,QUEEN,CORP,CORP_STD,CANCELLED,2,0,INR,2026-05-11 09:16:37,2026-05-11 10:30:37
RES104955,MUM001,CNF104955,GUEST104955,2026-05-25,2026-05-29,STD,MEMBER,MEM_DLX,CANCELLED,3,0,INR,2026-05-11 21:33:33,2026-05-11 21:57:33
RES104956,HYD001,CNF104956,GUEST104956,2026-05-25,2026-05-26,DLX,BAR,BAR_STD,CANCELLED,3,0,INR,2026-05-11 12:16:18,2026-05-11 14:56:18
RES104957,KOL001,CNF104957,GUEST104957,2026-05-22,2026-05-25,QUEEN,PREPAY,PPR_DLX,BOOKED,3,121014,INR,2026-05-11 00:33:25,2026-05-11 00:53:25
RES104958,DEL001,CNF104958,GUEST104958,2026-05-12,2026-05-15,QUEEN,BAR,BAR_DLX,BOOKED,2,44010,INR,2026-05-11 07:50:46,2026-05-11 09:09:46
RES104959,KOL001,CNF104959,GUEST104959,2026-05-25,2026-05-26,STD,PKG,PKG_STD,BOOKED,2,17256,INR,2026-05-11 01:06:04,2026-05-11 02:06:04
RES104960,DEL002,CNF104960,GUEST104960,2026-05-14,2026-05-15,QUEEN,PKG,PKG_DLX,CANCELLED,1,0,INR,2026-05-11 14:15:01,2026-05-11 15:40:01
RES104961,DEL001,CNF104961,GUEST104961,2026-06-13,2026-06-17,KING,PKG,PKG_DLX,CANCELLED,3,0,INR,2026-05-11 03:55:52,2026-05-11 04:43:52
RES104962,MUM001,CNF104962,GUEST104962,2026-07-06,2026-07-10,KING,MEMBER,MEM_DLX,MODIFIED,4,62144,INR,2026-05-11 04:50:12,2026-05-11 06:43:12
RES104963,CHN001,CNF104963,GUEST104963,2026-06-05,2026-06-09,QUEEN,BAR,BAR_STD,CANCELLED,1,0,INR,2026-05-11 01:30:33,2026-05-11 02:16:33
RES104964,DEL001,CNF104964,GUEST104964,2026-06-28,2026-07-01,STE,CORP,CORP_DLX,MODIFIED,2,35622,INR,2026-05-11 12:28:03,2026-05-11 12:41:03
RES104965,MUM001,CNF104965,GUEST104965,2026-07-03,2026-07-05,KING,MEMBER,MEM_STD,MODIFIED,4,112128,INR,2026-05-11 15:37:57,2026-05-11 18:16:57
RES104966,KOL001,CNF104966,GUEST104966,2026-07-06,2026-07-08,QUEEN,BAR,BAR_DLX,MODIFIED,4,72968,INR,2026-05-11 23:06:28,2026-05-12 01:32:28
RES104967,KER001,CNF104967,GUEST104967,2026-06-15,2026-06-19,STD,MEMBER,MEM_STD,BOOKED,2,45488,INR,2026-05-11 12:47:01,2026-05-11 14:54:01
RES104968,KOL001,CNF104968,GUEST104968,2026-05-22,2026-05-24,KING,BAR,BAR_DLX,CANCELLED,1,0,INR,2026-05-11 05:12:10,2026-05-11 06:20:10
RES104969,KER001,CNF104969,GUEST104969,2026-05-17,2026-05-22,KING,PKG,PKG_STD,MODIFIED,2,72220,INR,2026-05-11 19:11:43,2026-05-11 19:19:43
RES104970,MUM001,CNF104970,GUEST104970,2026-07-05,2026-07-08,QUEEN,PKG,PKG_STD,BOOKED,3,37989,INR,2026-05-11 18:13:43,2026-05-11 20:01:43
RES104971,BLR001,CNF104971,GUEST104971,2026-06-14,2026-06-15,STD,PKG,PKG_DLX,CANCELLED,4,0,INR,2026-05-11 13:00:38,2026-05-11 14:14:38
RES104972,MUM002,CNF104972,GUEST104972,2026-06-27,2026-06-30,STE,PREPAY,PPR_STD,CANCELLED,1,0,INR,2026-05-11 13:17:18,2026-05-11 15:48:18
RES104973,DEL002,CNF104973,GUEST104973,2026-05-28,2026-06-02,QUEEN,PKG,PKG_STD,MODIFIED,4,208720,INR,2026-05-11 07:40:01,2026-05-11 08:57:01
RES104974,HYD001,CNF104974,GUEST104974,2026-06-27,2026-06-29,DLX,BAR,BAR_STD,CANCELLED,1,0,INR,2026-05-11 13:01:16,2026-05-11 15:35:16
RES104975,DEL002,CNF104975,GUEST104975,2026-05-15,2026-05-20,DLX,CORP,CORP_DLX,BOOKED,4,75400,INR,2026-05-11 21:35:04,2026-05-11 22:22:04
RES104976,BLR001,CNF104976,GUEST104976,2026-06-20,2026-06-23,DLX,PREPAY,PPR_STD,BOOKED,1,14355,INR,2026-05-11 02:54:53,2026-05-11 03:38:53
RES104977,KOL001,CNF104977,GUEST104977,2026-06-18,2026-06-20,QUEEN,CORP,CORP_STD,BOOKED,4,47880,INR,2026-05-11 14:53:57,2026-05-11 17:42:57
RES104978,KOL001,CNF104978,GUEST104978,2026-07-07,2026-07-10,DLX,PREPAY,PPR_STD,CANCELLED,1,0,INR,2026-05-11 22:21:02,2026-05-12 00:13:02
RES104979,MUM002,CNF104979,GUEST104979,2026-06-10,2026-06-11,STD,CORP,CORP_DLX,BOOKED,4,16164,INR,2026-05-11 15:00:57,2026-05-11 16:04:57
RES104980,CHN001,CNF104980,GUEST104980,2026-06-04,2026-06-07,QUEEN,CORP,CORP_STD,MODIFIED,1,23400,INR,2026-05-11 14:32:39,2026-05-11 15:00:39
RES104981,CHN001,CNF104981,GUEST104981,2026-07-10,2026-07-11,KING,MEMBER,MEM_DLX,CANCELLED,4,0,INR,2026-05-11 18:53:50,2026-05-11 19:27:50
RES104982,KOL001,CNF104982,GUEST104982,2026-05-28,2026-06-01,QUEEN,PKG,PKG_STD,BOOKED,3,131664,INR,2026-05-11 17:25:58,2026-05-11 19:09:58
RES104983,CHA001,CNF104983,GUEST104983,2026-06-07,2026-06-11,STE,BAR,BAR_DLX,CANCELLED,4,0,INR,2026-05-11 00:48:37,2026-05-11 02:36:37
RES104984,CHN001,CNF104984,GUEST104984,2026-05-15,2026-05-17,QUEEN,BAR,BAR_STD,CANCELLED,2,0,INR,2026-05-11 07:22:46,2026-05-11 08:41:46
RES104985,DEL002,CNF104985,GUEST104985,2026-05-14,2026-05-19,DLX,MEMBER,MEM_DLX,CANCELLED,4,0,INR,2026-05-11 00:29:49,2026-05-11 02:17:49
RES104986,HYD001,CNF104986,GUEST104986,2026-06-02,2026-06-06,STD,PREPAY,PPR_DLX,BOOKED,3,74796,INR,2026-05-11 14:37:48,2026-05-11 14:43:48
RES104987,KOL001,CNF104987,GUEST104987,2026-07-10,2026-07-12,QUEEN,PKG,PKG_STD,BOOKED,1,24700,INR,2026-05-11 14:08:06,2026-05-11 16:24:06
RES104988,DEL001,CNF104988,GUEST104988,2026-06-15,2026-06-16,DLX,PKG,PKG_STD,MODIFIED,2,25204,INR,2026-05-11 06:11:49,2026-05-11 07:45:49
RES104989,BLR002,CNF104989,GUEST104989,2026-05-15,2026-05-19,QUEEN,PREPAY,PPR_DLX,CANCELLED,3,0,INR,2026-05-11 18:09:59,2026-05-11 18:36:59
RES104990,KER001,CNF104990,GUEST104990,2026-06-14,2026-06-18,STD,CORP,CORP_DLX,CANCELLED,1,0,INR,2026-05-11 09:55:33,2026-05-11 11:05:33
RES104991,BLR002,CNF104991,GUEST104991,2026-06-27,2026-06-30,QUEEN,PREPAY,PPR_DLX,BOOKED,3,120528,INR,2026-05-11 10:34:58,2026-05-11 11:25:58
RES104992,KOL001,CNF104992,GUEST104992,2026-06-23,2026-06-26,QUEEN,PKG,PKG_STD,CANCELLED,3,0,INR,2026-05-11 13:27:04,2026-05-11 16:06:04
RES104993,DEL001,CNF104993,GUEST104993,2026-06-08,2026-06-10,QUEEN,PREPAY,PPR_DLX,MODIFIED,3,45648,INR,2026-05-11 10:23:47,2026-05-11 12:36:47
RES104994,MUM001,CNF104994,GUEST104994,2026-06-05,2026-06-08,STE,PKG,PKG_DLX,BOOKED,4,47724,INR,2026-05-11 21:34:23,2026-05-11 23:37:23
RES104995,BLR001,CNF104995,GUEST104995,2026-06-27,2026-06-29,KING,MEMBER,MEM_DLX,MODIFIED,1,12156,INR,2026-05-11 09:43:29,2026-05-11 11:26:29
RES104996,DEL001,CNF104996,GUEST104996,2026-07-03,2026-07-08,KING,PREPAY,PPR_DLX,BOOKED,4,198300,INR,2026-05-11 22:18:22,2026-05-11 22:42:22
RES104997,HYD001,CNF104997,GUEST104997,2026-06-09,2026-06-10,STD,CORP,CORP_DLX,BOOKED,3,31284,INR,2026-05-11 15:38:13,2026-05-11 16:27:13
RES104998,CHA001,CNF104998,GUEST104998,2026-06-29,2026-06-30,DLX,MEMBER,MEM_DLX,CANCELLED,4,0,INR,2026-05-11 13:03:17,2026-05-11 15:01:17
RES104999,BLR002,CNF104999,GUEST104999,2026-06-28,2026-06-29,QUEEN,PREPAY,PPR_STD,CANCELLED,2,0,INR,2026-05-11 02:59:31,2026-05-11 03:26:31
RES105000,HYD001,CNF105000,GUEST105000,2026-06-22,2026-06-27,STE,PKG,PKG_DLX,CANCELLED,4,0,INR,2026-05-11 20:17:21,2026-05-11 21:14:21
