reservation_id,property_code,confirmation_number,guest_id,arrival_date,departure_date,room_type,rate_plan_code,price_plan_code,booking_status,room_count,total_revenue,currency,created_ts,updated_ts
RES100001,HYD001,CNF100001,GUEST100001,2026-07-06,2026-07-09,KING,PREPAY,PPR_DLX,CANCELLED,3,0,INR,2026-05-10 18:10:33,2026-05-10 21:09:33
RES100002,KOL001,CNF100002,GUEST100002,2026-06-20,2026-06-25,KING,PKG,PKG_DLX,MODIFIED,1,36350,INR,2026-05-10 23:24:52,2026-05-11 02:12:52
RES100003,CHA001,CNF100003,GUEST100003,2026-06-07,2026-06-10,DLX,MEMBER,MEM_STD,BOOKED,2,44286,INR,2026-05-10 20:07:20,2026-05-10 20:28:20
RES100004,BLR001,CNF100004,GUEST100004,2026-05-11,2026-05-12,QUEEN,CORP,CORP_DLX,MODIFIED,2,11014,INR,2026-05-10 15:19:07,2026-05-10 17:44:07
RES100005,CHN001,CNF100005,GUEST100005,2026-05-30,2026-06-04,STD,PKG,PKG_STD,MODIFIED,4,102020,INR,2026-05-10 01:44:42,2026-05-10 02:13:42
RES100006,HYD001,CNF100006,GUEST100006,2026-06-06,2026-06-07,STD,PKG,PKG_DLX,CANCELLED,1,0,INR,2026-05-10 06:06:33,2026-05-10 08:46:33
RES100007,DEL002,CNF100007,GUEST100007,2026-05-13,2026-05-17,KING,PKG,PKG_DLX,CANCELLED,2,0,INR,2026-05-10 23:45:31,2026-05-11 00:56:31
RES100008,CHA001,CNF100008,GUEST100008,2026-06-10,2026-06-12,STD,CORP,CORP_DLX,BOOKED,1,29542,INR,2026-05-10 14:26:29,2026-05-10 16:56:29
RES100009,CHN001,CNF100009,GUEST100009,2026-07-03,2026-07-06,DLX,PKG,PKG_STD,BOOKED,3,55791,INR,2026-05-10 02:30:48,2026-05-10 04:12:48
RES100010,DEL001,CNF100010,GUEST100010,2026-06-13,2026-06-18,QUEEN,PKG,PKG_STD,BOOKED,3,109695,INR,2026-05-10 22:13:21,2026-05-11 00:43:21
RES100011,MUM001,CNF100011,GUEST100011,2026-05-13,2026-05-18,QUEEN,CORP,CORP_DLX,CANCELLED,4,0,INR,2026-05-10 06:57:19,2026-05-10 07:58:19
RES100012,BLR002,CNF100012,GUEST100012,2026-05-12,2026-05-15,STD,BAR,BAR_STD,BOOKED,1,27084,INR,2026-05-10 06:20:47,2026-05-10 09:00:47
RES100013,DEL002,CNF100013,GUEST100013,2026-06-08,2026-06-13,STE,BAR,BAR_DLX,CANCELLED,1,0,INR,2026-05-10 15:07:55,2026-05-10 17:51:55
RES100014,DEL001,CNF100014,GUEST100014,2026-07-07,2026-07-08,KING,BAR,BAR_STD,BOOKED,3,33057,INR,2026-05-10 02:13:32,2026-05-10 04:52:32
RES100015,BLR002,CNF100015,GUEST100015,2026-05-19,2026-05-22,DLX,PKG,PKG_DLX,BOOKED,3,107622,INR,2026-05-10 09:00:50,2026-05-10 09:44:50
RES100016,DEL002,CNF100016,GUEST100016,2026-06-20,2026-06-25,KING,MEMBER,MEM_DLX,CANCELLED,2,0,INR,2026-05-10 13:56:46,2026-05-10 15:54:46
RES100017,DEL001,CNF100017,GUEST100017,2026-05-21,2026-05-24,STE,MEMBER,MEM_DLX,BOOKED,4,65844,INR,2026-05-10 02:48:58,2026-05-10 03:30:58
RES100018,DEL001,CNF100018,GUEST100018,2026-06-03,2026-06-06,STD,PKG,PKG_STD,CANCELLED,1,0,INR,2026-05-10 13:21:12,2026-05-10 14:59:12
RES100019,MUM002,CNF100019,GUEST100019,2026-05-17,2026-05-21,QUEEN,BAR,BAR_STD,MODIFIED,3,89772,INR,2026-05-10 17:07:38,2026-05-10 17:08:38
RES100020,CHN001,CNF100020,GUEST100020,2026-07-04,2026-07-06,KING,CORP,CORP_STD,MODIFIED,4,87000,INR,2026-05-10 12:47:06,2026-05-10 13:42:06
RES100021,CHN001,CNF100021,GUEST100021,2026-05-21,2026-05-25,KING,MEMBER,MEM_STD,MODIFIED,3,98016,INR,2026-05-10 19:20:12,2026-05-10 21:54:12
RES100022,BLR001,CNF100022,GUEST100022,2026-06-26,2026-06-29,STD,PKG,PKG_STD,MODIFIED,1,41838,INR,2026-05-10 19:29:37,2026-05-10 21:10:37
RES100023,DEL001,CNF100023,GUEST100023,2026-06-21,2026-06-23,STE,MEMBER,MEM_STD,MODIFIED,2,33804,INR,2026-05-10 02:10:15,2026-05-10 02:44:15
RES100024,MUM002,CNF100024,GUEST100024,2026-05-11,2026-05-14,STD,MEMBER,MEM_STD,BOOKED,2,82188,INR,2026-05-10 21:40:48,2026-05-10 23:00:48
RES100025,CHN001,CNF100025,GUEST100025,2026-05-19,2026-05-23,STE,PREPAY,PPR_DLX,MODIFIED,1,48756,INR,2026-05-10 01:02:33,2026-05-10 03:22:33
RES100026,MUM001,CNF100026,GUEST100026,2026-05-25,2026-05-29,STE,CORP,CORP_DLX,CANCELLED,2,0,INR,2026-05-10 07:34:08,2026-05-10 09:33:08
RES100027,DEL002,CNF100027,GUEST100027,2026-07-07,2026-07-11,QUEEN,CORP,CORP_STD,BOOKED,2,71472,INR,2026-05-10 09:19:58,2026-05-10 09:40:58
RES100028,KER001,CNF100028,GUEST100028,2026-05-12,2026-05-16,DLX,MEMBER,MEM_STD,MODIFIED,3,96672,INR,2026-05-10 03:53:43,2026-05-10 05:32:43
RES100029,CHA001,CNF100029,GUEST100029,2026-05-24,2026-05-27,KING,PKG,PKG_DLX,BOOKED,3,55431,INR,2026-05-10 16:40:56,2026-05-10 19:30:56
RES100030,BLR002,CNF100030,GUEST100030,2026-07-09,2026-07-14,STD,PKG,PKG_STD,CANCELLED,1,0,INR,2026-05-10 09:02:12,2026-05-10 10:35:12
RES100031,DEL002,CNF100031,GUEST100031,2026-07-07,2026-07-10,STD,PREPAY,PPR_DLX,MODIFIED,3,43578,INR,2026-05-10 17:34:46,2026-05-10 19:32:46
RES100032,MUM001,CNF100032,GUEST100032,2026-06-16,2026-06-21,DLX,CORP,CORP_DLX,MODIFIED,2,45880,INR,2026-05-10 02:45:02,2026-05-10 04:58:02
RES100033,MUM001,CNF100033,GUEST100033,2026-05-25,2026-05-29,KING,CORP,CORP_STD,CANCELLED,4,0,INR,2026-05-10 18:07:08,2026-05-10 18:21:08
RES100034,KOL001,CNF100034,GUEST100034,2026-07-06,2026-07-08,STD,MEMBER,MEM_DLX,MODIFIED,1,9166,INR,2026-05-10 22:40:14,2026-05-10 23:51:14
RES100035,CHN001,CNF100035,GUEST100035,2026-05-19,2026-05-20,DLX,CORP,CORP_STD,CANCELLED,2,0,INR,2026-05-10 16:31:48,2026-05-10 19:16:48
RES100036,BLR001,CNF100036,GUEST100036,2026-05-11,2026-05-12,DLX,BAR,BAR_DLX,CANCELLED,2,0,INR,2026-05-10 17:11:15,2026-05-10 19:35:15
RES100037,BLR002,CNF100037,GUEST100037,2026-05-25,2026-05-30,STD,PKG,PKG_DLX,CANCELLED,1,0,INR,2026-05-10 00:54:41,2026-05-10 02:44:41
RES100038,KOL001,CNF100038,GUEST100038,2026-07-06,2026-07-09,STE,PKG,PKG_STD,BOOKED,2,43248,INR,2026-05-10 19:08:19,2026-05-10 20:57:19
RES100039,KOL001,CNF100039,GUEST100039,2026-05-29,2026-06-02,STE,CORP,CORP_DLX,BOOKED,1,18848,INR,2026-05-10 05:29:17,2026-05-10 08:28:17
RES100040,BLR002,CNF100040,GUEST100040,2026-05-24,2026-05-25,STE,PKG,PKG_STD,MODIFIED,4,17004,INR,2026-05-10 17:35:05,2026-05-10 19:29:05
RES100041,MUM001,CNF100041,GUEST100041,2026-06-06,2026-06-11,DLX,PREPAY,PPR_DLX,BOOKED,2,94770,INR,2026-05-10 10:21:45,2026-05-10 11:15:45
RES100042,KER001,CNF100042,GUEST100042,2026-06-10,2026-06-13,DLX,PKG,PKG_DLX,MODIFIED,3,112347,INR,2026-05-10 13:36:03,2026-05-10 16:04:03
RES100043,MUM002,CNF100043,GUEST100043,2026-06-06,2026-06-08,QUEEN,PREPAY,PPR_DLX,MODIFIED,2,32288,INR,2026-05-10 22:02:05,2026-05-10 23:16:05
RES100044,KOL001,CNF100044,GUEST100044,2026-07-05,2026-07-10,STD,BAR,BAR_STD,MODIFIED,3,169320,INR,2026-05-10 14:06:02,2026-05-10 14:21:02
RES100045,BLR001,CNF100045,GUEST100045,2026-06-20,2026-06-22,STE,PKG,PKG_DLX,BOOKED,4,73528,INR,2026-05-10 08:04:38,2026-05-10 09:03:38
RES100046,KOL001,CNF100046,GUEST100046,2026-06-26,2026-06-27,QUEEN,MEMBER,MEM_STD,MODIFIED,2,22200,INR,2026-05-10 17:20:49,2026-05-10 18:52:49
RES100047,KOL001,CNF100047,GUEST100047,2026-05-31,2026-06-01,STD,CORP,CORP_STD,CANCELLED,1,0,INR,2026-05-10 10:29:46,2026-05-10 10:34:46
RES100048,CHN001,CNF100048,GUEST100048,2026-06-02,2026-06-04,KING,BAR,BAR_STD,MODIFIED,4,58528,INR,2026-05-10 02:12:04,2026-05-10 03:18:04
RES100049,CHN001,CNF100049,GUEST100049,2026-07-07,2026-07-08,DLX,PREPAY,PPR_DLX,BOOKED,3,36951,INR,2026-05-10 23:04:43,2026-05-10 23:57:43
RES100050,CHA001,CNF100050,GUEST100050,2026-05-19,2026-05-23,DLX,MEMBER,MEM_DLX,MODIFIED,2,73608,INR,2026-05-10 05:24:52,2026-05-10 05:41:52
RES100051,DEL001,CNF100051,GUEST100051,2026-06-21,2026-06-24,QUEEN,BAR,BAR_DLX,MODIFIED,3,107235,INR,2026-05-10 23:11:30,2026-05-11 00:57:30
RES100052,MUM002,CNF100052,GUEST100052,2026-06-01,2026-06-04,DLX,MEMBER,MEM_STD,CANCELLED,3,0,INR,2026-05-10 16:00:40,2026-05-10 17:05:40
RES100053,MUM002,CNF100053,GUEST100053,2026-05-17,2026-05-21,STD,PREPAY,PPR_STD,MODIFIED,2,66792,INR,2026-05-10 19:11:41,2026-05-10 19:51:41
RES100054,DEL002,CNF100054,GUEST100054,2026-07-09,2026-07-14,QUEEN,CORP,CORP_STD,MODIFIED,4,136200,INR,2026-05-10 14:04:05,2026-05-10 14:39:05
RES100055,DEL001,CNF100055,GUEST100055,2026-06-11,2026-06-14,DLX,PREPAY,PPR_DLX,MODIFIED,1,16437,INR,2026-05-10 16:37:28,2026-05-10 17:43:28
RES100056,MUM002,CNF100056,GUEST100056,2026-07-01,2026-07-04,STE,MEMBER,MEM_DLX,BOOKED,1,36129,INR,2026-05-10 17:02:42,2026-05-10 19:17:42
RES100057,CHA001,CNF100057,GUEST100057,2026-06-27,2026-06-29,DLX,MEMBER,MEM_DLX,CANCELLED,2,0,INR,2026-05-10 14:21:28,2026-05-10 15:05:28
RES100058,KOL001,CNF100058,GUEST100058,2026-05-12,2026-05-16,STD,PKG,PKG_STD,MODIFIED,3,156060,INR,2026-05-10 12:48:26,2026-05-10 15:35:26
RES100059,MUM002,CNF100059,GUEST100059,2026-07-06,2026-07-07,KING,CORP,CORP_STD,BOOKED,3,17211,INR,2026-05-10 08:29:30,2026-05-10 11:04:30
RES100060,MUM001,CNF100060,GUEST100060,2026-05-17,2026-05-22,KING,BAR,BAR_STD,MODIFIED,2,103430,INR,2026-05-10 05:39:32,2026-05-10 05:50:32
RES100061,KOL001,CNF100061,GUEST100061,2026-05-20,2026-05-21,QUEEN,PREPAY,PPR_DLX,CANCELLED,4,0,INR,2026-05-10 22:05:55,2026-05-10 22:28:55
RES100062,DEL002,CNF100062,GUEST100062,2026-07-02,2026-07-05,STE,CORP,CORP_STD,CANCELLED,1,0,INR,2026-05-10 06:39:20,2026-05-10 06:43:20
RES100063,MUM002,CNF100063,GUEST100063,2026-06-04,2026-06-07,STD,MEMBER,MEM_STD,MODIFIED,2,80838,INR,2026-05-10 07:02:17,2026-05-10 08:34:17
RES100064,DEL001,CNF100064,GUEST100064,2026-07-07,2026-07-10,KING,PKG,PKG_DLX,CANCELLED,2,0,INR,2026-05-10 21:35:48,2026-05-11 00:17:48
RES100065,DEL002,CNF100065,GUEST100065,2026-06-03,2026-06-04,KING,MEMBER,MEM_STD,CANCELLED,1,0,INR,2026-05-10 08:52:20,2026-05-10 10:53:20
RES100066,CHN001,CNF100066,GUEST100066,2026-05-17,2026-05-19,STD,BAR,BAR_STD,CANCELLED,1,0,INR,2026-05-10 14:30:05,2026-05-10 17:06:05
RES100067,MUM001,CNF100067,GUEST100067,2026-07-09,2026-07-11,DLX,PKG,PKG_DLX,MODIFIED,1,25198,INR,2026-05-10 02:04:37,2026-05-10 04:56:37
RES100068,CHN001,CNF100068,GUEST100068,2026-05-20,2026-05-23,STD,CORP,CORP_STD,MODIFIED,1,34314,INR,2026-05-10 14:10:25,2026-05-10 16:01:25
RES100069,DEL001,CNF100069,GUEST100069,2026-05-11,2026-05-14,DLX,PREPAY,PPR_DLX,CANCELLED,2,0,INR,2026-05-10 23:55:11,2026-05-11 02:20:11
RES100070,DEL002,CNF100070,GUEST100070,2026-05-25,2026-05-26,STD,BAR,BAR_STD,CANCELLED,4,0,INR,2026-05-10 01:38:11,2026-05-10 01:54:11
RES100071,DEL001,CNF100071,GUEST100071,2026-05-18,2026-05-22,KING,PREPAY,PPR_STD,CANCELLED,1,0,INR,2026-05-10 10:43:35,2026-05-10 11:54:35
RES100072,KOL001,CNF100072,GUEST100072,2026-05-23,2026-05-28,KING,BAR,BAR_DLX,BOOKED,4,288820,INR,2026-05-10 07:10:30,2026-05-10 09:47:30
RES100073,DEL001,CNF100073,GUEST100073,2026-06-12,2026-06-15,STE,PKG,PKG_STD,MODIFIED,4,104856,INR,2026-05-10 21:01:37,2026-05-10 22:10:37
RES100074,MUM001,CNF100074,GUEST100074,2026-06-03,2026-06-08,KING,PREPAY,PPR_DLX,CANCELLED,3,0,INR,2026-05-10 00:40:58,2026-05-10 03:12:58
RES100075,DEL002,CNF100075,GUEST100075,2026-06-19,2026-06-24,STD,BAR,BAR_STD,CANCELLED,1,0,INR,2026-05-10 05:05:37,2026-05-10 06:28:37
RES100076,MUM001,CNF100076,GUEST100076,2026-06-26,2026-07-01,QUEEN,CORP,CORP_DLX,BOOKED,3,74190,INR,2026-05-10 07:35:48,2026-05-10 09:29:48
RES100077,MUM002,CNF100077,GUEST100077,2026-06-05,2026-06-09,QUEEN,PKG,PKG_STD,MODIFIED,4,93248,INR,2026-05-10 00:03:45,2026-05-10 00:18:45
RES100078,CHN001,CNF100078,GUEST100078,2026-05-30,2026-06-01,KING,PKG,PKG_DLX,CANCELLED,4,0,INR,2026-05-10 13:29:40,2026-05-10 13:39:40
RES100079,BLR002,CNF100079,GUEST100079,2026-06-24,2026-06-29,DLX,BAR,BAR_STD,MODIFIED,3,122220,INR,2026-05-10 21:14:33,2026-05-10 23:27:33
RES100080,MUM002,CNF100080,GUEST100080,2026-05-28,2026-06-02,STD,PKG,PKG_DLX,CANCELLED,2,0,INR,2026-05-10 00:35:26,2026-05-10 02:59:26
RES100081,CHN001,CNF100081,GUEST100081,2026-05-23,2026-05-26,QUEEN,PKG,PKG_DLX,MODIFIED,1,32706,INR,2026-05-10 09:54:38,2026-05-10 11:40:38
RES100082,KOL001,CNF100082,GUEST100082,2026-05-25,2026-05-28,QUEEN,PREPAY,PPR_STD,MODIFIED,4,120864,INR,2026-05-10 00:42:39,2026-05-10 02:52:39
RES100083,DEL001,CNF100083,GUEST100083,2026-05-23,2026-05-27,KING,MEMBER,MEM_DLX,CANCELLED,1,0,INR,2026-05-10 10:30:51,2026-05-10 12:14:51
RES100084,HYD001,CNF100084,GUEST100084,2026-07-06,2026-07-08,DLX,PKG,PKG_DLX,BOOKED,2,19708,INR,2026-05-10 08:20:58,2026-05-10 08:41:58
RES100085,MUM001,CNF100085,GUEST100085,2026-05-31,2026-06-05,DLX,BAR,BAR_STD,CANCELLED,3,0,INR,2026-05-10 15:10:21,2026-05-10 15:56:21
RES100086,BLR002,CNF100086,GUEST100086,2026-06-30,2026-07-02,DLX,MEMBER,MEM_STD,BOOKED,1,20654,INR,2026-05-10 19:27:11,2026-05-10 22:04:11
RES100087,CHN001,CNF100087,GUEST100087,2026-05-22,2026-05-27,KING,MEMBER,MEM_DLX,BOOKED,3,146700,INR,2026-05-10 03:06:46,2026-05-10 05:20:46
RES100088,DEL002,CNF100088,GUEST100088,2026-07-03,2026-07-08,KING,CORP,CORP_STD,CANCELLED,2,0,INR,2026-05-10 14:25:02,2026-05-10 17:18:02
RES100089,BLR001,CNF100089,GUEST100089,2026-06-29,2026-07-04,QUEEN,MEMBER,MEM_DLX,MODIFIED,3,81705,INR,2026-05-10 19:19:45,2026-05-10 21:03:45
RES100090,MUM001,CNF100090,GUEST100090,2026-06-27,2026-06-30,DLX,MEMBER,MEM_STD,CANCELLED,3,0,INR,2026-05-10 20:18:23,2026-05-10 20:26:23
RES100091,KOL001,CNF100091,GUEST100091,2026-05-22,2026-05-23,DLX,PREPAY,PPR_STD,MODIFIED,1,8244,INR,2026-05-10 05:01:28,2026-05-10 05:45:28
RES100092,BLR002,CNF100092,GUEST100092,2026-05-15,2026-05-18,QUEEN,PREPAY,PPR_STD,MODIFIED,4,57048,INR,2026-05-10 22:50:47,2026-05-10 23:57:47
RES100093,KOL001,CNF100093,GUEST100093,2026-07-02,2026-07-07,KING,MEMBER,MEM_STD,CANCELLED,4,0,INR,2026-05-10 05:21:45,2026-05-10 06:31:45
RES100094,DEL002,CNF100094,GUEST100094,2026-06-19,2026-06-20,STE,BAR,BAR_STD,CANCELLED,2,0,INR,2026-05-10 03:49:40,2026-05-10 03:57:40
RES100095,MUM001,CNF100095,GUEST100095,2026-06-17,2026-06-20,STD,PREPAY,PPR_DLX,BOOKED,1,27957,INR,2026-05-10 21:21:17,2026-05-10 23:57:17
RES100096,MUM002,CNF100096,GUEST100096,2026-05-21,2026-05-24,STD,PKG,PKG_DLX,BOOKED,3,128079,INR,2026-05-10 00:14:30,2026-05-10 02:02:30
RES100097,BLR002,CNF100097,GUEST100097,2026-05-29,2026-05-31,STD,BAR,BAR_DLX,CANCELLED,1,0,INR,2026-05-10 04:40:53,2026-05-10 05:26:53
RES100098,DEL002,CNF100098,GUEST100098,2026-06-08,2026-06-12,QUEEN,BAR,BAR_STD,CANCELLED,2,0,INR,2026-05-10 08:57:49,2026-05-10 11:46:49
RES100099,CHN001,CNF100099,GUEST100099,2026-06-13,2026-06-16,KING,BAR,BAR_DLX,MODIFIED,2,24090,INR,2026-05-10 23:09:14,2026-05-10 23:25:14
RES100100,DEL001,CNF100100,GUEST100100,2026-05-28,2026-05-29,QUEEN,CORP,CORP_DLX,BOOKED,1,3882,INR,2026-05-10 07:19:11,2026-05-10 10:00:11
RES100101,BLR002,CNF100101,GUEST100101,2026-06-10,2026-06-14,STD,CORP,CORP_DLX,CANCELLED,3,0,INR,2026-05-10 21:05:51,2026-05-10 23:45:51
RES100102,CHA001,CNF100102,GUEST100102,2026-07-02,2026-07-03,DLX,PREPAY,PPR_DLX,BOOKED,2,11066,INR,2026-05-10 18:28:28,2026-05-10 18:35:28
RES100103,CHA001,CNF100103,GUEST100103,2026-05-29,2026-05-31,DLX,CORP,CORP_STD,BOOKED,3,37692,INR,2026-05-10 00:14:12,2026-05-10 00:52:12
RES100104,HYD001,CNF100104,GUEST100104,2026-06-23,2026-06-28,KING,CORP,CORP_STD,MODIFIED,2,111070,INR,2026-05-10 03:06:13,2026-05-10 05:26:13
RES100105,KOL001,CNF100105,GUEST100105,2026-05-25,2026-05-30,STD,BAR,BAR_DLX,BOOKED,4,128360,INR,2026-05-10 13:40:24,2026-05-10 14:59:24
RES100106,KER001,CNF100106,GUEST100106,2026-06-15,2026-06-16,STD,PKG,PKG_DLX,CANCELLED,1,0,INR,2026-05-10 20:51:34,2026-05-10 21:30:34
RES100107,HYD001,CNF100107,GUEST100107,2026-05-23,2026-05-28,KING,PREPAY,PPR_STD,BOOKED,1,70695,INR,2026-05-10 15:09:22,2026-05-10 18:02:22
RES100108,BLR002,CNF100108,GUEST100108,2026-07-01,2026-07-03,STE,CORP,CORP_DLX,MODIFIED,4,111984,INR,2026-05-10 15:37:17,2026-05-10 16:44:17
RES100109,BLR002,CNF100109,GUEST100109,2026-05-16,2026-05-21,DLX,PKG,PKG_DLX,BOOKED,1,55925,INR,2026-05-10 15:38:18,2026-05-10 17:01:18
RES100110,DEL002,CNF100110,GUEST100110,2026-06-20,2026-06-24,DLX,MEMBER,MEM_STD,CANCELLED,1,0,INR,2026-05-10 02:47:01,2026-05-10 05:36:01
RES100111,CHA001,CNF100111,GUEST100111,2026-05-18,2026-05-19,QUEEN,PKG,PKG_DLX,CANCELLED,1,0,INR,2026-05-10 11:42:07,2026-05-10 11:44:07
RES100112,MUM002,CNF100112,GUEST100112,2026-06-28,2026-06-29,DLX,PKG,PKG_STD,CANCELLED,1,0,INR,2026-05-10 04:21:41,2026-05-10 05:00:41
RES100113,DEL001,CNF100113,GUEST100113,2026-06-19,2026-06-24,KING,PREPAY,PPR_DLX,BOOKED,2,65870,INR,2026-05-10 17:24:56,2026-05-10 18:48:56
RES100114,CHN001,CNF100114,GUEST100114,2026-06-18,2026-06-23,STD,PREPAY,PPR_STD,CANCELLED,4,0,INR,2026-05-10 15:44:22,2026-05-10 15:56:22
RES100115,HYD001,CNF100115,GUEST100115,2026-06-19,2026-06-23,DLX,MEMBER,MEM_DLX,MODIFIED,3,68940,INR,2026-05-10 22:20:39,2026-05-11 00:34:39
RES100116,MUM002,CNF100116,GUEST100116,2026-05-22,2026-05-25,STE,CORP,CORP_STD,CANCELLED,4,0,INR,2026-05-10 07:16:26,2026-05-10 09:10:26
RES100117,HYD001,CNF100117,GUEST100117,2026-06-24,2026-06-27,DLX,BAR,BAR_DLX,MODIFIED,2,46776,INR,2026-05-10 20:05:47,2026-05-10 22:14:47
RES100118,BLR001,CNF100118,GUEST100118,2026-07-02,2026-07-06,KING,PREPAY,PPR_STD,CANCELLED,3,0,INR,2026-05-10 14:27:29,2026-05-10 15:08:29
RES100119,HYD001,CNF100119,GUEST100119,2026-05-28,2026-05-29,STE,BAR,BAR_DLX,MODIFIED,3,12561,INR,2026-05-10 20:28:45,2026-05-10 20:45:45
RES100120,HYD001,CNF100120,GUEST100120,2026-05-25,2026-05-29,STE,MEMBER,MEM_DLX,BOOKED,4,64192,INR,2026-05-10 20:22:50,2026-05-10 22:43:50
RES100121,MUM001,CNF100121,GUEST100121,2026-05-11,2026-05-15,STD,BAR,BAR_STD,CANCELLED,2,0,INR,2026-05-10 06:11:13,2026-05-10 08:29:13
RES100122,MUM001,CNF100122,GUEST100122,2026-05-13,2026-05-14,DLX,CORP,CORP_STD,CANCELLED,2,0,INR,2026-05-10 23:20:24,2026-05-10 23:53:24
RES100123,CHA001,CNF100123,GUEST100123,2026-05-13,2026-05-17,QUEEN,PKG,PKG_STD,BOOKED,4,151040,INR,2026-05-10 00:04:25,2026-05-10 00:19:25
RES100124,BLR001,CNF100124,GUEST100124,2026-07-09,2026-07-11,KING,BAR,BAR_DLX,CANCELLED,2,0,INR,2026-05-10 21:21:55,2026-05-10 22:18:55
RES100125,BLR001,CNF100125,GUEST100125,2026-07-04,2026-07-08,DLX,PKG,PKG_STD,BOOKED,4,118960,INR,2026-05-10 19:08:03,2026-05-10 22:05:03
RES100126,BLR001,CNF100126,GUEST100126,2026-05-22,2026-05-25,STD,CORP,CORP_DLX,BOOKED,4,122916,INR,2026-05-10 06:59:55,2026-05-10 07:09:55
RES100127,KER001,CNF100127,GUEST100127,2026-05-24,2026-05-29,STE,MEMBER,MEM_DLX,CANCELLED,4,0,INR,2026-05-10 00:33:29,2026-05-10 01:55:29
RES100128,CHN001,CNF100128,GUEST100128,2026-05-13,2026-05-17,DLX,MEMBER,MEM_DLX,BOOKED,1,37520,INR,2026-05-10 09:50:43,2026-05-10 11:56:43
RES100129,HYD001,CNF100129,GUEST100129,2026-06-05,2026-06-09,STD,MEMBER,MEM_STD,CANCELLED,4,0,INR,2026-05-10 22:41:19,2026-05-11 01:18:19
RES100130,KER001,CNF100130,GUEST100130,2026-06-07,2026-06-10,STE,BAR,BAR_DLX,BOOKED,3,98217,INR,2026-05-10 14:59:10,2026-05-10 15:13:10
RES100131,DEL001,CNF100131,GUEST100131,2026-07-06,2026-07-10,STE,PREPAY,PPR_DLX,CANCELLED,1,0,INR,2026-05-10 10:36:50,2026-05-10 11:16:50
RES100132,BLR002,CNF100132,GUEST100132,2026-06-10,2026-06-11,STD,MEMBER,MEM_DLX,MODIFIED,1,6717,INR,2026-05-10 04:53:22,2026-05-10 05:33:22
RES100133,MUM002,CNF100133,GUEST100133,2026-05-21,2026-05-26,DLX,CORP,CORP_DLX,BOOKED,4,236760,INR,2026-05-10 02:32:33,2026-05-10 03:03:33
RES100134,MUM001,CNF100134,GUEST100134,2026-06-21,2026-06-22,QUEEN,PKG,PKG_STD,MODIFIED,2,9784,INR,2026-05-10 05:59:00,2026-05-10 08:45:00
RES100135,BLR002,CNF100135,GUEST100135,2026-06-24,2026-06-26,DLX,PREPAY,PPR_STD,MODIFIED,1,26424,INR,2026-05-10 08:27:04,2026-05-10 10:06:04
RES100136,BLR001,CNF100136,GUEST100136,2026-05-25,2026-05-30,STE,PKG,PKG_STD,CANCELLED,2,0,INR,2026-05-10 05:44:22,2026-05-10 05:51:22
RES100137,MUM002,CNF100137,GUEST100137,2026-06-07,2026-06-10,STE,MEMBER,MEM_DLX,MODIFIED,1,37041,INR,2026-05-10 20:45:54,2026-05-10 21:12:54
RES100138,HYD001,CNF100138,GUEST100138,2026-06-22,2026-06-25,STD,CORP,CORP_DLX,MODIFIED,2,63426,INR,2026-05-10 21:08:29,2026-05-10 22:51:29
RES100139,MUM002,CNF100139,GUEST100139,2026-07-03,2026-07-07,DLX,CORP,CORP_STD,MODIFIED,3,148560,INR,2026-05-10 10:38:24,2026-05-10 10:39:24
RES100140,CHA001,CNF100140,GUEST100140,2026-07-08,2026-07-11,STD,CORP,CORP_STD,BOOKED,1,35865,INR,2026-05-10 06:12:14,2026-05-10 08:13:14
RES100141,BLR002,CNF100141,GUEST100141,2026-05-25,2026-05-29,DLX,CORP,CORP_DLX,BOOKED,2,75840,INR,2026-05-10 18:54:38,2026-05-10 20:16:38
RES100142,CHN001,CNF100142,GUEST100142,2026-06-06,2026-06-11,STD,CORP,CORP_DLX,MODIFIED,3,73665,INR,2026-05-10 17:55:08,2026-05-10 18:23:08
RES100143,CHN001,CNF100143,GUEST100143,2026-06-24,2026-06-25,STE,BAR,BAR_STD,CANCELLED,3,0,INR,2026-05-10 08:09:54,2026-05-10 10:14:54
RES100144,HYD001,CNF100144,GUEST100144,2026-05-16,2026-05-17,STD,PKG,PKG_DLX,MODIFIED,2,13858,INR,2026-05-10 10:45:08,2026-05-10 13:28:08
RES100145,HYD001,CNF100145,GUEST100145,2026-06-24,2026-06-28,STD,PKG,PKG_STD,BOOKED,3,156936,INR,2026-05-10 20:07:47,2026-05-10 22:02:47
RES100146,DEL002,CNF100146,GUEST100146,2026-06-01,2026-06-04,KING,PREPAY,PPR_DLX,MODIFIED,1,14457,INR,2026-05-10 05:49:19,2026-05-10 07:42:19
RES100147,CHN001,CNF100147,GUEST100147,2026-06-27,2026-07-02,STD,PREPAY,PPR_STD,BOOKED,3,104085,INR,2026-05-10 23:13:09,2026-05-11 00:44:09
RES100148,KOL001,CNF100148,GUEST100148,2026-05-20,2026-05-24,STD,CORP,CORP_STD,CANCELLED,1,0,INR,2026-05-10 09:18:28,2026-05-10 11:57:28
RES100149,CHA001,CNF100149,GUEST100149,2026-07-08,2026-07-11,STD,MEMBER,MEM_STD,CANCELLED,3,0,INR,2026-05-10 08:52:22,2026-05-10 10:16:22
RES100150,BLR001,CNF100150,GUEST100150,2026-05-15,2026-05-19,DLX,CORP,CORP_STD,MODIFIED,2,41232,INR,2026-05-10 14:02:21,2026-05-10 16:46:21
RES100151,DEL001,CNF100151,GUEST100151,2026-06-30,2026-07-05,STE,BAR,BAR_STD,MODIFIED,2,99650,INR,2026-05-10 02:05:25,2026-05-10 02:48:25
RES100152,MUM002,CNF100152,GUEST100152,2026-05-11,2026-05-12,DLX,CORP,CORP_DLX,MODIFIED,3,10776,INR,2026-05-10 15:45:59,2026-05-10 18:31:59
RES100153,KOL001,CNF100153,GUEST100153,2026-06-12,2026-06-17,KING,CORP,CORP_DLX,MODIFIED,2,146630,INR,2026-05-10 14:13:08,2026-05-10 16:58:08
RES100154,DEL002,CNF100154,GUEST100154,2026-05-15,2026-05-16,STD,CORP,CORP_STD,BOOKED,4,17248,INR,2026-05-10 15:46:04,2026-05-10 18:28:04
RES100155,KER001,CNF100155,GUEST100155,2026-06-07,2026-06-10,STE,BAR,BAR_DLX,MODIFIED,1,28740,INR,2026-05-10 19:43:55,2026-05-10 20:30:55
RES100156,KOL001,CNF100156,GUEST100156,2026-06-19,2026-06-22,DLX,PREPAY,PPR_DLX,CANCELLED,3,0,INR,2026-05-10 03:54:17,2026-05-10 05:32:17
RES100157,CHA001,CNF100157,GUEST100157,2026-06-30,2026-07-02,DLX,PKG,PKG_STD,BOOKED,4,114528,INR,2026-05-10 12:27:11,2026-05-10 15:04:11
RES100158,MUM001,CNF100158,GUEST100158,2026-05-18,2026-05-21,KING,PKG,PKG_DLX,BOOKED,1,24960,INR,2026-05-10 15:57:28,2026-05-10 16:52:28
RES100159,KOL001,CNF100159,GUEST100159,2026-05-22,2026-05-23,QUEEN,BAR,BAR_STD,MODIFIED,2,22236,INR,2026-05-10 15:55:54,2026-05-10 16:47:54
RES100160,MUM002,CNF100160,GUEST100160,2026-06-27,2026-06-28,DLX,PREPAY,PPR_STD,MODIFIED,3,44673,INR,2026-05-10 17:07:01,2026-05-10 18:36:01
RES100161,KER001,CNF100161,GUEST100161,2026-06-26,2026-06-27,STD,CORP,CORP_DLX,BOOKED,3,39804,INR,2026-05-10 20:18:14,2026-05-10 21:59:14
RES100162,KOL001,CNF100162,GUEST100162,2026-06-10,2026-06-15,DLX,CORP,CORP_STD,BOOKED,2,51520,INR,2026-05-10 04:34:32,2026-05-10 05:24:32
RES100163,KOL001,CNF100163,GUEST100163,2026-05-31,2026-06-04,KING,PKG,PKG_DLX,MODIFIED,2,110552,INR,2026-05-10 21:45:07,2026-05-10 22:29:07
RES100164,BLR002,CNF100164,GUEST100164,2026-05-28,2026-05-31,STD,MEMBER,MEM_DLX,BOOKED,2,85854,INR,2026-05-10 13:21:20,2026-05-10 16:11:20
RES100165,KER001,CNF100165,GUEST100165,2026-05-24,2026-05-27,KING,BAR,BAR_STD,MODIFIED,1,27876,INR,2026-05-10 17:39:40,2026-05-10 19:11:40
RES100166,DEL001,CNF100166,GUEST100166,2026-05-23,2026-05-28,STE,CORP,CORP_STD,MODIFIED,2,107080,INR,2026-05-10 00:46:57,2026-05-10 03:39:57
RES100167,BLR001,CNF100167,GUEST100167,2026-05-21,2026-05-25,QUEEN,MEMBER,MEM_STD,CANCELLED,4,0,INR,2026-05-10 03:43:32,2026-05-10 06:26:32
RES100168,BLR001,CNF100168,GUEST100168,2026-06-14,2026-06-17,STD,BAR,BAR_DLX,CANCELLED,1,0,INR,2026-05-10 15:02:43,2026-05-10 17:27:43
RES100169,DEL001,CNF100169,GUEST100169,2026-06-02,2026-06-04,KING,MEMBER,MEM_STD,BOOKED,1,21784,INR,2026-05-10 09:59:45,2026-05-10 12:01:45
RES100170,CHA001,CNF100170,GUEST100170,2026-05-17,2026-05-22,DLX,PREPAY,PPR_STD,CANCELLED,4,0,INR,2026-05-10 00:58:06,2026-05-10 02:44:06
RES100171,HYD001,CNF100171,GUEST100171,2026-06-15,2026-06-17,STE,MEMBER,MEM_DLX,CANCELLED,4,0,INR,2026-05-10 14:11:51,2026-05-10 16:53:51
RES100172,KER001,CNF100172,GUEST100172,2026-06-24,2026-06-25,STE,PKG,PKG_DLX,MODIFIED,2,18356,INR,2026-05-10 07:06:02,2026-05-10 08:13:02
RES100173,BLR001,CNF100173,GUEST100173,2026-05-19,2026-05-22,KING,CORP,CORP_DLX,MODIFIED,2,43782,INR,2026-05-10 03:44:38,2026-05-10 05:15:38
RES100174,CHA001,CNF100174,GUEST100174,2026-07-05,2026-07-07,QUEEN,PKG,PKG_STD,CANCELLED,2,0,INR,2026-05-10 03:05:49,2026-05-10 05:08:49
RES100175,CHN001,CNF100175,GUEST100175,2026-05-30,2026-06-03,DLX,CORP,CORP_STD,MODIFIED,3,175392,INR,2026-05-10 04:17:37,2026-05-10 06:13:37
RES100176,CHN001,CNF100176,GUEST100176,2026-06-19,2026-06-24,STE,PREPAY,PPR_DLX,CANCELLED,3,0,INR,2026-05-10 02:23:02,2026-05-10 03:01:02
RES100177,HYD001,CNF100177,GUEST100177,2026-05-20,2026-05-22,KING,CORP,CORP_DLX,BOOKED,2,20996,INR,2026-05-10 00:27:48,2026-05-10 00:33:48
RES100178,MUM001,CNF100178,GUEST100178,2026-05-15,2026-05-19,KING,BAR,BAR_STD,MODIFIED,2,50928,INR,2026-05-10 00:21:01,2026-05-10 00:37:01
RES100179,MUM001,CNF100179,GUEST100179,2026-05-28,2026-06-01,STD,PKG,PKG_STD,CANCELLED,2,0,INR,2026-05-10 09:14:57,2026-05-10 12:07:57
RES100180,BLR002,CNF100180,GUEST100180,2026-07-05,2026-07-08,QUEEN,CORP,CORP_DLX,MODIFIED,3,44613,INR,2026-05-10 09:00:01,2026-05-10 11:14:01
RES100181,MUM002,CNF100181,GUEST100181,2026-05-19,2026-05-21,DLX,CORP,CORP_STD,MODIFIED,2,25644,INR,2026-05-10 18:56:39,2026-05-10 20:44:39
RES100182,CHA001,CNF100182,GUEST100182,2026-06-24,2026-06-26,STE,BAR,BAR_DLX,CANCELLED,4,0,INR,2026-05-10 05:50:14,2026-05-10 08:45:14
RES100183,CHN001,CNF100183,GUEST100183,2026-06-22,2026-06-24,KING,PREPAY,PPR_STD,CANCELLED,2,0,INR,2026-05-10 21:48:54,2026-05-10 23:25:54
RES100184,CHA001,CNF100184,GUEST100184,2026-06-14,2026-06-15,DLX,PKG,PKG_DLX,BOOKED,4,42940,INR,2026-05-10 07:14:42,2026-05-10 09:41:42
RES100185,MUM002,CNF100185,GUEST100185,2026-06-09,2026-06-12,KING,PREPAY,PPR_STD,BOOKED,2,28092,INR,2026-05-10 04:31:46,2026-05-10 05:07:46
RES100186,MUM001,CNF100186,GUEST100186,2026-06-18,2026-06-23,DLX,PREPAY,PPR_DLX,MODIFIED,2,149960,INR,2026-05-10 07:52:43,2026-05-10 09:01:43
RES100187,MUM001,CNF100187,GUEST100187,2026-06-02,2026-06-07,QUEEN,PREPAY,PPR_DLX,BOOKED,1,30365,INR,2026-05-10 19:06:03,2026-05-10 20:51:03
RES100188,HYD001,CNF100188,GUEST100188,2026-06-22,2026-06-27,DLX,PKG,PKG_STD,BOOKED,4,267920,INR,2026-05-10 03:16:15,2026-05-10 05:06:15
RES100189,DEL001,CNF100189,GUEST100189,2026-06-01,2026-06-03,DLX,PREPAY,PPR_STD,CANCELLED,3,0,INR,2026-05-10 04:00:59,2026-05-10 06:22:59
RES100190,CHA001,CNF100190,GUEST100190,2026-06-02,2026-06-04,KING,BAR,BAR_DLX,MODIFIED,2,24144,INR,2026-05-10 03:05:46,2026-05-10 04:31:46
RES100191,MUM002,CNF100191,GUEST100191,2026-05-20,2026-05-24,QUEEN,CORP,CORP_DLX,BOOKED,2,43600,INR,2026-05-10 10:02:24,2026-05-10 11:28:24
RES100192,CHA001,CNF100192,GUEST100192,2026-06-05,2026-06-09,QUEEN,PKG,PKG_DLX,BOOKED,2,68016,INR,2026-05-10 02:04:22,2026-05-10 04:44:22
RES100193,CHN001,CNF100193,GUEST100193,2026-07-05,2026-07-09,DLX,MEMBER,MEM_DLX,MODIFIED,2,119864,INR,2026-05-10 06:47:07,2026-05-10 06:53:07
RES100194,HYD001,CNF100194,GUEST100194,2026-06-21,2026-06-22,KING,PKG,PKG_DLX,CANCELLED,3,0,INR,2026-05-10 02:58:01,2026-05-10 04:29:01
RES100195,KOL001,CNF100195,GUEST100195,2026-06-06,2026-06-09,QUEEN,PREPAY,PPR_STD,MODIFIED,4,42168,INR,2026-05-10 13:27:13,2026-05-10 14:04:13
RES100196,HYD001,CNF100196,GUEST100196,2026-07-03,2026-07-04,KING,BAR,BAR_DLX,MODIFIED,1,10973,INR,2026-05-10 19:04:19,2026-05-10 21:17:19
RES100197,BLR002,CNF100197,GUEST100197,2026-05-31,2026-06-02,STE,PREPAY,PPR_DLX,CANCELLED,3,0,INR,2026-05-10 15:37:26,2026-05-10 17:20:26
RES100198,MUM002,CNF100198,GUEST100198,2026-06-27,2026-06-29,KING,PREPAY,PPR_STD,MODIFIED,4,84008,INR,2026-05-10 02:05:49,2026-05-10 02:11:49
RES100199,KOL001,CNF100199,GUEST100199,2026-05-14,2026-05-19,STD,PREPAY,PPR_STD,MODIFIED,1,33145,INR,2026-05-10 16:50:14,2026-05-10 19:04:14
RES100200,MUM001,CNF100200,GUEST100200,2026-05-16,2026-05-20,DLX,MEMBER,MEM_DLX,BOOKED,1,20384,INR,2026-05-10 16:14:28,2026-05-10 18:25:28
RES100201,KER001,CNF100201,GUEST100201,2026-05-22,2026-05-27,KING,PREPAY,PPR_DLX,BOOKED,4,282440,INR,2026-05-10 03:45:12,2026-05-10 05:49:12
RES100202,DEL001,CNF100202,GUEST100202,2026-07-01,2026-07-06,STD,CORP,CORP_STD,CANCELLED,4,0,INR,2026-05-10 13:24:54,2026-05-10 13:43:54
RES100203,DEL002,CNF100203,GUEST100203,2026-05-17,2026-05-19,STE,MEMBER,MEM_DLX,BOOKED,2,56780,INR,2026-05-10 23:10:22,2026-05-10 23:52:22
RES100204,KOL001,CNF100204,GUEST100204,2026-05-30,2026-06-04,QUEEN,BAR,BAR_STD,MODIFIED,3,78015,INR,2026-05-10 18:38:26,2026-05-10 19:55:26
RES100205,BLR002,CNF100205,GUEST100205,2026-07-04,2026-07-05,DLX,MEMBER,MEM_DLX,CANCELLED,2,0,INR,2026-05-10 10:06:26,2026-05-10 11:08:26
RES100206,MUM001,CNF100206,GUEST100206,2026-06-12,2026-06-13,KING,PKG,PKG_DLX,CANCELLED,3,0,INR,2026-05-10 19:41:23,2026-05-10 22:22:23
RES100207,CHN001,CNF100207,GUEST100207,2026-07-09,2026-07-14,KING,CORP,CORP_DLX,BOOKED,2,52690,INR,2026-05-10 16:17:55,2026-05-10 18:52:55
RES100208,DEL001,CNF100208,GUEST100208,2026-05-13,2026-05-18,QUEEN,CORP,CORP_STD,MODIFIED,3,131505,INR,2026-05-10 16:31:24,2026-05-10 18:16:24
RES100209,BLR001,CNF100209,GUEST100209,2026-05-27,2026-05-30,STD,PKG,PKG_STD,BOOKED,3,61191,INR,2026-05-10 04:39:01,2026-05-10 07:26:01
RES100210,BLR002,CNF100210,GUEST100210,2026-05-25,2026-05-27,QUEEN,PKG,PKG_DLX,BOOKED,3,59106,INR,2026-05-10 10:52:08,2026-05-10 12:48:08
RES100211,CHA001,CNF100211,GUEST100211,2026-06-07,2026-06-11,STD,PKG,PKG_DLX,CANCELLED,4,0,INR,2026-05-10 16:54:38,2026-05-10 17:44:38
RES100212,MUM002,CNF100212,GUEST100212,2026-06-25,2026-06-26,QUEEN,PKG,PKG_STD,BOOKED,3,24417,INR,2026-05-10 00:10:26,2026-05-10 00:50:26
RES100213,BLR002,CNF100213,GUEST100213,2026-07-04,2026-07-05,KING,PKG,PKG_DLX,BOOKED,3,32412,INR,2026-05-10 02:58:35,2026-05-10 05:05:35
RES100214,DEL001,CNF100214,GUEST100214,2026-05-20,2026-05-24,DLX,BAR,BAR_STD,CANCELLED,4,0,INR,2026-05-10 20:40:47,2026-05-10 21:27:47
RES100215,KER001,CNF100215,GUEST100215,2026-06-05,2026-06-08,STD,MEMBER,MEM_STD,MODIFIED,3,71703,INR,2026-05-10 23:35:19,2026-05-11 01:17:19
RES100216,MUM001,CNF100216,GUEST100216,2026-05-27,2026-06-01,QUEEN,MEMBER,MEM_DLX,BOOKED,2,130950,INR,2026-05-10 07:55:53,2026-05-10 07:56:53
RES100217,MUM001,CNF100217,GUEST100217,2026-05-15,2026-05-19,DLX,PREPAY,PPR_DLX,MODIFIED,3,81960,INR,2026-05-10 00:27:47,2026-05-10 01:47:47
RES100218,BLR001,CNF100218,GUEST100218,2026-06-02,2026-06-03,STE,BAR,BAR_STD,BOOKED,4,16952,INR,2026-05-10 20:15:18,2026-05-10 21:57:18
RES100219,KER001,CNF100219,GUEST100219,2026-07-07,2026-07-10,QUEEN,PKG,PKG_STD,MODIFIED,1,44631,INR,2026-05-10 12:49:27,2026-05-10 14:43:27
RES100220,BLR001,CNF100220,GUEST100220,2026-07-08,2026-07-11,KING,PKG,PKG_STD,CANCELLED,1,0,INR,2026-05-10 03:54:54,2026-05-10 05:03:54
RES100221,BLR002,CNF100221,GUEST100221,2026-06-05,2026-06-09,STD,MEMBER,MEM_DLX,CANCELLED,3,0,INR,2026-05-10 08:47:52,2026-05-10 11:23:52
RES100222,CHA001,CNF100222,GUEST100222,2026-05-23,2026-05-24,STD,PREPAY,PPR_STD,CANCELLED,3,0,INR,2026-05-10 14:54:36,2026-05-10 17:42:36
RES100223,MUM002,CNF100223,GUEST100223,2026-05-12,2026-05-15,KING,CORP,CORP_DLX,MODIFIED,4,111696,INR,2026-05-10 12:04:37,2026-05-10 14:32:37
RES100224,MUM001,CNF100224,GUEST100224,2026-06-13,2026-06-14,DLX,PKG,PKG_STD,CANCELLED,1,0,INR,2026-05-10 10:09:25,2026-05-10 12:39:25
RES100225,CHN001,CNF100225,GUEST100225,2026-05-19,2026-05-24,KING,PKG,PKG_DLX,MODIFIED,3,132090,INR,2026-05-10 22:05:31,2026-05-10 22:12:31
RES100226,MUM001,CNF100226,GUEST100226,2026-07-09,2026-07-11,DLX,CORP,CORP_STD,BOOKED,2,34192,INR,2026-05-10 04:51:36,2026-05-10 05:19:36
RES100227,KER001,CNF100227,GUEST100227,2026-05-18,2026-05-23,DLX,BAR,BAR_DLX,MODIFIED,3,187125,INR,2026-05-10 09:47:54,2026-05-10 11:38:54
RES100228,KOL001,CNF100228,GUEST100228,2026-07-04,2026-07-07,QUEEN,PKG,PKG_DLX,BOOKED,4,68448,INR,2026-05-10 12:06:50,2026-05-10 13:29:50
RES100229,KOL001,CNF100229,GUEST100229,2026-06-21,2026-06-25,KING,BAR,BAR_STD,MODIFIED,4,205280,INR,2026-05-10 18:17:32,2026-05-10 20:32:32
RES100230,MUM002,CNF100230,GUEST100230,2026-05-22,2026-05-27,STE,CORP,CORP_STD,MODIFIED,3,100890,INR,2026-05-10 00:31:49,2026-05-10 02:57:49
RES100231,MUM002,CNF100231,GUEST100231,2026-06-29,2026-07-02,QUEEN,PREPAY,PPR_DLX,CANCELLED,2,0,INR,2026-05-10 17:15:52,2026-05-10 20:06:52
RES100232,BLR002,CNF100232,GUEST100232,2026-06-24,2026-06-26,QUEEN,PREPAY,PPR_DLX,BOOKED,1,8498,INR,2026-05-10 09:33:55,2026-05-10 09:56:55
RES100233,MUM002,CNF100233,GUEST100233,2026-06-11,2026-06-14,KING,BAR,BAR_STD,CANCELLED,4,0,INR,2026-05-10 04:03:18,2026-05-10 06:43:18
RES100234,CHA001,CNF100234,GUEST100234,2026-07-04,2026-07-07,STE,PKG,PKG_STD,CANCELLED,4,0,INR,2026-05-10 22:13:58,2026-05-11 00:43:58
RES100235,BLR001,CNF100235,GUEST100235,2026-06-25,2026-06-28,STD,CORP,CORP_STD,CANCELLED,2,0,INR,2026-05-10 22:46:15,2026-05-10 23:30:15
RES100236,DEL001,CNF100236,GUEST100236,2026-05-15,2026-05-18,STD,CORP,CORP_STD,MODIFIED,2,60090,INR,2026-05-10 01:03:30,2026-05-10 01:55:30
RES100237,HYD001,CNF100237,GUEST100237,2026-05-12,2026-05-16,KING,PREPAY,PPR_STD,MODIFIED,2,37272,INR,2026-05-10 01:16:13,2026-05-10 02:38:13
RES100238,MUM001,CNF100238,GUEST100238,2026-05-11,2026-05-15,STE,CORP,CORP_STD,CANCELLED,1,0,INR,2026-05-10 01:10:09,2026-05-10 01:52:09
RES100239,KOL001,CNF100239,GUEST100239,2026-07-02,2026-07-03,KING,CORP,CORP_DLX,MODIFIED,1,8562,INR,2026-05-10 03:36:06,2026-05-10 04:47:06
RES100240,HYD001,CNF100240,GUEST100240,2026-06-15,2026-06-18,STD,PREPAY,PPR_STD,CANCELLED,2,0,INR,2026-05-10 11:50:22,2026-05-10 14:24:22
RES100241,CHN001,CNF100241,GUEST100241,2026-06-09,2026-06-12,STD,PKG,PKG_STD,BOOKED,1,37860,INR,2026-05-10 20:09:32,2026-05-10 20:42:32
RES100242,KOL001,CNF100242,GUEST100242,2026-05-11,2026-05-14,STD,BAR,BAR_STD,BOOKED,4,54936,INR,2026-05-10 02:07:12,2026-05-10 02:38:12
RES100243,BLR002,CNF100243,GUEST100243,2026-06-30,2026-07-03,DLX,BAR,BAR_DLX,BOOKED,2,56856,INR,2026-05-10 09:04:04,2026-05-10 11:45:04
RES100244,CHA001,CNF100244,GUEST100244,2026-05-11,2026-05-16,STE,PKG,PKG_STD,BOOKED,2,123030,INR,2026-05-10 09:28:54,2026-05-10 10:16:54
RES100245,KER001,CNF100245,GUEST100245,2026-05-13,2026-05-16,QUEEN,PKG,PKG_DLX,CANCELLED,2,0,INR,2026-05-10 01:35:08,2026-05-10 03:26:08
RES100246,BLR001,CNF100246,GUEST100246,2026-06-18,2026-06-19,STE,PKG,PKG_DLX,BOOKED,1,5824,INR,2026-05-10 14:38:56,2026-05-10 15:58:56
RES100247,MUM001,CNF100247,GUEST100247,2026-06-30,2026-07-05,STD,CORP,CORP_STD,MODIFIED,3,173730,INR,2026-05-10 22:21:33,2026-05-10 23:39:33
RES100248,DEL002,CNF100248,GUEST100248,2026-05-30,2026-06-01,STD,MEMBER,MEM_STD,BOOKED,2,24764,INR,2026-05-10 03:52:41,2026-05-10 05:12:41
RES100249,KOL001,CNF100249,GUEST100249,2026-05-31,2026-06-05,DLX,PKG,PKG_DLX,MODIFIED,4,268980,INR,2026-05-10 22:19:45,2026-05-10 23:48:45
RES100250,CHN001,CNF100250,GUEST100250,2026-06-07,2026-06-12,STE,BAR,BAR_DLX,BOOKED,4,170840,INR,2026-05-10 19:46:43,2026-05-10 21:25:43
RES100251,MUM002,CNF100251,GUEST100251,2026-07-05,2026-07-09,STD,PREPAY,PPR_DLX,BOOKED,2,113888,INR,2026-05-10 01:47:08,2026-05-10 04:41:08
RES100252,CHA001,CNF100252,GUEST100252,2026-05-18,2026-05-23,DLX,PREPAY,PPR_DLX,MODIFIED,4,94600,INR,2026-05-10 21:10:58,2026-05-10 23:49:58
RES100253,KOL001,CNF100253,GUEST100253,2026-05-24,2026-05-29,DLX,CORP,CORP_STD,CANCELLED,2,0,INR,2026-05-10 15:31:34,2026-05-10 16:05:34
RES100254,KOL001,CNF100254,GUEST100254,2026-06-02,2026-06-03,STD,BAR,BAR_STD,MODIFIED,4,49124,INR,2026-05-10 10:15:26,2026-05-10 10:22:26
RES100255,KOL001,CNF100255,GUEST100255,2026-05-22,2026-05-26,QUEEN,PREPAY,PPR_DLX,MODIFIED,2,60392,INR,2026-05-10 23:54:37,2026-05-11 00:18:37
RES100256,BLR002,CNF100256,GUEST100256,2026-06-17,2026-06-21,STE,PREPAY,PPR_STD,MODIFIED,2,39592,INR,2026-05-10 09:26:24,2026-05-10 12:09:24
RES100257,MUM002,CNF100257,GUEST100257,2026-06-26,2026-07-01,STD,MEMBER,MEM_STD,BOOKED,4,114620,INR,2026-05-10 12:07:46,2026-05-10 13:33:46
RES100258,CHA001,CNF100258,GUEST100258,2026-06-13,2026-06-14,QUEEN,CORP,CORP_DLX,CANCELLED,1,0,INR,2026-05-10 12:30:51,2026-05-10 12:56:51
RES100259,DEL001,CNF100259,GUEST100259,2026-06-19,2026-06-22,KING,BAR,BAR_STD,BOOKED,1,29145,INR,2026-05-10 11:52:11,2026-05-10 13:32:11
RES100260,MUM002,CNF100260,GUEST100260,2026-06-06,2026-06-09,KING,BAR,BAR_STD,CANCELLED,3,0,INR,2026-05-10 18:29:37,2026-05-10 20:48:37
RES100261,MUM002,CNF100261,GUEST100261,2026-05-14,2026-05-16,DLX,CORP,CORP_DLX,BOOKED,1,24550,INR,2026-05-10 16:54:17,2026-05-10 17:09:17
RES100262,MUM001,CNF100262,GUEST100262,2026-07-08,2026-07-09,QUEEN,BAR,BAR_DLX,CANCELLED,4,0,INR,2026-05-10 02:58:00,2026-05-10 04:56:00
RES100263,HYD001,CNF100263,GUEST100263,2026-06-26,2026-06-29,QUEEN,PKG,PKG_STD,CANCELLED,3,0,INR,2026-05-10 09:54:50,2026-05-10 10:04:50
RES100264,BLR001,CNF100264,GUEST100264,2026-07-06,2026-07-09,STD,BAR,BAR_DLX,MODIFIED,3,89019,INR,2026-05-10 12:46:52,2026-05-10 12:55:52
RES100265,BLR001,CNF100265,GUEST100265,2026-06-04,2026-06-06,DLX,MEMBER,MEM_STD,BOOKED,2,38676,INR,2026-05-10 14:51:57,2026-05-10 16:24:57
RES100266,BLR002,CNF100266,GUEST100266,2026-05-28,2026-06-02,DLX,BAR,BAR_DLX,BOOKED,4,153340,INR,2026-05-10 21:43:51,2026-05-11 00:26:51
RES100267,MUM002,CNF100267,GUEST100267,2026-07-08,2026-07-09,DLX,BAR,BAR_DLX,BOOKED,2,29712,INR,2026-05-10 15:58:14,2026-05-10 18:38:14
RES100268,DEL002,CNF100268,GUEST100268,2026-07-06,2026-07-08,DLX,BAR,BAR_STD,CANCELLED,3,0,INR,2026-05-10 09:00:12,2026-05-10 11:10:12
RES100269,KOL001,CNF100269,GUEST100269,2026-05-11,2026-05-14,DLX,PREPAY,PPR_STD,CANCELLED,3,0,INR,2026-05-10 14:34:39,2026-05-10 17:07:39
RES100270,DEL001,CNF100270,GUEST100270,2026-05-16,2026-05-20,KING,BAR,BAR_DLX,CANCELLED,1,0,INR,2026-05-10 22:21:08,2026-05-11 01:01:08
RES100271,DEL002,CNF100271,GUEST100271,2026-05-16,2026-05-21,STD,PREPAY,PPR_DLX,BOOKED,3,135990,INR,2026-05-10 04:04:17,2026-05-10 06:57:17
RES100272,DEL001,CNF100272,GUEST100272,2026-06-04,2026-06-06,STD,MEMBER,MEM_DLX,CANCELLED,2,0,INR,2026-05-10 14:02:59,2026-05-10 16:12:59
RES100273,BLR001,CNF100273,GUEST100273,2026-05-21,2026-05-22,QUEEN,MEMBER,MEM_STD,CANCELLED,4,0,INR,2026-05-10 01:40:20,2026-05-10 03:33:20
RES100274,MUM001,CNF100274,GUEST100274,2026-05-24,2026-05-27,STD,CORP,CORP_DLX,BOOKED,1,28998,INR,2026-05-10 04:34:32,2026-05-10 05:26:32
RES100275,DEL002,CNF100275,GUEST100275,2026-06-28,2026-06-30,QUEEN,PKG,PKG_STD,CANCELLED,3,0,INR,2026-05-10 01:35:01,2026-05-10 03:14:01
RES100276,MUM002,CNF100276,GUEST100276,2026-05-21,2026-05-26,DLX,CORP,CORP_DLX,CANCELLED,4,0,INR,2026-05-10 22:56:12,2026-05-11 01:17:12
RES100277,MUM001,CNF100277,GUEST100277,2026-07-03,2026-07-06,STD,BAR,BAR_STD,CANCELLED,1,0,INR,2026-05-10 18:40:06,2026-05-10 18:43:06
RES100278,KER001,CNF100278,GUEST100278,2026-05-23,2026-05-27,STE,PREPAY,PPR_STD,MODIFIED,3,66264,INR,2026-05-10 18:47:24,2026-05-10 19:41:24
RES100279,DEL001,CNF100279,GUEST100279,2026-06-20,2026-06-23,QUEEN,PREPAY,PPR_STD,BOOKED,4,120432,INR,2026-05-10 12:55:12,2026-05-10 13:00:12
RES100280,KOL001,CNF100280,GUEST100280,2026-05-22,2026-05-26,QUEEN,BAR,BAR_STD,MODIFIED,1,37700,INR,2026-05-10 02:23:59,2026-05-10 04:21:59
RES100281,MUM002,CNF100281,GUEST100281,2026-07-06,2026-07-11,QUEEN,MEMBER,MEM_DLX,BOOKED,4,203320,INR,2026-05-10 08:48:57,2026-05-10 10:59:57
RES100282,DEL002,CNF100282,GUEST100282,2026-05-12,2026-05-17,STD,CORP,CORP_STD,MODIFIED,1,28140,INR,2026-05-10 05:31:24,2026-05-10 06:29:24
RES100283,KER001,CNF100283,GUEST100283,2026-05-18,2026-05-21,QUEEN,PKG,PKG_STD,BOOKED,2,38718,INR,2026-05-10 11:20:28,2026-05-10 12:58:28
RES100284,CHA001,CNF100284,GUEST100284,2026-05-25,2026-05-26,DLX,CORP,CORP_DLX,MODIFIED,2,28018,INR,2026-05-10 11:01:31,2026-05-10 13:12:31
RES100285,MUM001,CNF100285,GUEST100285,2026-06-19,2026-06-21,STE,BAR,BAR_DLX,CANCELLED,4,0,INR,2026-05-10 04:32:36,2026-05-10 06:41:36
RES100286,BLR001,CNF100286,GUEST100286,2026-06-03,2026-06-06,KING,BAR,BAR_STD,MODIFIED,3,45756,INR,2026-05-10 03:05:14,2026-05-10 05:36:14
RES100287,DEL001,CNF100287,GUEST100287,2026-06-17,2026-06-22,KING,BAR,BAR_STD,BOOKED,2,55650,INR,2026-05-10 15:05:28,2026-05-10 15:43:28
RES100288,BLR002,CNF100288,GUEST100288,2026-05-21,2026-05-22,DLX,PKG,PKG_DLX,BOOKED,4,54352,INR,2026-05-10 17:11:02,2026-05-10 19:34:02
RES100289,MUM001,CNF100289,GUEST100289,2026-05-27,2026-05-28,KING,CORP,CORP_DLX,MODIFIED,4,22908,INR,2026-05-10 10:11:36,2026-05-10 10:57:36
RES100290,CHA001,CNF100290,GUEST100290,2026-05-30,2026-06-01,QUEEN,MEMBER,MEM_DLX,BOOKED,1,12096,INR,2026-05-10 05:02:23,2026-05-10 05:13:23
RES100291,DEL001,CNF100291,GUEST100291,2026-06-22,2026-06-27,STE,PREPAY,PPR_STD,CANCELLED,4,0,INR,2026-05-10 10:25:31,2026-05-10 10:40:31
RES100292,HYD001,CNF100292,GUEST100292,2026-05-12,2026-05-15,KING,PREPAY,PPR_STD,BOOKED,2,53898,INR,2026-05-10 20:14:50,2026-05-10 21:35:50
RES100293,BLR002,CNF100293,GUEST100293,2026-06-11,2026-06-15,STD,MEMBER,MEM_STD,MODIFIED,1,54556,INR,2026-05-10 07:47:49,2026-05-10 09:38:49
RES100294,BLR001,CNF100294,GUEST100294,2026-06-24,2026-06-28,STD,BAR,BAR_DLX,CANCELLED,2,0,INR,2026-05-10 08:51:17,2026-05-10 08:51:17
RES100295,CHA001,CNF100295,GUEST100295,2026-07-01,2026-07-04,QUEEN,MEMBER,MEM_DLX,MODIFIED,4,44748,INR,2026-05-10 05:43:49,2026-05-10 07:40:49
RES100296,CHA001,CNF100296,GUEST100296,2026-06-11,2026-06-15,STD,CORP,CORP_DLX,CANCELLED,4,0,INR,2026-05-10 16:17:21,2026-05-10 19:01:21
RES100297,CHN001,CNF100297,GUEST100297,2026-07-03,2026-07-07,DLX,BAR,BAR_DLX,BOOKED,2,64176,INR,2026-05-10 06:54:42,2026-05-10 09:19:42
RES100298,MUM002,CNF100298,GUEST100298,2026-05-22,2026-05-27,QUEEN,CORP,CORP_STD,BOOKED,3,164265,INR,2026-05-10 09:18:11,2026-05-10 10:59:11
RES100299,BLR001,CNF100299,GUEST100299,2026-07-06,2026-07-11,STE,CORP,CORP_STD,CANCELLED,3,0,INR,2026-05-10 05:13:19,2026-05-10 05:50:19
RES100300,BLR002,CNF100300,GUEST100300,2026-06-01,2026-06-02,STE,PREPAY,PPR_STD,MODIFIED,2,11004,INR,2026-05-10 11:03:05,2026-05-10 13:16:05
RES100301,KOL001,CNF100301,GUEST100301,2026-05-26,2026-05-27,KING,MEMBER,MEM_STD,MODIFIED,2,17542,INR,2026-05-10 09:06:12,2026-05-10 11:46:12
RES100302,BLR002,CNF100302,GUEST100302,2026-06-11,2026-06-15,QUEEN,BAR,BAR_DLX,CANCELLED,2,0,INR,2026-05-10 17:45:48,2026-05-10 20:41:48
RES100303,KER001,CNF100303,GUEST100303,2026-07-02,2026-07-06,DLX,PREPAY,PPR_STD,BOOKED,1,18240,INR,2026-05-10 02:45:15,2026-05-10 05:36:15
RES100304,BLR001,CNF100304,GUEST100304,2026-06-28,2026-07-02,STD,PKG,PKG_STD,MODIFIED,4,75424,INR,2026-05-10 00:57:24,2026-05-10 03:38:24
RES100305,KOL001,CNF100305,GUEST100305,2026-06-05,2026-06-09,STD,PREPAY,PPR_DLX,MODIFIED,1,21156,INR,2026-05-10 00:01:21,2026-05-10 01:32:21
RES100306,DEL001,CNF100306,GUEST100306,2026-05-11,2026-05-13,QUEEN,PREPAY,PPR_DLX,MODIFIED,3,80082,INR,2026-05-10 08:14:44,2026-05-10 10:25:44
RES100307,MUM001,CNF100307,GUEST100307,2026-07-09,2026-07-13,STD,BAR,BAR_DLX,CANCELLED,2,0,INR,2026-05-10 15:17:41,2026-05-10 17:31:41
RES100308,MUM001,CNF100308,GUEST100308,2026-05-13,2026-05-17,KING,PREPAY,PPR_STD,BOOKED,3,171156,INR,2026-05-10 09:33:16,2026-05-10 11:47:16
RES100309,DEL001,CNF100309,GUEST100309,2026-05-12,2026-05-13,STE,PREPAY,PPR_STD,MODIFIED,1,9954,INR,2026-05-10 19:07:59,2026-05-10 21:50:59
RES100310,BLR001,CNF100310,GUEST100310,2026-06-11,2026-06-14,DLX,CORP,CORP_STD,CANCELLED,2,0,INR,2026-05-10 00:16:05,2026-05-10 03:09:05
RES100311,MUM001,CNF100311,GUEST100311,2026-06-21,2026-06-26,STE,BAR,BAR_DLX,CANCELLED,3,0,INR,2026-05-10 13:58:41,2026-05-10 15:40:41
RES100312,BLR002,CNF100312,GUEST100312,2026-05-27,2026-06-01,KING,PREPAY,PPR_STD,MODIFIED,2,137350,INR,2026-05-10 07:31:10,2026-05-10 09:49:10
RES100313,KER001,CNF100313,GUEST100313,2026-06-16,2026-06-20,KING,PKG,PKG_DLX,MODIFIED,4,156016,INR,2026-05-10 05:57:40,2026-05-10 07:56:40
RES100314,DEL002,CNF100314,GUEST100314,2026-06-08,2026-06-12,STE,PKG,PKG_DLX,CANCELLED,4,0,INR,2026-05-10 16:28:10,2026-05-10 17:50:10
RES100315,HYD001,CNF100315,GUEST100315,2026-06-04,2026-06-07,STD,PREPAY,PPR_STD,BOOKED,3,92070,INR,2026-05-10 19:22:06,2026-05-10 20:25:06
RES100316,HYD001,CNF100316,GUEST100316,2026-06-16,2026-06-21,STD,BAR,BAR_DLX,MODIFIED,2,105660,INR,2026-05-10 09:10:13,2026-05-10 10:15:13
RES100317,MUM002,CNF100317,GUEST100317,2026-06-16,2026-06-17,STE,BAR,BAR_DLX,CANCELLED,1,0,INR,2026-05-10 09:09:52,2026-05-10 11:04:52
RES100318,BLR002,CNF100318,GUEST100318,2026-07-08,2026-07-09,KING,PKG,PKG_DLX,BOOKED,4,40792,INR,2026-05-10 12:51:22,2026-05-10 13:29:22
RES100319,DEL001,CNF100319,GUEST100319,2026-06-06,2026-06-10,QUEEN,BAR,BAR_STD,CANCELLED,4,0,INR,2026-05-10 08:06:22,2026-05-10 09:28:22
RES100320,KOL001,CNF100320,GUEST100320,2026-05-27,2026-05-30,STD,PKG,PKG_DLX,CANCELLED,1,0,INR,2026-05-10 14:15:34,2026-05-10 15:38:34
RES100321,MUM001,CNF100321,GUEST100321,2026-06-21,2026-06-23,QUEEN,PREPAY,PPR_STD,CANCELLED,4,0,INR,2026-05-10 08:25:42,2026-05-10 08:30:42
RES100322,HYD001,CNF100322,GUEST100322,2026-06-17,2026-06-22,DLX,BAR,BAR_DLX,MODIFIED,3,122445,INR,2026-05-10 23:04:57,2026-05-11 01:05:57
RES100323,DEL002,CNF100323,GUEST100323,2026-05-30,2026-06-03,KING,PREPAY,PPR_DLX,BOOKED,3,46716,INR,2026-05-10 10:09:52,2026-05-10 11:21:52
RES100324,CHA001,CNF100324,GUEST100324,2026-05-11,2026-05-14,DLX,CORP,CORP_STD,BOOKED,2,41970,INR,2026-05-10 00:51:58,2026-05-10 01:53:58
RES100325,KER001,CNF100325,GUEST100325,2026-05-12,2026-05-17,KING,BAR,BAR_DLX,BOOKED,4,108960,INR,2026-05-10 15:23:05,2026-05-10 17:48:05
RES100326,KER001,CNF100326,GUEST100326,2026-07-05,2026-07-07,STE,PREPAY,PPR_STD,BOOKED,4,61040,INR,2026-05-10 21:50:29,2026-05-10 21:52:29
RES100327,CHN001,CNF100327,GUEST100327,2026-05-20,2026-05-22,QUEEN,MEMBER,MEM_STD,BOOKED,1,25146,INR,2026-05-10 16:57:31,2026-05-10 19:38:31
RES100328,CHN001,CNF100328,GUEST100328,2026-05-24,2026-05-29,STE,PREPAY,PPR_STD,BOOKED,4,129620,INR,2026-05-10 15:50:39,2026-05-10 18:40:39
RES100329,BLR002,CNF100329,GUEST100329,2026-06-24,2026-06-27,QUEEN,PREPAY,PPR_STD,CANCELLED,1,0,INR,2026-05-10 07:29:36,2026-05-10 08:01:36
RES100330,DEL001,CNF100330,GUEST100330,2026-07-05,2026-07-08,STD,PREPAY,PPR_STD,CANCELLED,3,0,INR,2026-05-10 08:19:22,2026-05-10 08:48:22
RES100331,KER001,CNF100331,GUEST100331,2026-05-23,2026-05-28,STD,PREPAY,PPR_DLX,MODIFIED,4,145820,INR,2026-05-10 04:35:35,2026-05-10 04:54:35
RES100332,BLR002,CNF100332,GUEST100332,2026-06-03,2026-06-07,KING,CORP,CORP_STD,BOOKED,4,173920,INR,2026-05-10 02:02:13,2026-05-10 02:34:13
RES100333,MUM001,CNF100333,GUEST100333,2026-06-19,2026-06-23,KING,BAR,BAR_STD,MODIFIED,1,32256,INR,2026-05-10 22:04:24,2026-05-10 23:02:24
RES100334,DEL002,CNF100334,GUEST100334,2026-06-09,2026-06-14,STE,MEMBER,MEM_DLX,MODIFIED,3,221955,INR,2026-05-10 19:20:53,2026-05-10 19:35:53
RES100335,MUM002,CNF100335,GUEST100335,2026-05-12,2026-05-13,STD,BAR,BAR_DLX,BOOKED,2,11522,INR,2026-05-10 11:22:18,2026-05-10 11:26:18
RES100336,KER001,CNF100336,GUEST100336,2026-05-23,2026-05-25,KING,MEMBER,MEM_STD,CANCELLED,1,0,INR,2026-05-10 21:07:26,2026-05-10 21:49:26
RES100337,MUM002,CNF100337,GUEST100337,2026-05-28,2026-05-31,QUEEN,MEMBER,MEM_STD,CANCELLED,3,0,INR,2026-05-10 15:10:26,2026-05-10 15:22:26
RES100338,KOL001,CNF100338,GUEST100338,2026-06-18,2026-06-23,QUEEN,BAR,BAR_STD,MODIFIED,2,124090,INR,2026-05-10 15:15:35,2026-05-10 17:02:35
RES100339,CHA001,CNF100339,GUEST100339,2026-05-28,2026-05-31,KING,PKG,PKG_DLX,MODIFIED,3,119079,INR,2026-05-10 20:19:00,2026-05-10 23:13:00
RES100340,KOL001,CNF100340,GUEST100340,2026-06-22,2026-06-23,STD,BAR,BAR_STD,CANCELLED,3,0,INR,2026-05-10 16:21:22,2026-05-10 18:06:22
RES100341,BLR002,CNF100341,GUEST100341,2026-06-26,2026-06-30,DLX,CORP,CORP_STD,BOOKED,3,44784,INR,2026-05-10 04:02:31,2026-05-10 04:44:31
RES100342,CHN001,CNF100342,GUEST100342,2026-06-19,2026-06-20,STD,MEMBER,MEM_STD,CANCELLED,4,0,INR,2026-05-10 14:18:07,2026-05-10 16:17:07
RES100343,MUM002,CNF100343,GUEST100343,2026-05-28,2026-06-01,STE,MEMBER,MEM_STD,CANCELLED,4,0,INR,2026-05-10 23:00:35,2026-05-10 23:31:35
RES100344,DEL002,CNF100344,GUEST100344,2026-06-24,2026-06-26,STE,BAR,BAR_DLX,CANCELLED,1,0,INR,2026-05-10 23:33:25,2026-05-10 23:51:25
RES100345,DEL001,CNF100345,GUEST100345,2026-05-31,2026-06-02,QUEEN,PKG,PKG_DLX,CANCELLED,3,0,INR,2026-05-10 07:43:26,2026-05-10 08:25:26
RES100346,BLR001,CNF100346,GUEST100346,2026-05-28,2026-05-29,DLX,MEMBER,MEM_DLX,BOOKED,3,22008,INR,2026-05-10 01:57:33,2026-05-10 02:55:33
RES100347,CHA001,CNF100347,GUEST100347,2026-07-04,2026-07-06,KING,MEMBER,MEM_DLX,CANCELLED,3,0,INR,2026-05-10 19:05:52,2026-05-10 19:20:52
RES100348,KER001,CNF100348,GUEST100348,2026-07-04,2026-07-05,STE,CORP,CORP_STD,CANCELLED,1,0,INR,2026-05-10 10:05:12,2026-05-10 11:01:12
RES100349,CHA001,CNF100349,GUEST100349,2026-06-03,2026-06-04,KING,CORP,CORP_STD,CANCELLED,2,0,INR,2026-05-10 18:07:51,2026-05-10 18:32:51
RES100350,DEL001,CNF100350,GUEST100350,2026-06-16,2026-06-19,STD,PREPAY,PPR_STD,MODIFIED,2,23874,INR,2026-05-10 00:30:05,2026-05-10 03:07:05
RES100351,BLR002,CNF100351,GUEST100351,2026-07-09,2026-07-14,STD,BAR,BAR_STD,BOOKED,3,69105,INR,2026-05-10 17:34:09,2026-05-10 20:01:09
RES100352,CHA001,CNF100352,GUEST100352,2026-05-12,2026-05-14,KING,PKG,PKG_DLX,MODIFIED,1,28884,INR,2026-05-10 03:46:29,2026-05-10 05:39:29
RES100353,BLR002,CNF100353,GUEST100353,2026-06-13,2026-06-15,KING,PREPAY,PPR_STD,CANCELLED,3,0,INR,2026-05-10 01:25:54,2026-05-10 02:33:54
RES100354,MUM002,CNF100354,GUEST100354,2026-06-27,2026-06-30,STD,MEMBER,MEM_STD,BOOKED,1,39282,INR,2026-05-10 01:29:23,2026-05-10 04:17:23
RES100355,KER001,CNF100355,GUEST100355,2026-06-26,2026-06-29,DLX,PREPAY,PPR_STD,BOOKED,3,43254,INR,2026-05-10 05:47:17,2026-05-10 05:57:17
RES100356,HYD001,CNF100356,GUEST100356,2026-05-27,2026-05-31,DLX,CORP,CORP_STD,CANCELLED,4,0,INR,2026-05-10 20:35:19,2026-05-10 21:17:19
RES100357,MUM002,CNF100357,GUEST100357,2026-07-05,2026-07-09,STD,PKG,PKG_DLX,BOOKED,3,102000,INR,2026-05-10 04:47:21,2026-05-10 06:22:21
RES100358,DEL002,CNF100358,GUEST100358,2026-06-10,2026-06-11,DLX,CORP,CORP_STD,BOOKED,4,14176,INR,2026-05-10 12:23:45,2026-05-10 12:32:45
RES100359,MUM002,CNF100359,GUEST100359,2026-07-08,2026-07-12,STE,BAR,BAR_DLX,BOOKED,3,44700,INR,2026-05-10 12:24:51,2026-05-10 14:35:51
RES100360,BLR001,CNF100360,GUEST100360,2026-06-23,2026-06-27,STE,PREPAY,PPR_DLX,MODIFIED,3,143628,INR,2026-05-10 04:32:45,2026-05-10 06:31:45
RES100361,MUM001,CNF100361,GUEST100361,2026-06-14,2026-06-18,KING,MEMBER,MEM_DLX,CANCELLED,1,0,INR,2026-05-10 23:59:27,2026-05-11 02:32:27
RES100362,KER001,CNF100362,GUEST100362,2026-06-01,2026-06-04,STD,CORP,CORP_STD,BOOKED,4,105564,INR,2026-05-10 01:40:45,2026-05-10 03:46:45
RES100363,CHA001,CNF100363,GUEST100363,2026-06-08,2026-06-09,DLX,MEMBER,MEM_DLX,CANCELLED,2,0,INR,2026-05-10 11:54:17,2026-05-10 12:41:17
RES100364,DEL001,CNF100364,GUEST100364,2026-06-30,2026-07-03,STD,BAR,BAR_STD,CANCELLED,1,0,INR,2026-05-10 20:34:09,2026-05-10 23:02:09
RES100365,DEL002,CNF100365,GUEST100365,2026-05-22,2026-05-24,STE,PKG,PKG_STD,CANCELLED,1,0,INR,2026-05-10 17:25:55,2026-05-10 19:27:55
RES100366,CHN001,CNF100366,GUEST100366,2026-05-20,2026-05-21,STE,BAR,BAR_STD,CANCELLED,2,0,INR,2026-05-10 12:52:17,2026-05-10 14:10:17
RES100367,MUM002,CNF100367,GUEST100367,2026-06-04,2026-06-08,STD,BAR,BAR_STD,MODIFIED,4,172688,INR,2026-05-10 02:22:04,2026-05-10 04:40:04
RES100368,HYD001,CNF100368,GUEST100368,2026-07-07,2026-07-10,STD,CORP,CORP_STD,BOOKED,2,82026,INR,2026-05-10 14:39:11,2026-05-10 15:54:11
RES100369,KER001,CNF100369,GUEST100369,2026-06-26,2026-07-01,DLX,BAR,BAR_STD,BOOKED,2,75820,INR,2026-05-10 02:56:20,2026-05-10 03:05:20
RES100370,CHN001,CNF100370,GUEST100370,2026-07-08,2026-07-09,KING,PREPAY,PPR_DLX,MODIFIED,1,13016,INR,2026-05-10 02:05:14,2026-05-10 03:44:14
RES100371,CHN001,CNF100371,GUEST100371,2026-06-04,2026-06-09,STE,PREPAY,PPR_DLX,BOOKED,3,184035,INR,2026-05-10 09:55:05,2026-05-10 12:51:05
RES100372,KOL001,CNF100372,GUEST100372,2026-05-16,2026-05-17,STE,BAR,BAR_STD,MODIFIED,3,39180,INR,2026-05-10 21:03:06,2026-05-10 23:26:06
RES100373,CHA001,CNF100373,GUEST100373,2026-05-31,2026-06-05,KING,PKG,PKG_STD,BOOKED,2,83200,INR,2026-05-10 20:32:53,2026-05-10 23:11:53
RES100374,MUM001,CNF100374,GUEST100374,2026-07-05,2026-07-07,DLX,PKG,PKG_DLX,CANCELLED,3,0,INR,2026-05-10 16:58:17,2026-05-10 18:14:17
RES100375,BLR002,CNF100375,GUEST100375,2026-05-24,2026-05-26,DLX,CORP,CORP_STD,CANCELLED,1,0,INR,2026-05-10 22:26:27,2026-05-11 01:25:27
RES100376,MUM001,CNF100376,GUEST100376,2026-06-01,2026-06-04,STE,BAR,BAR_DLX,CANCELLED,1,0,INR,2026-05-10 09:27:36,2026-05-10 12:25:36
RES100377,DEL002,CNF100377,GUEST100377,2026-06-22,2026-06-26,QUEEN,PREPAY,PPR_STD,CANCELLED,4,0,INR,2026-05-10 20:26:00,2026-05-10 22:16:00
RES100378,DEL001,CNF100378,GUEST100378,2026-07-02,2026-07-03,STE,PREPAY,PPR_DLX,MODIFIED,1,4132,INR,2026-05-10 12:10:24,2026-05-10 13:55:24
RES100379,BLR001,CNF100379,GUEST100379,2026-05-19,2026-05-21,STD,PREPAY,PPR_STD,BOOKED,2,37212,INR,2026-05-10 12:27:22,2026-05-10 14:38:22
RES100380,BLR002,CNF100380,GUEST100380,2026-05-23,2026-05-28,STD,BAR,BAR_STD,BOOKED,3,95205,INR,2026-05-10 09:39:52,2026-05-10 09:54:52
RES100381,MUM001,CNF100381,GUEST100381,2026-05-11,2026-05-16,STD,PREPAY,PPR_STD,CANCELLED,1,0,INR,2026-05-10 09:32:26,2026-05-10 10:32:26
RES100382,MUM001,CNF100382,GUEST100382,2026-06-10,2026-06-13,DLX,CORP,CORP_STD,MODIFIED,2,72804,INR,2026-05-10 10:54:39,2026-05-10 13:32:39
RES100383,BLR002,CNF100383,GUEST100383,2026-06-13,2026-06-16,STE,PKG,PKG_DLX,MODIFIED,4,89208,INR,2026-05-10 05:41:10,2026-05-10 08:26:10
RES100384,BLR002,CNF100384,GUEST100384,2026-07-08,2026-07-11,DLX,PKG,PKG_DLX,CANCELLED,1,0,INR,2026-05-10 18:23:08,2026-05-10 18:29:08
RES100385,DEL002,CNF100385,GUEST100385,2026-06-12,2026-06-16,DLX,PREPAY,PPR_DLX,BOOKED,2,56864,INR,2026-05-10 16:47:15,2026-05-10 17:10:15
RES100386,CHN001,CNF100386,GUEST100386,2026-06-28,2026-06-30,STE,BAR,BAR_STD,BOOKED,1,25284,INR,2026-05-10 12:17:25,2026-05-10 13:11:25
RES100387,MUM001,CNF100387,GUEST100387,2026-05-11,2026-05-15,STE,BAR,BAR_DLX,BOOKED,2,52544,INR,2026-05-10 18:49:49,2026-05-10 19:59:49
RES100388,KER001,CNF100388,GUEST100388,2026-07-01,2026-07-03,STE,PREPAY,PPR_DLX,MODIFIED,2,57388,INR,2026-05-10 03:17:36,2026-05-10 05:40:36
RES100389,BLR001,CNF100389,GUEST100389,2026-05-29,2026-06-03,STE,BAR,BAR_STD,MODIFIED,2,92090,INR,2026-05-10 08:11:48,2026-05-10 09:26:48
RES100390,BLR002,CNF100390,GUEST100390,2026-05-30,2026-06-02,STD,PREPAY,PPR_DLX,BOOKED,2,31086,INR,2026-05-10 15:22:33,2026-05-10 15:32:33
RES100391,MUM002,CNF100391,GUEST100391,2026-06-29,2026-07-04,KING,PKG,PKG_STD,BOOKED,2,90580,INR,2026-05-10 14:13:14,2026-05-10 17:11:14
RES100392,HYD001,CNF100392,GUEST100392,2026-05-31,2026-06-02,DLX,MEMBER,MEM_STD,BOOKED,3,74988,INR,2026-05-10 15:18:13,2026-05-10 17:17:13
RES100393,KER001,CNF100393,GUEST100393,2026-07-01,2026-07-02,QUEEN,PKG,PKG_STD,MODIFIED,4,42264,INR,2026-05-10 06:52:57,2026-05-10 09:50:57
RES100394,KOL001,CNF100394,GUEST100394,2026-05-29,2026-06-02,STD,PREPAY,PPR_STD,CANCELLED,1,0,INR,2026-05-10 12:43:59,2026-05-10 14:05:59
RES100395,KOL001,CNF100395,GUEST100395,2026-06-22,2026-06-24,STE,CORP,CORP_DLX,BOOKED,3,89598,INR,2026-05-10 22:37:02,2026-05-10 23:04:02
RES100396,DEL001,CNF100396,GUEST100396,2026-06-18,2026-06-20,KING,PREPAY,PPR_STD,MODIFIED,3,44016,INR,2026-05-10 16:52:21,2026-05-10 17:29:21
RES100397,BLR001,CNF100397,GUEST100397,2026-06-08,2026-06-09,DLX,MEMBER,MEM_STD,MODIFIED,1,3689,INR,2026-05-10 16:21:38,2026-05-10 17:47:38
RES100398,KOL001,CNF100398,GUEST100398,2026-06-16,2026-06-18,STE,MEMBER,MEM_DLX,CANCELLED,1,0,INR,2026-05-10 10:56:35,2026-05-10 12:32:35
RES100399,BLR002,CNF100399,GUEST100399,2026-05-11,2026-05-14,DLX,PREPAY,PPR_DLX,BOOKED,4,130212,INR,2026-05-10 03:44:35,2026-05-10 06:02:35
RES100400,KOL001,CNF100400,GUEST100400,2026-07-04,2026-07-09,KING,CORP,CORP_DLX,BOOKED,2,51130,INR,2026-05-10 09:29:10,2026-05-10 11:04:10
RES100401,CHN001,CNF100401,GUEST100401,2026-06-07,2026-06-08,STE,PKG,PKG_DLX,MODIFIED,1,4355,INR,2026-05-10 13:20:49,2026-05-10 13:25:49
RES100402,DEL002,CNF100402,GUEST100402,2026-06-14,2026-06-15,STE,MEMBER,MEM_STD,BOOKED,3,25185,INR,2026-05-10 17:30:17,2026-05-10 18:10:17
RES100403,CHA001,CNF100403,GUEST100403,2026-05-19,2026-05-23,DLX,PKG,PKG_STD,BOOKED,2,103360,INR,2026-05-10 04:24:20,2026-05-10 04:50:20
RES100404,BLR001,CNF100404,GUEST100404,2026-05-30,2026-06-02,QUEEN,BAR,BAR_STD,MODIFIED,2,75330,INR,2026-05-10 19:57:05,2026-05-10 20:13:05
RES100405,BLR001,CNF100405,GUEST100405,2026-05-20,2026-05-25,STD,MEMBER,MEM_STD,CANCELLED,1,0,INR,2026-05-10 22:33:33,2026-05-10 22:58:33
RES100406,HYD001,CNF100406,GUEST100406,2026-07-04,2026-07-07,KING,MEMBER,MEM_STD,MODIFIED,2,34608,INR,2026-05-10 03:23:09,2026-05-10 05:00:09
RES100407,BLR001,CNF100407,GUEST100407,2026-06-04,2026-06-07,DLX,MEMBER,MEM_STD,BOOKED,3,122589,INR,2026-05-10 02:38:02,2026-05-10 05:26:02
RES100408,KOL001,CNF100408,GUEST100408,2026-07-07,2026-07-12,KING,PKG,PKG_DLX,CANCELLED,2,0,INR,2026-05-10 11:53:42,2026-05-10 13:25:42
RES100409,DEL001,CNF100409,GUEST100409,2026-06-09,2026-06-14,QUEEN,PKG,PKG_STD,BOOKED,4,134460,INR,2026-05-10 00:11:44,2026-05-10 02:40:44
RES100410,BLR002,CNF100410,GUEST100410,2026-05-14,2026-05-15,DLX,CORP,CORP_STD,BOOKED,3,27660,INR,2026-05-10 08:44:22,2026-05-10 09:39:22
RES100411,BLR002,CNF100411,GUEST100411,2026-06-13,2026-06-18,QUEEN,PKG,PKG_STD,BOOKED,2,148520,INR,2026-05-10 08:22:34,2026-05-10 09:19:34
RES100412,DEL002,CNF100412,GUEST100412,2026-05-23,2026-05-26,QUEEN,BAR,BAR_DLX,MODIFIED,3,101808,INR,2026-05-10 10:16:28,2026-05-10 11:52:28
RES100413,BLR001,CNF100413,GUEST100413,2026-06-24,2026-06-29,DLX,PKG,PKG_DLX,MODIFIED,2,125680,INR,2026-05-10 03:41:15,2026-05-10 06:23:15
RES100414,HYD001,CNF100414,GUEST100414,2026-06-12,2026-06-14,KING,MEMBER,MEM_DLX,BOOKED,4,49992,INR,2026-05-10 17:55:40,2026-05-10 17:58:40
RES100415,HYD001,CNF100415,GUEST100415,2026-06-21,2026-06-25,DLX,MEMBER,MEM_STD,BOOKED,2,56472,INR,2026-05-10 01:53:34,2026-05-10 02:50:34
RES100416,DEL002,CNF100416,GUEST100416,2026-05-25,2026-05-28,DLX,MEMBER,MEM_STD,CANCELLED,4,0,INR,2026-05-10 07:48:07,2026-05-10 07:49:07
RES100417,CHA001,CNF100417,GUEST100417,2026-07-03,2026-07-05,KING,CORP,CORP_STD,BOOKED,1,12460,INR,2026-05-10 16:55:09,2026-05-10 19:52:09
RES100418,MUM002,CNF100418,GUEST100418,2026-05-31,2026-06-05,DLX,BAR,BAR_STD,MODIFIED,2,51390,INR,2026-05-10 13:44:07,2026-05-10 14:45:07
RES100419,CHA001,CNF100419,GUEST100419,2026-07-08,2026-07-11,QUEEN,BAR,BAR_STD,MODIFIED,2,39540,INR,2026-05-10 20:02:39,2026-05-10 20:30:39
RES100420,KER001,CNF100420,GUEST100420,2026-06-30,2026-07-03,STD,MEMBER,MEM_STD,MODIFIED,2,26646,INR,2026-05-10 03:58:39,2026-05-10 06:55:39
RES100421,MUM002,CNF100421,GUEST100421,2026-05-25,2026-05-27,STE,CORP,CORP_STD,BOOKED,1,29702,INR,2026-05-10 01:46:34,2026-05-10 04:46:34
RES100422,KOL001,CNF100422,GUEST100422,2026-05-24,2026-05-25,STD,MEMBER,MEM_STD,CANCELLED,4,0,INR,2026-05-10 07:25:49,2026-05-10 08:37:49
RES100423,MUM001,CNF100423,GUEST100423,2026-06-01,2026-06-04,QUEEN,CORP,CORP_DLX,CANCELLED,1,0,INR,2026-05-10 04:47:03,2026-05-10 05:05:03
RES100424,CHN001,CNF100424,GUEST100424,2026-06-16,2026-06-21,KING,MEMBER,MEM_DLX,BOOKED,2,121480,INR,2026-05-10 04:51:37,2026-05-10 07:26:37
RES100425,BLR002,CNF100425,GUEST100425,2026-06-14,2026-06-15,STD,PREPAY,PPR_STD,CANCELLED,2,0,INR,2026-05-10 22:10:45,2026-05-11 00:09:45
RES100426,CHA001,CNF100426,GUEST100426,2026-05-30,2026-06-03,DLX,BAR,BAR_STD,CANCELLED,1,0,INR,2026-05-10 11:53:10,2026-05-10 13:03:10
RES100427,BLR002,CNF100427,GUEST100427,2026-06-22,2026-06-25,STD,PKG,PKG_STD,BOOKED,4,58020,INR,2026-05-10 01:27:43,2026-05-10 03:01:43
RES100428,KOL001,CNF100428,GUEST100428,2026-06-03,2026-06-08,STE,PKG,PKG_STD,BOOKED,1,37405,INR,2026-05-10 09:22:44,2026-05-10 10:53:44
RES100429,KOL001,CNF100429,GUEST100429,2026-06-28,2026-06-29,QUEEN,PREPAY,PPR_STD,MODIFIED,4,55628,INR,2026-05-10 08:10:23,2026-05-10 09:44:23
RES100430,HYD001,CNF100430,GUEST100430,2026-06-29,2026-07-04,STD,PKG,PKG_DLX,BOOKED,4,202340,INR,2026-05-10 20:25:32,2026-05-10 23:09:32
RES100431,HYD001,CNF100431,GUEST100431,2026-05-21,2026-05-26,STD,BAR,BAR_STD,MODIFIED,2,79210,INR,2026-05-10 12:04:53,2026-05-10 14:53:53
RES100432,BLR001,CNF100432,GUEST100432,2026-06-26,2026-06-29,KING,CORP,CORP_DLX,MODIFIED,2,89058,INR,2026-05-10 03:27:35,2026-05-10 05:53:35
RES100433,MUM002,CNF100433,GUEST100433,2026-07-02,2026-07-07,QUEEN,MEMBER,MEM_DLX,CANCELLED,1,0,INR,2026-05-10 04:16:11,2026-05-10 05:31:11
RES100434,HYD001,CNF100434,GUEST100434,2026-07-08,2026-07-09,STE,BAR,BAR_STD,CANCELLED,2,0,INR,2026-05-10 07:27:17,2026-05-10 09:55:17
RES100435,CHA001,CNF100435,GUEST100435,2026-06-22,2026-06-27,QUEEN,PREPAY,PPR_STD,CANCELLED,3,0,INR,2026-05-10 16:22:15,2026-05-10 18:15:15
RES100436,CHN001,CNF100436,GUEST100436,2026-05-16,2026-05-20,STD,PKG,PKG_STD,BOOKED,1,51636,INR,2026-05-10 09:28:24,2026-05-10 10:28:24
RES100437,HYD001,CNF100437,GUEST100437,2026-06-13,2026-06-18,STD,MEMBER,MEM_STD,CANCELLED,4,0,INR,2026-05-10 13:41:45,2026-05-10 16:36:45
RES100438,DEL001,CNF100438,GUEST100438,2026-07-02,2026-07-06,STE,MEMBER,MEM_DLX,BOOKED,3,61944,INR,2026-05-10 17:54:19,2026-05-10 18:10:19
RES100439,CHN001,CNF100439,GUEST100439,2026-06-02,2026-06-04,KING,PKG,PKG_STD,MODIFIED,3,39990,INR,2026-05-10 01:18:22,2026-05-10 03:41:22
RES100440,HYD001,CNF100440,GUEST100440,2026-05-17,2026-05-19,QUEEN,BAR,BAR_STD,BOOKED,3,64542,INR,2026-05-10 18:10:24,2026-05-10 19:04:24
RES100441,KOL001,CNF100441,GUEST100441,2026-05-15,2026-05-17,STD,CORP,CORP_DLX,CANCELLED,3,0,INR,2026-05-10 20:17:52,2026-05-10 22:20:52
RES100442,MUM001,CNF100442,GUEST100442,2026-06-07,2026-06-09,DLX,CORP,CORP_STD,MODIFIED,4,98712,INR,2026-05-10 21:39:30,2026-05-10 22:39:30
RES100443,CHN001,CNF100443,GUEST100443,2026-06-19,2026-06-20,STE,PREPAY,PPR_DLX,CANCELLED,1,0,INR,2026-05-10 01:28:09,2026-05-10 02:17:09
RES100444,DEL002,CNF100444,GUEST100444,2026-06-02,2026-06-03,STD,CORP,CORP_DLX,BOOKED,2,7182,INR,2026-05-10 05:07:08,2026-05-10 06:27:08
RES100445,BLR002,CNF100445,GUEST100445,2026-05-11,2026-05-14,STD,PREPAY,PPR_STD,MODIFIED,4,119136,INR,2026-05-10 10:36:04,2026-05-10 11:14:04
RES100446,MUM002,CNF100446,GUEST100446,2026-06-08,2026-06-11,KING,BAR,BAR_STD,BOOKED,1,33234,INR,2026-05-10 09:02:05,2026-05-10 10:01:05
RES100447,KOL001,CNF100447,GUEST100447,2026-06-20,2026-06-21,QUEEN,PKG,PKG_DLX,MODIFIED,4,43908,INR,2026-05-10 21:39:18,2026-05-10 22:49:18
RES100448,BLR001,CNF100448,GUEST100448,2026-05-21,2026-05-22,KING,CORP,CORP_DLX,CANCELLED,3,0,INR,2026-05-10 03:54:46,2026-05-10 04:40:46
RES100449,BLR002,CNF100449,GUEST100449,2026-06-15,2026-06-17,STE,CORP,CORP_DLX,MODIFIED,2,28920,INR,2026-05-10 19:21:26,2026-05-10 20:46:26
RES100450,MUM001,CNF100450,GUEST100450,2026-05-12,2026-05-15,STD,PREPAY,PPR_STD,MODIFIED,2,50394,INR,2026-05-10 06:36:51,2026-05-10 08:19:51
RES100451,KOL001,CNF100451,GUEST100451,2026-06-13,2026-06-18,KING,PREPAY,PPR_DLX,MODIFIED,3,133800,INR,2026-05-10 16:49:10,2026-05-10 17:24:10
RES100452,MUM001,CNF100452,GUEST100452,2026-06-01,2026-06-03,DLX,CORP,CORP_DLX,MODIFIED,2,48852,INR,2026-05-10 07:03:34,2026-05-10 07:50:34
RES100453,DEL001,CNF100453,GUEST100453,2026-06-14,2026-06-17,DLX,CORP,CORP_STD,BOOKED,2,75252,INR,2026-05-10 04:57:41,2026-05-10 06:20:41
RES100454,HYD001,CNF100454,GUEST100454,2026-06-03,2026-06-08,QUEEN,MEMBER,MEM_STD,CANCELLED,2,0,INR,2026-05-10 03:31:20,2026-05-10 03:40:20
RES100455,MUM002,CNF100455,GUEST100455,2026-06-02,2026-06-03,QUEEN,BAR,BAR_STD,BOOKED,2,20554,INR,2026-05-10 08:54:45,2026-05-10 11:50:45
RES100456,MUM001,CNF100456,GUEST100456,2026-05-21,2026-05-22,STD,BAR,BAR_STD,MODIFIED,3,38346,INR,2026-05-10 17:51:15,2026-05-10 18:03:15
RES100457,BLR002,CNF100457,GUEST100457,2026-07-06,2026-07-09,KING,CORP,CORP_STD,BOOKED,2,71448,INR,2026-05-10 19:06:44,2026-05-10 21:45:44
RES100458,BLR002,CNF100458,GUEST100458,2026-06-11,2026-06-13,KING,MEMBER,MEM_STD,MODIFIED,3,52008,INR,2026-05-10 15:44:57,2026-05-10 17:03:57
RES100459,KER001,CNF100459,GUEST100459,2026-07-08,2026-07-10,KING,PREPAY,PPR_STD,CANCELLED,3,0,INR,2026-05-10 05:51:45,2026-05-10 06:44:45
RES100460,KOL001,CNF100460,GUEST100460,2026-05-21,2026-05-25,KING,CORP,CORP_STD,BOOKED,3,58140,INR,2026-05-10 16:48:02,2026-05-10 18:55:02
RES100461,BLR002,CNF100461,GUEST100461,2026-07-01,2026-07-02,DLX,PREPAY,PPR_DLX,CANCELLED,3,0,INR,2026-05-10 07:43:44,2026-05-10 10:43:44
RES100462,HYD001,CNF100462,GUEST100462,2026-06-02,2026-06-03,QUEEN,BAR,BAR_STD,MODIFIED,1,12579,INR,2026-05-10 19:50:03,2026-05-10 20:39:03
RES100463,MUM001,CNF100463,GUEST100463,2026-07-08,2026-07-10,DLX,PKG,PKG_DLX,MODIFIED,2,15920,INR,2026-05-10 07:23:04,2026-05-10 09:31:04
RES100464,CHA001,CNF100464,GUEST100464,2026-06-25,2026-06-30,DLX,MEMBER,MEM_STD,MODIFIED,1,29315,INR,2026-05-10 07:17:58,2026-05-10 07:43:58
RES100465,HYD001,CNF100465,GUEST100465,2026-06-20,2026-06-23,KING,CORP,CORP_DLX,MODIFIED,1,14109,INR,2026-05-10 06:28:11,2026-05-10 06:47:11
RES100466,BLR002,CNF100466,GUEST100466,2026-05-27,2026-05-29,KING,PKG,PKG_DLX,MODIFIED,2,21840,INR,2026-05-10 22:41:36,2026-05-10 23:40:36
RES100467,KOL001,CNF100467,GUEST100467,2026-06-01,2026-06-03,KING,PKG,PKG_DLX,MODIFIED,1,20106,INR,2026-05-10 15:33:00,2026-05-10 16:18:00
RES100468,BLR002,CNF100468,GUEST100468,2026-06-07,2026-06-12,KING,CORP,CORP_DLX,MODIFIED,4,179540,INR,2026-05-10 06:01:05,2026-05-10 07:36:05
RES100469,DEL001,CNF100469,GUEST100469,2026-05-14,2026-05-17,DLX,BAR,BAR_STD,CANCELLED,1,0,INR,2026-05-10 04:29:40,2026-05-10 06:45:40
RES100470,HYD001,CNF100470,GUEST100470,2026-06-20,2026-06-21,DLX,MEMBER,MEM_STD,CANCELLED,2,0,INR,2026-05-10 20:48:05,2026-05-10 22:28:05
RES100471,CHN001,CNF100471,GUEST100471,2026-06-02,2026-06-05,KING,CORP,CORP_DLX,CANCELLED,1,0,INR,2026-05-10 22:48:28,2026-05-10 23:36:28
RES100472,BLR001,CNF100472,GUEST100472,2026-07-08,2026-07-12,DLX,PKG,PKG_DLX,MODIFIED,1,26520,INR,2026-05-10 09:15:44,2026-05-10 12:13:44
RES100473,BLR001,CNF100473,GUEST100473,2026-05-28,2026-05-29,STD,MEMBER,MEM_DLX,MODIFIED,3,22440,INR,2026-05-10 12:49:12,2026-05-10 15:05:12
RES100474,DEL001,CNF100474,GUEST100474,2026-07-09,2026-07-11,DLX,BAR,BAR_STD,MODIFIED,1,26170,INR,2026-05-10 03:00:35,2026-05-10 03:08:35
RES100475,BLR002,CNF100475,GUEST100475,2026-05-22,2026-05-27,DLX,PREPAY,PPR_DLX,MODIFIED,1,26470,INR,2026-05-10 22:33:40,2026-05-11 01:01:40
RES100476,CHN001,CNF100476,GUEST100476,2026-05-12,2026-05-17,QUEEN,PKG,PKG_DLX,BOOKED,1,60675,INR,2026-05-10 09:10:51,2026-05-10 11:42:51
RES100477,BLR001,CNF100477,GUEST100477,2026-05-11,2026-05-12,STD,BAR,BAR_STD,MODIFIED,4,40548,INR,2026-05-10 14:15:37,2026-05-10 14:22:37
RES100478,MUM002,CNF100478,GUEST100478,2026-07-05,2026-07-10,DLX,BAR,BAR_DLX,BOOKED,1,47980,INR,2026-05-10 13:22:54,2026-05-10 16:09:54
RES100479,DEL002,CNF100479,GUEST100479,2026-06-21,2026-06-22,QUEEN,CORP,CORP_STD,CANCELLED,4,0,INR,2026-05-10 15:58:58,2026-05-10 17:10:58
RES100480,KER001,CNF100480,GUEST100480,2026-07-03,2026-07-05,DLX,BAR,BAR_STD,BOOKED,1,23782,INR,2026-05-10 09:06:02,2026-05-10 09:54:02
RES100481,BLR002,CNF100481,GUEST100481,2026-06-05,2026-06-08,QUEEN,PREPAY,PPR_DLX,BOOKED,1,24447,INR,2026-05-10 01:05:03,2026-05-10 04:04:03
RES100482,BLR001,CNF100482,GUEST100482,2026-05-29,2026-06-03,DLX,PREPAY,PPR_DLX,BOOKED,2,132820,INR,2026-05-10 17:32:00,2026-05-10 20:26:00
RES100483,DEL001,CNF100483,GUEST100483,2026-05-26,2026-05-30,STE,CORP,CORP_STD,MODIFIED,4,125568,INR,2026-05-10 14:47:12,2026-05-10 16:32:12
RES100484,DEL002,CNF100484,GUEST100484,2026-06-07,2026-06-10,DLX,CORP,CORP_DLX,CANCELLED,4,0,INR,2026-05-10 22:16:58,2026-05-11 00:01:58
RES100485,MUM002,CNF100485,GUEST100485,2026-07-06,2026-07-08,KING,MEMBER,MEM_DLX,BOOKED,4,58904,INR,2026-05-10 19:31:13,2026-05-10 21:24:13
RES100486,MUM002,CNF100486,GUEST100486,2026-05-31,2026-06-05,STE,CORP,CORP_STD,MODIFIED,2,48000,INR,2026-05-10 03:56:30,2026-05-10 05:41:30
RES100487,DEL001,CNF100487,GUEST100487,2026-06-30,2026-07-02,STD,PKG,PKG_DLX,BOOKED,4,68864,INR,2026-05-10 00:48:07,2026-05-10 00:50:07
RES100488,MUM002,CNF100488,GUEST100488,2026-07-02,2026-07-05,KING,PKG,PKG_STD,BOOKED,2,75042,INR,2026-05-10 17:25:49,2026-05-10 20:04:49
RES100489,MUM002,CNF100489,GUEST100489,2026-06-27,2026-06-29,STE,PREPAY,PPR_DLX,MODIFIED,4,55432,INR,2026-05-10 16:47:12,2026-05-10 16:55:12
RES100490,KER001,CNF100490,GUEST100490,2026-06-26,2026-07-01,DLX,CORP,CORP_DLX,CANCELLED,4,0,INR,2026-05-10 23:51:38,2026-05-11 00:36:38
RES100491,CHN001,CNF100491,GUEST100491,2026-05-21,2026-05-24,KING,CORP,CORP_STD,CANCELLED,2,0,INR,2026-05-10 13:09:31,2026-05-10 13:19:31
RES100492,MUM001,CNF100492,GUEST100492,2026-07-02,2026-07-07,QUEEN,BAR,BAR_DLX,CANCELLED,2,0,INR,2026-05-10 11:34:14,2026-05-10 13:35:14
RES100493,CHN001,CNF100493,GUEST100493,2026-07-08,2026-07-11,STD,BAR,BAR_STD,CANCELLED,3,0,INR,2026-05-10 14:29:47,2026-05-10 17:09:47
RES100494,KOL001,CNF100494,GUEST100494,2026-07-06,2026-07-08,KING,MEMBER,MEM_STD,MODIFIED,2,52824,INR,2026-05-10 20:42:20,2026-05-10 22:49:20
RES100495,BLR001,CNF100495,GUEST100495,2026-05-13,2026-05-15,QUEEN,PKG,PKG_STD,CANCELLED,4,0,INR,2026-05-10 09:09:36,2026-05-10 09:43:36
RES100496,BLR002,CNF100496,GUEST100496,2026-07-09,2026-07-10,KING,PKG,PKG_DLX,MODIFIED,2,14274,INR,2026-05-10 10:08:24,2026-05-10 11:24:24
RES100497,CHN001,CNF100497,GUEST100497,2026-06-04,2026-06-08,QUEEN,BAR,BAR_DLX,CANCELLED,2,0,INR,2026-05-10 23:08:10,2026-05-11 00:07:10
RES100498,HYD001,CNF100498,GUEST100498,2026-06-21,2026-06-24,STE,BAR,BAR_STD,BOOKED,1,18702,INR,2026-05-10 16:22:17,2026-05-10 17:39:17
RES100499,MUM001,CNF100499,GUEST100499,2026-06-23,2026-06-25,QUEEN,PREPAY,PPR_STD,CANCELLED,2,0,INR,2026-05-10 02:21:26,2026-05-10 04:57:26
RES100500,BLR002,CNF100500,GUEST100500,2026-07-07,2026-07-12,DLX,BAR,BAR_DLX,CANCELLED,4,0,INR,2026-05-10 07:11:28,2026-05-10 08:32:28
RES100501,HYD001,CNF100501,GUEST100501,2026-06-08,2026-06-10,KING,BAR,BAR_DLX,MODIFIED,3,31248,INR,2026-05-10 15:06:27,2026-05-10 17:16:27
RES100502,BLR002,CNF100502,GUEST100502,2026-06-27,2026-07-02,DLX,PREPAY,PPR_DLX,BOOKED,4,139800,INR,2026-05-10 16:03:19,2026-05-10 17:40:19
RES100503,HYD001,CNF100503,GUEST100503,2026-07-07,2026-07-08,DLX,PREPAY,PPR_STD,MODIFIED,3,43743,INR,2026-05-10 01:35:30,2026-05-10 03:56:30
RES100504,DEL002,CNF100504,GUEST100504,2026-06-04,2026-06-09,STE,BAR,BAR_DLX,CANCELLED,1,0,INR,2026-05-10 20:34:13,2026-05-10 22:00:13
RES100505,KER001,CNF100505,GUEST100505,2026-06-15,2026-06-16,DLX,PREPAY,PPR_STD,MODIFIED,3,20862,INR,2026-05-10 10:01:20,2026-05-10 11:21:20
RES100506,BLR001,CNF100506,GUEST100506,2026-06-07,2026-06-11,STE,CORP,CORP_DLX,CANCELLED,2,0,INR,2026-05-10 17:58:43,2026-05-10 20:06:43
RES100507,HYD001,CNF100507,GUEST100507,2026-06-11,2026-06-14,STE,BAR,BAR_DLX,BOOKED,3,67572,INR,2026-05-10 12:46:46,2026-05-10 14:44:46
RES100508,KER001,CNF100508,GUEST100508,2026-06-14,2026-06-15,KING,MEMBER,MEM_DLX,BOOKED,4,20360,INR,2026-05-10 17:25:14,2026-05-10 19:41:14
RES100509,BLR002,CNF100509,GUEST100509,2026-06-13,2026-06-15,STE,PREPAY,PPR_DLX,CANCELLED,4,0,INR,2026-05-10 07:27:39,2026-05-10 09:23:39
RES100510,MUM002,CNF100510,GUEST100510,2026-07-02,2026-07-07,KING,PREPAY,PPR_STD,MODIFIED,2,113270,INR,2026-05-10 02:38:22,2026-05-10 04:54:22
RES100511,MUM001,CNF100511,GUEST100511,2026-05-31,2026-06-02,STE,PKG,PKG_STD,CANCELLED,2,0,INR,2026-05-10 09:29:06,2026-05-10 12:06:06
RES100512,CHA001,CNF100512,GUEST100512,2026-05-31,2026-06-01,STD,PKG,PKG_DLX,BOOKED,4,43264,INR,2026-05-10 01:31:39,2026-05-10 02:50:39
RES100513,BLR001,CNF100513,GUEST100513,2026-06-29,2026-07-03,KING,CORP,CORP_STD,MODIFIED,1,41224,INR,2026-05-10 03:44:00,2026-05-10 04:43:00
RES100514,KOL001,CNF100514,GUEST100514,2026-06-21,2026-06-25,STE,PKG,PKG_DLX,CANCELLED,1,0,INR,2026-05-10 09:21:22,2026-05-10 10:58:22
RES100515,CHA001,CNF100515,GUEST100515,2026-05-15,2026-05-16,KING,MEMBER,MEM_STD,MODIFIED,3,22605,INR,2026-05-10 09:34:18,2026-05-10 09:38:18
RES100516,KOL001,CNF100516,GUEST100516,2026-06-27,2026-06-29,QUEEN,BAR,BAR_DLX,BOOKED,4,113328,INR,2026-05-10 08:35:01,2026-05-10 09:27:01
RES100517,CHN001,CNF100517,GUEST100517,2026-05-27,2026-05-31,KING,PKG,PKG_STD,CANCELLED,2,0,INR,2026-05-10 00:48:20,2026-05-10 01:20:20
RES100518,CHN001,CNF100518,GUEST100518,2026-06-02,2026-06-07,QUEEN,PREPAY,PPR_DLX,MODIFIED,3,197145,INR,2026-05-10 22:43:00,2026-05-11 00:06:00
RES100519,DEL001,CNF100519,GUEST100519,2026-06-15,2026-06-20,KING,CORP,CORP_STD,BOOKED,2,137940,INR,2026-05-10 17:12:40,2026-05-10 19:43:40
RES100520,BLR001,CNF100520,GUEST100520,2026-06-08,2026-06-11,STD,CORP,CORP_DLX,BOOKED,2,69312,INR,2026-05-10 19:45:09,2026-05-10 22:21:09
RES100521,HYD001,CNF100521,GUEST100521,2026-05-23,2026-05-25,STD,BAR,BAR_STD,MODIFIED,1,13934,INR,2026-05-10 03:57:38,2026-05-10 06:57:38
RES100522,CHA001,CNF100522,GUEST100522,2026-05-15,2026-05-16,QUEEN,PKG,PKG_STD,BOOKED,1,4496,INR,2026-05-10 03:33:59,2026-05-10 03:56:59
RES100523,MUM001,CNF100523,GUEST100523,2026-06-28,2026-07-02,STD,BAR,BAR_STD,MODIFIED,2,78792,INR,2026-05-10 18:23:17,2026-05-10 21:21:17
RES100524,BLR001,CNF100524,GUEST100524,2026-06-16,2026-06-17,DLX,MEMBER,MEM_STD,CANCELLED,2,0,INR,2026-05-10 07:31:12,2026-05-10 07:58:12
RES100525,DEL001,CNF100525,GUEST100525,2026-06-28,2026-07-01,QUEEN,BAR,BAR_DLX,BOOKED,2,87462,INR,2026-05-10 08:48:28,2026-05-10 11:09:28
RES100526,BLR002,CNF100526,GUEST100526,2026-05-17,2026-05-19,STD,PREPAY,PPR_STD,MODIFIED,3,36936,INR,2026-05-10 05:13:07,2026-05-10 06:48:07
RES100527,CHA001,CNF100527,GUEST100527,2026-05-12,2026-05-13,STD,MEMBER,MEM_DLX,CANCELLED,1,0,INR,2026-05-10 23:03:11,2026-05-10 23:22:11
RES100528,HYD001,CNF100528,GUEST100528,2026-06-12,2026-06-17,STE,CORP,CORP_DLX,BOOKED,4,221020,INR,2026-05-10 23:01:56,2026-05-11 00:21:56
RES100529,HYD001,CNF100529,GUEST100529,2026-06-20,2026-06-23,STD,MEMBER,MEM_DLX,CANCELLED,4,0,INR,2026-05-10 14:08:22,2026-05-10 14:40:22
RES100530,MUM002,CNF100530,GUEST100530,2026-06-17,2026-06-22,DLX,CORP,CORP_STD,MODIFIED,1,63090,INR,2026-05-10 12:10:16,2026-05-10 14:29:16
RES100531,KER001,CNF100531,GUEST100531,2026-06-05,2026-06-06,STD,PKG,PKG_DLX,BOOKED,2,24458,INR,2026-05-10 15:48:22,2026-05-10 18:09:22
RES100532,DEL001,CNF100532,GUEST100532,2026-06-21,2026-06-25,STE,PKG,PKG_STD,BOOKED,1,57328,INR,2026-05-10 15:20:18,2026-05-10 15:34:18
RES100533,BLR002,CNF100533,GUEST100533,2026-05-14,2026-05-18,DLX,PKG,PKG_DLX,BOOKED,1,46876,INR,2026-05-10 09:04:41,2026-05-10 11:44:41
RES100534,CHN001,CNF100534,GUEST100534,2026-06-04,2026-06-07,DLX,CORP,CORP_STD,MODIFIED,4,102276,INR,2026-05-10 10:03:21,2026-05-10 10:19:21
RES100535,CHA001,CNF100535,GUEST100535,2026-06-18,2026-06-23,STD,BAR,BAR_STD,CANCELLED,3,0,INR,2026-05-10 02:45:23,2026-05-10 04:02:23
RES100536,DEL002,CNF100536,GUEST100536,2026-05-11,2026-05-12,STD,CORP,CORP_DLX,CANCELLED,1,0,INR,2026-05-10 18:40:40,2026-05-10 20:03:40
RES100537,BLR002,CNF100537,GUEST100537,2026-06-28,2026-06-30,DLX,BAR,BAR_STD,CANCELLED,1,0,INR,2026-05-10 14:17:27,2026-05-10 17:02:27
RES100538,CHA001,CNF100538,GUEST100538,2026-06-19,2026-06-20,DLX,CORP,CORP_DLX,MODIFIED,1,3527,INR,2026-05-10 09:14:50,2026-05-10 11:10:50
RES100539,MUM002,CNF100539,GUEST100539,2026-06-26,2026-06-27,STD,CORP,CORP_STD,CANCELLED,1,0,INR,2026-05-10 07:31:22,2026-05-10 09:31:22
RES100540,HYD001,CNF100540,GUEST100540,2026-05-24,2026-05-26,STD,MEMBER,MEM_STD,BOOKED,3,29724,INR,2026-05-10 14:34:21,2026-05-10 15:29:21
RES100541,CHA001,CNF100541,GUEST100541,2026-05-12,2026-05-14,DLX,BAR,BAR_DLX,CANCELLED,4,0,INR,2026-05-10 19:42:02,2026-05-10 19:49:02
RES100542,KOL001,CNF100542,GUEST100542,2026-06-15,2026-06-18,STE,CORP,CORP_STD,BOOKED,2,65058,INR,2026-05-10 22:35:41,2026-05-11 01:08:41
RES100543,CHN001,CNF100543,GUEST100543,2026-07-02,2026-07-05,DLX,BAR,BAR_DLX,BOOKED,4,61404,INR,2026-05-10 05:28:53,2026-05-10 07:58:53
RES100544,MUM002,CNF100544,GUEST100544,2026-06-10,2026-06-13,KING,BAR,BAR_STD,CANCELLED,1,0,INR,2026-05-10 19:29:24,2026-05-10 20:54:24
RES100545,MUM002,CNF100545,GUEST100545,2026-06-26,2026-06-29,STE,CORP,CORP_DLX,BOOKED,3,47376,INR,2026-05-10 19:51:15,2026-05-10 19:59:15
RES100546,BLR001,CNF100546,GUEST100546,2026-05-13,2026-05-15,STD,BAR,BAR_DLX,MODIFIED,1,29812,INR,2026-05-10 08:54:51,2026-05-10 09:34:51
RES100547,KER001,CNF100547,GUEST100547,2026-05-16,2026-05-19,STD,MEMBER,MEM_DLX,MODIFIED,2,54918,INR,2026-05-10 19:19:08,2026-05-10 21:57:08
RES100548,MUM002,CNF100548,GUEST100548,2026-06-30,2026-07-03,QUEEN,MEMBER,MEM_DLX,BOOKED,3,76311,INR,2026-05-10 14:01:34,2026-05-10 14:42:34
RES100549,HYD001,CNF100549,GUEST100549,2026-06-29,2026-07-03,QUEEN,CORP,CORP_DLX,MODIFIED,3,50016,INR,2026-05-10 19:29:16,2026-05-10 21:28:16
RES100550,HYD001,CNF100550,GUEST100550,2026-06-06,2026-06-07,QUEEN,BAR,BAR_DLX,MODIFIED,2,17060,INR,2026-05-10 02:03:15,2026-05-10 04:34:15
RES100551,BLR002,CNF100551,GUEST100551,2026-05-23,2026-05-26,STD,PREPAY,PPR_DLX,CANCELLED,2,0,INR,2026-05-10 10:59:45,2026-05-10 12:01:45
RES100552,BLR002,CNF100552,GUEST100552,2026-07-04,2026-07-08,QUEEN,CORP,CORP_DLX,CANCELLED,4,0,INR,2026-05-10 19:57:30,2026-05-10 22:49:30
RES100553,BLR001,CNF100553,GUEST100553,2026-06-09,2026-06-14,DLX,PKG,PKG_STD,MODIFIED,3,209010,INR,2026-05-10 13:14:57,2026-05-10 15:57:57
RES100554,CHN001,CNF100554,GUEST100554,2026-05-17,2026-05-18,STE,PREPAY,PPR_DLX,MODIFIED,2,28106,INR,2026-05-10 00:54:56,2026-05-10 00:55:56
RES100555,BLR002,CNF100555,GUEST100555,2026-07-08,2026-07-10,QUEEN,MEMBER,MEM_STD,MODIFIED,3,46752,INR,2026-05-10 12:11:02,2026-05-10 12:46:02
RES100556,CHN001,CNF100556,GUEST100556,2026-06-05,2026-06-10,DLX,MEMBER,MEM_DLX,CANCELLED,2,0,INR,2026-05-10 03:21:52,2026-05-10 03:28:52
RES100557,MUM001,CNF100557,GUEST100557,2026-05-12,2026-05-15,KING,MEMBER,MEM_STD,BOOKED,1,12885,INR,2026-05-10 17:02:45,2026-05-10 18:15:45
RES100558,CHA001,CNF100558,GUEST100558,2026-07-06,2026-07-08,KING,MEMBER,MEM_STD,CANCELLED,4,0,INR,2026-05-10 00:57:06,2026-05-10 03:20:06
RES100559,CHA001,CNF100559,GUEST100559,2026-06-23,2026-06-28,DLX,CORP,CORP_DLX,MODIFIED,2,122420,INR,2026-05-10 19:19:03,2026-05-10 20:59:03
RES100560,KER001,CNF100560,GUEST100560,2026-06-01,2026-06-05,QUEEN,PREPAY,PPR_STD,MODIFIED,4,172448,INR,2026-05-10 11:58:37,2026-05-10 14:51:37
RES100561,DEL002,CNF100561,GUEST100561,2026-05-30,2026-06-02,DLX,BAR,BAR_STD,CANCELLED,4,0,INR,2026-05-10 07:59:56,2026-05-10 08:51:56
RES100562,CHN001,CNF100562,GUEST100562,2026-05-23,2026-05-27,STE,MEMBER,MEM_DLX,CANCELLED,4,0,INR,2026-05-10 22:32:30,2026-05-11 01:18:30
RES100563,BLR002,CNF100563,GUEST100563,2026-06-29,2026-07-03,KING,BAR,BAR_STD,CANCELLED,2,0,INR,2026-05-10 15:37:07,2026-05-10 17:02:07
RES100564,DEL002,CNF100564,GUEST100564,2026-07-07,2026-07-10,DLX,PKG,PKG_DLX,MODIFIED,3,113814,INR,2026-05-10 06:31:22,2026-05-10 08:49:22
RES100565,CHN001,CNF100565,GUEST100565,2026-05-23,2026-05-26,STE,MEMBER,MEM_DLX,MODIFIED,4,42108,INR,2026-05-10 05:33:05,2026-05-10 07:24:05
RES100566,CHN001,CNF100566,GUEST100566,2026-06-28,2026-07-03,STD,PREPAY,PPR_STD,CANCELLED,1,0,INR,2026-05-10 09:20:51,2026-05-10 11:32:51
RES100567,HYD001,CNF100567,GUEST100567,2026-05-11,2026-05-13,STE,CORP,CORP_STD,BOOKED,3,81534,INR,2026-05-10 18:03:45,2026-05-10 20:56:45
RES100568,DEL001,CNF100568,GUEST100568,2026-05-24,2026-05-28,STE,PKG,PKG_STD,CANCELLED,1,0,INR,2026-05-10 02:12:45,2026-05-10 02:41:45
RES100569,MUM002,CNF100569,GUEST100569,2026-06-08,2026-06-12,DLX,PREPAY,PPR_DLX,MODIFIED,1,26044,INR,2026-05-10 06:42:42,2026-05-10 06:52:42
RES100570,MUM002,CNF100570,GUEST100570,2026-06-16,2026-06-17,DLX,PKG,PKG_STD,CANCELLED,3,0,INR,2026-05-10 00:15:29,2026-05-10 01:00:29
RES100571,KER001,CNF100571,GUEST100571,2026-05-30,2026-06-01,STD,PREPAY,PPR_STD,MODIFIED,1,18168,INR,2026-05-10 11:21:53,2026-05-10 11:46:53
RES100572,MUM002,CNF100572,GUEST100572,2026-06-12,2026-06-14,STE,MEMBER,MEM_STD,CANCELLED,4,0,INR,2026-05-10 20:45:16,2026-05-10 21:47:16
RES100573,KOL001,CNF100573,GUEST100573,2026-06-11,2026-06-16,DLX,BAR,BAR_DLX,BOOKED,2,143230,INR,2026-05-10 05:16:16,2026-05-10 06:35:16
RES100574,BLR001,CNF100574,GUEST100574,2026-07-07,2026-07-11,KING,MEMBER,MEM_STD,CANCELLED,4,0,INR,2026-05-10 22:37:18,2026-05-11 01:22:18
RES100575,KOL001,CNF100575,GUEST100575,2026-05-23,2026-05-27,STD,CORP,CORP_DLX,CANCELLED,3,0,INR,2026-05-10 18:03:41,2026-05-10 18:43:41
RES100576,DEL002,CNF100576,GUEST100576,2026-06-22,2026-06-23,DLX,CORP,CORP_DLX,MODIFIED,1,10257,INR,2026-05-10 21:23:39,2026-05-10 21:59:39
RES100577,CHN001,CNF100577,GUEST100577,2026-06-16,2026-06-19,KING,MEMBER,MEM_DLX,BOOKED,4,77496,INR,2026-05-10 08:18:00,2026-05-10 11:06:00
RES100578,DEL001,CNF100578,GUEST100578,2026-05-30,2026-06-02,STE,PKG,PKG_DLX,MODIFIED,4,148572,INR,2026-05-10 14:55:33,2026-05-10 15:27:33
RES100579,CHN001,CNF100579,GUEST100579,2026-06-06,2026-06-08,DLX,CORP,CORP_STD,MODIFIED,1,28104,INR,2026-05-10 23:12:09,2026-05-11 00:09:09
RES100580,MUM001,CNF100580,GUEST100580,2026-05-18,2026-05-19,KING,PKG,PKG_STD,CANCELLED,1,0,INR,2026-05-10 08:03:41,2026-05-10 08:54:41
RES100581,MUM001,CNF100581,GUEST100581,2026-05-15,2026-05-19,KING,PREPAY,PPR_DLX,MODIFIED,2,59096,INR,2026-05-10 09:34:25,2026-05-10 12:02:25
RES100582,CHN001,CNF100582,GUEST100582,2026-07-01,2026-07-05,STE,CORP,CORP_STD,BOOKED,3,152376,INR,2026-05-10 16:52:50,2026-05-10 17:29:50
RES100583,HYD001,CNF100583,GUEST100583,2026-05-26,2026-05-31,STD,PREPAY,PPR_DLX,BOOKED,4,288600,INR,2026-05-10 01:27:46,2026-05-10 01:49:46
RES100584,DEL001,CNF100584,GUEST100584,2026-05-24,2026-05-28,QUEEN,MEMBER,MEM_DLX,MODIFIED,1,16656,INR,2026-05-10 06:53:38,2026-05-10 08:35:38
RES100585,MUM002,CNF100585,GUEST100585,2026-06-21,2026-06-26,STE,PREPAY,PPR_DLX,CANCELLED,1,0,INR,2026-05-10 09:13:21,2026-05-10 10:39:21
RES100586,CHA001,CNF100586,GUEST100586,2026-05-20,2026-05-21,STE,PKG,PKG_DLX,MODIFIED,3,30243,INR,2026-05-10 15:52:19,2026-05-10 16:28:19
RES100587,DEL001,CNF100587,GUEST100587,2026-05-18,2026-05-23,STD,PKG,PKG_DLX,BOOKED,3,154500,INR,2026-05-10 15:24:18,2026-05-10 16:06:18
RES100588,KER001,CNF100588,GUEST100588,2026-06-21,2026-06-26,QUEEN,BAR,BAR_DLX,CANCELLED,2,0,INR,2026-05-10 06:44:28,2026-05-10 08:00:28
RES100589,CHA001,CNF100589,GUEST100589,2026-06-02,2026-06-05,DLX,PREPAY,PPR_DLX,CANCELLED,4,0,INR,2026-05-10 20:29:21,2026-05-10 22:02:21
RES100590,MUM001,CNF100590,GUEST100590,2026-07-04,2026-07-06,DLX,PKG,PKG_DLX,CANCELLED,2,0,INR,2026-05-10 04:46:04,2026-05-10 06:43:04
RES100591,MUM001,CNF100591,GUEST100591,2026-06-13,2026-06-16,STD,BAR,BAR_STD,CANCELLED,4,0,INR,2026-05-10 06:33:13,2026-05-10 08:16:13
RES100592,CHN001,CNF100592,GUEST100592,2026-06-05,2026-06-10,QUEEN,PKG,PKG_STD,MODIFIED,1,31235,INR,2026-05-10 21:22:32,2026-05-10 21:52:32
RES100593,KOL001,CNF100593,GUEST100593,2026-05-31,2026-06-01,STD,PKG,PKG_DLX,MODIFIED,2,19352,INR,2026-05-10 20:58:07,2026-05-10 22:24:07
RES100594,CHA001,CNF100594,GUEST100594,2026-07-02,2026-07-03,DLX,BAR,BAR_DLX,CANCELLED,4,0,INR,2026-05-10 07:52:32,2026-05-10 09:21:32
RES100595,MUM001,CNF100595,GUEST100595,2026-05-27,2026-05-30,KING,CORP,CORP_STD,MODIFIED,2,60726,INR,2026-05-10 19:20:17,2026-05-10 21:43:17
RES100596,DEL002,CNF100596,GUEST100596,2026-06-09,2026-06-14,QUEEN,BAR,BAR_STD,MODIFIED,1,73820,INR,2026-05-10 06:10:17,2026-05-10 07:37:17
RES100597,MUM001,CNF100597,GUEST100597,2026-05-19,2026-05-20,DLX,CORP,CORP_STD,MODIFIED,1,12640,INR,2026-05-10 23:38:07,2026-05-11 01:11:07
RES100598,CHN001,CNF100598,GUEST100598,2026-06-24,2026-06-29,KING,CORP,CORP_STD,BOOKED,1,60900,INR,2026-05-10 01:50:00,2026-05-10 03:30:00
RES100599,BLR002,CNF100599,GUEST100599,2026-05-29,2026-06-03,DLX,PREPAY,PPR_STD,BOOKED,2,87810,INR,2026-05-10 15:59:41,2026-05-10 18:33:41
RES100600,BLR002,CNF100600,GUEST100600,2026-05-26,2026-05-31,STD,CORP,CORP_DLX,BOOKED,3,106530,INR,2026-05-10 18:43:34,2026-05-10 20:10:34
RES100601,BLR002,CNF100601,GUEST100601,2026-06-11,2026-06-13,QUEEN,MEMBER,MEM_DLX,MODIFIED,1,13466,INR,2026-05-10 14:33:09,2026-05-10 14:47:09
RES100602,KER001,CNF100602,GUEST100602,2026-05-24,2026-05-25,STD,PREPAY,PPR_STD,MODIFIED,2,27994,INR,2026-05-10 11:54:59,2026-05-10 14:18:59
RES100603,BLR002,CNF100603,GUEST100603,2026-07-02,2026-07-07,KING,PREPAY,PPR_STD,CANCELLED,1,0,INR,2026-05-10 14:49:51,2026-05-10 15:30:51
RES100604,BLR002,CNF100604,GUEST100604,2026-05-24,2026-05-27,KING,PKG,PKG_STD,CANCELLED,4,0,INR,2026-05-10 05:56:56,2026-05-10 08:15:56
RES100605,BLR001,CNF100605,GUEST100605,2026-06-08,2026-06-09,QUEEN,PKG,PKG_DLX,CANCELLED,1,0,INR,2026-05-10 16:26:47,2026-05-10 18:15:47
RES100606,CHA001,CNF100606,GUEST100606,2026-06-08,2026-06-11,QUEEN,PREPAY,PPR_DLX,CANCELLED,1,0,INR,2026-05-10 00:50:05,2026-05-10 02:15:05
RES100607,BLR001,CNF100607,GUEST100607,2026-06-01,2026-06-02,STD,BAR,BAR_STD,CANCELLED,1,0,INR,2026-05-10 01:53:22,2026-05-10 03:43:22
RES100608,DEL001,CNF100608,GUEST100608,2026-06-17,2026-06-22,QUEEN,BAR,BAR_STD,BOOKED,4,218780,INR,2026-05-10 17:05:45,2026-05-10 18:41:45
RES100609,MUM002,CNF100609,GUEST100609,2026-05-28,2026-06-01,QUEEN,CORP,CORP_DLX,MODIFIED,1,31460,INR,2026-05-10 18:31:17,2026-05-10 19:20:17
RES100610,BLR001,CNF100610,GUEST100610,2026-06-08,2026-06-12,DLX,PREPAY,PPR_STD,CANCELLED,3,0,INR,2026-05-10 04:02:39,2026-05-10 04:38:39
RES100611,DEL001,CNF100611,GUEST100611,2026-07-09,2026-07-14,DLX,CORP,CORP_DLX,BOOKED,4,148200,INR,2026-05-10 19:06:53,2026-05-10 21:09:53
RES100612,CHN001,CNF100612,GUEST100612,2026-05-22,2026-05-23,STE,PREPAY,PPR_STD,CANCELLED,4,0,INR,2026-05-10 11:36:22,2026-05-10 11:41:22
RES100613,KOL001,CNF100613,GUEST100613,2026-06-01,2026-06-06,STD,PREPAY,PPR_DLX,MODIFIED,4,76640,INR,2026-05-10 04:07:34,2026-05-10 05:06:34
RES100614,CHA001,CNF100614,GUEST100614,2026-05-16,2026-05-20,QUEEN,MEMBER,MEM_DLX,CANCELLED,4,0,INR,2026-05-10 06:32:46,2026-05-10 09:08:46
RES100615,BLR001,CNF100615,GUEST100615,2026-06-21,2026-06-22,KING,PKG,PKG_DLX,BOOKED,4,15156,INR,2026-05-10 12:08:15,2026-05-10 14:04:15
RES100616,MUM001,CNF100616,GUEST100616,2026-07-07,2026-07-10,QUEEN,CORP,CORP_DLX,CANCELLED,4,0,INR,2026-05-10 23:48:49,2026-05-11 00:51:49
RES100617,BLR001,CNF100617,GUEST100617,2026-06-24,2026-06-27,DLX,CORP,CORP_STD,BOOKED,4,122244,INR,2026-05-10 16:17:47,2026-05-10 18:52:47
RES100618,CHA001,CNF100618,GUEST100618,2026-05-28,2026-06-01,STD,PKG,PKG_STD,MODIFIED,1,37676,INR,2026-05-10 14:49:13,2026-05-10 15:31:13
RES100619,MUM002,CNF100619,GUEST100619,2026-06-09,2026-06-14,KING,PREPAY,PPR_STD,BOOKED,2,83950,INR,2026-05-10 17:14:45,2026-05-10 18:39:45
RES100620,BLR002,CNF100620,GUEST100620,2026-07-06,2026-07-09,STE,PKG,PKG_STD,MODIFIED,3,115155,INR,2026-05-10 23:31:56,2026-05-10 23:51:56
RES100621,KOL001,CNF100621,GUEST100621,2026-06-12,2026-06-17,STD,MEMBER,MEM_STD,MODIFIED,4,186740,INR,2026-05-10 14:27:05,2026-05-10 15:03:05
RES100622,KER001,CNF100622,GUEST100622,2026-06-01,2026-06-05,STE,BAR,BAR_STD,BOOKED,2,86072,INR,2026-05-10 22:48:29,2026-05-11 01:12:29
RES100623,CHA001,CNF100623,GUEST100623,2026-06-26,2026-07-01,STD,PKG,PKG_DLX,CANCELLED,3,0,INR,2026-05-10 10:44:14,2026-05-10 13:34:14
RES100624,CHN001,CNF100624,GUEST100624,2026-05-25,2026-05-27,KING,PKG,PKG_DLX,MODIFIED,4,66672,INR,2026-05-10 15:24:04,2026-05-10 16:28:04
RES100625,BLR002,CNF100625,GUEST100625,2026-05-17,2026-05-22,STD,PKG,PKG_STD,BOOKED,3,128205,INR,2026-05-10 17:58:58,2026-05-10 18:57:58
RES100626,HYD001,CNF100626,GUEST100626,2026-05-15,2026-05-19,QUEEN,MEMBER,MEM_DLX,BOOKED,3,91128,INR,2026-05-10 12:34:56,2026-05-10 15:23:56
RES100627,DEL001,CNF100627,GUEST100627,2026-05-28,2026-05-30,STD,PREPAY,PPR_STD,BOOKED,1,9562,INR,2026-05-10 08:14:59,2026-05-10 09:14:59
RES100628,BLR001,CNF100628,GUEST100628,2026-06-29,2026-06-30,KING,BAR,BAR_DLX,MODIFIED,1,7123,INR,2026-05-10 17:56:14,2026-05-10 17:56:14
RES100629,KOL001,CNF100629,GUEST100629,2026-05-11,2026-05-12,QUEEN,PKG,PKG_STD,CANCELLED,4,0,INR,2026-05-10 21:27:17,2026-05-10 22:49:17
RES100630,MUM002,CNF100630,GUEST100630,2026-06-14,2026-06-18,STE,PREPAY,PPR_STD,BOOKED,2,44360,INR,2026-05-10 07:53:49,2026-05-10 09:13:49
RES100631,CHA001,CNF100631,GUEST100631,2026-06-20,2026-06-25,STD,CORP,CORP_STD,MODIFIED,3,154665,INR,2026-05-10 17:21:09,2026-05-10 18:16:09
RES100632,BLR001,CNF100632,GUEST100632,2026-07-02,2026-07-03,QUEEN,CORP,CORP_STD,CANCELLED,4,0,INR,2026-05-10 02:55:27,2026-05-10 03:23:27
RES100633,CHN001,CNF100633,GUEST100633,2026-06-07,2026-06-10,STE,CORP,CORP_DLX,CANCELLED,2,0,INR,2026-05-10 17:09:19,2026-05-10 19:50:19
RES100634,CHN001,CNF100634,GUEST100634,2026-05-21,2026-05-23,STE,BAR,BAR_STD,BOOKED,2,30328,INR,2026-05-10 15:07:05,2026-05-10 15:26:05
RES100635,BLR002,CNF100635,GUEST100635,2026-06-06,2026-06-10,STE,PREPAY,PPR_DLX,CANCELLED,4,0,INR,2026-05-10 08:18:55,2026-05-10 08:36:55
RES100636,HYD001,CNF100636,GUEST100636,2026-05-16,2026-05-21,STE,BAR,BAR_STD,BOOKED,4,240300,INR,2026-05-10 08:13:30,2026-05-10 10:37:30
RES100637,BLR001,CNF100637,GUEST100637,2026-06-25,2026-06-30,KING,CORP,CORP_DLX,CANCELLED,1,0,INR,2026-05-10 23:58:25,2026-05-11 02:43:25
RES100638,CHA001,CNF100638,GUEST100638,2026-05-16,2026-05-17,KING,CORP,CORP_STD,BOOKED,3,26682,INR,2026-05-10 19:53:54,2026-05-10 22:45:54
RES100639,HYD001,CNF100639,GUEST100639,2026-07-06,2026-07-08,STD,PREPAY,PPR_DLX,BOOKED,4,76720,INR,2026-05-10 05:15:05,2026-05-10 08:02:05
RES100640,BLR001,CNF100640,GUEST100640,2026-06-11,2026-06-15,STD,MEMBER,MEM_DLX,CANCELLED,3,0,INR,2026-05-10 13:24:17,2026-05-10 15:42:17
RES100641,MUM001,CNF100641,GUEST100641,2026-05-23,2026-05-27,DLX,BAR,BAR_DLX,BOOKED,2,30496,INR,2026-05-10 23:36:07,2026-05-11 01:53:07
RES100642,DEL001,CNF100642,GUEST100642,2026-06-17,2026-06-20,KING,CORP,CORP_DLX,MODIFIED,3,54135,INR,2026-05-10 18:03:52,2026-05-10 18:42:52
RES100643,HYD001,CNF100643,GUEST100643,2026-06-22,2026-06-26,STD,CORP,CORP_DLX,CANCELLED,2,0,INR,2026-05-10 11:31:32,2026-05-10 14:24:32
RES100644,CHN001,CNF100644,GUEST100644,2026-06-16,2026-06-21,STD,MEMBER,MEM_DLX,CANCELLED,1,0,INR,2026-05-10 11:44:21,2026-05-10 14:38:21
RES100645,CHA001,CNF100645,GUEST100645,2026-06-07,2026-06-09,STE,PKG,PKG_DLX,MODIFIED,4,67600,INR,2026-05-10 17:22:28,2026-05-10 19:12:28
RES100646,BLR001,CNF100646,GUEST100646,2026-05-24,2026-05-27,QUEEN,CORP,CORP_STD,BOOKED,4,78252,INR,2026-05-10 02:24:13,2026-05-10 04:11:13
RES100647,MUM002,CNF100647,GUEST100647,2026-07-05,2026-07-06,STD,BAR,BAR_DLX,MODIFIED,2,16718,INR,2026-05-10 02:25:44,2026-05-10 03:02:44
RES100648,MUM002,CNF100648,GUEST100648,2026-06-19,2026-06-24,QUEEN,PKG,PKG_STD,CANCELLED,1,0,INR,2026-05-10 03:02:12,2026-05-10 05:42:12
RES100649,HYD001,CNF100649,GUEST100649,2026-06-21,2026-06-23,STD,MEMBER,MEM_DLX,BOOKED,3,68568,INR,2026-05-10 02:28:35,2026-05-10 05:22:35
RES100650,MUM002,CNF100650,GUEST100650,2026-06-03,2026-06-08,KING,MEMBER,MEM_DLX,BOOKED,1,24205,INR,2026-05-10 20:49:05,2026-05-10 23:45:05
RES100651,CHA001,CNF100651,GUEST100651,2026-05-17,2026-05-21,QUEEN,PKG,PKG_DLX,MODIFIED,1,53448,INR,2026-05-10 16:17:47,2026-05-10 18:25:47
RES100652,DEL002,CNF100652,GUEST100652,2026-07-03,2026-07-06,STE,PREPAY,PPR_DLX,MODIFIED,4,73512,INR,2026-05-10 20:50:23,2026-05-10 22:36:23
RES100653,BLR002,CNF100653,GUEST100653,2026-05-20,2026-05-25,QUEEN,PREPAY,PPR_DLX,MODIFIED,4,126120,INR,2026-05-10 21:20:38,2026-05-10 23:24:38
RES100654,KER001,CNF100654,GUEST100654,2026-05-19,2026-05-24,DLX,BAR,BAR_STD,BOOKED,2,49990,INR,2026-05-10 03:38:58,2026-05-10 04:59:58
RES100655,BLR002,CNF100655,GUEST100655,2026-06-09,2026-06-11,QUEEN,CORP,CORP_DLX,MODIFIED,2,25840,INR,2026-05-10 15:17:31,2026-05-10 17:02:31
RES100656,MUM002,CNF100656,GUEST100656,2026-06-07,2026-06-11,DLX,PKG,PKG_STD,CANCELLED,1,0,INR,2026-05-10 05:15:20,2026-05-10 06:15:20
RES100657,CHN001,CNF100657,GUEST100657,2026-05-17,2026-05-19,KING,PREPAY,PPR_STD,BOOKED,3,67740,INR,2026-05-10 08:08:13,2026-05-10 08:44:13
RES100658,KOL001,CNF100658,GUEST100658,2026-05-15,2026-05-18,KING,MEMBER,MEM_DLX,MODIFIED,4,110784,INR,2026-05-10 07:31:49,2026-05-10 10:16:49
RES100659,DEL001,CNF100659,GUEST100659,2026-07-01,2026-07-03,QUEEN,CORP,CORP_STD,BOOKED,4,90504,INR,2026-05-10 16:50:48,2026-05-10 17:26:48
RES100660,KOL001,CNF100660,GUEST100660,2026-06-13,2026-06-18,KING,PKG,PKG_DLX,CANCELLED,1,0,INR,2026-05-10 17:55:06,2026-05-10 19:33:06
RES100661,MUM002,CNF100661,GUEST100661,2026-05-29,2026-06-03,STE,BAR,BAR_STD,BOOKED,4,245100,INR,2026-05-10 23:29:35,2026-05-11 00:28:35
RES100662,MUM002,CNF100662,GUEST100662,2026-05-11,2026-05-16,STE,PKG,PKG_DLX,CANCELLED,4,0,INR,2026-05-10 02:27:54,2026-05-10 03:54:54
RES100663,CHN001,CNF100663,GUEST100663,2026-05-16,2026-05-19,KING,BAR,BAR_DLX,MODIFIED,1,23460,INR,2026-05-10 14:22:49,2026-05-10 16:20:49
RES100664,BLR002,CNF100664,GUEST100664,2026-07-02,2026-07-07,DLX,PKG,PKG_DLX,CANCELLED,4,0,INR,2026-05-10 12:50:19,2026-05-10 15:12:19
RES100665,CHN001,CNF100665,GUEST100665,2026-06-14,2026-06-16,KING,MEMBER,MEM_DLX,BOOKED,1,26666,INR,2026-05-10 21:28:49,2026-05-10 21:49:49
RES100666,CHA001,CNF100666,GUEST100666,2026-05-14,2026-05-15,DLX,BAR,BAR_STD,MODIFIED,4,57500,INR,2026-05-10 23:23:12,2026-05-11 00:59:12
RES100667,CHA001,CNF100667,GUEST100667,2026-06-15,2026-06-19,QUEEN,BAR,BAR_DLX,BOOKED,4,190304,INR,2026-05-10 20:18:35,2026-05-10 20:20:35
RES100668,KOL001,CNF100668,GUEST100668,2026-06-23,2026-06-25,STD,PKG,PKG_DLX,MODIFIED,2,40740,INR,2026-05-10 22:14:23,2026-05-10 23:50:23
RES100669,MUM002,CNF100669,GUEST100669,2026-06-19,2026-06-23,DLX,PKG,PKG_STD,CANCELLED,3,0,INR,2026-05-10 20:19:13,2026-05-10 21:42:13
RES100670,KER001,CNF100670,GUEST100670,2026-06-04,2026-06-09,STD,PREPAY,PPR_STD,CANCELLED,3,0,INR,2026-05-10 01:24:52,2026-05-10 01:58:52
RES100671,MUM001,CNF100671,GUEST100671,2026-07-04,2026-07-08,STE,PKG,PKG_STD,CANCELLED,3,0,INR,2026-05-10 04:02:12,2026-05-10 04:41:12
RES100672,DEL001,CNF100672,GUEST100672,2026-06-16,2026-06-19,DLX,MEMBER,MEM_STD,BOOKED,1,40365,INR,2026-05-10 13:51:55,2026-05-10 15:34:55
RES100673,BLR001,CNF100673,GUEST100673,2026-05-26,2026-05-30,QUEEN,BAR,BAR_STD,CANCELLED,2,0,INR,2026-05-10 06:51:48,2026-05-10 07:03:48
RES100674,DEL002,CNF100674,GUEST100674,2026-05-30,2026-05-31,KING,PKG,PKG_STD,MODIFIED,4,40148,INR,2026-05-10 02:09:22,2026-05-10 03:16:22
RES100675,KOL001,CNF100675,GUEST100675,2026-06-29,2026-07-04,QUEEN,CORP,CORP_DLX,BOOKED,3,202590,INR,2026-05-10 11:46:03,2026-05-10 11:50:03
RES100676,CHA001,CNF100676,GUEST100676,2026-05-17,2026-05-22,STD,PREPAY,PPR_STD,BOOKED,4,201060,INR,2026-05-10 07:36:37,2026-05-10 07:39:37
RES100677,BLR002,CNF100677,GUEST100677,2026-06-03,2026-06-07,KING,MEMBER,MEM_DLX,CANCELLED,3,0,INR,2026-05-10 19:16:15,2026-05-10 20:04:15
RES100678,MUM001,CNF100678,GUEST100678,2026-06-23,2026-06-25,DLX,CORP,CORP_STD,BOOKED,4,78856,INR,2026-05-10 06:12:02,2026-05-10 06:51:02
RES100679,KOL001,CNF100679,GUEST100679,2026-07-06,2026-07-11,QUEEN,MEMBER,MEM_STD,BOOKED,2,58230,INR,2026-05-10 12:51:01,2026-05-10 14:20:01
RES100680,MUM002,CNF100680,GUEST100680,2026-05-22,2026-05-23,QUEEN,PREPAY,PPR_DLX,CANCELLED,2,0,INR,2026-05-10 06:30:11,2026-05-10 07:45:11
RES100681,DEL002,CNF100681,GUEST100681,2026-06-07,2026-06-09,STD,BAR,BAR_STD,CANCELLED,1,0,INR,2026-05-10 06:23:43,2026-05-10 08:22:43
RES100682,CHA001,CNF100682,GUEST100682,2026-06-22,2026-06-26,QUEEN,BAR,BAR_STD,MODIFIED,3,161652,INR,2026-05-10 03:47:35,2026-05-10 05:28:35
RES100683,DEL002,CNF100683,GUEST100683,2026-06-06,2026-06-08,STD,CORP,CORP_STD,MODIFIED,2,23552,INR,2026-05-10 12:13:34,2026-05-10 14:41:34
RES100684,CHN001,CNF100684,GUEST100684,2026-05-23,2026-05-25,KING,BAR,BAR_DLX,BOOKED,4,58088,INR,2026-05-10 08:34:58,2026-05-10 09:36:58
RES100685,BLR001,CNF100685,GUEST100685,2026-06-14,2026-06-17,DLX,PKG,PKG_STD,BOOKED,2,75756,INR,2026-05-10 01:03:55,2026-05-10 01:11:55
RES100686,DEL002,CNF100686,GUEST100686,2026-05-22,2026-05-26,QUEEN,CORP,CORP_DLX,MODIFIED,2,53984,INR,2026-05-10 03:41:45,2026-05-10 04:50:45
RES100687,MUM001,CNF100687,GUEST100687,2026-06-06,2026-06-08,KING,CORP,CORP_STD,MODIFIED,2,22904,INR,2026-05-10 22:51:18,2026-05-10 23:12:18
RES100688,BLR001,CNF100688,GUEST100688,2026-05-18,2026-05-19,QUEEN,PREPAY,PPR_DLX,CANCELLED,3,0,INR,2026-05-10 08:20:40,2026-05-10 10:56:40
RES100689,DEL001,CNF100689,GUEST100689,2026-06-03,2026-06-08,STD,PREPAY,PPR_STD,MODIFIED,3,140895,INR,2026-05-10 05:39:01,2026-05-10 08:24:01
RES100690,MUM002,CNF100690,GUEST100690,2026-06-30,2026-07-05,STD,BAR,BAR_STD,BOOKED,1,19055,INR,2026-05-10 01:56:20,2026-05-10 02:25:20
RES100691,CHA001,CNF100691,GUEST100691,2026-05-20,2026-05-21,QUEEN,MEMBER,MEM_STD,CANCELLED,2,0,INR,2026-05-10 02:32:11,2026-05-10 04:41:11
RES100692,MUM001,CNF100692,GUEST100692,2026-05-31,2026-06-01,STD,PKG,PKG_DLX,MODIFIED,4,25236,INR,2026-05-10 09:16:36,2026-05-10 11:13:36
RES100693,CHN001,CNF100693,GUEST100693,2026-06-05,2026-06-06,DLX,CORP,CORP_STD,BOOKED,3,43938,INR,2026-05-10 00:06:01,2026-05-10 00:28:01
RES100694,BLR002,CNF100694,GUEST100694,2026-05-15,2026-05-19,STD,PREPAY,PPR_DLX,BOOKED,4,228768,INR,2026-05-10 12:21:59,2026-05-10 12:37:59
RES100695,BLR002,CNF100695,GUEST100695,2026-05-23,2026-05-28,KING,BAR,BAR_STD,MODIFIED,4,290320,INR,2026-05-10 00:11:59,2026-05-10 02:55:59
RES100696,MUM001,CNF100696,GUEST100696,2026-05-19,2026-05-21,KING,BAR,BAR_DLX,CANCELLED,2,0,INR,2026-05-10 23:18:59,2026-05-11 00:23:59
RES100697,CHN001,CNF100697,GUEST100697,2026-05-17,2026-05-19,KING,PKG,PKG_DLX,MODIFIED,3,44478,INR,2026-05-10 20:58:17,2026-05-10 23:53:17
RES100698,DEL001,CNF100698,GUEST100698,2026-05-16,2026-05-18,DLX,CORP,CORP_STD,CANCELLED,1,0,INR,2026-05-10 07:19:57,2026-05-10 08:13:57
RES100699,DEL002,CNF100699,GUEST100699,2026-06-11,2026-06-15,KING,BAR,BAR_STD,BOOKED,2,84208,INR,2026-05-10 09:12:37,2026-05-10 11:40:37
RES100700,MUM002,CNF100700,GUEST100700,2026-06-04,2026-06-08,KING,PKG,PKG_DLX,CANCELLED,1,0,INR,2026-05-10 03:43:19,2026-05-10 06:17:19
RES100701,MUM001,CNF100701,GUEST100701,2026-07-06,2026-07-08,KING,MEMBER,MEM_STD,CANCELLED,1,0,INR,2026-05-10 21:53:46,2026-05-10 23:20:46
RES100702,DEL001,CNF100702,GUEST100702,2026-05-12,2026-05-15,DLX,CORP,CORP_STD,CANCELLED,2,0,INR,2026-05-10 17:42:30,2026-05-10 19:28:30
RES100703,KER001,CNF100703,GUEST100703,2026-07-09,2026-07-14,STD,PREPAY,PPR_DLX,CANCELLED,3,0,INR,2026-05-10 22:43:21,2026-05-11 00:10:21
RES100704,KOL001,CNF100704,GUEST100704,2026-05-14,2026-05-19,DLX,PREPAY,PPR_DLX,CANCELLED,1,0,INR,2026-05-10 16:07:21,2026-05-10 18:24:21
RES100705,DEL002,CNF100705,GUEST100705,2026-07-07,2026-07-09,STD,PKG,PKG_DLX,CANCELLED,2,0,INR,2026-05-10 11:49:13,2026-05-10 12:32:13
RES100706,CHN001,CNF100706,GUEST100706,2026-06-30,2026-07-05,DLX,PKG,PKG_STD,MODIFIED,2,69210,INR,2026-05-10 04:02:02,2026-05-10 05:57:02
RES100707,CHN001,CNF100707,GUEST100707,2026-07-05,2026-07-09,STE,PREPAY,PPR_DLX,CANCELLED,1,0,INR,2026-05-10 02:10:01,2026-05-10 02:42:01
RES100708,HYD001,CNF100708,GUEST100708,2026-07-01,2026-07-03,STD,BAR,BAR_DLX,MODIFIED,1,10220,INR,2026-05-10 01:39:09,2026-05-10 03:40:09
RES100709,BLR001,CNF100709,GUEST100709,2026-05-14,2026-05-19,DLX,CORP,CORP_STD,BOOKED,4,209040,INR,2026-05-10 00:01:12,2026-05-10 02:11:12
RES100710,MUM002,CNF100710,GUEST100710,2026-07-06,2026-07-09,STE,PKG,PKG_DLX,BOOKED,4,63756,INR,2026-05-10 14:39:05,2026-05-10 15:15:05
RES100711,DEL001,CNF100711,GUEST100711,2026-05-14,2026-05-19,QUEEN,PKG,PKG_STD,MODIFIED,4,158780,INR,2026-05-10 01:54:33,2026-05-10 02:16:33
RES100712,DEL001,CNF100712,GUEST100712,2026-06-13,2026-06-15,STD,PREPAY,PPR_STD,BOOKED,2,26848,INR,2026-05-10 18:28:45,2026-05-10 20:58:45
RES100713,BLR002,CNF100713,GUEST100713,2026-06-02,2026-06-03,STE,PKG,PKG_DLX,BOOKED,3,24612,INR,2026-05-10 05:15:52,2026-05-10 06:51:52
RES100714,DEL002,CNF100714,GUEST100714,2026-06-02,2026-06-05,STD,PKG,PKG_DLX,MODIFIED,4,123948,INR,2026-05-10 05:15:24,2026-05-10 06:19:24
RES100715,BLR001,CNF100715,GUEST100715,2026-05-20,2026-05-25,STD,PKG,PKG_DLX,MODIFIED,4,277200,INR,2026-05-10 07:44:36,2026-05-10 08:02:36
RES100716,CHA001,CNF100716,GUEST100716,2026-05-25,2026-05-28,STD,CORP,CORP_DLX,CANCELLED,2,0,INR,2026-05-10 08:39:44,2026-05-10 09:05:44
RES100717,DEL002,CNF100717,GUEST100717,2026-05-21,2026-05-24,QUEEN,PREPAY,PPR_DLX,BOOKED,2,29370,INR,2026-05-10 07:51:20,2026-05-10 09:55:20
RES100718,MUM002,CNF100718,GUEST100718,2026-05-14,2026-05-15,STE,BAR,BAR_DLX,MODIFIED,3,41751,INR,2026-05-10 10:08:53,2026-05-10 11:48:53
RES100719,DEL002,CNF100719,GUEST100719,2026-05-22,2026-05-27,QUEEN,PKG,PKG_STD,CANCELLED,4,0,INR,2026-05-10 15:37:42,2026-05-10 16:05:42
RES100720,HYD001,CNF100720,GUEST100720,2026-05-28,2026-06-02,STD,BAR,BAR_DLX,MODIFIED,4,175480,INR,2026-05-10 21:44:22,2026-05-10 22:18:22
RES100721,CHN001,CNF100721,GUEST100721,2026-06-22,2026-06-24,QUEEN,CORP,CORP_STD,CANCELLED,3,0,INR,2026-05-10 00:52:00,2026-05-10 01:20:00
RES100722,DEL002,CNF100722,GUEST100722,2026-06-30,2026-07-02,QUEEN,PREPAY,PPR_DLX,BOOKED,1,12560,INR,2026-05-10 07:04:10,2026-05-10 07:29:10
RES100723,BLR002,CNF100723,GUEST100723,2026-06-20,2026-06-21,STD,PKG,PKG_STD,BOOKED,4,34692,INR,2026-05-10 22:26:41,2026-05-10 22:38:41
RES100724,CHN001,CNF100724,GUEST100724,2026-06-29,2026-06-30,QUEEN,PREPAY,PPR_STD,MODIFIED,2,14998,INR,2026-05-10 20:12:01,2026-05-10 23:11:01
RES100725,KOL001,CNF100725,GUEST100725,2026-07-09,2026-07-14,STD,CORP,CORP_STD,MODIFIED,4,242120,INR,2026-05-10 18:06:53,2026-05-10 20:54:53
RES100726,MUM002,CNF100726,GUEST100726,2026-06-27,2026-07-01,STD,BAR,BAR_DLX,CANCELLED,1,0,INR,2026-05-10 05:27:07,2026-05-10 07:58:07
RES100727,DEL001,CNF100727,GUEST100727,2026-07-01,2026-07-05,STE,PREPAY,PPR_DLX,MODIFIED,2,102928,INR,2026-05-10 23:27:29,2026-05-11 00:31:29
RES100728,BLR002,CNF100728,GUEST100728,2026-06-02,2026-06-07,QUEEN,CORP,CORP_STD,BOOKED,3,186090,INR,2026-05-10 21:43:09,2026-05-10 22:22:09
RES100729,KOL001,CNF100729,GUEST100729,2026-05-18,2026-05-23,STE,BAR,BAR_STD,MODIFIED,2,106620,INR,2026-05-10 15:00:58,2026-05-10 16:04:58
RES100730,HYD001,CNF100730,GUEST100730,2026-06-29,2026-07-02,KING,MEMBER,MEM_STD,MODIFIED,2,35880,INR,2026-05-10 10:15:07,2026-05-10 11:45:07
RES100731,KOL001,CNF100731,GUEST100731,2026-06-28,2026-07-02,KING,CORP,CORP_STD,CANCELLED,3,0,INR,2026-05-10 06:19:45,2026-05-10 07:40:45
RES100732,MUM001,CNF100732,GUEST100732,2026-07-08,2026-07-11,STE,PREPAY,PPR_STD,CANCELLED,3,0,INR,2026-05-10 09:33:52,2026-05-10 11:39:52
RES100733,MUM002,CNF100733,GUEST100733,2026-05-31,2026-06-01,DLX,BAR,BAR_DLX,BOOKED,1,9758,INR,2026-05-10 08:45:54,2026-05-10 10:35:54
RES100734,DEL001,CNF100734,GUEST100734,2026-07-01,2026-07-04,KING,BAR,BAR_DLX,BOOKED,1,43797,INR,2026-05-10 06:56:17,2026-05-10 07:08:17
RES100735,CHA001,CNF100735,GUEST100735,2026-05-20,2026-05-21,DLX,CORP,CORP_STD,BOOKED,1,12156,INR,2026-05-10 06:31:03,2026-05-10 08:18:03
RES100736,CHN001,CNF100736,GUEST100736,2026-06-02,2026-06-06,STE,CORP,CORP_DLX,CANCELLED,3,0,INR,2026-05-10 16:49:59,2026-05-10 17:38:59
RES100737,BLR002,CNF100737,GUEST100737,2026-05-11,2026-05-14,STD,CORP,CORP_DLX,CANCELLED,3,0,INR,2026-05-10 08:33:10,2026-05-10 09:29:10
RES100738,CHA001,CNF100738,GUEST100738,2026-06-28,2026-07-03,DLX,MEMBER,MEM_DLX,BOOKED,1,30755,INR,2026-05-10 20:10:55,2026-05-10 22:46:55
RES100739,HYD001,CNF100739,GUEST100739,2026-06-08,2026-06-09,STE,MEMBER,MEM_DLX,BOOKED,4,15560,INR,2026-05-10 10:42:32,2026-05-10 12:15:32
RES100740,CHA001,CNF100740,GUEST100740,2026-06-06,2026-06-11,STE,PKG,PKG_DLX,MODIFIED,3,161805,INR,2026-05-10 16:42:12,2026-05-10 19:09:12
RES100741,CHA001,CNF100741,GUEST100741,2026-05-24,2026-05-26,QUEEN,PKG,PKG_DLX,MODIFIED,1,11826,INR,2026-05-10 12:18:14,2026-05-10 14:51:14
RES100742,BLR002,CNF100742,GUEST100742,2026-05-17,2026-05-19,STD,PKG,PKG_DLX,MODIFIED,2,46392,INR,2026-05-10 22:12:14,2026-05-10 23:48:14
RES100743,MUM001,CNF100743,GUEST100743,2026-07-05,2026-07-09,QUEEN,CORP,CORP_STD,MODIFIED,2,35680,INR,2026-05-10 04:25:40,2026-05-10 05:44:40
RES100744,MUM002,CNF100744,GUEST100744,2026-05-15,2026-05-20,STD,BAR,BAR_DLX,CANCELLED,2,0,INR,2026-05-10 15:51:25,2026-05-10 18:36:25
RES100745,MUM002,CNF100745,GUEST100745,2026-06-06,2026-06-07,QUEEN,PREPAY,PPR_DLX,MODIFIED,1,5383,INR,2026-05-10 01:39:13,2026-05-10 03:35:13
RES100746,BLR001,CNF100746,GUEST100746,2026-06-01,2026-06-04,DLX,MEMBER,MEM_STD,BOOKED,4,106296,INR,2026-05-10 22:59:20,2026-05-11 01:37:20
RES100747,KER001,CNF100747,GUEST100747,2026-05-16,2026-05-20,STD,PKG,PKG_STD,MODIFIED,4,227808,INR,2026-05-10 06:44:13,2026-05-10 09:38:13
RES100748,DEL002,CNF100748,GUEST100748,2026-05-21,2026-05-26,QUEEN,MEMBER,MEM_STD,BOOKED,1,65025,INR,2026-05-10 09:58:51,2026-05-10 11:40:51
RES100749,DEL002,CNF100749,GUEST100749,2026-06-15,2026-06-19,KING,PREPAY,PPR_STD,MODIFIED,2,91888,INR,2026-05-10 06:22:19,2026-05-10 06:41:19
RES100750,MUM001,CNF100750,GUEST100750,2026-06-25,2026-06-29,KING,PREPAY,PPR_DLX,BOOKED,3,65760,INR,2026-05-10 17:57:08,2026-05-10 17:58:08
RES100751,MUM001,CNF100751,GUEST100751,2026-05-17,2026-05-20,QUEEN,PKG,PKG_DLX,MODIFIED,3,123912,INR,2026-05-10 04:17:30,2026-05-10 04:50:30
RES100752,MUM001,CNF100752,GUEST100752,2026-06-05,2026-06-09,STD,MEMBER,MEM_STD,MODIFIED,4,77920,INR,2026-05-10 22:17:21,2026-05-11 00:35:21
RES100753,BLR002,CNF100753,GUEST100753,2026-05-27,2026-06-01,DLX,MEMBER,MEM_DLX,BOOKED,4,238780,INR,2026-05-10 07:52:26,2026-05-10 10:36:26
RES100754,DEL001,CNF100754,GUEST100754,2026-06-07,2026-06-10,QUEEN,BAR,BAR_DLX,CANCELLED,3,0,INR,2026-05-10 02:31:44,2026-05-10 04:03:44
RES100755,BLR002,CNF100755,GUEST100755,2026-07-09,2026-07-13,DLX,PKG,PKG_DLX,BOOKED,2,110104,INR,2026-05-10 22:38:01,2026-05-11 00:57:01
RES100756,HYD001,CNF100756,GUEST100756,2026-07-04,2026-07-07,STE,PKG,PKG_STD,MODIFIED,1,35124,INR,2026-05-10 13:33:28,2026-05-10 16:14:28
RES100757,MUM002,CNF100757,GUEST100757,2026-05-15,2026-05-16,STD,MEMBER,MEM_DLX,BOOKED,2,27202,INR,2026-05-10 15:37:04,2026-05-10 16:27:04
RES100758,BLR002,CNF100758,GUEST100758,2026-06-11,2026-06-14,STE,MEMBER,MEM_DLX,CANCELLED,3,0,INR,2026-05-10 17:21:15,2026-05-10 20:09:15
RES100759,HYD001,CNF100759,GUEST100759,2026-05-22,2026-05-23,STD,PKG,PKG_DLX,CANCELLED,4,0,INR,2026-05-10 01:10:48,2026-05-10 03:00:48
RES100760,KOL001,CNF100760,GUEST100760,2026-06-16,2026-06-18,STE,CORP,CORP_DLX,MODIFIED,1,16472,INR,2026-05-10 18:50:56,2026-05-10 19:32:56
RES100761,KER001,CNF100761,GUEST100761,2026-06-06,2026-06-08,DLX,MEMBER,MEM_STD,CANCELLED,3,0,INR,2026-05-10 19:20:52,2026-05-10 20:58:52
RES100762,DEL002,CNF100762,GUEST100762,2026-05-18,2026-05-19,KING,CORP,CORP_STD,MODIFIED,1,8996,INR,2026-05-10 19:07:58,2026-05-10 20:32:58
RES100763,CHN001,CNF100763,GUEST100763,2026-07-09,2026-07-14,QUEEN,BAR,BAR_STD,MODIFIED,4,279880,INR,2026-05-10 06:17:56,2026-05-10 06:36:56
RES100764,BLR002,CNF100764,GUEST100764,2026-06-24,2026-06-26,STD,PKG,PKG_DLX,BOOKED,1,10422,INR,2026-05-10 05:45:18,2026-05-10 08:42:18
RES100765,MUM002,CNF100765,GUEST100765,2026-05-11,2026-05-12,QUEEN,PREPAY,PPR_STD,CANCELLED,4,0,INR,2026-05-10 04:57:44,2026-05-10 05:18:44
RES100766,CHN001,CNF100766,GUEST100766,2026-06-19,2026-06-21,STD,MEMBER,MEM_STD,CANCELLED,1,0,INR,2026-05-10 14:41:45,2026-05-10 17:26:45
RES100767,MUM001,CNF100767,GUEST100767,2026-05-18,2026-05-23,KING,MEMBER,MEM_STD,BOOKED,4,259120,INR,2026-05-10 13:36:09,2026-05-10 15:49:09
RES100768,MUM002,CNF100768,GUEST100768,2026-05-12,2026-05-15,STD,PREPAY,PPR_DLX,MODIFIED,3,36999,INR,2026-05-10 05:11:54,2026-05-10 05:45:54
RES100769,MUM002,CNF100769,GUEST100769,2026-07-09,2026-07-11,DLX,PKG,PKG_STD,MODIFIED,1,14416,INR,2026-05-10 12:33:49,2026-05-10 13:44:49
RES100770,KER001,CNF100770,GUEST100770,2026-06-20,2026-06-25,QUEEN,PREPAY,PPR_DLX,MODIFIED,3,77535,INR,2026-05-10 03:03:19,2026-05-10 06:01:19
RES100771,BLR002,CNF100771,GUEST100771,2026-06-04,2026-06-08,QUEEN,MEMBER,MEM_DLX,BOOKED,1,19988,INR,2026-05-10 12:06:03,2026-05-10 13:26:03
RES100772,KER001,CNF100772,GUEST100772,2026-06-09,2026-06-11,KING,MEMBER,MEM_STD,CANCELLED,1,0,INR,2026-05-10 05:33:50,2026-05-10 07:00:50
RES100773,MUM002,CNF100773,GUEST100773,2026-06-06,2026-06-10,STE,PREPAY,PPR_STD,BOOKED,3,56976,INR,2026-05-10 16:30:53,2026-05-10 17:10:53
RES100774,CHA001,CNF100774,GUEST100774,2026-05-25,2026-05-30,STD,CORP,CORP_DLX,MODIFIED,4,236140,INR,2026-05-10 07:37:50,2026-05-10 08:01:50
RES100775,DEL001,CNF100775,GUEST100775,2026-06-15,2026-06-18,STE,PKG,PKG_DLX,MODIFIED,1,44013,INR,2026-05-10 23:40:16,2026-05-11 01:07:16
RES100776,KOL001,CNF100776,GUEST100776,2026-05-26,2026-05-27,QUEEN,CORP,CORP_DLX,BOOKED,4,44104,INR,2026-05-10 14:38:51,2026-05-10 15:59:51
RES100777,BLR002,CNF100777,GUEST100777,2026-06-11,2026-06-14,DLX,BAR,BAR_DLX,CANCELLED,4,0,INR,2026-05-10 21:50:15,2026-05-10 22:29:15
RES100778,BLR001,CNF100778,GUEST100778,2026-05-25,2026-05-26,STD,MEMBER,MEM_STD,MODIFIED,1,14937,INR,2026-05-10 08:51:40,2026-05-10 10:15:40
RES100779,BLR002,CNF100779,GUEST100779,2026-05-31,2026-06-05,KING,PKG,PKG_STD,BOOKED,1,53795,INR,2026-05-10 14:26:28,2026-05-10 17:17:28
RES100780,BLR002,CNF100780,GUEST100780,2026-06-05,2026-06-09,DLX,CORP,CORP_STD,CANCELLED,3,0,INR,2026-05-10 03:19:48,2026-05-10 05:16:48
RES100781,BLR002,CNF100781,GUEST100781,2026-06-25,2026-06-30,STE,PREPAY,PPR_STD,MODIFIED,2,119010,INR,2026-05-10 12:09:39,2026-05-10 12:58:39
RES100782,BLR001,CNF100782,GUEST100782,2026-05-23,2026-05-24,KING,BAR,BAR_STD,MODIFIED,2,11230,INR,2026-05-10 06:07:44,2026-05-10 06:50:44
RES100783,BLR001,CNF100783,GUEST100783,2026-06-23,2026-06-27,KING,MEMBER,MEM_DLX,CANCELLED,1,0,INR,2026-05-10 21:05:41,2026-05-10 21:25:41
RES100784,MUM002,CNF100784,GUEST100784,2026-06-16,2026-06-18,KING,CORP,CORP_STD,CANCELLED,4,0,INR,2026-05-10 17:13:09,2026-05-10 19:51:09
RES100785,MUM001,CNF100785,GUEST100785,2026-07-03,2026-07-05,STD,MEMBER,MEM_STD,BOOKED,4,115392,INR,2026-05-10 06:31:12,2026-05-10 08:55:12
RES100786,MUM002,CNF100786,GUEST100786,2026-06-19,2026-06-23,STD,CORP,CORP_STD,MODIFIED,4,129472,INR,2026-05-10 00:07:31,2026-05-10 00:45:31
RES100787,MUM002,CNF100787,GUEST100787,2026-06-16,2026-06-17,QUEEN,PKG,PKG_DLX,MODIFIED,3,40461,INR,2026-05-10 22:34:49,2026-05-10 23:29:49
RES100788,CHN001,CNF100788,GUEST100788,2026-05-14,2026-05-15,STD,BAR,BAR_STD,MODIFIED,4,24196,INR,2026-05-10 00:02:05,2026-05-10 01:41:05
RES100789,MUM001,CNF100789,GUEST100789,2026-06-26,2026-06-27,STD,BAR,BAR_STD,BOOKED,1,13399,INR,2026-05-10 22:45:04,2026-05-10 22:57:04
RES100790,DEL001,CNF100790,GUEST100790,2026-07-04,2026-07-05,DLX,MEMBER,MEM_STD,CANCELLED,1,0,INR,2026-05-10 15:45:36,2026-05-10 16:49:36
RES100791,MUM002,CNF100791,GUEST100791,2026-07-08,2026-07-13,STE,PKG,PKG_DLX,MODIFIED,4,270520,INR,2026-05-10 23:18:19,2026-05-11 00:56:19
RES100792,DEL002,CNF100792,GUEST100792,2026-05-22,2026-05-25,STE,CORP,CORP_DLX,MODIFIED,1,33255,INR,2026-05-10 09:30:29,2026-05-10 11:43:29
RES100793,DEL001,CNF100793,GUEST100793,2026-06-28,2026-07-02,QUEEN,PKG,PKG_DLX,MODIFIED,4,134976,INR,2026-05-10 06:47:27,2026-05-10 07:43:27
RES100794,KOL001,CNF100794,GUEST100794,2026-05-24,2026-05-25,DLX,MEMBER,MEM_STD,MODIFIED,3,42660,INR,2026-05-10 16:09:21,2026-05-10 18:24:21
RES100795,BLR002,CNF100795,GUEST100795,2026-06-04,2026-06-05,DLX,CORP,CORP_DLX,MODIFIED,4,37724,INR,2026-05-10 07:19:36,2026-05-10 10:09:36
RES100796,MUM001,CNF100796,GUEST100796,2026-05-14,2026-05-16,STD,MEMBER,MEM_DLX,BOOKED,1,14094,INR,2026-05-10 21:31:55,2026-05-10 21:59:55
RES100797,KOL001,CNF100797,GUEST100797,2026-05-23,2026-05-27,KING,CORP,CORP_DLX,MODIFIED,2,70216,INR,2026-05-10 01:30:47,2026-05-10 02:35:47
RES100798,HYD001,CNF100798,GUEST100798,2026-06-03,2026-06-06,DLX,PREPAY,PPR_STD,BOOKED,2,25296,INR,2026-05-10 03:05:39,2026-05-10 03:45:39
RES100799,DEL001,CNF100799,GUEST100799,2026-05-19,2026-05-22,DLX,MEMBER,MEM_DLX,BOOKED,3,80919,INR,2026-05-10 08:30:53,2026-05-10 08:33:53
RES100800,KOL001,CNF100800,GUEST100800,2026-07-07,2026-07-10,STE,PREPAY,PPR_DLX,CANCELLED,3,0,INR,2026-05-10 21:02:39,2026-05-10 21:28:39
RES100801,HYD001,CNF100801,GUEST100801,2026-06-15,2026-06-20,QUEEN,PREPAY,PPR_STD,MODIFIED,1,32920,INR,2026-05-10 06:03:43,2026-05-10 08:48:43
RES100802,DEL001,CNF100802,GUEST100802,2026-06-23,2026-06-25,KING,CORP,CORP_STD,CANCELLED,3,0,INR,2026-05-10 17:21:19,2026-05-10 20:01:19
RES100803,HYD001,CNF100803,GUEST100803,2026-05-25,2026-05-30,KING,PREPAY,PPR_STD,BOOKED,3,175740,INR,2026-05-10 00:33:13,2026-05-10 03:33:13
RES100804,KER001,CNF100804,GUEST100804,2026-06-24,2026-06-26,QUEEN,MEMBER,MEM_DLX,CANCELLED,4,0,INR,2026-05-10 09:19:08,2026-05-10 10:06:08
RES100805,HYD001,CNF100805,GUEST100805,2026-07-08,2026-07-13,KING,BAR,BAR_DLX,MODIFIED,2,131220,INR,2026-05-10 13:19:33,2026-05-10 16:05:33
RES100806,MUM001,CNF100806,GUEST100806,2026-05-25,2026-05-26,DLX,MEMBER,MEM_DLX,BOOKED,3,23094,INR,2026-05-10 12:31:41,2026-05-10 13:06:41
RES100807,CHN001,CNF100807,GUEST100807,2026-07-09,2026-07-12,QUEEN,PREPAY,PPR_STD,CANCELLED,2,0,INR,2026-05-10 23:01:19,2026-05-10 23:50:19
RES100808,KER001,CNF100808,GUEST100808,2026-05-31,2026-06-02,DLX,PREPAY,PPR_DLX,MODIFIED,2,54604,INR,2026-05-10 16:09:34,2026-05-10 17:06:34
RES100809,BLR002,CNF100809,GUEST100809,2026-07-06,2026-07-10,DLX,CORP,CORP_DLX,BOOKED,4,108752,INR,2026-05-10 15:31:00,2026-05-10 16:48:00
RES100810,MUM002,CNF100810,GUEST100810,2026-05-29,2026-05-31,DLX,MEMBER,MEM_DLX,MODIFIED,3,38532,INR,2026-05-10 08:00:48,2026-05-10 09:12:48
RES100811,CHA001,CNF100811,GUEST100811,2026-06-10,2026-06-13,KING,PKG,PKG_DLX,CANCELLED,4,0,INR,2026-05-10 08:12:46,2026-05-10 09:15:46
RES100812,MUM002,CNF100812,GUEST100812,2026-05-26,2026-05-28,QUEEN,PREPAY,PPR_STD,MODIFIED,2,45224,INR,2026-05-10 09:39:19,2026-05-10 12:31:19
RES100813,DEL002,CNF100813,GUEST100813,2026-06-23,2026-06-25,QUEEN,MEMBER,MEM_DLX,MODIFIED,4,102136,INR,2026-05-10 21:12:40,2026-05-10 21:21:40
RES100814,KER001,CNF100814,GUEST100814,2026-05-20,2026-05-25,QUEEN,PKG,PKG_DLX,BOOKED,3,194535,INR,2026-05-10 21:29:48,2026-05-10 22:20:48
RES100815,BLR001,CNF100815,GUEST100815,2026-05-17,2026-05-18,DLX,PKG,PKG_STD,BOOKED,4,35764,INR,2026-05-10 12:38:15,2026-05-10 14:03:15
RES100816,KOL001,CNF100816,GUEST100816,2026-05-15,2026-05-18,STD,CORP,CORP_STD,MODIFIED,4,152712,INR,2026-05-10 08:47:51,2026-05-10 10:41:51
RES100817,MUM001,CNF100817,GUEST100817,2026-06-04,2026-06-06,QUEEN,PREPAY,PPR_STD,BOOKED,3,89148,INR,2026-05-10 12:30:47,2026-05-10 13:43:47
RES100818,MUM001,CNF100818,GUEST100818,2026-06-22,2026-06-25,DLX,BAR,BAR_STD,BOOKED,1,15867,INR,2026-05-10 03:23:06,2026-05-10 04:16:06
RES100819,HYD001,CNF100819,GUEST100819,2026-05-29,2026-05-30,STE,PKG,PKG_DLX,CANCELLED,1,0,INR,2026-05-10 16:30:11,2026-05-10 18:42:11
RES100820,KER001,CNF100820,GUEST100820,2026-07-07,2026-07-11,STD,BAR,BAR_DLX,BOOKED,3,81612,INR,2026-05-10 20:49:25,2026-05-10 23:49:25
RES100821,KOL001,CNF100821,GUEST100821,2026-06-02,2026-06-03,QUEEN,MEMBER,MEM_DLX,BOOKED,1,4601,INR,2026-05-10 16:53:08,2026-05-10 17:14:08
RES100822,CHN001,CNF100822,GUEST100822,2026-05-14,2026-05-19,STD,PKG,PKG_DLX,MODIFIED,3,153240,INR,2026-05-10 17:26:49,2026-05-10 19:40:49
RES100823,CHA001,CNF100823,GUEST100823,2026-05-30,2026-06-04,DLX,MEMBER,MEM_DLX,CANCELLED,2,0,INR,2026-05-10 16:36:26,2026-05-10 17:28:26
RES100824,CHA001,CNF100824,GUEST100824,2026-05-20,2026-05-23,STD,BAR,BAR_STD,BOOKED,3,77679,INR,2026-05-10 00:28:07,2026-05-10 02:13:07
RES100825,KER001,CNF100825,GUEST100825,2026-05-20,2026-05-22,STD,PREPAY,PPR_STD,MODIFIED,2,47232,INR,2026-05-10 02:32:58,2026-05-10 05:10:58
RES100826,BLR001,CNF100826,GUEST100826,2026-06-05,2026-06-06,KING,BAR,BAR_STD,CANCELLED,3,0,INR,2026-05-10 06:59:12,2026-05-10 07:55:12
RES100827,DEL001,CNF100827,GUEST100827,2026-05-12,2026-05-17,KING,PKG,PKG_STD,BOOKED,2,149670,INR,2026-05-10 12:42:36,2026-05-10 13:02:36
RES100828,BLR001,CNF100828,GUEST100828,2026-07-04,2026-07-08,STD,CORP,CORP_STD,MODIFIED,3,90444,INR,2026-05-10 00:14:52,2026-05-10 01:55:52
RES100829,MUM001,CNF100829,GUEST100829,2026-06-22,2026-06-24,KING,PKG,PKG_STD,MODIFIED,4,109536,INR,2026-05-10 08:27:13,2026-05-10 09:11:13
RES100830,BLR002,CNF100830,GUEST100830,2026-05-22,2026-05-23,DLX,MEMBER,MEM_STD,MODIFIED,3,17643,INR,2026-05-10 09:53:09,2026-05-10 12:39:09
RES100831,DEL001,CNF100831,GUEST100831,2026-06-13,2026-06-18,KING,BAR,BAR_STD,MODIFIED,3,137220,INR,2026-05-10 14:19:25,2026-05-10 15:25:25
RES100832,HYD001,CNF100832,GUEST100832,2026-07-07,2026-07-11,STE,CORP,CORP_STD,MODIFIED,1,53116,INR,2026-05-10 15:34:06,2026-05-10 16:51:06
RES100833,DEL001,CNF100833,GUEST100833,2026-07-03,2026-07-07,DLX,PKG,PKG_DLX,MODIFIED,3,165720,INR,2026-05-10 13:08:52,2026-05-10 16:03:52
RES100834,CHN001,CNF100834,GUEST100834,2026-05-26,2026-05-31,DLX,PREPAY,PPR_STD,BOOKED,4,155760,INR,2026-05-10 06:18:31,2026-05-10 08:17:31
RES100835,DEL002,CNF100835,GUEST100835,2026-05-26,2026-05-28,DLX,CORP,CORP_DLX,CANCELLED,2,0,INR,2026-05-10 08:02:26,2026-05-10 09:00:26
RES100836,DEL002,CNF100836,GUEST100836,2026-05-13,2026-05-16,STE,PREPAY,PPR_STD,MODIFIED,1,44952,INR,2026-05-10 00:27:28,2026-05-10 01:13:28
RES100837,DEL001,CNF100837,GUEST100837,2026-06-06,2026-06-10,QUEEN,PREPAY,PPR_STD,BOOKED,1,50444,INR,2026-05-10 07:07:20,2026-05-10 08:07:20
RES100838,MUM001,CNF100838,GUEST100838,2026-06-24,2026-06-29,QUEEN,MEMBER,MEM_STD,MODIFIED,2,104540,INR,2026-05-10 10:31:27,2026-05-10 12:58:27
RES100839,MUM001,CNF100839,GUEST100839,2026-06-29,2026-07-04,STD,PKG,PKG_STD,CANCELLED,4,0,INR,2026-05-10 23:54:55,2026-05-11 02:32:55
RES100840,CHA001,CNF100840,GUEST100840,2026-07-04,2026-07-05,STD,BAR,BAR_STD,BOOKED,3,22530,INR,2026-05-10 17:56:06,2026-05-10 19:34:06
RES100841,DEL001,CNF100841,GUEST100841,2026-07-01,2026-07-03,STE,PKG,PKG_STD,CANCELLED,2,0,INR,2026-05-10 04:43:06,2026-05-10 07:24:06
RES100842,MUM001,CNF100842,GUEST100842,2026-06-12,2026-06-15,KING,BAR,BAR_DLX,CANCELLED,4,0,INR,2026-05-10 05:10:44,2026-05-10 07:54:44
RES100843,CHA001,CNF100843,GUEST100843,2026-06-13,2026-06-14,STE,CORP,CORP_DLX,MODIFIED,3,44760,INR,2026-05-10 20:04:14,2026-05-10 21:09:14
RES100844,MUM002,CNF100844,GUEST100844,2026-07-01,2026-07-06,DLX,MEMBER,MEM_STD,MODIFIED,2,101090,INR,2026-05-10 07:37:55,2026-05-10 10:31:55
RES100845,MUM001,CNF100845,GUEST100845,2026-05-26,2026-05-27,STE,BAR,BAR_STD,CANCELLED,3,0,INR,2026-05-10 21:03:10,2026-05-10 23:31:10
RES100846,KER001,CNF100846,GUEST100846,2026-07-03,2026-07-07,STE,CORP,CORP_DLX,CANCELLED,2,0,INR,2026-05-10 11:24:21,2026-05-10 13:53:21
RES100847,MUM001,CNF100847,GUEST100847,2026-05-28,2026-06-01,DLX,MEMBER,MEM_DLX,BOOKED,1,34560,INR,2026-05-10 10:29:12,2026-05-10 10:49:12
RES100848,BLR002,CNF100848,GUEST100848,2026-05-13,2026-05-16,STE,BAR,BAR_DLX,BOOKED,4,168168,INR,2026-05-10 15:23:10,2026-05-10 16:20:10
RES100849,KER001,CNF100849,GUEST100849,2026-06-20,2026-06-23,STD,MEMBER,MEM_DLX,BOOKED,4,82740,INR,2026-05-10 15:06:05,2026-05-10 16:25:05
RES100850,CHN001,CNF100850,GUEST100850,2026-06-10,2026-06-12,STE,CORP,CORP_STD,MODIFIED,1,12966,INR,2026-05-10 06:47:00,2026-05-10 08:42:00
RES100851,MUM001,CNF100851,GUEST100851,2026-06-11,2026-06-15,QUEEN,PREPAY,PPR_DLX,BOOKED,2,85808,INR,2026-05-10 20:04:35,2026-05-10 21:13:35
RES100852,BLR001,CNF100852,GUEST100852,2026-05-26,2026-05-30,DLX,MEMBER,MEM_DLX,CANCELLED,3,0,INR,2026-05-10 12:32:40,2026-05-10 14:35:40
RES100853,KOL001,CNF100853,GUEST100853,2026-06-17,2026-06-19,DLX,PKG,PKG_STD,BOOKED,4,57312,INR,2026-05-10 16:37:02,2026-05-10 19:35:02
RES100854,BLR001,CNF100854,GUEST100854,2026-06-04,2026-06-07,STE,CORP,CORP_STD,MODIFIED,4,136812,INR,2026-05-10 19:54:02,2026-05-10 20:56:02
RES100855,MUM002,CNF100855,GUEST100855,2026-07-07,2026-07-12,DLX,BAR,BAR_STD,BOOKED,2,46700,INR,2026-05-10 10:54:33,2026-05-10 13:17:33
RES100856,KOL001,CNF100856,GUEST100856,2026-07-01,2026-07-06,STE,PKG,PKG_DLX,BOOKED,1,46995,INR,2026-05-10 13:14:30,2026-05-10 13:50:30
RES100857,CHN001,CNF100857,GUEST100857,2026-05-22,2026-05-27,QUEEN,BAR,BAR_DLX,CANCELLED,1,0,INR,2026-05-10 01:15:56,2026-05-10 03:19:56
RES100858,CHA001,CNF100858,GUEST100858,2026-05-21,2026-05-23,KING,BAR,BAR_DLX,CANCELLED,4,0,INR,2026-05-10 15:22:37,2026-05-10 15:56:37
RES100859,HYD001,CNF100859,GUEST100859,2026-05-16,2026-05-18,KING,PKG,PKG_DLX,MODIFIED,2,48048,INR,2026-05-10 05:09:57,2026-05-10 08:04:57
RES100860,KOL001,CNF100860,GUEST100860,2026-06-19,2026-06-22,STE,PREPAY,PPR_DLX,CANCELLED,4,0,INR,2026-05-10 20:25:54,2026-05-10 21:31:54
RES100861,MUM002,CNF100861,GUEST100861,2026-07-04,2026-07-08,QUEEN,MEMBER,MEM_STD,MODIFIED,1,23708,INR,2026-05-10 04:41:18,2026-05-10 06:39:18
RES100862,KOL001,CNF100862,GUEST100862,2026-05-20,2026-05-21,DLX,PKG,PKG_STD,CANCELLED,2,0,INR,2026-05-10 08:18:54,2026-05-10 09:50:54
RES100863,CHA001,CNF100863,GUEST100863,2026-06-28,2026-07-01,DLX,BAR,BAR_DLX,MODIFIED,2,22674,INR,2026-05-10 07:47:59,2026-05-10 08:51:59
RES100864,MUM001,CNF100864,GUEST100864,2026-06-05,2026-06-10,QUEEN,PKG,PKG_STD,MODIFIED,4,82880,INR,2026-05-10 12:16:51,2026-05-10 15:08:51
RES100865,DEL001,CNF100865,GUEST100865,2026-06-02,2026-06-05,QUEEN,PKG,PKG_DLX,BOOKED,1,40815,INR,2026-05-10 13:14:01,2026-05-10 14:34:01
RES100866,KER001,CNF100866,GUEST100866,2026-07-07,2026-07-09,QUEEN,MEMBER,MEM_STD,MODIFIED,3,88608,INR,2026-05-10 12:05:33,2026-05-10 14:11:33
RES100867,CHA001,CNF100867,GUEST100867,2026-07-02,2026-07-06,STD,PREPAY,PPR_STD,CANCELLED,2,0,INR,2026-05-10 12:19:05,2026-05-10 14:03:05
RES100868,BLR002,CNF100868,GUEST100868,2026-05-31,2026-06-03,DLX,CORP,CORP_STD,CANCELLED,4,0,INR,2026-05-10 03:24:18,2026-05-10 06:20:18
RES100869,DEL001,CNF100869,GUEST100869,2026-06-25,2026-06-27,STE,MEMBER,MEM_STD,BOOKED,4,88736,INR,2026-05-10 00:16:04,2026-05-10 02:39:04
RES100870,CHA001,CNF100870,GUEST100870,2026-05-29,2026-05-31,DLX,PKG,PKG_STD,BOOKED,4,68240,INR,2026-05-10 21:19:51,2026-05-10 23:49:51
RES100871,HYD001,CNF100871,GUEST100871,2026-06-24,2026-06-29,STD,BAR,BAR_STD,BOOKED,4,86680,INR,2026-05-10 03:00:36,2026-05-10 04:53:36
RES100872,MUM002,CNF100872,GUEST100872,2026-05-17,2026-05-20,KING,PKG,PKG_DLX,MODIFIED,2,86004,INR,2026-05-10 07:15:13,2026-05-10 07:36:13
RES100873,MUM001,CNF100873,GUEST100873,2026-07-01,2026-07-04,STE,PREPAY,PPR_STD,BOOKED,1,43815,INR,2026-05-10 12:38:12,2026-05-10 13:46:12
RES100874,CHA001,CNF100874,GUEST100874,2026-07-02,2026-07-05,DLX,PREPAY,PPR_STD,BOOKED,1,30711,INR,2026-05-10 16:30:32,2026-05-10 18:55:32
RES100875,BLR001,CNF100875,GUEST100875,2026-05-17,2026-05-19,QUEEN,BAR,BAR_DLX,MODIFIED,1,22454,INR,2026-05-10 17:10:08,2026-05-10 19:38:08
RES100876,KOL001,CNF100876,GUEST100876,2026-06-16,2026-06-19,STD,MEMBER,MEM_DLX,CANCELLED,3,0,INR,2026-05-10 01:36:12,2026-05-10 04:10:12
RES100877,HYD001,CNF100877,GUEST100877,2026-05-16,2026-05-19,STD,BAR,BAR_STD,MODIFIED,1,27903,INR,2026-05-10 02:01:42,2026-05-10 03:08:42
RES100878,KER001,CNF100878,GUEST100878,2026-07-01,2026-07-05,STE,PKG,PKG_DLX,BOOKED,3,77484,INR,2026-05-10 17:59:59,2026-05-10 20:04:59
RES100879,DEL002,CNF100879,GUEST100879,2026-05-14,2026-05-18,QUEEN,CORP,CORP_STD,MODIFIED,3,44148,INR,2026-05-10 14:25:48,2026-05-10 14:49:48
RES100880,BLR001,CNF100880,GUEST100880,2026-05-23,2026-05-27,QUEEN,PREPAY,PPR_DLX,BOOKED,4,144768,INR,2026-05-10 20:27:30,2026-05-10 22:00:30
RES100881,BLR002,CNF100881,GUEST100881,2026-07-02,2026-07-07,KING,CORP,CORP_DLX,MODIFIED,1,18970,INR,2026-05-10 11:00:08,2026-05-10 13:35:08
RES100882,HYD001,CNF100882,GUEST100882,2026-06-20,2026-06-23,QUEEN,CORP,CORP_DLX,MODIFIED,4,55956,INR,2026-05-10 09:44:40,2026-05-10 11:01:40
RES100883,BLR001,CNF100883,GUEST100883,2026-05-25,2026-05-29,STE,PREPAY,PPR_DLX,MODIFIED,3,111264,INR,2026-05-10 10:59:37,2026-05-10 11:25:37
RES100884,MUM002,CNF100884,GUEST100884,2026-05-13,2026-05-15,STE,CORP,CORP_DLX,BOOKED,3,26202,INR,2026-05-10 15:42:05,2026-05-10 16:02:05
RES100885,BLR002,CNF100885,GUEST100885,2026-05-26,2026-05-30,KING,PKG,PKG_STD,BOOKED,4,141392,INR,2026-05-10 21:35:45,2026-05-10 23:37:45
RES100886,MUM002,CNF100886,GUEST100886,2026-06-30,2026-07-02,STD,PREPAY,PPR_DLX,MODIFIED,4,69688,INR,2026-05-10 00:18:00,2026-05-10 01:13:00
RES100887,KOL001,CNF100887,GUEST100887,2026-05-14,2026-05-19,QUEEN,MEMBER,MEM_STD,BOOKED,2,43850,INR,2026-05-10 18:36:17,2026-05-10 21:19:17
RES100888,DEL002,CNF100888,GUEST100888,2026-07-02,2026-07-03,DLX,BAR,BAR_STD,MODIFIED,2,17244,INR,2026-05-10 00:39:01,2026-05-10 02:19:01
RES100889,CHA001,CNF100889,GUEST100889,2026-05-17,2026-05-21,STD,BAR,BAR_DLX,MODIFIED,1,41836,INR,2026-05-10 11:44:24,2026-05-10 12:37:24
RES100890,KOL001,CNF100890,GUEST100890,2026-06-13,2026-06-18,STD,PREPAY,PPR_DLX,MODIFIED,1,35020,INR,2026-05-10 11:23:39,2026-05-10 12:25:39
RES100891,DEL002,CNF100891,GUEST100891,2026-06-19,2026-06-24,QUEEN,BAR,BAR_STD,BOOKED,2,117020,INR,2026-05-10 16:12:33,2026-05-10 17:59:33
RES100892,CHN001,CNF100892,GUEST100892,2026-05-27,2026-05-28,QUEEN,BAR,BAR_DLX,CANCELLED,1,0,INR,2026-05-10 13:25:40,2026-05-10 16:13:40
RES100893,BLR002,CNF100893,GUEST100893,2026-07-03,2026-07-05,DLX,PREPAY,PPR_DLX,MODIFIED,1,27374,INR,2026-05-10 07:22:56,2026-05-10 10:10:56
RES100894,MUM001,CNF100894,GUEST100894,2026-05-28,2026-05-29,DLX,PREPAY,PPR_DLX,MODIFIED,4,59152,INR,2026-05-10 07:26:28,2026-05-10 08:49:28
RES100895,KOL001,CNF100895,GUEST100895,2026-06-17,2026-06-18,DLX,PKG,PKG_STD,MODIFIED,1,12590,INR,2026-05-10 04:49:40,2026-05-10 05:56:40
RES100896,KOL001,CNF100896,GUEST100896,2026-05-28,2026-06-01,QUEEN,CORP,CORP_DLX,CANCELLED,2,0,INR,2026-05-10 04:47:57,2026-05-10 07:14:57
RES100897,KER001,CNF100897,GUEST100897,2026-06-13,2026-06-17,STD,BAR,BAR_STD,CANCELLED,4,0,INR,2026-05-10 13:14:16,2026-05-10 15:59:16
RES100898,HYD001,CNF100898,GUEST100898,2026-05-30,2026-06-04,QUEEN,CORP,CORP_DLX,MODIFIED,4,161240,INR,2026-05-10 11:21:55,2026-05-10 12:21:55
RES100899,CHN001,CNF100899,GUEST100899,2026-05-30,2026-06-04,QUEEN,PREPAY,PPR_STD,CANCELLED,4,0,INR,2026-05-10 06:28:49,2026-05-10 06:45:49
RES100900,MUM002,CNF100900,GUEST100900,2026-06-30,2026-07-04,DLX,CORP,CORP_STD,MODIFIED,1,58012,INR,2026-05-10 21:33:35,2026-05-10 23:05:35
RES100901,BLR002,CNF100901,GUEST100901,2026-06-28,2026-06-29,STD,PREPAY,PPR_STD,CANCELLED,1,0,INR,2026-05-10 12:26:37,2026-05-10 12:31:37
RES100902,KER001,CNF100902,GUEST100902,2026-07-09,2026-07-10,QUEEN,MEMBER,MEM_DLX,CANCELLED,4,0,INR,2026-05-10 13:22:54,2026-05-10 15:09:54
RES100903,DEL002,CNF100903,GUEST100903,2026-07-08,2026-07-11,STD,CORP,CORP_STD,CANCELLED,2,0,INR,2026-05-10 13:31:18,2026-05-10 15:50:18
RES100904,DEL002,CNF100904,GUEST100904,2026-05-21,2026-05-25,DLX,PKG,PKG_DLX,MODIFIED,3,170400,INR,2026-05-10 09:02:43,2026-05-10 10:42:43
RES100905,KOL001,CNF100905,GUEST100905,2026-05-24,2026-05-26,STD,CORP,CORP_STD,MODIFIED,1,16408,INR,2026-05-10 21:34:12,2026-05-11 00:11:12
RES100906,CHA001,CNF100906,GUEST100906,2026-05-22,2026-05-24,DLX,CORP,CORP_STD,BOOKED,3,65766,INR,2026-05-10 05:11:16,2026-05-10 05:26:16
RES100907,MUM001,CNF100907,GUEST100907,2026-06-09,2026-06-14,STD,CORP,CORP_STD,MODIFIED,1,35120,INR,2026-05-10 01:02:05,2026-05-10 01:39:05
RES100908,BLR002,CNF100908,GUEST100908,2026-06-20,2026-06-23,DLX,PREPAY,PPR_DLX,BOOKED,1,42633,INR,2026-05-10 18:37:23,2026-05-10 20:51:23
RES100909,CHN001,CNF100909,GUEST100909,2026-06-27,2026-06-29,DLX,MEMBER,MEM_STD,MODIFIED,1,27268,INR,2026-05-10 13:51:29,2026-05-10 14:04:29
RES100910,CHN001,CNF100910,GUEST100910,2026-06-10,2026-06-11,STD,PKG,PKG_DLX,CANCELLED,4,0,INR,2026-05-10 01:44:07,2026-05-10 03:12:07
RES100911,KOL001,CNF100911,GUEST100911,2026-06-29,2026-06-30,STD,BAR,BAR_STD,MODIFIED,3,20601,INR,2026-05-10 01:27:52,2026-05-10 01:57:52
RES100912,KER001,CNF100912,GUEST100912,2026-05-26,2026-05-27,STE,MEMBER,MEM_STD,CANCELLED,1,0,INR,2026-05-10 04:18:53,2026-05-10 07:13:53
RES100913,DEL002,CNF100913,GUEST100913,2026-05-13,2026-05-14,QUEEN,PREPAY,PPR_DLX,MODIFIED,2,25814,INR,2026-05-10 10:20:22,2026-05-10 12:07:22
RES100914,CHN001,CNF100914,GUEST100914,2026-06-06,2026-06-09,STD,MEMBER,MEM_STD,MODIFIED,3,80640,INR,2026-05-10 14:25:01,2026-05-10 17:01:01
RES100915,KER001,CNF100915,GUEST100915,2026-07-01,2026-07-03,KING,CORP,CORP_DLX,CANCELLED,3,0,INR,2026-05-10 14:51:05,2026-05-10 15:32:05
RES100916,MUM001,CNF100916,GUEST100916,2026-07-09,2026-07-12,STD,PKG,PKG_DLX,MODIFIED,1,43440,INR,2026-05-10 17:31:30,2026-05-10 18:36:30
RES100917,MUM001,CNF100917,GUEST100917,2026-07-03,2026-07-04,KING,PKG,PKG_DLX,CANCELLED,1,0,INR,2026-05-10 01:16:27,2026-05-10 01:34:27
RES100918,CHN001,CNF100918,GUEST100918,2026-05-28,2026-05-29,QUEEN,CORP,CORP_STD,MODIFIED,1,5819,INR,2026-05-10 20:19:56,2026-05-10 23:00:56
RES100919,BLR002,CNF100919,GUEST100919,2026-05-28,2026-06-01,STE,BAR,BAR_STD,BOOKED,2,69464,INR,2026-05-10 07:21:03,2026-05-10 08:31:03
RES100920,KOL001,CNF100920,GUEST100920,2026-06-28,2026-07-03,STD,CORP,CORP_STD,BOOKED,3,86625,INR,2026-05-10 19:05:18,2026-05-10 21:31:18
RES100921,MUM001,CNF100921,GUEST100921,2026-06-12,2026-06-17,KING,MEMBER,MEM_STD,MODIFIED,2,131650,INR,2026-05-10 07:15:48,2026-05-10 10:06:48
RES100922,DEL001,CNF100922,GUEST100922,2026-05-15,2026-05-16,STD,CORP,CORP_STD,CANCELLED,4,0,INR,2026-05-10 17:06:57,2026-05-10 18:52:57
RES100923,HYD001,CNF100923,GUEST100923,2026-06-06,2026-06-07,STE,MEMBER,MEM_STD,BOOKED,1,4378,INR,2026-05-10 14:03:40,2026-05-10 14:07:40
RES100924,BLR001,CNF100924,GUEST100924,2026-06-16,2026-06-21,STE,MEMBER,MEM_STD,BOOKED,2,35400,INR,2026-05-10 04:21:47,2026-05-10 06:49:47
RES100925,BLR001,CNF100925,GUEST100925,2026-07-02,2026-07-05,STD,BAR,BAR_STD,MODIFIED,2,29064,INR,2026-05-10 09:19:50,2026-05-10 09:54:50
RES100926,BLR002,CNF100926,GUEST100926,2026-05-11,2026-05-13,KING,PKG,PKG_DLX,CANCELLED,1,0,INR,2026-05-10 09:27:21,2026-05-10 10:00:21
RES100927,DEL002,CNF100927,GUEST100927,2026-05-29,2026-05-30,STE,PKG,PKG_STD,BOOKED,4,40840,INR,2026-05-10 11:07:25,2026-05-10 11:27:25
RES100928,DEL002,CNF100928,GUEST100928,2026-06-17,2026-06-21,DLX,BAR,BAR_DLX,MODIFIED,2,57784,INR,2026-05-10 11:25:40,2026-05-10 12:04:40
RES100929,DEL002,CNF100929,GUEST100929,2026-06-12,2026-06-13,KING,PKG,PKG_STD,MODIFIED,4,41300,INR,2026-05-10 18:13:05,2026-05-10 19:56:05
RES100930,MUM002,CNF100930,GUEST100930,2026-07-01,2026-07-05,STD,CORP,CORP_DLX,CANCELLED,4,0,INR,2026-05-10 02:53:16,2026-05-10 03:02:16
RES100931,MUM002,CNF100931,GUEST100931,2026-05-19,2026-05-24,STE,CORP,CORP_STD,MODIFIED,3,58095,INR,2026-05-10 07:57:45,2026-05-10 08:34:45
RES100932,MUM002,CNF100932,GUEST100932,2026-06-25,2026-06-27,STE,PKG,PKG_STD,MODIFIED,1,8336,INR,2026-05-10 14:50:10,2026-05-10 16:07:10
RES100933,HYD001,CNF100933,GUEST100933,2026-06-15,2026-06-18,DLX,CORP,CORP_STD,CANCELLED,3,0,INR,2026-05-10 06:34:28,2026-05-10 09:19:28
RES100934,DEL001,CNF100934,GUEST100934,2026-06-11,2026-06-16,STE,MEMBER,MEM_DLX,BOOKED,1,70455,INR,2026-05-10 08:25:27,2026-05-10 09:07:27
RES100935,KER001,CNF100935,GUEST100935,2026-06-09,2026-06-11,DLX,PKG,PKG_STD,BOOKED,4,101552,INR,2026-05-10 05:19:38,2026-05-10 07:35:38
RES100936,BLR001,CNF100936,GUEST100936,2026-06-02,2026-06-03,STD,CORP,CORP_DLX,CANCELLED,1,0,INR,2026-05-10 10:34:57,2026-05-10 11:03:57
RES100937,MUM001,CNF100937,GUEST100937,2026-05-25,2026-05-30,KING,CORP,CORP_STD,MODIFIED,2,48220,INR,2026-05-10 20:21:30,2026-05-10 22:40:30
RES100938,MUM002,CNF100938,GUEST100938,2026-06-21,2026-06-26,KING,PREPAY,PPR_DLX,MODIFIED,4,100600,INR,2026-05-10 11:05:19,2026-05-10 11:38:19
RES100939,DEL001,CNF100939,GUEST100939,2026-06-21,2026-06-24,STE,CORP,CORP_DLX,CANCELLED,1,0,INR,2026-05-10 13:09:27,2026-05-10 13:11:27
RES100940,CHN001,CNF100940,GUEST100940,2026-05-19,2026-05-24,STE,MEMBER,MEM_STD,CANCELLED,2,0,INR,2026-05-10 02:43:15,2026-05-10 05:03:15
RES100941,DEL001,CNF100941,GUEST100941,2026-05-21,2026-05-24,DLX,PREPAY,PPR_DLX,MODIFIED,1,14661,INR,2026-05-10 18:12:53,2026-05-10 20:21:53
RES100942,HYD001,CNF100942,GUEST100942,2026-06-22,2026-06-27,STE,PREPAY,PPR_DLX,CANCELLED,1,0,INR,2026-05-10 09:39:36,2026-05-10 12:33:36
RES100943,DEL002,CNF100943,GUEST100943,2026-05-23,2026-05-26,QUEEN,MEMBER,MEM_DLX,CANCELLED,3,0,INR,2026-05-10 18:14:35,2026-05-10 20:19:35
RES100944,DEL001,CNF100944,GUEST100944,2026-05-26,2026-05-28,QUEEN,PREPAY,PPR_DLX,CANCELLED,1,0,INR,2026-05-10 19:24:01,2026-05-10 22:16:01
RES100945,HYD001,CNF100945,GUEST100945,2026-06-14,2026-06-15,KING,PREPAY,PPR_DLX,MODIFIED,3,13311,INR,2026-05-10 11:40:07,2026-05-10 11:45:07
RES100946,BLR002,CNF100946,GUEST100946,2026-06-29,2026-07-01,STE,PKG,PKG_STD,BOOKED,1,28160,INR,2026-05-10 20:05:31,2026-05-10 21:35:31
RES100947,CHA001,CNF100947,GUEST100947,2026-05-20,2026-05-22,STD,CORP,CORP_STD,MODIFIED,2,52204,INR,2026-05-10 15:52:06,2026-05-10 16:01:06
RES100948,DEL001,CNF100948,GUEST100948,2026-07-08,2026-07-10,KING,BAR,BAR_STD,BOOKED,3,80370,INR,2026-05-10 20:51:52,2026-05-10 21:57:52
RES100949,MUM002,CNF100949,GUEST100949,2026-05-18,2026-05-19,STE,CORP,CORP_DLX,BOOKED,4,22572,INR,2026-05-10 09:20:10,2026-05-10 10:46:10
RES100950,DEL002,CNF100950,GUEST100950,2026-06-29,2026-07-02,DLX,CORP,CORP_STD,BOOKED,2,80538,INR,2026-05-10 14:33:31,2026-05-10 16:10:31
RES100951,BLR001,CNF100951,GUEST100951,2026-05-21,2026-05-22,KING,PKG,PKG_STD,BOOKED,2,29014,INR,2026-05-10 23:57:13,2026-05-11 01:43:13
RES100952,MUM001,CNF100952,GUEST100952,2026-07-01,2026-07-03,STE,PREPAY,PPR_STD,CANCELLED,3,0,INR,2026-05-10 23:02:22,2026-05-10 23:10:22
RES100953,CHN001,CNF100953,GUEST100953,2026-05-12,2026-05-14,DLX,PREPAY,PPR_DLX,BOOKED,1,9392,INR,2026-05-10 17:30:16,2026-05-10 20:25:16
RES100954,CHN001,CNF100954,GUEST100954,2026-06-28,2026-07-01,DLX,MEMBER,MEM_STD,BOOKED,3,114120,INR,2026-05-10 10:41:08,2026-05-10 12:49:08
RES100955,MUM001,CNF100955,GUEST100955,2026-06-10,2026-06-11,QUEEN,BAR,BAR_DLX,CANCELLED,4,0,INR,2026-05-10 09:37:26,2026-05-10 12:21:26
RES100956,MUM001,CNF100956,GUEST100956,2026-05-20,2026-05-21,STE,MEMBER,MEM_DLX,MODIFIED,3,44226,INR,2026-05-10 20:34:18,2026-05-10 22:23:18
RES100957,MUM002,CNF100957,GUEST100957,2026-06-06,2026-06-10,DLX,MEMBER,MEM_DLX,BOOKED,3,156024,INR,2026-05-10 05:56:20,2026-05-10 08:19:20
RES100958,CHN001,CNF100958,GUEST100958,2026-06-09,2026-06-11,STD,CORP,CORP_STD,MODIFIED,1,24312,INR,2026-05-10 13:18:53,2026-05-10 15:48:53
RES100959,BLR002,CNF100959,GUEST100959,2026-05-26,2026-05-28,KING,PREPAY,PPR_DLX,MODIFIED,3,35394,INR,2026-05-10 10:14:14,2026-05-10 12:48:14
RES100960,BLR001,CNF100960,GUEST100960,2026-07-01,2026-07-06,STE,BAR,BAR_DLX,BOOKED,2,76130,INR,2026-05-10 16:54:40,2026-05-10 19:25:40
RES100961,MUM001,CNF100961,GUEST100961,2026-06-09,2026-06-10,STE,PKG,PKG_DLX,CANCELLED,3,0,INR,2026-05-10 16:48:50,2026-05-10 17:18:50
RES100962,BLR001,CNF100962,GUEST100962,2026-05-13,2026-05-15,STD,PKG,PKG_STD,CANCELLED,2,0,INR,2026-05-10 13:32:00,2026-05-10 15:27:00
RES100963,DEL001,CNF100963,GUEST100963,2026-05-12,2026-05-15,QUEEN,BAR,BAR_STD,BOOKED,4,91716,INR,2026-05-10 14:45:12,2026-05-10 14:49:12
RES100964,MUM001,CNF100964,GUEST100964,2026-05-20,2026-05-24,QUEEN,BAR,BAR_STD,MODIFIED,1,36032,INR,2026-05-10 09:43:26,2026-05-10 11:52:26
RES100965,KOL001,CNF100965,GUEST100965,2026-07-04,2026-07-08,STE,MEMBER,MEM_DLX,BOOKED,2,45136,INR,2026-05-10 22:09:58,2026-05-10 23:17:58
RES100966,CHN001,CNF100966,GUEST100966,2026-06-29,2026-07-04,QUEEN,PKG,PKG_DLX,CANCELLED,1,0,INR,2026-05-10 01:24:18,2026-05-10 03:03:18
RES100967,HYD001,CNF100967,GUEST100967,2026-06-12,2026-06-17,QUEEN,CORP,CORP_STD,CANCELLED,2,0,INR,2026-05-10 13:44:52,2026-05-10 14:50:52
RES100968,MUM002,CNF100968,GUEST100968,2026-07-05,2026-07-08,KING,PKG,PKG_DLX,CANCELLED,2,0,INR,2026-05-10 05:03:59,2026-05-10 05:54:59
RES100969,MUM002,CNF100969,GUEST100969,2026-06-23,2026-06-24,QUEEN,BAR,BAR_STD,BOOKED,1,6659,INR,2026-05-10 15:57:00,2026-05-10 15:57:00
RES100970,DEL002,CNF100970,GUEST100970,2026-05-15,2026-05-16,STD,PKG,PKG_STD,CANCELLED,4,0,INR,2026-05-10 12:47:58,2026-05-10 13:13:58
RES100971,BLR001,CNF100971,GUEST100971,2026-06-30,2026-07-02,DLX,MEMBER,MEM_STD,BOOKED,2,16248,INR,2026-05-10 12:50:53,2026-05-10 15:08:53
RES100972,MUM001,CNF100972,GUEST100972,2026-06-05,2026-06-06,STD,PKG,PKG_DLX,MODIFIED,2,20026,INR,2026-05-10 18:04:01,2026-05-10 18:15:01
RES100973,MUM001,CNF100973,GUEST100973,2026-07-03,2026-07-08,QUEEN,PKG,PKG_STD,BOOKED,1,47325,INR,2026-05-10 09:19:21,2026-05-10 11:18:21
RES100974,HYD001,CNF100974,GUEST100974,2026-06-03,2026-06-07,QUEEN,CORP,CORP_DLX,BOOKED,1,16176,INR,2026-05-10 19:02:00,2026-05-10 19:16:00
RES100975,CHN001,CNF100975,GUEST100975,2026-07-08,2026-07-11,STE,PKG,PKG_STD,CANCELLED,2,0,INR,2026-05-10 05:06:23,2026-05-10 07:20:23
RES100976,MUM001,CNF100976,GUEST100976,2026-05-15,2026-05-18,STE,MEMBER,MEM_STD,CANCELLED,1,0,INR,2026-05-10 18:07:24,2026-05-10 20:51:24
RES100977,MUM002,CNF100977,GUEST100977,2026-06-04,2026-06-08,KING,CORP,CORP_DLX,MODIFIED,1,53604,INR,2026-05-10 22:41:41,2026-05-11 00:19:41
RES100978,CHN001,CNF100978,GUEST100978,2026-07-01,2026-07-06,DLX,PKG,PKG_STD,BOOKED,4,293160,INR,2026-05-10 03:45:57,2026-05-10 06:09:57
RES100979,BLR002,CNF100979,GUEST100979,2026-06-07,2026-06-11,KING,PREPAY,PPR_STD,BOOKED,1,28236,INR,2026-05-10 06:03:40,2026-05-10 06:03:40
RES100980,CHN001,CNF100980,GUEST100980,2026-06-06,2026-06-07,STD,CORP,CORP_STD,BOOKED,2,19630,INR,2026-05-10 11:45:58,2026-05-10 13:49:58
RES100981,KOL001,CNF100981,GUEST100981,2026-06-16,2026-06-18,STD,PREPAY,PPR_DLX,MODIFIED,1,16380,INR,2026-05-10 12:39:05,2026-05-10 13:54:05
RES100982,KER001,CNF100982,GUEST100982,2026-05-12,2026-05-17,STD,CORP,CORP_STD,MODIFIED,2,35860,INR,2026-05-10 10:07:04,2026-05-10 13:00:04
RES100983,KOL001,CNF100983,GUEST100983,2026-05-19,2026-05-20,KING,BAR,BAR_STD,MODIFIED,2,20924,INR,2026-05-10 16:55:35,2026-05-10 18:03:35
RES100984,BLR002,CNF100984,GUEST100984,2026-05-25,2026-05-26,KING,BAR,BAR_DLX,CANCELLED,3,0,INR,2026-05-10 08:55:28,2026-05-10 10:17:28
RES100985,KER001,CNF100985,GUEST100985,2026-06-21,2026-06-26,STE,PKG,PKG_STD,MODIFIED,4,253280,INR,2026-05-10 14:00:47,2026-05-10 15:08:47
RES100986,DEL001,CNF100986,GUEST100986,2026-05-17,2026-05-20,STD,MEMBER,MEM_STD,MODIFIED,3,127233,INR,2026-05-10 02:09:26,2026-05-10 04:34:26
RES100987,MUM001,CNF100987,GUEST100987,2026-05-29,2026-06-01,KING,CORP,CORP_STD,CANCELLED,4,0,INR,2026-05-10 21:47:55,2026-05-10 23:54:55
RES100988,BLR002,CNF100988,GUEST100988,2026-05-25,2026-05-28,KING,BAR,BAR_STD,BOOKED,1,38466,INR,2026-05-10 09:16:48,2026-05-10 11:55:48
RES100989,MUM002,CNF100989,GUEST100989,2026-05-11,2026-05-14,DLX,PKG,PKG_STD,MODIFIED,1,40053,INR,2026-05-10 04:05:46,2026-05-10 04:46:46
RES100990,MUM002,CNF100990,GUEST100990,2026-06-02,2026-06-03,STE,CORP,CORP_STD,MODIFIED,4,19700,INR,2026-05-10 18:14:50,2026-05-10 19:44:50
RES100991,MUM002,CNF100991,GUEST100991,2026-05-20,2026-05-25,KING,BAR,BAR_STD,CANCELLED,1,0,INR,2026-05-10 23:25:34,2026-05-10 23:54:34
RES100992,DEL001,CNF100992,GUEST100992,2026-06-13,2026-06-17,DLX,PKG,PKG_DLX,MODIFIED,3,90096,INR,2026-05-10 04:48:04,2026-05-10 06:03:04
RES100993,KER001,CNF100993,GUEST100993,2026-06-20,2026-06-23,QUEEN,BAR,BAR_DLX,MODIFIED,2,68850,INR,2026-05-10 01:24:56,2026-05-10 03:08:56
RES100994,MUM001,CNF100994,GUEST100994,2026-05-15,2026-05-20,KING,PREPAY,PPR_STD,MODIFIED,3,214515,INR,2026-05-10 04:13:31,2026-05-10 05:10:31
RES100995,DEL002,CNF100995,GUEST100995,2026-05-17,2026-05-21,QUEEN,MEMBER,MEM_DLX,CANCELLED,2,0,INR,2026-05-10 20:25:26,2026-05-10 22:28:26
RES100996,KER001,CNF100996,GUEST100996,2026-07-01,2026-07-02,STD,PKG,PKG_STD,CANCELLED,2,0,INR,2026-05-10 22:34:15,2026-05-10 23:41:15
RES100997,CHA001,CNF100997,GUEST100997,2026-06-01,2026-06-05,STE,PKG,PKG_DLX,MODIFIED,3,120960,INR,2026-05-10 12:45:08,2026-05-10 13:22:08
RES100998,CHA001,CNF100998,GUEST100998,2026-05-18,2026-05-20,DLX,MEMBER,MEM_DLX,MODIFIED,4,65448,INR,2026-05-10 01:54:48,2026-05-10 02:02:48
RES100999,CHN001,CNF100999,GUEST100999,2026-06-16,2026-06-18,DLX,PREPAY,PPR_DLX,CANCELLED,4,0,INR,2026-05-10 16:20:06,2026-05-10 19:16:06
RES101000,MUM002,CNF101000,GUEST101000,2026-06-19,2026-06-24,DLX,BAR,BAR_STD,MODIFIED,4,212700,INR,2026-05-10 11:07:40,2026-05-10 12:07:40
RES101001,DEL001,CNF101001,GUEST101001,2026-06-15,2026-06-20,STE,MEMBER,MEM_DLX,BOOKED,4,298600,INR,2026-05-10 17:59:49,2026-05-10 18:27:49
RES101002,CHA001,CNF101002,GUEST101002,2026-06-27,2026-07-02,QUEEN,CORP,CORP_STD,MODIFIED,1,69280,INR,2026-05-10 13:08:22,2026-05-10 14:44:22
RES101003,KOL001,CNF101003,GUEST101003,2026-05-28,2026-06-01,QUEEN,PKG,PKG_STD,MODIFIED,3,60720,INR,2026-05-10 21:38:27,2026-05-10 22:16:27
RES101004,DEL001,CNF101004,GUEST101004,2026-05-28,2026-06-02,KING,BAR,BAR_STD,MODIFIED,1,32340,INR,2026-05-10 15:13:32,2026-05-10 17:06:32
RES101005,BLR002,CNF101005,GUEST101005,2026-06-16,2026-06-21,STE,CORP,CORP_STD,CANCELLED,4,0,INR,2026-05-10 02:29:47,2026-05-10 05:01:47
RES101006,DEL002,CNF101006,GUEST101006,2026-05-15,2026-05-20,KING,PREPAY,PPR_DLX,BOOKED,3,223830,INR,2026-05-10 03:14:45,2026-05-10 05:55:45
RES101007,KER001,CNF101007,GUEST101007,2026-06-12,2026-06-16,STE,PKG,PKG_STD,CANCELLED,2,0,INR,2026-05-10 01:36:14,2026-05-10 03:29:14
RES101008,BLR002,CNF101008,GUEST101008,2026-05-26,2026-05-29,STE,PKG,PKG_DLX,BOOKED,3,93681,INR,2026-05-10 12:43:37,2026-05-10 15:41:37
RES101009,CHN001,CNF101009,GUEST101009,2026-06-12,2026-06-17,DLX,PKG,PKG_DLX,BOOKED,1,70720,INR,2026-05-10 20:12:52,2026-05-10 21:43:52
RES101010,BLR001,CNF101010,GUEST101010,2026-07-07,2026-07-08,QUEEN,MEMBER,MEM_DLX,MODIFIED,4,44164,INR,2026-05-10 14:32:18,2026-05-10 15:45:18
RES101011,BLR002,CNF101011,GUEST101011,2026-07-04,2026-07-07,KING,CORP,CORP_STD,BOOKED,1,19851,INR,2026-05-10 13:45:24,2026-05-10 16:34:24
RES101012,BLR001,CNF101012,GUEST101012,2026-06-24,2026-06-26,STE,MEMBER,MEM_DLX,CANCELLED,3,0,INR,2026-05-10 23:39:46,2026-05-11 00:42:46
RES101013,BLR001,CNF101013,GUEST101013,2026-06-18,2026-06-19,STD,PKG,PKG_STD,MODIFIED,1,5081,INR,2026-05-10 14:21:36,2026-05-10 14:22:36
RES101014,DEL002,CNF101014,GUEST101014,2026-05-13,2026-05-16,QUEEN,CORP,CORP_DLX,CANCELLED,1,0,INR,2026-05-10 19:51:50,2026-05-10 21:07:50
RES101015,MUM002,CNF101015,GUEST101015,2026-05-16,2026-05-18,QUEEN,CORP,CORP_STD,BOOKED,3,57702,INR,2026-05-10 18:52:37,2026-05-10 19:17:37
RES101016,DEL001,CNF101016,GUEST101016,2026-07-06,2026-07-11,STD,BAR,BAR_STD,BOOKED,1,28890,INR,2026-05-10 06:00:52,2026-05-10 08:34:52
RES101017,CHN001,CNF101017,GUEST101017,2026-05-16,2026-05-19,DLX,BAR,BAR_STD,MODIFIED,1,21726,INR,2026-05-10 05:44:13,2026-05-10 08:01:13
RES101018,KOL001,CNF101018,GUEST101018,2026-06-01,2026-06-03,KING,PREPAY,PPR_DLX,CANCELLED,2,0,INR,2026-05-10 01:53:50,2026-05-10 03:34:50
RES101019,MUM002,CNF101019,GUEST101019,2026-06-22,2026-06-27,DLX,PKG,PKG_DLX,BOOKED,2,61420,INR,2026-05-10 21:20:11,2026-05-10 23:38:11
RES101020,DEL001,CNF101020,GUEST101020,2026-05-16,2026-05-21,STD,MEMBER,MEM_DLX,CANCELLED,1,0,INR,2026-05-10 17:39:24,2026-05-10 19:40:24
RES101021,CHN001,CNF101021,GUEST101021,2026-06-26,2026-06-30,STE,PKG,PKG_STD,CANCELLED,3,0,INR,2026-05-10 07:10:16,2026-05-10 08:36:16
RES101022,KOL001,CNF101022,GUEST101022,2026-06-19,2026-06-24,STD,MEMBER,MEM_DLX,MODIFIED,1,46060,INR,2026-05-10 00:46:44,2026-05-10 02:59:44
RES101023,CHA001,CNF101023,GUEST101023,2026-07-06,2026-07-08,STE,CORP,CORP_STD,BOOKED,4,117728,INR,2026-05-10 17:02:00,2026-05-10 19:56:00
RES101024,BLR001,CNF101024,GUEST101024,2026-06-05,2026-06-06,STD,PKG,PKG_STD,BOOKED,3,15561,INR,2026-05-10 04:45:36,2026-05-10 07:44:36
RES101025,BLR001,CNF101025,GUEST101025,2026-06-13,2026-06-14,STD,BAR,BAR_DLX,CANCELLED,3,0,INR,2026-05-10 10:32:08,2026-05-10 10:41:08
RES101026,BLR002,CNF101026,GUEST101026,2026-06-21,2026-06-26,DLX,BAR,BAR_DLX,MODIFIED,2,37590,INR,2026-05-10 13:31:05,2026-05-10 13:32:05
RES101027,KER001,CNF101027,GUEST101027,2026-06-20,2026-06-24,STD,CORP,CORP_STD,BOOKED,4,141392,INR,2026-05-10 17:51:51,2026-05-10 20:45:51
RES101028,MUM002,CNF101028,GUEST101028,2026-06-15,2026-06-19,QUEEN,MEMBER,MEM_DLX,CANCELLED,4,0,INR,2026-05-10 22:02:32,2026-05-11 00:05:32
RES101029,DEL001,CNF101029,GUEST101029,2026-06-23,2026-06-24,KING,MEMBER,MEM_STD,MODIFIED,1,3633,INR,2026-05-10 04:36:59,2026-05-10 04:53:59
RES101030,HYD001,CNF101030,GUEST101030,2026-07-07,2026-07-11,QUEEN,CORP,CORP_STD,BOOKED,3,107340,INR,2026-05-10 17:38:12,2026-05-10 19:43:12
RES101031,BLR001,CNF101031,GUEST101031,2026-05-18,2026-05-22,DLX,BAR,BAR_DLX,MODIFIED,4,236576,INR,2026-05-10 09:43:17,2026-05-10 11:00:17
RES101032,KER001,CNF101032,GUEST101032,2026-05-24,2026-05-26,QUEEN,PKG,PKG_STD,MODIFIED,2,58968,INR,2026-05-10 14:59:02,2026-05-10 17:53:02
RES101033,BLR002,CNF101033,GUEST101033,2026-06-17,2026-06-21,STD,PKG,PKG_DLX,MODIFIED,4,215152,INR,2026-05-10 00:52:06,2026-05-10 03:01:06
RES101034,CHN001,CNF101034,GUEST101034,2026-05-30,2026-06-04,STE,MEMBER,MEM_STD,MODIFIED,2,56580,INR,2026-05-10 11:36:02,2026-05-10 14:35:02
RES101035,BLR001,CNF101035,GUEST101035,2026-06-28,2026-07-02,STE,CORP,CORP_STD,MODIFIED,1,35424,INR,2026-05-10 19:57:41,2026-05-10 22:23:41
RES101036,CHA001,CNF101036,GUEST101036,2026-06-07,2026-06-09,STE,PKG,PKG_DLX,CANCELLED,3,0,INR,2026-05-10 15:13:43,2026-05-10 17:55:43
RES101037,DEL001,CNF101037,GUEST101037,2026-06-28,2026-07-03,STE,PKG,PKG_DLX,MODIFIED,3,81510,INR,2026-05-10 07:36:54,2026-05-10 10:27:54
RES101038,BLR002,CNF101038,GUEST101038,2026-05-13,2026-05-17,DLX,CORP,CORP_DLX,BOOKED,4,108768,INR,2026-05-10 01:24:01,2026-05-10 02:37:01
RES101039,DEL002,CNF101039,GUEST101039,2026-06-28,2026-07-03,KING,PREPAY,PPR_DLX,MODIFIED,4,165580,INR,2026-05-10 07:17:47,2026-05-10 09:44:47
RES101040,CHN001,CNF101040,GUEST101040,2026-05-26,2026-05-31,STD,BAR,BAR_STD,CANCELLED,3,0,INR,2026-05-10 03:31:17,2026-05-10 04:28:17
RES101041,BLR002,CNF101041,GUEST101041,2026-05-27,2026-05-29,KING,PREPAY,PPR_STD,CANCELLED,3,0,INR,2026-05-10 07:12:13,2026-05-10 08:19:13
RES101042,KOL001,CNF101042,GUEST101042,2026-05-31,2026-06-05,STD,PREPAY,PPR_STD,CANCELLED,2,0,INR,2026-05-10 22:45:33,2026-05-11 00:03:33
RES101043,BLR001,CNF101043,GUEST101043,2026-06-09,2026-06-13,STD,PKG,PKG_DLX,CANCELLED,1,0,INR,2026-05-10 00:19:24,2026-05-10 02:33:24
RES101044,BLR001,CNF101044,GUEST101044,2026-07-07,2026-07-11,QUEEN,PKG,PKG_DLX,MODIFIED,1,23532,INR,2026-05-10 17:21:12,2026-05-10 18:32:12
RES101045,DEL001,CNF101045,GUEST101045,2026-07-03,2026-07-04,DLX,PKG,PKG_DLX,CANCELLED,1,0,INR,2026-05-10 22:26:42,2026-05-11 01:14:42
RES101046,BLR002,CNF101046,GUEST101046,2026-05-12,2026-05-16,STD,PKG,PKG_DLX,BOOKED,1,23540,INR,2026-05-10 14:51:54,2026-05-10 16:54:54
RES101047,MUM001,CNF101047,GUEST101047,2026-06-22,2026-06-24,QUEEN,PREPAY,PPR_STD,MODIFIED,3,38118,INR,2026-05-10 09:15:11,2026-05-10 10:32:11
RES101048,BLR001,CNF101048,GUEST101048,2026-06-01,2026-06-05,STD,BAR,BAR_DLX,MODIFIED,4,133248,INR,2026-05-10 18:02:14,2026-05-10 18:38:14
RES101049,DEL001,CNF101049,GUEST101049,2026-06-29,2026-07-01,KING,MEMBER,MEM_STD,CANCELLED,2,0,INR,2026-05-10 11:50:47,2026-05-10 13:12:47
RES101050,MUM001,CNF101050,GUEST101050,2026-06-07,2026-06-10,DLX,MEMBER,MEM_DLX,BOOKED,1,20250,INR,2026-05-10 02:30:30,2026-05-10 03:56:30
RES101051,CHA001,CNF101051,GUEST101051,2026-06-26,2026-07-01,KING,PREPAY,PPR_STD,CANCELLED,2,0,INR,2026-05-10 19:58:30,2026-05-10 20:39:30
RES101052,DEL002,CNF101052,GUEST101052,2026-07-05,2026-07-08,QUEEN,MEMBER,MEM_DLX,BOOKED,2,54150,INR,2026-05-10 14:02:19,2026-05-10 15:17:19
RES101053,CHA001,CNF101053,GUEST101053,2026-05-11,2026-05-12,DLX,PKG,PKG_STD,MODIFIED,4,42708,INR,2026-05-10 02:52:17,2026-05-10 03:30:17
RES101054,CHN001,CNF101054,GUEST101054,2026-05-24,2026-05-29,QUEEN,MEMBER,MEM_STD,CANCELLED,1,0,INR,2026-05-10 23:18:50,2026-05-11 00:44:50
RES101055,DEL002,CNF101055,GUEST101055,2026-05-25,2026-05-29,DLX,CORP,CORP_DLX,MODIFIED,4,183776,INR,2026-05-10 22:32:13,2026-05-10 23:44:13
RES101056,KOL001,CNF101056,GUEST101056,2026-05-23,2026-05-27,STD,PREPAY,PPR_STD,CANCELLED,1,0,INR,2026-05-10 23:36:07,2026-05-11 01:17:07
RES101057,DEL002,CNF101057,GUEST101057,2026-05-31,2026-06-01,KING,PKG,PKG_DLX,BOOKED,2,10014,INR,2026-05-10 17:31:58,2026-05-10 19:58:58
RES101058,CHA001,CNF101058,GUEST101058,2026-06-06,2026-06-11,STD,MEMBER,MEM_STD,CANCELLED,2,0,INR,2026-05-10 01:43:10,2026-05-10 01:55:10
RES101059,MUM002,CNF101059,GUEST101059,2026-06-15,2026-06-20,KING,CORP,CORP_STD,MODIFIED,1,73245,INR,2026-05-10 18:04:32,2026-05-10 20:25:32
RES101060,BLR001,CNF101060,GUEST101060,2026-06-03,2026-06-05,STD,BAR,BAR_STD,MODIFIED,1,22704,INR,2026-05-10 03:50:41,2026-05-10 05:38:41
RES101061,HYD001,CNF101061,GUEST101061,2026-05-23,2026-05-27,STE,MEMBER,MEM_STD,MODIFIED,1,24948,INR,2026-05-10 10:46:19,2026-05-10 12:03:19
RES101062,BLR001,CNF101062,GUEST101062,2026-07-06,2026-07-11,STD,PREPAY,PPR_DLX,CANCELLED,4,0,INR,2026-05-10 09:04:19,2026-05-10 10:38:19
RES101063,MUM002,CNF101063,GUEST101063,2026-06-03,2026-06-06,DLX,CORP,CORP_STD,BOOKED,1,42129,INR,2026-05-10 15:45:15,2026-05-10 17:58:15
RES101064,CHN001,CNF101064,GUEST101064,2026-05-24,2026-05-27,DLX,CORP,CORP_DLX,BOOKED,3,70776,INR,2026-05-10 09:16:15,2026-05-10 10:02:15
RES101065,KOL001,CNF101065,GUEST101065,2026-06-14,2026-06-18,QUEEN,PKG,PKG_DLX,CANCELLED,3,0,INR,2026-05-10 18:27:53,2026-05-10 20:09:53
RES101066,DEL001,CNF101066,GUEST101066,2026-06-28,2026-07-01,DLX,MEMBER,MEM_STD,MODIFIED,2,73854,INR,2026-05-10 23:42:26,2026-05-11 00:46:26
RES101067,BLR002,CNF101067,GUEST101067,2026-06-05,2026-06-09,KING,PREPAY,PPR_STD,CANCELLED,4,0,INR,2026-05-10 05:17:24,2026-05-10 08:14:24
RES101068,CHN001,CNF101068,GUEST101068,2026-05-11,2026-05-16,STD,CORP,CORP_DLX,CANCELLED,4,0,INR,2026-05-10 06:00:42,2026-05-10 06:04:42
RES101069,KOL001,CNF101069,GUEST101069,2026-05-23,2026-05-24,STD,CORP,CORP_DLX,BOOKED,4,30828,INR,2026-05-10 13:29:40,2026-05-10 15:13:40
RES101070,KOL001,CNF101070,GUEST101070,2026-07-07,2026-07-11,KING,PREPAY,PPR_DLX,BOOKED,1,58152,INR,2026-05-10 09:08:12,2026-05-10 11:16:12
RES101071,MUM002,CNF101071,GUEST101071,2026-05-23,2026-05-27,STD,BAR,BAR_STD,BOOKED,2,75224,INR,2026-05-10 13:05:53,2026-05-10 14:46:53
RES101072,MUM001,CNF101072,GUEST101072,2026-07-03,2026-07-08,KING,MEMBER,MEM_STD,CANCELLED,4,0,INR,2026-05-10 19:52:45,2026-05-10 19:53:45
RES101073,BLR002,CNF101073,GUEST101073,2026-06-20,2026-06-22,STE,PKG,PKG_DLX,CANCELLED,2,0,INR,2026-05-10 05:48:29,2026-05-10 06:17:29
RES101074,HYD001,CNF101074,GUEST101074,2026-06-05,2026-06-07,DLX,BAR,BAR_STD,MODIFIED,4,107208,INR,2026-05-10 15:25:55,2026-05-10 17:25:55
RES101075,CHN001,CNF101075,GUEST101075,2026-07-03,2026-07-08,KING,CORP,CORP_STD,CANCELLED,3,0,INR,2026-05-10 13:22:47,2026-05-10 15:50:47
RES101076,CHN001,CNF101076,GUEST101076,2026-05-16,2026-05-21,STD,MEMBER,MEM_STD,BOOKED,3,158430,INR,2026-05-10 07:44:30,2026-05-10 08:33:30
RES101077,MUM002,CNF101077,GUEST101077,2026-05-11,2026-05-12,STE,CORP,CORP_DLX,BOOKED,1,11365,INR,2026-05-10 14:04:52,2026-05-10 15:57:52
RES101078,HYD001,CNF101078,GUEST101078,2026-05-19,2026-05-24,KING,PREPAY,PPR_DLX,CANCELLED,3,0,INR,2026-05-10 10:54:50,2026-05-10 11:30:50
RES101079,KER001,CNF101079,GUEST101079,2026-06-03,2026-06-06,STE,BAR,BAR_DLX,CANCELLED,2,0,INR,2026-05-10 11:07:17,2026-05-10 11:33:17
RES101080,CHN001,CNF101080,GUEST101080,2026-06-23,2026-06-26,KING,MEMBER,MEM_DLX,BOOKED,1,42474,INR,2026-05-10 17:25:36,2026-05-10 20:18:36
RES101081,BLR002,CNF101081,GUEST101081,2026-05-29,2026-06-02,DLX,CORP,CORP_STD,MODIFIED,3,172572,INR,2026-05-10 23:23:13,2026-05-11 00:08:13
RES101082,BLR002,CNF101082,GUEST101082,2026-05-15,2026-05-16,STD,CORP,CORP_STD,MODIFIED,1,5320,INR,2026-05-10 16:52:55,2026-05-10 19:15:55
RES101083,MUM001,CNF101083,GUEST101083,2026-06-29,2026-07-02,DLX,PKG,PKG_STD,CANCELLED,3,0,INR,2026-05-10 20:35:40,2026-05-10 21:47:40
RES101084,KER001,CNF101084,GUEST101084,2026-05-21,2026-05-26,STD,PKG,PKG_DLX,MODIFIED,2,51750,INR,2026-05-10 05:56:39,2026-05-10 06:29:39
RES101085,BLR001,CNF101085,GUEST101085,2026-05-18,2026-05-22,STD,BAR,BAR_STD,CANCELLED,1,0,INR,2026-05-10 06:30:01,2026-05-10 08:43:01
RES101086,HYD001,CNF101086,GUEST101086,2026-07-03,2026-07-08,STE,PREPAY,PPR_DLX,CANCELLED,3,0,INR,2026-05-10 15:05:42,2026-05-10 16:47:42
RES101087,DEL002,CNF101087,GUEST101087,2026-06-24,2026-06-25,DLX,PKG,PKG_DLX,MODIFIED,2,21660,INR,2026-05-10 21:04:20,2026-05-10 23:37:20
RES101088,CHN001,CNF101088,GUEST101088,2026-06-04,2026-06-08,STD,PKG,PKG_DLX,BOOKED,4,215488,INR,2026-05-10 08:29:23,2026-05-10 10:18:23
RES101089,KER001,CNF101089,GUEST101089,2026-07-01,2026-07-03,STE,PKG,PKG_STD,CANCELLED,1,0,INR,2026-05-10 09:46:26,2026-05-10 10:17:26
RES101090,KER001,CNF101090,GUEST101090,2026-05-24,2026-05-26,STD,PREPAY,PPR_STD,BOOKED,2,47184,INR,2026-05-10 02:16:19,2026-05-10 03:46:19
RES101091,CHN001,CNF101091,GUEST101091,2026-07-08,2026-07-11,KING,MEMBER,MEM_DLX,MODIFIED,2,84402,INR,2026-05-10 06:11:44,2026-05-10 08:36:44
RES101092,CHA001,CNF101092,GUEST101092,2026-06-24,2026-06-29,DLX,PKG,PKG_DLX,MODIFIED,3,189390,INR,2026-05-10 07:00:31,2026-05-10 08:49:31
RES101093,CHN001,CNF101093,GUEST101093,2026-06-07,2026-06-10,DLX,PKG,PKG_DLX,MODIFIED,1,32520,INR,2026-05-10 00:06:26,2026-05-10 00:25:26
RES101094,BLR001,CNF101094,GUEST101094,2026-05-12,2026-05-17,STE,PKG,PKG_DLX,BOOKED,3,147315,INR,2026-05-10 19:47:25,2026-05-10 20:29:25
RES101095,DEL002,CNF101095,GUEST101095,2026-06-02,2026-06-04,STD,PKG,PKG_STD,MODIFIED,4,63328,INR,2026-05-10 13:06:59,2026-05-10 14:08:59
RES101096,MUM001,CNF101096,GUEST101096,2026-05-21,2026-05-22,STD,MEMBER,MEM_STD,MODIFIED,4,29460,INR,2026-05-10 00:59:47,2026-05-10 02:16:47
RES101097,MUM002,CNF101097,GUEST101097,2026-06-09,2026-06-14,STE,PREPAY,PPR_DLX,MODIFIED,3,96135,INR,2026-05-10 14:13:15,2026-05-10 15:47:15
RES101098,BLR002,CNF101098,GUEST101098,2026-06-07,2026-06-09,KING,PKG,PKG_STD,CANCELLED,1,0,INR,2026-05-10 03:14:21,2026-05-10 03:44:21
RES101099,CHA001,CNF101099,GUEST101099,2026-06-27,2026-06-29,STE,BAR,BAR_DLX,MODIFIED,1,17940,INR,2026-05-10 13:28:16,2026-05-10 13:50:16
RES101100,KER001,CNF101100,GUEST101100,2026-05-11,2026-05-15,STE,CORP,CORP_DLX,MODIFIED,1,16516,INR,2026-05-10 05:11:41,2026-05-10 06:58:41
RES101101,BLR002,CNF101101,GUEST101101,2026-06-11,2026-06-15,KING,BAR,BAR_STD,MODIFIED,1,36708,INR,2026-05-10 05:08:53,2026-05-10 05:21:53
RES101102,BLR001,CNF101102,GUEST101102,2026-05-26,2026-05-29,QUEEN,PKG,PKG_STD,BOOKED,1,20133,INR,2026-05-10 08:30:46,2026-05-10 08:44:46
RES101103,CHA001,CNF101103,GUEST101103,2026-06-03,2026-06-08,KING,PKG,PKG_DLX,CANCELLED,2,0,INR,2026-05-10 18:04:34,2026-05-10 18:48:34
RES101104,BLR002,CNF101104,GUEST101104,2026-06-12,2026-06-13,DLX,MEMBER,MEM_DLX,CANCELLED,1,0,INR,2026-05-10 13:39:38,2026-05-10 15:47:38
RES101105,MUM001,CNF101105,GUEST101105,2026-07-04,2026-07-09,DLX,PKG,PKG_STD,CANCELLED,2,0,INR,2026-05-10 14:58:06,2026-05-10 15:39:06
RES101106,HYD001,CNF101106,GUEST101106,2026-05-19,2026-05-21,STD,BAR,BAR_DLX,CANCELLED,3,0,INR,2026-05-10 02:43:39,2026-05-10 04:05:39
RES101107,CHN001,CNF101107,GUEST101107,2026-07-01,2026-07-05,STE,MEMBER,MEM_DLX,BOOKED,1,39172,INR,2026-05-10 04:31:45,2026-05-10 04:54:45
RES101108,MUM001,CNF101108,GUEST101108,2026-06-09,2026-06-13,KING,PKG,PKG_STD,MODIFIED,4,183984,INR,2026-05-10 05:18:48,2026-05-10 05:38:48
RES101109,MUM002,CNF101109,GUEST101109,2026-05-19,2026-05-23,QUEEN,PKG,PKG_DLX,BOOKED,1,28136,INR,2026-05-10 08:21:36,2026-05-10 10:55:36
RES101110,KER001,CNF101110,GUEST101110,2026-05-16,2026-05-19,QUEEN,CORP,CORP_DLX,CANCELLED,4,0,INR,2026-05-10 03:07:19,2026-05-10 05:56:19
RES101111,BLR001,CNF101111,GUEST101111,2026-05-20,2026-05-23,STE,BAR,BAR_STD,CANCELLED,2,0,INR,2026-05-10 20:31:45,2026-05-10 20:32:45
RES101112,HYD001,CNF101112,GUEST101112,2026-06-22,2026-06-24,STE,MEMBER,MEM_STD,MODIFIED,3,60282,INR,2026-05-10 22:57:21,2026-05-11 01:53:21
RES101113,MUM001,CNF101113,GUEST101113,2026-07-08,2026-07-12,DLX,BAR,BAR_DLX,BOOKED,3,60036,INR,2026-05-10 00:44:11,2026-05-10 01:37:11
RES101114,CHN001,CNF101114,GUEST101114,2026-07-08,2026-07-13,QUEEN,PREPAY,PPR_DLX,BOOKED,4,252240,INR,2026-05-10 21:51:28,2026-05-10 23:46:28
RES101115,CHA001,CNF101115,GUEST101115,2026-05-18,2026-05-23,QUEEN,PKG,PKG_STD,MODIFIED,3,69105,INR,2026-05-10 21:17:34,2026-05-10 22:03:34
RES101116,BLR001,CNF101116,GUEST101116,2026-05-15,2026-05-19,DLX,CORP,CORP_STD,CANCELLED,3,0,INR,2026-05-10 06:25:35,2026-05-10 07:41:35
RES101117,MUM002,CNF101117,GUEST101117,2026-07-03,2026-07-05,STD,BAR,BAR_DLX,CANCELLED,2,0,INR,2026-05-10 03:20:27,2026-05-10 05:20:27
RES101118,MUM002,CNF101118,GUEST101118,2026-05-19,2026-05-24,STE,PREPAY,PPR_STD,BOOKED,2,102410,INR,2026-05-10 00:10:06,2026-05-10 01:17:06
RES101119,HYD001,CNF101119,GUEST101119,2026-06-02,2026-06-06,DLX,CORP,CORP_STD,BOOKED,4,128944,INR,2026-05-10 13:13:41,2026-05-10 13:15:41
RES101120,KOL001,CNF101120,GUEST101120,2026-06-02,2026-06-07,STE,BAR,BAR_STD,CANCELLED,4,0,INR,2026-05-10 06:57:09,2026-05-10 08:54:09
RES101121,BLR001,CNF101121,GUEST101121,2026-05-19,2026-05-22,DLX,PKG,PKG_DLX,CANCELLED,1,0,INR,2026-05-10 02:00:51,2026-05-10 04:22:51
RES101122,MUM002,CNF101122,GUEST101122,2026-06-22,2026-06-25,STD,CORP,CORP_STD,BOOKED,1,31020,INR,2026-05-10 02:57:26,2026-05-10 04:54:26
RES101123,CHN001,CNF101123,GUEST101123,2026-06-08,2026-06-09,QUEEN,PKG,PKG_STD,MODIFIED,1,10715,INR,2026-05-10 20:58:21,2026-05-10 22:58:21
RES101124,BLR001,CNF101124,GUEST101124,2026-05-13,2026-05-18,KING,BAR,BAR_STD,CANCELLED,4,0,INR,2026-05-10 18:17:51,2026-05-10 19:54:51
RES101125,BLR002,CNF101125,GUEST101125,2026-07-07,2026-07-10,QUEEN,BAR,BAR_DLX,CANCELLED,2,0,INR,2026-05-10 22:44:38,2026-05-11 00:33:38
RES101126,BLR002,CNF101126,GUEST101126,2026-05-31,2026-06-01,KING,BAR,BAR_STD,BOOKED,2,21280,INR,2026-05-10 04:39:51,2026-05-10 05:46:51
RES101127,MUM002,CNF101127,GUEST101127,2026-06-21,2026-06-22,DLX,PKG,PKG_STD,CANCELLED,2,0,INR,2026-05-10 01:28:48,2026-05-10 04:00:48
RES101128,MUM002,CNF101128,GUEST101128,2026-05-27,2026-05-31,STE,PREPAY,PPR_STD,CANCELLED,4,0,INR,2026-05-10 10:03:43,2026-05-10 12:09:43
RES101129,CHA001,CNF101129,GUEST101129,2026-06-11,2026-06-16,STE,MEMBER,MEM_STD,MODIFIED,4,268560,INR,2026-05-10 19:34:51,2026-05-10 22:20:51
RES101130,DEL001,CNF101130,GUEST101130,2026-05-21,2026-05-26,KING,PREPAY,PPR_STD,MODIFIED,3,100065,INR,2026-05-10 19:13:08,2026-05-10 20:17:08
RES101131,DEL001,CNF101131,GUEST101131,2026-06-21,2026-06-23,KING,MEMBER,MEM_DLX,CANCELLED,1,0,INR,2026-05-10 07:20:05,2026-05-10 09:51:05
RES101132,CHA001,CNF101132,GUEST101132,2026-06-16,2026-06-20,QUEEN,PREPAY,PPR_DLX,CANCELLED,4,0,INR,2026-05-10 01:17:51,2026-05-10 03:56:51
RES101133,KER001,CNF101133,GUEST101133,2026-07-06,2026-07-07,KING,PKG,PKG_DLX,BOOKED,2,12316,INR,2026-05-10 06:34:12,2026-05-10 09:20:12
RES101134,BLR002,CNF101134,GUEST101134,2026-06-21,2026-06-23,QUEEN,BAR,BAR_DLX,CANCELLED,1,0,INR,2026-05-10 02:34:08,2026-05-10 04:28:08
RES101135,KER001,CNF101135,GUEST101135,2026-06-26,2026-06-29,STE,PKG,PKG_STD,CANCELLED,2,0,INR,2026-05-10 19:44:25,2026-05-10 20:43:25
RES101136,KER001,CNF101136,GUEST101136,2026-06-21,2026-06-23,STD,MEMBER,MEM_STD,CANCELLED,1,0,INR,2026-05-10 20:54:59,2026-05-10 23:50:59
RES101137,CHN001,CNF101137,GUEST101137,2026-05-19,2026-05-22,STE,MEMBER,MEM_STD,MODIFIED,2,86940,INR,2026-05-10 12:27:39,2026-05-10 13:53:39
RES101138,KER001,CNF101138,GUEST101138,2026-06-29,2026-07-01,STD,PKG,PKG_DLX,MODIFIED,3,60840,INR,2026-05-10 23:31:33,2026-05-11 01:50:33
RES101139,KOL001,CNF101139,GUEST101139,2026-06-19,2026-06-23,STE,MEMBER,MEM_DLX,BOOKED,4,159520,INR,2026-05-10 05:57:09,2026-05-10 08:43:09
RES101140,HYD001,CNF101140,GUEST101140,2026-05-12,2026-05-14,KING,PKG,PKG_STD,BOOKED,3,38478,INR,2026-05-10 15:53:05,2026-05-10 16:27:05
RES101141,CHN001,CNF101141,GUEST101141,2026-06-22,2026-06-24,QUEEN,MEMBER,MEM_STD,MODIFIED,4,74016,INR,2026-05-10 19:57:13,2026-05-10 22:37:13
RES101142,DEL002,CNF101142,GUEST101142,2026-06-17,2026-06-20,DLX,PREPAY,PPR_DLX,BOOKED,3,115200,INR,2026-05-10 17:31:58,2026-05-10 18:49:58
RES101143,BLR001,CNF101143,GUEST101143,2026-06-30,2026-07-04,DLX,PKG,PKG_DLX,CANCELLED,3,0,INR,2026-05-10 22:17:46,2026-05-11 00:17:46
RES101144,KER001,CNF101144,GUEST101144,2026-06-22,2026-06-26,KING,BAR,BAR_DLX,MODIFIED,3,78900,INR,2026-05-10 12:29:26,2026-05-10 15:05:26
RES101145,DEL001,CNF101145,GUEST101145,2026-06-09,2026-06-14,STE,CORP,CORP_STD,CANCELLED,3,0,INR,2026-05-10 04:29:12,2026-05-10 06:43:12
RES101146,KOL001,CNF101146,GUEST101146,2026-05-28,2026-05-31,KING,MEMBER,MEM_DLX,MODIFIED,4,87264,INR,2026-05-10 10:43:29,2026-05-10 12:13:29
RES101147,BLR002,CNF101147,GUEST101147,2026-05-27,2026-05-28,QUEEN,MEMBER,MEM_DLX,BOOKED,4,23636,INR,2026-05-10 11:42:40,2026-05-10 12:09:40
RES101148,KER001,CNF101148,GUEST101148,2026-07-06,2026-07-10,QUEEN,BAR,BAR_STD,CANCELLED,4,0,INR,2026-05-10 16:51:12,2026-05-10 18:56:12
RES101149,BLR002,CNF101149,GUEST101149,2026-05-15,2026-05-16,KING,PREPAY,PPR_DLX,MODIFIED,3,43581,INR,2026-05-10 01:32:00,2026-05-10 02:50:00
RES101150,KER001,CNF101150,GUEST101150,2026-05-25,2026-05-29,STE,CORP,CORP_STD,BOOKED,1,29744,INR,2026-05-10 10:11:00,2026-05-10 10:26:00
RES101151,KER001,CNF101151,GUEST101151,2026-05-23,2026-05-28,DLX,MEMBER,MEM_STD,MODIFIED,3,58455,INR,2026-05-10 02:13:46,2026-05-10 04:13:46
RES101152,CHN001,CNF101152,GUEST101152,2026-06-16,2026-06-21,STD,BAR,BAR_STD,MODIFIED,3,77100,INR,2026-05-10 04:12:24,2026-05-10 06:20:24
RES101153,MUM002,CNF101153,GUEST101153,2026-06-03,2026-06-05,STE,CORP,CORP_STD,BOOKED,2,42532,INR,2026-05-10 18:12:44,2026-05-10 19:55:44
RES101154,CHA001,CNF101154,GUEST101154,2026-05-15,2026-05-19,STD,MEMBER,MEM_DLX,MODIFIED,4,168320,INR,2026-05-10 01:04:55,2026-05-10 01:28:55
RES101155,DEL001,CNF101155,GUEST101155,2026-06-04,2026-06-06,QUEEN,CORP,CORP_STD,MODIFIED,3,48924,INR,2026-05-10 22:40:06,2026-05-11 01:00:06
RES101156,MUM001,CNF101156,GUEST101156,2026-05-23,2026-05-24,KING,PREPAY,PPR_DLX,BOOKED,1,13842,INR,2026-05-10 06:40:29,2026-05-10 08:21:29
RES101157,MUM002,CNF101157,GUEST101157,2026-06-16,2026-06-20,KING,MEMBER,MEM_DLX,BOOKED,1,16976,INR,2026-05-10 13:27:01,2026-05-10 14:43:01
RES101158,CHN001,CNF101158,GUEST101158,2026-06-12,2026-06-13,QUEEN,PREPAY,PPR_STD,MODIFIED,1,3871,INR,2026-05-10 01:52:37,2026-05-10 02:13:37
RES101159,BLR001,CNF101159,GUEST101159,2026-07-03,2026-07-07,STE,CORP,CORP_STD,MODIFIED,1,57480,INR,2026-05-10 20:43:43,2026-05-10 22:03:43
RES101160,BLR002,CNF101160,GUEST101160,2026-05-27,2026-05-30,STE,PREPAY,PPR_STD,BOOKED,2,25416,INR,2026-05-10 18:22:57,2026-05-10 19:49:57
RES101161,HYD001,CNF101161,GUEST101161,2026-05-12,2026-05-16,STD,PKG,PKG_STD,MODIFIED,4,127872,INR,2026-05-10 10:27:01,2026-05-10 11:45:01
RES101162,DEL001,CNF101162,GUEST101162,2026-07-03,2026-07-06,KING,MEMBER,MEM_DLX,CANCELLED,2,0,INR,2026-05-10 20:02:48,2026-05-10 21:56:48
RES101163,CHN001,CNF101163,GUEST101163,2026-05-30,2026-05-31,STD,PKG,PKG_STD,BOOKED,2,17424,INR,2026-05-10 01:02:34,2026-05-10 01:15:34
RES101164,BLR001,CNF101164,GUEST101164,2026-06-11,2026-06-15,QUEEN,PREPAY,PPR_STD,MODIFIED,2,47416,INR,2026-05-10 07:27:33,2026-05-10 09:03:33
RES101165,CHA001,CNF101165,GUEST101165,2026-07-02,2026-07-05,QUEEN,PKG,PKG_STD,BOOKED,3,117108,INR,2026-05-10 07:04:39,2026-05-10 08:33:39
RES101166,DEL001,CNF101166,GUEST101166,2026-07-07,2026-07-08,STE,MEMBER,MEM_DLX,BOOKED,3,12927,INR,2026-05-10 06:02:16,2026-05-10 07:44:16
RES101167,CHA001,CNF101167,GUEST101167,2026-06-23,2026-06-28,STE,PREPAY,PPR_DLX,BOOKED,3,188625,INR,2026-05-10 02:49:15,2026-05-10 05:24:15
RES101168,BLR001,CNF101168,GUEST101168,2026-06-21,2026-06-26,STE,MEMBER,MEM_DLX,CANCELLED,4,0,INR,2026-05-10 04:54:56,2026-05-10 06:23:56
RES101169,BLR001,CNF101169,GUEST101169,2026-06-14,2026-06-16,KING,PREPAY,PPR_DLX,BOOKED,4,95544,INR,2026-05-10 15:52:37,2026-05-10 17:42:37
RES101170,DEL002,CNF101170,GUEST101170,2026-05-30,2026-06-01,QUEEN,BAR,BAR_STD,BOOKED,1,16810,INR,2026-05-10 21:10:41,2026-05-10 21:29:41
RES101171,BLR001,CNF101171,GUEST101171,2026-06-20,2026-06-25,STE,PKG,PKG_STD,MODIFIED,4,183220,INR,2026-05-10 00:13:40,2026-05-10 02:31:40
RES101172,KOL001,CNF101172,GUEST101172,2026-05-22,2026-05-23,STE,PREPAY,PPR_DLX,BOOKED,3,41898,INR,2026-05-10 23:57:11,2026-05-11 02:13:11
RES101173,BLR002,CNF101173,GUEST101173,2026-05-16,2026-05-21,STE,PREPAY,PPR_STD,MODIFIED,4,81320,INR,2026-05-10 04:53:31,2026-05-10 06:05:31
RES101174,CHN001,CNF101174,GUEST101174,2026-05-27,2026-05-28,DLX,MEMBER,MEM_STD,CANCELLED,2,0,INR,2026-05-10 18:53:58,2026-05-10 19:45:58
RES101175,KOL001,CNF101175,GUEST101175,2026-05-27,2026-05-28,QUEEN,BAR,BAR_DLX,BOOKED,1,10416,INR,2026-05-10 10:51:35,2026-05-10 11:18:35
RES101176,KOL001,CNF101176,GUEST101176,2026-06-01,2026-06-05,STD,CORP,CORP_STD,CANCELLED,3,0,INR,2026-05-10 08:10:37,2026-05-10 10:38:37
RES101177,KER001,CNF101177,GUEST101177,2026-06-20,2026-06-25,STD,PKG,PKG_STD,CANCELLED,1,0,INR,2026-05-10 10:05:10,2026-05-10 12:30:10
RES101178,DEL002,CNF101178,GUEST101178,2026-07-02,2026-07-05,DLX,PREPAY,PPR_DLX,BOOKED,2,23316,INR,2026-05-10 11:44:55,2026-05-10 13:19:55
RES101179,KOL001,CNF101179,GUEST101179,2026-06-06,2026-06-07,STE,CORP,CORP_STD,CANCELLED,2,0,INR,2026-05-10 21:12:58,2026-05-10 22:29:58
RES101180,KER001,CNF101180,GUEST101180,2026-05-17,2026-05-22,DLX,MEMBER,MEM_STD,CANCELLED,2,0,INR,2026-05-10 12:34:16,2026-05-10 13:15:16
RES101181,MUM001,CNF101181,GUEST101181,2026-06-20,2026-06-22,STE,MEMBER,MEM_DLX,CANCELLED,3,0,INR,2026-05-10 07:06:28,2026-05-10 08:35:28
RES101182,HYD001,CNF101182,GUEST101182,2026-05-17,2026-05-19,STE,CORP,CORP_STD,MODIFIED,4,112320,INR,2026-05-10 05:43:39,2026-05-10 07:33:39
RES101183,KER001,CNF101183,GUEST101183,2026-07-07,2026-07-12,STD,BAR,BAR_DLX,CANCELLED,4,0,INR,2026-05-10 00:18:50,2026-05-10 03:18:50
RES101184,CHA001,CNF101184,GUEST101184,2026-05-16,2026-05-19,QUEEN,PKG,PKG_STD,CANCELLED,1,0,INR,2026-05-10 09:31:29,2026-05-10 11:43:29
RES101185,DEL002,CNF101185,GUEST101185,2026-05-18,2026-05-21,STD,CORP,CORP_DLX,CANCELLED,4,0,INR,2026-05-10 05:48:03,2026-05-10 07:46:03
RES101186,CHA001,CNF101186,GUEST101186,2026-07-01,2026-07-03,QUEEN,CORP,CORP_STD,CANCELLED,3,0,INR,2026-05-10 20:24:55,2026-05-10 20:55:55
RES101187,BLR001,CNF101187,GUEST101187,2026-07-06,2026-07-10,STD,BAR,BAR_DLX,BOOKED,1,43144,INR,2026-05-10 15:52:35,2026-05-10 16:34:35
RES101188,MUM002,CNF101188,GUEST101188,2026-05-31,2026-06-04,STE,MEMBER,MEM_STD,BOOKED,2,44256,INR,2026-05-10 04:24:55,2026-05-10 05:25:55
RES101189,MUM002,CNF101189,GUEST101189,2026-05-23,2026-05-25,STD,PREPAY,PPR_STD,MODIFIED,4,115680,INR,2026-05-10 23:57:26,2026-05-11 01:44:26
RES101190,HYD001,CNF101190,GUEST101190,2026-06-25,2026-06-29,KING,BAR,BAR_STD,MODIFIED,1,24328,INR,2026-05-10 06:43:37,2026-05-10 08:02:37
RES101191,CHN001,CNF101191,GUEST101191,2026-06-13,2026-06-14,STD,CORP,CORP_STD,CANCELLED,1,0,INR,2026-05-10 04:38:16,2026-05-10 05:51:16
RES101192,MUM002,CNF101192,GUEST101192,2026-05-11,2026-05-16,KING,PKG,PKG_DLX,MODIFIED,3,198465,INR,2026-05-10 09:47:52,2026-05-10 11:32:52
RES101193,DEL001,CNF101193,GUEST101193,2026-05-23,2026-05-25,QUEEN,BAR,BAR_DLX,BOOKED,3,79410,INR,2026-05-10 21:40:28,2026-05-10 21:42:28
RES101194,CHN001,CNF101194,GUEST101194,2026-05-29,2026-05-30,DLX,PKG,PKG_STD,BOOKED,4,17024,INR,2026-05-10 14:01:05,2026-05-10 16:38:05
RES101195,HYD001,CNF101195,GUEST101195,2026-05-11,2026-05-14,STD,PKG,PKG_STD,MODIFIED,3,32058,INR,2026-05-10 14:22:43,2026-05-10 15:48:43
RES101196,DEL002,CNF101196,GUEST101196,2026-05-17,2026-05-21,DLX,MEMBER,MEM_STD,BOOKED,1,22204,INR,2026-05-10 11:43:55,2026-05-10 13:39:55
RES101197,DEL001,CNF101197,GUEST101197,2026-06-11,2026-06-13,STD,MEMBER,MEM_DLX,BOOKED,2,17844,INR,2026-05-10 15:42:36,2026-05-10 17:21:36
RES101198,CHN001,CNF101198,GUEST101198,2026-05-14,2026-05-16,STE,PREPAY,PPR_DLX,MODIFIED,1,27140,INR,2026-05-10 09:39:10,2026-05-10 11:08:10
RES101199,HYD001,CNF101199,GUEST101199,2026-05-12,2026-05-15,KING,BAR,BAR_DLX,BOOKED,4,107808,INR,2026-05-10 11:29:22,2026-05-10 12:55:22
RES101200,MUM002,CNF101200,GUEST101200,2026-05-17,2026-05-20,STD,BAR,BAR_STD,CANCELLED,1,0,INR,2026-05-10 09:43:16,2026-05-10 11:22:16
RES101201,BLR001,CNF101201,GUEST101201,2026-06-09,2026-06-14,DLX,PKG,PKG_STD,BOOKED,3,197100,INR,2026-05-10 18:37:41,2026-05-10 21:14:41
RES101202,DEL002,CNF101202,GUEST101202,2026-06-16,2026-06-21,KING,MEMBER,MEM_STD,BOOKED,4,86220,INR,2026-05-10 02:09:23,2026-05-10 03:15:23
RES101203,DEL001,CNF101203,GUEST101203,2026-05-16,2026-05-17,STE,MEMBER,MEM_STD,BOOKED,2,16670,INR,2026-05-10 03:37:52,2026-05-10 05:28:52
RES101204,DEL002,CNF101204,GUEST101204,2026-06-08,2026-06-13,KING,PREPAY,PPR_STD,BOOKED,3,95370,INR,2026-05-10 10:04:13,2026-05-10 10:52:13
RES101205,CHA001,CNF101205,GUEST101205,2026-06-07,2026-06-09,STE,BAR,BAR_STD,MODIFIED,3,37812,INR,2026-05-10 07:21:11,2026-05-10 08:57:11
RES101206,MUM001,CNF101206,GUEST101206,2026-05-22,2026-05-24,STD,PREPAY,PPR_STD,CANCELLED,3,0,INR,2026-05-10 23:40:00,2026-05-11 00:10:00
RES101207,KOL001,CNF101207,GUEST101207,2026-05-22,2026-05-27,STE,PREPAY,PPR_DLX,BOOKED,1,65270,INR,2026-05-10 04:09:36,2026-05-10 06:58:36
RES101208,KOL001,CNF101208,GUEST101208,2026-06-03,2026-06-05,KING,BAR,BAR_DLX,CANCELLED,4,0,INR,2026-05-10 15:12:15,2026-05-10 16:06:15
RES101209,BLR002,CNF101209,GUEST101209,2026-06-05,2026-06-09,STE,MEMBER,MEM_STD,CANCELLED,1,0,INR,2026-05-10 00:18:52,2026-05-10 02:21:52
RES101210,DEL002,CNF101210,GUEST101210,2026-05-28,2026-05-30,KING,BAR,BAR_STD,BOOKED,4,101704,INR,2026-05-10 16:49:24,2026-05-10 17:11:24
RES101211,BLR002,CNF101211,GUEST101211,2026-07-09,2026-07-13,STD,BAR,BAR_DLX,CANCELLED,4,0,INR,2026-05-10 10:46:55,2026-05-10 12:34:55
RES101212,BLR001,CNF101212,GUEST101212,2026-07-09,2026-07-10,KING,BAR,BAR_STD,BOOKED,2,15178,INR,2026-05-10 23:06:11,2026-05-10 23:54:11
RES101213,BLR001,CNF101213,GUEST101213,2026-06-24,2026-06-26,DLX,BAR,BAR_STD,CANCELLED,1,0,INR,2026-05-10 20:50:56,2026-05-10 23:24:56
RES101214,MUM001,CNF101214,GUEST101214,2026-07-05,2026-07-06,QUEEN,CORP,CORP_DLX,MODIFIED,4,18580,INR,2026-05-10 19:31:13,2026-05-10 20:45:13
RES101215,DEL001,CNF101215,GUEST101215,2026-07-04,2026-07-08,KING,MEMBER,MEM_STD,CANCELLED,3,0,INR,2026-05-10 03:23:10,2026-05-10 05:22:10
RES101216,DEL002,CNF101216,GUEST101216,2026-05-20,2026-05-24,QUEEN,PKG,PKG_DLX,MODIFIED,4,236960,INR,2026-05-10 07:35:24,2026-05-10 09:08:24
RES101217,CHA001,CNF101217,GUEST101217,2026-06-24,2026-06-28,DLX,BAR,BAR_DLX,MODIFIED,4,144656,INR,2026-05-10 17:32:37,2026-05-10 19:33:37
RES101218,CHN001,CNF101218,GUEST101218,2026-05-11,2026-05-16,STD,PKG,PKG_DLX,BOOKED,2,139850,INR,2026-05-10 06:53:17,2026-05-10 07:01:17
RES101219,DEL001,CNF101219,GUEST101219,2026-07-09,2026-07-11,QUEEN,BAR,BAR_STD,MODIFIED,2,22772,INR,2026-05-10 06:48:11,2026-05-10 08:21:11
RES101220,DEL002,CNF101220,GUEST101220,2026-05-21,2026-05-26,KING,PREPAY,PPR_DLX,CANCELLED,3,0,INR,2026-05-10 18:56:28,2026-05-10 20:16:28
RES101221,HYD001,CNF101221,GUEST101221,2026-05-11,2026-05-12,QUEEN,MEMBER,MEM_DLX,BOOKED,2,26832,INR,2026-05-10 09:41:20,2026-05-10 12:04:20
RES101222,CHA001,CNF101222,GUEST101222,2026-06-24,2026-06-28,DLX,BAR,BAR_STD,BOOKED,3,89664,INR,2026-05-10 06:06:55,2026-05-10 08:17:55
RES101223,DEL002,CNF101223,GUEST101223,2026-06-29,2026-07-01,STE,BAR,BAR_DLX,MODIFIED,4,58968,INR,2026-05-10 02:05:30,2026-05-10 03:19:30
RES101224,DEL001,CNF101224,GUEST101224,2026-06-08,2026-06-11,QUEEN,CORP,CORP_STD,MODIFIED,4,179280,INR,2026-05-10 09:42:42,2026-05-10 10:02:42
RES101225,MUM002,CNF101225,GUEST101225,2026-06-06,2026-06-10,STD,BAR,BAR_DLX,MODIFIED,4,222288,INR,2026-05-10 06:04:25,2026-05-10 06:31:25
RES101226,BLR002,CNF101226,GUEST101226,2026-06-03,2026-06-08,STE,PREPAY,PPR_STD,CANCELLED,4,0,INR,2026-05-10 22:10:54,2026-05-10 23:31:54
RES101227,KOL001,CNF101227,GUEST101227,2026-06-05,2026-06-10,KING,BAR,BAR_STD,BOOKED,2,101150,INR,2026-05-10 13:26:13,2026-05-10 16:10:13
RES101228,BLR002,CNF101228,GUEST101228,2026-05-25,2026-05-28,STE,CORP,CORP_DLX,MODIFIED,2,68910,INR,2026-05-10 22:16:41,2026-05-10 23:21:41
RES101229,HYD001,CNF101229,GUEST101229,2026-06-07,2026-06-12,KING,PKG,PKG_STD,BOOKED,1,31045,INR,2026-05-10 13:20:07,2026-05-10 14:23:07
RES101230,KER001,CNF101230,GUEST101230,2026-06-23,2026-06-25,STE,CORP,CORP_STD,CANCELLED,2,0,INR,2026-05-10 18:00:49,2026-05-10 19:14:49
RES101231,DEL001,CNF101231,GUEST101231,2026-05-14,2026-05-15,STD,MEMBER,MEM_DLX,BOOKED,3,21054,INR,2026-05-10 16:58:13,2026-05-10 17:09:13
RES101232,CHN001,CNF101232,GUEST101232,2026-06-17,2026-06-18,QUEEN,CORP,CORP_DLX,BOOKED,3,43737,INR,2026-05-10 03:54:12,2026-05-10 06:08:12
RES101233,KOL001,CNF101233,GUEST101233,2026-06-06,2026-06-07,KING,PREPAY,PPR_STD,CANCELLED,2,0,INR,2026-05-10 16:07:03,2026-05-10 19:03:03
RES101234,MUM001,CNF101234,GUEST101234,2026-06-05,2026-06-08,QUEEN,CORP,CORP_DLX,BOOKED,3,58905,INR,2026-05-10 17:41:56,2026-05-10 18:08:56
RES101235,KOL001,CNF101235,GUEST101235,2026-05-27,2026-05-29,STE,PKG,PKG_DLX,BOOKED,2,47864,INR,2026-05-10 17:31:28,2026-05-10 18:25:28
RES101236,DEL001,CNF101236,GUEST101236,2026-06-23,2026-06-24,STD,PKG,PKG_STD,MODIFIED,4,37580,INR,2026-05-10 21:53:34,2026-05-11 00:23:34
RES101237,BLR002,CNF101237,GUEST101237,2026-05-17,2026-05-18,KING,PKG,PKG_DLX,BOOKED,3,14355,INR,2026-05-10 11:22:24,2026-05-10 14:17:24
RES101238,BLR002,CNF101238,GUEST101238,2026-05-13,2026-05-16,DLX,CORP,CORP_STD,CANCELLED,3,0,INR,2026-05-10 04:40:28,2026-05-10 05:22:28
RES101239,CHN001,CNF101239,GUEST101239,2026-05-14,2026-05-18,KING,PKG,PKG_STD,CANCELLED,1,0,INR,2026-05-10 22:28:07,2026-05-11 00:35:07
RES101240,DEL002,CNF101240,GUEST101240,2026-06-25,2026-06-30,STE,PREPAY,PPR_STD,CANCELLED,3,0,INR,2026-05-10 17:21:12,2026-05-10 20:04:12
RES101241,BLR002,CNF101241,GUEST101241,2026-06-23,2026-06-28,KING,PKG,PKG_STD,BOOKED,3,52845,INR,2026-05-10 21:32:32,2026-05-10 23:51:32
RES101242,KER001,CNF101242,GUEST101242,2026-06-18,2026-06-19,STD,PKG,PKG_STD,BOOKED,2,24282,INR,2026-05-10 21:18:33,2026-05-10 23:40:33
RES101243,CHN001,CNF101243,GUEST101243,2026-07-02,2026-07-06,QUEEN,PREPAY,PPR_STD,MODIFIED,1,35252,INR,2026-05-10 04:36:43,2026-05-10 05:11:43
RES101244,CHA001,CNF101244,GUEST101244,2026-05-19,2026-05-24,STD,PREPAY,PPR_DLX,BOOKED,2,106500,INR,2026-05-10 05:31:50,2026-05-10 05:42:50
RES101245,KOL001,CNF101245,GUEST101245,2026-05-12,2026-05-17,QUEEN,MEMBER,MEM_STD,CANCELLED,2,0,INR,2026-05-10 03:09:29,2026-05-10 04:49:29
RES101246,MUM002,CNF101246,GUEST101246,2026-05-29,2026-06-02,QUEEN,BAR,BAR_STD,BOOKED,1,48532,INR,2026-05-10 05:23:31,2026-05-10 06:14:31
RES101247,DEL001,CNF101247,GUEST101247,2026-05-15,2026-05-20,KING,MEMBER,MEM_DLX,CANCELLED,4,0,INR,2026-05-10 17:17:03,2026-05-10 20:11:03
RES101248,DEL002,CNF101248,GUEST101248,2026-05-19,2026-05-22,DLX,PKG,PKG_DLX,MODIFIED,2,53706,INR,2026-05-10 07:29:38,2026-05-10 09:22:38
RES101249,BLR001,CNF101249,GUEST101249,2026-05-22,2026-05-26,QUEEN,MEMBER,MEM_DLX,MODIFIED,3,120456,INR,2026-05-10 01:32:03,2026-05-10 04:13:03
RES101250,KOL001,CNF101250,GUEST101250,2026-06-19,2026-06-22,STD,CORP,CORP_STD,MODIFIED,4,117900,INR,2026-05-10 18:38:09,2026-05-10 19:01:09
RES101251,MUM001,CNF101251,GUEST101251,2026-06-30,2026-07-01,KING,PKG,PKG_DLX,CANCELLED,4,0,INR,2026-05-10 06:24:37,2026-05-10 08:50:37
RES101252,DEL002,CNF101252,GUEST101252,2026-05-27,2026-05-30,KING,PREPAY,PPR_STD,CANCELLED,2,0,INR,2026-05-10 19:41:15,2026-05-10 22:31:15
RES101253,DEL001,CNF101253,GUEST101253,2026-06-03,2026-06-05,QUEEN,BAR,BAR_DLX,CANCELLED,1,0,INR,2026-05-10 07:12:22,2026-05-10 08:06:22
RES101254,MUM001,CNF101254,GUEST101254,2026-05-19,2026-05-22,DLX,PREPAY,PPR_DLX,BOOKED,1,30129,INR,2026-05-10 19:45:36,2026-05-10 22:24:36
RES101255,KOL001,CNF101255,GUEST101255,2026-05-24,2026-05-28,STE,CORP,CORP_DLX,CANCELLED,2,0,INR,2026-05-10 00:02:35,2026-05-10 01:46:35
RES101256,DEL002,CNF101256,GUEST101256,2026-07-09,2026-07-12,STE,PREPAY,PPR_DLX,MODIFIED,4,51168,INR,2026-05-10 13:06:17,2026-05-10 15:19:17
RES101257,BLR001,CNF101257,GUEST101257,2026-05-24,2026-05-28,KING,CORP,CORP_STD,BOOKED,4,186400,INR,2026-05-10 05:16:10,2026-05-10 06:14:10
RES101258,HYD001,CNF101258,GUEST101258,2026-05-18,2026-05-20,DLX,BAR,BAR_STD,BOOKED,3,77724,INR,2026-05-10 17:33:37,2026-05-10 19:30:37
RES101259,CHN001,CNF101259,GUEST101259,2026-06-21,2026-06-23,STD,MEMBER,MEM_DLX,CANCELLED,1,0,INR,2026-05-10 05:44:37,2026-05-10 06:29:37
RES101260,KOL001,CNF101260,GUEST101260,2026-06-12,2026-06-15,STE,MEMBER,MEM_DLX,MODIFIED,1,40926,INR,2026-05-10 09:21:00,2026-05-10 11:26:00
RES101261,MUM001,CNF101261,GUEST101261,2026-06-19,2026-06-24,STE,MEMBER,MEM_DLX,CANCELLED,2,0,INR,2026-05-10 03:31:16,2026-05-10 05:01:16
RES101262,DEL002,CNF101262,GUEST101262,2026-05-27,2026-05-31,STD,MEMBER,MEM_STD,CANCELLED,1,0,INR,2026-05-10 05:02:40,2026-05-10 06:30:40
RES101263,KOL001,CNF101263,GUEST101263,2026-05-28,2026-06-01,QUEEN,MEMBER,MEM_STD,MODIFIED,2,117488,INR,2026-05-10 23:54:32,2026-05-10 23:57:32
RES101264,KER001,CNF101264,GUEST101264,2026-05-14,2026-05-19,KING,BAR,BAR_STD,MODIFIED,4,265580,INR,2026-05-10 08:49:14,2026-05-10 09:00:14
RES101265,MUM002,CNF101265,GUEST101265,2026-05-22,2026-05-27,KING,CORP,CORP_DLX,MODIFIED,4,134080,INR,2026-05-10 07:04:35,2026-05-10 08:28:35
RES101266,BLR002,CNF101266,GUEST101266,2026-05-19,2026-05-23,STD,MEMBER,MEM_DLX,BOOKED,4,149024,INR,2026-05-10 23:54:23,2026-05-11 02:25:23
RES101267,KER001,CNF101267,GUEST101267,2026-05-19,2026-05-20,STD,BAR,BAR_STD,CANCELLED,1,0,INR,2026-05-10 18:11:39,2026-05-10 18:15:39
RES101268,CHN001,CNF101268,GUEST101268,2026-06-05,2026-06-06,QUEEN,BAR,BAR_STD,BOOKED,4,33484,INR,2026-05-10 14:18:14,2026-05-10 15:27:14
RES101269,BLR002,CNF101269,GUEST101269,2026-05-14,2026-05-17,STE,CORP,CORP_STD,BOOKED,2,74244,INR,2026-05-10 00:35:11,2026-05-10 03:33:11
RES101270,CHN001,CNF101270,GUEST101270,2026-07-08,2026-07-11,KING,PREPAY,PPR_DLX,MODIFIED,4,146328,INR,2026-05-10 22:45:11,2026-05-11 01:25:11
RES101271,BLR001,CNF101271,GUEST101271,2026-05-21,2026-05-23,STE,CORP,CORP_DLX,CANCELLED,3,0,INR,2026-05-10 06:29:01,2026-05-10 08:28:01
RES101272,CHA001,CNF101272,GUEST101272,2026-06-15,2026-06-17,STD,BAR,BAR_DLX,CANCELLED,3,0,INR,2026-05-10 01:18:27,2026-05-10 03:01:27
RES101273,BLR002,CNF101273,GUEST101273,2026-07-08,2026-07-09,STE,BAR,BAR_STD,MODIFIED,3,38460,INR,2026-05-10 23:50:24,2026-05-11 01:30:24
RES101274,KER001,CNF101274,GUEST101274,2026-06-26,2026-06-28,DLX,MEMBER,MEM_STD,CANCELLED,1,0,INR,2026-05-10 05:23:43,2026-05-10 06:16:43
RES101275,KER001,CNF101275,GUEST101275,2026-06-25,2026-06-27,STD,CORP,CORP_STD,CANCELLED,2,0,INR,2026-05-10 23:38:02,2026-05-11 01:59:02
RES101276,DEL001,CNF101276,GUEST101276,2026-05-11,2026-05-14,QUEEN,MEMBER,MEM_STD,BOOKED,1,41733,INR,2026-05-10 15:06:19,2026-05-10 15:51:19
RES101277,KOL001,CNF101277,GUEST101277,2026-05-25,2026-05-30,DLX,PKG,PKG_STD,BOOKED,2,72890,INR,2026-05-10 11:49:59,2026-05-10 13:56:59
RES101278,BLR001,CNF101278,GUEST101278,2026-06-02,2026-06-05,QUEEN,MEMBER,MEM_STD,MODIFIED,1,31728,INR,2026-05-10 19:00:04,2026-05-10 19:09:04
RES101279,MUM001,CNF101279,GUEST101279,2026-07-03,2026-07-06,KING,PKG,PKG_STD,CANCELLED,3,0,INR,2026-05-10 02:42:22,2026-05-10 04:09:22
RES101280,DEL001,CNF101280,GUEST101280,2026-05-21,2026-05-23,KING,MEMBER,MEM_DLX,MODIFIED,1,19770,INR,2026-05-10 00:16:45,2026-05-10 00:41:45
RES101281,CHN001,CNF101281,GUEST101281,2026-06-03,2026-06-08,KING,CORP,CORP_DLX,BOOKED,1,64220,INR,2026-05-10 00:54:41,2026-05-10 03:32:41
RES101282,BLR001,CNF101282,GUEST101282,2026-05-19,2026-05-24,QUEEN,CORP,CORP_STD,BOOKED,1,23070,INR,2026-05-10 03:32:06,2026-05-10 06:01:06
RES101283,CHN001,CNF101283,GUEST101283,2026-06-17,2026-06-20,KING,BAR,BAR_DLX,MODIFIED,4,171756,INR,2026-05-10 23:10:30,2026-05-11 00:23:30
RES101284,KOL001,CNF101284,GUEST101284,2026-06-26,2026-06-28,STD,PKG,PKG_DLX,MODIFIED,2,29560,INR,2026-05-10 16:15:15,2026-05-10 17:05:15
RES101285,BLR001,CNF101285,GUEST101285,2026-05-12,2026-05-17,DLX,PKG,PKG_STD,CANCELLED,2,0,INR,2026-05-10 22:10:28,2026-05-10 23:37:28
RES101286,MUM002,CNF101286,GUEST101286,2026-06-03,2026-06-07,DLX,BAR,BAR_DLX,CANCELLED,3,0,INR,2026-05-10 09:43:03,2026-05-10 12:39:03
RES101287,DEL002,CNF101287,GUEST101287,2026-05-28,2026-05-30,STD,BAR,BAR_DLX,BOOKED,4,56848,INR,2026-05-10 17:22:56,2026-05-10 20:00:56
RES101288,KER001,CNF101288,GUEST101288,2026-06-11,2026-06-12,DLX,BAR,BAR_DLX,CANCELLED,2,0,INR,2026-05-10 14:10:48,2026-05-10 16:42:48
RES101289,MUM002,CNF101289,GUEST101289,2026-07-06,2026-07-07,KING,PKG,PKG_DLX,MODIFIED,3,26859,INR,2026-05-10 07:22:07,2026-05-10 07:58:07
RES101290,DEL001,CNF101290,GUEST101290,2026-06-13,2026-06-16,DLX,CORP,CORP_DLX,CANCELLED,3,0,INR,2026-05-10 11:02:53,2026-05-10 13:14:53
RES101291,DEL002,CNF101291,GUEST101291,2026-06-10,2026-06-11,DLX,PKG,PKG_STD,BOOKED,3,38169,INR,2026-05-10 07:57:24,2026-05-10 10:56:24
RES101292,BLR002,CNF101292,GUEST101292,2026-05-14,2026-05-15,STD,BAR,BAR_STD,CANCELLED,4,0,INR,2026-05-10 12:15:09,2026-05-10 14:12:09
RES101293,CHN001,CNF101293,GUEST101293,2026-05-29,2026-06-02,DLX,CORP,CORP_DLX,BOOKED,3,174696,INR,2026-05-10 20:29:03,2026-05-10 22:35:03
RES101294,CHA001,CNF101294,GUEST101294,2026-06-19,2026-06-20,DLX,PKG,PKG_STD,MODIFIED,1,6414,INR,2026-05-10 22:30:39,2026-05-10 22:50:39
RES101295,DEL001,CNF101295,GUEST101295,2026-05-11,2026-05-13,STE,PREPAY,PPR_DLX,CANCELLED,1,0,INR,2026-05-10 19:53:43,2026-05-10 20:27:43
RES101296,DEL002,CNF101296,GUEST101296,2026-06-16,2026-06-21,DLX,MEMBER,MEM_STD,MODIFIED,1,22235,INR,2026-05-10 04:02:09,2026-05-10 04:37:09
RES101297,DEL001,CNF101297,GUEST101297,2026-05-22,2026-05-24,QUEEN,PREPAY,PPR_DLX,BOOKED,1,14146,INR,2026-05-10 00:04:29,2026-05-10 00:11:29
RES101298,KOL001,CNF101298,GUEST101298,2026-06-19,2026-06-22,QUEEN,PKG,PKG_DLX,BOOKED,1,17676,INR,2026-05-10 23:29:15,2026-05-11 01:38:15
RES101299,DEL002,CNF101299,GUEST101299,2026-05-23,2026-05-28,KING,BAR,BAR_DLX,BOOKED,4,239180,INR,2026-05-10 19:27:09,2026-05-10 20:55:09
RES101300,CHN001,CNF101300,GUEST101300,2026-06-15,2026-06-18,DLX,CORP,CORP_STD,BOOKED,1,43539,INR,2026-05-10 09:39:08,2026-05-10 11:56:08
RES101301,HYD001,CNF101301,GUEST101301,2026-07-09,2026-07-10,QUEEN,CORP,CORP_DLX,BOOKED,3,32709,INR,2026-05-10 20:09:19,2026-05-10 22:47:19
RES101302,DEL002,CNF101302,GUEST101302,2026-07-07,2026-07-09,DLX,PKG,PKG_STD,CANCELLED,1,0,INR,2026-05-10 13:01:47,2026-05-10 15:38:47
RES101303,DEL001,CNF101303,GUEST101303,2026-06-26,2026-07-01,KING,PREPAY,PPR_DLX,BOOKED,3,186570,INR,2026-05-10 16:49:14,2026-05-10 16:55:14
RES101304,KER001,CNF101304,GUEST101304,2026-05-20,2026-05-23,STD,CORP,CORP_STD,CANCELLED,2,0,INR,2026-05-10 14:54:53,2026-05-10 15:19:53
RES101305,KOL001,CNF101305,GUEST101305,2026-06-02,2026-06-03,STD,PKG,PKG_STD,CANCELLED,1,0,INR,2026-05-10 16:31:42,2026-05-10 18:17:42
RES101306,CHN001,CNF101306,GUEST101306,2026-05-26,2026-05-28,QUEEN,PREPAY,PPR_DLX,MODIFIED,1,16590,INR,2026-05-10 12:14:25,2026-05-10 14:57:25
RES101307,BLR002,CNF101307,GUEST101307,2026-06-04,2026-06-06,STE,MEMBER,MEM_STD,BOOKED,1,15624,INR,2026-05-10 04:44:27,2026-05-10 04:45:27
RES101308,MUM001,CNF101308,GUEST101308,2026-05-16,2026-05-21,STE,MEMBER,MEM_DLX,CANCELLED,2,0,INR,2026-05-10 08:16:05,2026-05-10 09:36:05
RES101309,KER001,CNF101309,GUEST101309,2026-05-24,2026-05-26,DLX,CORP,CORP_STD,MODIFIED,2,58696,INR,2026-05-10 21:15:11,2026-05-10 21:24:11
RES101310,DEL002,CNF101310,GUEST101310,2026-06-25,2026-06-30,QUEEN,PREPAY,PPR_STD,MODIFIED,3,150045,INR,2026-05-10 02:19:26,2026-05-10 03:21:26
RES101311,KER001,CNF101311,GUEST101311,2026-06-13,2026-06-15,STD,PREPAY,PPR_STD,BOOKED,4,48376,INR,2026-05-10 15:07:04,2026-05-10 18:02:04
RES101312,MUM002,CNF101312,GUEST101312,2026-06-05,2026-06-08,STD,PKG,PKG_DLX,CANCELLED,2,0,INR,2026-05-10 10:57:16,2026-05-10 13:24:16
RES101313,CHN001,CNF101313,GUEST101313,2026-06-18,2026-06-21,QUEEN,MEMBER,MEM_DLX,MODIFIED,1,16098,INR,2026-05-10 02:23:39,2026-05-10 03:46:39
RES101314,CHN001,CNF101314,GUEST101314,2026-07-07,2026-07-10,QUEEN,PREPAY,PPR_STD,MODIFIED,4,53628,INR,2026-05-10 14:15:12,2026-05-10 17:11:12
RES101315,MUM001,CNF101315,GUEST101315,2026-06-13,2026-06-16,QUEEN,MEMBER,MEM_DLX,MODIFIED,3,55125,INR,2026-05-10 07:12:14,2026-05-10 08:58:14
RES101316,BLR002,CNF101316,GUEST101316,2026-05-23,2026-05-25,DLX,CORP,CORP_DLX,MODIFIED,4,60384,INR,2026-05-10 20:25:25,2026-05-10 21:24:25
RES101317,CHA001,CNF101317,GUEST101317,2026-06-29,2026-07-04,DLX,PREPAY,PPR_STD,CANCELLED,2,0,INR,2026-05-10 19:24:03,2026-05-10 20:48:03
RES101318,MUM001,CNF101318,GUEST101318,2026-06-08,2026-06-12,STE,MEMBER,MEM_STD,MODIFIED,2,72816,INR,2026-05-10 12:15:40,2026-05-10 14:56:40
RES101319,DEL001,CNF101319,GUEST101319,2026-06-07,2026-06-10,STE,PKG,PKG_DLX,BOOKED,3,125199,INR,2026-05-10 21:58:57,2026-05-11 00:19:57
RES101320,BLR002,CNF101320,GUEST101320,2026-07-08,2026-07-13,STD,PKG,PKG_STD,BOOKED,3,176280,INR,2026-05-10 06:29:51,2026-05-10 08:39:51
RES101321,KOL001,CNF101321,GUEST101321,2026-06-01,2026-06-03,KING,PKG,PKG_STD,MODIFIED,1,28270,INR,2026-05-10 09:09:41,2026-05-10 12:09:41
RES101322,DEL001,CNF101322,GUEST101322,2026-05-29,2026-05-30,STD,PREPAY,PPR_STD,MODIFIED,1,4651,INR,2026-05-10 11:53:39,2026-05-10 13:41:39
RES101323,HYD001,CNF101323,GUEST101323,2026-05-13,2026-05-15,DLX,PREPAY,PPR_STD,CANCELLED,1,0,INR,2026-05-10 14:50:38,2026-05-10 16:20:38
RES101324,HYD001,CNF101324,GUEST101324,2026-06-15,2026-06-17,KING,MEMBER,MEM_STD,BOOKED,4,97168,INR,2026-05-10 06:28:57,2026-05-10 08:20:57
RES101325,BLR001,CNF101325,GUEST101325,2026-06-03,2026-06-04,DLX,PREPAY,PPR_DLX,BOOKED,1,12073,INR,2026-05-10 01:56:42,2026-05-10 04:41:42
RES101326,MUM002,CNF101326,GUEST101326,2026-06-15,2026-06-17,KING,PREPAY,PPR_STD,CANCELLED,1,0,INR,2026-05-10 17:33:53,2026-05-10 17:50:53
RES101327,DEL002,CNF101327,GUEST101327,2026-05-25,2026-05-29,DLX,PREPAY,PPR_STD,MODIFIED,2,87280,INR,2026-05-10 00:22:42,2026-05-10 01:49:42
RES101328,CHN001,CNF101328,GUEST101328,2026-07-07,2026-07-10,QUEEN,MEMBER,MEM_STD,CANCELLED,3,0,INR,2026-05-10 16:31:54,2026-05-10 19:20:54
RES101329,BLR001,CNF101329,GUEST101329,2026-05-31,2026-06-04,QUEEN,CORP,CORP_STD,MODIFIED,1,24464,INR,2026-05-10 18:09:24,2026-05-10 18:18:24
RES101330,BLR001,CNF101330,GUEST101330,2026-05-18,2026-05-19,STD,CORP,CORP_STD,BOOKED,3,12105,INR,2026-05-10 22:24:35,2026-05-10 22:59:35
RES101331,CHN001,CNF101331,GUEST101331,2026-07-01,2026-07-06,KING,CORP,CORP_STD,MODIFIED,4,194380,INR,2026-05-10 14:42:43,2026-05-10 17:12:43
RES101332,KOL001,CNF101332,GUEST101332,2026-06-03,2026-06-07,KING,MEMBER,MEM_STD,BOOKED,2,34976,INR,2026-05-10 04:46:27,2026-05-10 05:46:27
RES101333,DEL002,CNF101333,GUEST101333,2026-06-22,2026-06-27,STD,BAR,BAR_DLX,MODIFIED,4,271780,INR,2026-05-10 10:19:10,2026-05-10 10:44:10
RES101334,MUM001,CNF101334,GUEST101334,2026-05-14,2026-05-17,KING,BAR,BAR_STD,BOOKED,2,77610,INR,2026-05-10 05:30:34,2026-05-10 07:24:34
RES101335,BLR001,CNF101335,GUEST101335,2026-06-12,2026-06-17,QUEEN,BAR,BAR_STD,BOOKED,4,158640,INR,2026-05-10 16:12:42,2026-05-10 18:20:42
RES101336,MUM001,CNF101336,GUEST101336,2026-05-16,2026-05-20,QUEEN,MEMBER,MEM_DLX,MODIFIED,2,60984,INR,2026-05-10 10:42:25,2026-05-10 11:06:25
RES101337,CHA001,CNF101337,GUEST101337,2026-05-18,2026-05-20,STD,PKG,PKG_DLX,BOOKED,3,66558,INR,2026-05-10 06:58:36,2026-05-10 08:37:36
RES101338,CHN001,CNF101338,GUEST101338,2026-05-15,2026-05-16,DLX,PKG,PKG_DLX,CANCELLED,1,0,INR,2026-05-10 08:11:09,2026-05-10 10:33:09
RES101339,MUM001,CNF101339,GUEST101339,2026-06-13,2026-06-16,STD,MEMBER,MEM_STD,CANCELLED,2,0,INR,2026-05-10 14:12:52,2026-05-10 16:15:52
RES101340,DEL002,CNF101340,GUEST101340,2026-06-28,2026-06-30,QUEEN,CORP,CORP_DLX,MODIFIED,2,59380,INR,2026-05-10 20:13:06,2026-05-10 21:03:06
RES101341,MUM002,CNF101341,GUEST101341,2026-06-24,2026-06-26,DLX,PREPAY,PPR_STD,MODIFIED,4,32168,INR,2026-05-10 23:37:20,2026-05-11 01:24:20
RES101342,CHA001,CNF101342,GUEST101342,2026-06-17,2026-06-18,STD,PREPAY,PPR_STD,BOOKED,2,9506,INR,2026-05-10 05:43:43,2026-05-10 06:42:43
RES101343,DEL002,CNF101343,GUEST101343,2026-06-20,2026-06-25,STD,BAR,BAR_DLX,MODIFIED,3,187335,INR,2026-05-10 09:22:40,2026-05-10 09:59:40
RES101344,MUM002,CNF101344,GUEST101344,2026-05-23,2026-05-28,STD,MEMBER,MEM_DLX,MODIFIED,3,77370,INR,2026-05-10 19:29:41,2026-05-10 21:24:41
RES101345,KER001,CNF101345,GUEST101345,2026-07-05,2026-07-06,STD,PREPAY,PPR_STD,BOOKED,2,9024,INR,2026-05-10 09:33:25,2026-05-10 10:14:25
RES101346,BLR001,CNF101346,GUEST101346,2026-06-16,2026-06-21,DLX,CORP,CORP_DLX,BOOKED,1,29415,INR,2026-05-10 05:35:40,2026-05-10 06:33:40
RES101347,MUM001,CNF101347,GUEST101347,2026-05-16,2026-05-18,QUEEN,BAR,BAR_DLX,CANCELLED,3,0,INR,2026-05-10 05:53:22,2026-05-10 06:02:22
RES101348,BLR002,CNF101348,GUEST101348,2026-05-15,2026-05-20,DLX,BAR,BAR_DLX,BOOKED,4,274240,INR,2026-05-10 15:29:35,2026-05-10 17:09:35
RES101349,KER001,CNF101349,GUEST101349,2026-06-02,2026-06-05,STE,CORP,CORP_DLX,MODIFIED,1,24303,INR,2026-05-10 23:55:10,2026-05-11 00:20:10
RES101350,CHA001,CNF101350,GUEST101350,2026-05-27,2026-05-28,DLX,CORP,CORP_STD,BOOKED,4,43648,INR,2026-05-10 15:30:20,2026-05-10 17:54:20
RES101351,DEL002,CNF101351,GUEST101351,2026-05-20,2026-05-25,DLX,CORP,CORP_STD,CANCELLED,1,0,INR,2026-05-10 14:20:45,2026-05-10 15:13:45
RES101352,KOL001,CNF101352,GUEST101352,2026-06-18,2026-06-22,STD,PKG,PKG_STD,CANCELLED,2,0,INR,2026-05-10 15:29:29,2026-05-10 17:23:29
RES101353,HYD001,CNF101353,GUEST101353,2026-06-29,2026-07-01,STD,CORP,CORP_DLX,MODIFIED,3,72480,INR,2026-05-10 02:29:16,2026-05-10 03:57:16
RES101354,KER001,CNF101354,GUEST101354,2026-05-20,2026-05-24,QUEEN,PREPAY,PPR_STD,MODIFIED,4,129200,INR,2026-05-10 09:07:43,2026-05-10 09:42:43
RES101355,HYD001,CNF101355,GUEST101355,2026-06-20,2026-06-24,KING,PKG,PKG_DLX,MODIFIED,1,41640,INR,2026-05-10 19:24:21,2026-05-10 20:36:21
RES101356,BLR001,CNF101356,GUEST101356,2026-06-21,2026-06-23,DLX,BAR,BAR_STD,CANCELLED,4,0,INR,2026-05-10 10:40:50,2026-05-10 11:27:50
RES101357,KOL001,CNF101357,GUEST101357,2026-06-24,2026-06-26,STE,BAR,BAR_DLX,BOOKED,4,45408,INR,2026-05-10 12:44:54,2026-05-10 15:39:54
RES101358,KER001,CNF101358,GUEST101358,2026-06-04,2026-06-05,DLX,BAR,BAR_DLX,MODIFIED,1,8258,INR,2026-05-10 04:57:26,2026-05-10 05:16:26
RES101359,MUM002,CNF101359,GUEST101359,2026-07-02,2026-07-07,QUEEN,MEMBER,MEM_DLX,MODIFIED,4,75740,INR,2026-05-10 09:39:49,2026-05-10 12:09:49
RES101360,DEL001,CNF101360,GUEST101360,2026-07-04,2026-07-09,DLX,MEMBER,MEM_DLX,BOOKED,1,32280,INR,2026-05-10 22:12:51,2026-05-11 00:05:51
RES101361,BLR001,CNF101361,GUEST101361,2026-06-16,2026-06-18,DLX,BAR,BAR_DLX,MODIFIED,3,61698,INR,2026-05-10 18:07:56,2026-05-10 20:32:56
RES101362,CHN001,CNF101362,GUEST101362,2026-06-26,2026-06-28,DLX,CORP,CORP_DLX,MODIFIED,4,95432,INR,2026-05-10 06:13:43,2026-05-10 07:52:43
RES101363,HYD001,CNF101363,GUEST101363,2026-07-08,2026-07-10,STD,CORP,CORP_STD,MODIFIED,1,20382,INR,2026-05-10 20:39:32,2026-05-10 22:13:32
RES101364,MUM001,CNF101364,GUEST101364,2026-05-23,2026-05-27,QUEEN,MEMBER,MEM_DLX,MODIFIED,1,31216,INR,2026-05-10 15:49:26,2026-05-10 18:46:26
RES101365,CHA001,CNF101365,GUEST101365,2026-05-14,2026-05-19,KING,MEMBER,MEM_STD,CANCELLED,4,0,INR,2026-05-10 17:52:27,2026-05-10 20:02:27
RES101366,BLR001,CNF101366,GUEST101366,2026-06-10,2026-06-14,DLX,PREPAY,PPR_DLX,CANCELLED,2,0,INR,2026-05-10 07:14:37,2026-05-10 07:18:37
RES101367,CHN001,CNF101367,GUEST101367,2026-06-26,2026-06-29,DLX,MEMBER,MEM_STD,BOOKED,4,165864,INR,2026-05-10 12:22:28,2026-05-10 13:33:28
RES101368,DEL001,CNF101368,GUEST101368,2026-06-10,2026-06-13,STD,MEMBER,MEM_DLX,MODIFIED,3,86661,INR,2026-05-10 08:19:50,2026-05-10 10:48:50
RES101369,CHN001,CNF101369,GUEST101369,2026-05-18,2026-05-23,STE,PKG,PKG_DLX,MODIFIED,4,196400,INR,2026-05-10 06:30:57,2026-05-10 06:54:57
RES101370,DEL001,CNF101370,GUEST101370,2026-06-26,2026-06-30,STE,PKG,PKG_STD,MODIFIED,4,80048,INR,2026-05-10 04:04:54,2026-05-10 05:09:54
RES101371,BLR002,CNF101371,GUEST101371,2026-05-28,2026-05-30,KING,PKG,PKG_DLX,MODIFIED,4,84968,INR,2026-05-10 14:31:39,2026-05-10 14:33:39
RES101372,BLR002,CNF101372,GUEST101372,2026-06-24,2026-06-26,KING,PKG,PKG_DLX,BOOKED,3,87882,INR,2026-05-10 03:18:20,2026-05-10 03:36:20
RES101373,MUM001,CNF101373,GUEST101373,2026-06-07,2026-06-08,STD,PREPAY,PPR_DLX,BOOKED,1,10108,INR,2026-05-10 10:20:14,2026-05-10 11:37:14
RES101374,BLR001,CNF101374,GUEST101374,2026-06-10,2026-06-11,DLX,PKG,PKG_DLX,BOOKED,1,12457,INR,2026-05-10 05:52:57,2026-05-10 06:29:57
RES101375,DEL002,CNF101375,GUEST101375,2026-06-06,2026-06-09,STD,MEMBER,MEM_DLX,CANCELLED,4,0,INR,2026-05-10 07:51:56,2026-05-10 10:27:56
RES101376,MUM002,CNF101376,GUEST101376,2026-05-11,2026-05-14,DLX,PKG,PKG_DLX,CANCELLED,2,0,INR,2026-05-10 10:19:33,2026-05-10 11:54:33
RES101377,MUM001,CNF101377,GUEST101377,2026-06-13,2026-06-14,STD,MEMBER,MEM_STD,BOOKED,2,19160,INR,2026-05-10 15:31:07,2026-05-10 18:15:07
RES101378,MUM002,CNF101378,GUEST101378,2026-07-06,2026-07-09,DLX,BAR,BAR_STD,MODIFIED,4,82824,INR,2026-05-10 17:57:18,2026-05-10 18:57:18
RES101379,MUM002,CNF101379,GUEST101379,2026-06-14,2026-06-15,QUEEN,BAR,BAR_STD,MODIFIED,3,10836,INR,2026-05-10 20:08:43,2026-05-10 20:25:43
RES101380,BLR002,CNF101380,GUEST101380,2026-05-24,2026-05-25,QUEEN,PREPAY,PPR_STD,BOOKED,4,20720,INR,2026-05-10 22:56:08,2026-05-10 23:48:08
RES101381,HYD001,CNF101381,GUEST101381,2026-06-08,2026-06-13,KING,CORP,CORP_DLX,CANCELLED,2,0,INR,2026-05-10 18:30:38,2026-05-10 20:45:38
RES101382,DEL001,CNF101382,GUEST101382,2026-06-10,2026-06-11,DLX,PKG,PKG_STD,BOOKED,3,27774,INR,2026-05-10 14:24:59,2026-05-10 14:46:59
RES101383,DEL002,CNF101383,GUEST101383,2026-05-25,2026-05-29,DLX,BAR,BAR_STD,MODIFIED,3,120408,INR,2026-05-10 20:13:16,2026-05-10 21:12:16
RES101384,DEL001,CNF101384,GUEST101384,2026-06-24,2026-06-28,QUEEN,MEMBER,MEM_STD,MODIFIED,2,86160,INR,2026-05-10 10:39:44,2026-05-10 11:14:44
RES101385,DEL001,CNF101385,GUEST101385,2026-05-31,2026-06-04,STE,MEMBER,MEM_DLX,MODIFIED,2,58576,INR,2026-05-10 04:55:00,2026-05-10 07:52:00
RES101386,DEL002,CNF101386,GUEST101386,2026-07-09,2026-07-14,KING,PKG,PKG_STD,CANCELLED,4,0,INR,2026-05-10 01:43:32,2026-05-10 02:37:32
RES101387,DEL002,CNF101387,GUEST101387,2026-05-24,2026-05-29,QUEEN,MEMBER,MEM_STD,BOOKED,3,59505,INR,2026-05-10 16:40:06,2026-05-10 18:07:06
RES101388,MUM001,CNF101388,GUEST101388,2026-06-24,2026-06-27,STD,PREPAY,PPR_DLX,CANCELLED,2,0,INR,2026-05-10 23:49:38,2026-05-11 00:26:38
RES101389,BLR002,CNF101389,GUEST101389,2026-06-09,2026-06-13,DLX,CORP,CORP_STD,CANCELLED,3,0,INR,2026-05-10 01:26:15,2026-05-10 01:42:15
RES101390,BLR001,CNF101390,GUEST101390,2026-06-27,2026-06-28,KING,PREPAY,PPR_STD,CANCELLED,3,0,INR,2026-05-10 04:18:44,2026-05-10 05:20:44
RES101391,MUM002,CNF101391,GUEST101391,2026-06-20,2026-06-25,KING,MEMBER,MEM_DLX,MODIFIED,4,263200,INR,2026-05-10 12:37:57,2026-05-10 15:02:57
RES101392,MUM002,CNF101392,GUEST101392,2026-06-17,2026-06-21,DLX,PKG,PKG_DLX,BOOKED,1,55792,INR,2026-05-10 16:13:44,2026-05-10 19:02:44
RES101393,BLR002,CNF101393,GUEST101393,2026-06-18,2026-06-21,KING,MEMBER,MEM_STD,MODIFIED,4,50712,INR,2026-05-10 04:29:23,2026-05-10 06:07:23
RES101394,CHN001,CNF101394,GUEST101394,2026-06-10,2026-06-13,STE,CORP,CORP_DLX,CANCELLED,4,0,INR,2026-05-10 15:44:32,2026-05-10 15:55:32
RES101395,CHA001,CNF101395,GUEST101395,2026-06-26,2026-06-29,KING,PREPAY,PPR_STD,BOOKED,3,41931,INR,2026-05-10 02:05:11,2026-05-10 04:35:11
RES101396,KOL001,CNF101396,GUEST101396,2026-05-12,2026-05-13,STD,MEMBER,MEM_STD,BOOKED,2,10156,INR,2026-05-10 14:39:33,2026-05-10 14:43:33
RES101397,KER001,CNF101397,GUEST101397,2026-07-03,2026-07-08,KING,CORP,CORP_STD,MODIFIED,3,203340,INR,2026-05-10 00:26:24,2026-05-10 03:13:24
RES101398,HYD001,CNF101398,GUEST101398,2026-06-02,2026-06-06,QUEEN,CORP,CORP_DLX,CANCELLED,4,0,INR,2026-05-10 04:59:07,2026-05-10 06:02:07
RES101399,KER001,CNF101399,GUEST101399,2026-06-05,2026-06-10,STE,PREPAY,PPR_STD,CANCELLED,2,0,INR,2026-05-10 15:01:03,2026-05-10 16:21:03
RES101400,MUM002,CNF101400,GUEST101400,2026-06-16,2026-06-20,STD,BAR,BAR_DLX,BOOKED,1,48672,INR,2026-05-10 03:07:00,2026-05-10 04:43:00
RES101401,MUM001,CNF101401,GUEST101401,2026-05-20,2026-05-24,STE,CORP,CORP_DLX,BOOKED,1,19268,INR,2026-05-10 08:52:26,2026-05-10 11:41:26
RES101402,CHN001,CNF101402,GUEST101402,2026-05-24,2026-05-27,STD,MEMBER,MEM_STD,BOOKED,2,25452,INR,2026-05-10 09:59:25,2026-05-10 10:02:25
RES101403,CHA001,CNF101403,GUEST101403,2026-07-07,2026-07-11,STE,MEMBER,MEM_STD,MODIFIED,4,172400,INR,2026-05-10 03:57:43,2026-05-10 05:43:43
RES101404,MUM001,CNF101404,GUEST101404,2026-05-26,2026-05-27,QUEEN,PREPAY,PPR_STD,MODIFIED,4,25068,INR,2026-05-10 02:07:56,2026-05-10 04:00:56
RES101405,MUM001,CNF101405,GUEST101405,2026-07-04,2026-07-07,DLX,BAR,BAR_DLX,CANCELLED,2,0,INR,2026-05-10 18:33:56,2026-05-10 20:02:56
RES101406,MUM002,CNF101406,GUEST101406,2026-06-15,2026-06-20,DLX,PKG,PKG_STD,MODIFIED,4,87840,INR,2026-05-10 11:07:56,2026-05-10 11:26:56
RES101407,DEL002,CNF101407,GUEST101407,2026-06-11,2026-06-15,STE,BAR,BAR_DLX,CANCELLED,4,0,INR,2026-05-10 05:04:17,2026-05-10 05:15:17
RES101408,CHA001,CNF101408,GUEST101408,2026-06-15,2026-06-17,STE,PKG,PKG_DLX,MODIFIED,4,91384,INR,2026-05-10 11:39:04,2026-05-10 12:11:04
RES101409,MUM002,CNF101409,GUEST101409,2026-06-06,2026-06-08,QUEEN,PKG,PKG_DLX,BOOKED,3,70074,INR,2026-05-10 21:30:46,2026-05-10 22:16:46
RES101410,DEL002,CNF101410,GUEST101410,2026-05-25,2026-05-26,STE,CORP,CORP_DLX,MODIFIED,4,31120,INR,2026-05-10 10:07:10,2026-05-10 12:49:10
RES101411,BLR001,CNF101411,GUEST101411,2026-05-18,2026-05-21,DLX,PREPAY,PPR_STD,BOOKED,2,70230,INR,2026-05-10 22:08:36,2026-05-10 22:40:36
RES101412,KOL001,CNF101412,GUEST101412,2026-06-26,2026-06-27,QUEEN,CORP,CORP_STD,BOOKED,1,8497,INR,2026-05-10 01:24:48,2026-05-10 03:03:48
RES101413,MUM001,CNF101413,GUEST101413,2026-05-22,2026-05-23,QUEEN,PKG,PKG_DLX,MODIFIED,2,7972,INR,2026-05-10 22:10:35,2026-05-10 22:28:35
RES101414,CHN001,CNF101414,GUEST101414,2026-05-11,2026-05-13,KING,PREPAY,PPR_STD,BOOKED,1,10344,INR,2026-05-10 01:44:11,2026-05-10 03:34:11
RES101415,HYD001,CNF101415,GUEST101415,2026-06-23,2026-06-27,STD,MEMBER,MEM_STD,BOOKED,3,165948,INR,2026-05-10 18:17:55,2026-05-10 20:32:55
RES101416,KOL001,CNF101416,GUEST101416,2026-06-30,2026-07-03,DLX,CORP,CORP_DLX,CANCELLED,2,0,INR,2026-05-10 20:44:11,2026-05-10 21:59:11
RES101417,MUM002,CNF101417,GUEST101417,2026-06-03,2026-06-06,KING,CORP,CORP_DLX,BOOKED,2,78954,INR,2026-05-10 12:22:56,2026-05-10 14:06:56
RES101418,CHA001,CNF101418,GUEST101418,2026-05-18,2026-05-21,STE,PKG,PKG_STD,CANCELLED,4,0,INR,2026-05-10 16:48:26,2026-05-10 18:59:26
RES101419,BLR001,CNF101419,GUEST101419,2026-07-06,2026-07-08,KING,PKG,PKG_STD,CANCELLED,1,0,INR,2026-05-10 23:57:28,2026-05-11 00:18:28
RES101420,BLR001,CNF101420,GUEST101420,2026-06-15,2026-06-16,KING,CORP,CORP_DLX,MODIFIED,3,39201,INR,2026-05-10 02:32:01,2026-05-10 05:23:01
RES101421,BLR001,CNF101421,GUEST101421,2026-06-30,2026-07-05,QUEEN,MEMBER,MEM_DLX,MODIFIED,4,166560,INR,2026-05-10 02:13:20,2026-05-10 03:23:20
RES101422,BLR002,CNF101422,GUEST101422,2026-06-06,2026-06-10,DLX,MEMBER,MEM_STD,BOOKED,3,67608,INR,2026-05-10 10:58:45,2026-05-10 11:01:45
RES101423,MUM001,CNF101423,GUEST101423,2026-05-12,2026-05-15,STE,CORP,CORP_STD,MODIFIED,3,90288,INR,2026-05-10 06:58:53,2026-05-10 08:08:53
RES101424,CHN001,CNF101424,GUEST101424,2026-06-25,2026-06-27,STE,CORP,CORP_DLX,BOOKED,1,25554,INR,2026-05-10 09:08:53,2026-05-10 10:44:53
RES101425,BLR001,CNF101425,GUEST101425,2026-05-21,2026-05-24,STE,CORP,CORP_STD,MODIFIED,3,38997,INR,2026-05-10 21:21:28,2026-05-10 22:31:28
RES101426,DEL002,CNF101426,GUEST101426,2026-05-13,2026-05-14,DLX,CORP,CORP_STD,CANCELLED,1,0,INR,2026-05-10 00:29:16,2026-05-10 01:50:16
RES101427,CHA001,CNF101427,GUEST101427,2026-05-27,2026-05-30,QUEEN,PREPAY,PPR_STD,CANCELLED,3,0,INR,2026-05-10 11:44:04,2026-05-10 12:55:04
RES101428,MUM002,CNF101428,GUEST101428,2026-05-29,2026-06-03,QUEEN,CORP,CORP_DLX,MODIFIED,4,178560,INR,2026-05-10 21:25:48,2026-05-11 00:00:48
RES101429,MUM001,CNF101429,GUEST101429,2026-06-14,2026-06-15,KING,PREPAY,PPR_STD,CANCELLED,4,0,INR,2026-05-10 01:49:54,2026-05-10 04:07:54
RES101430,DEL001,CNF101430,GUEST101430,2026-06-14,2026-06-19,DLX,PKG,PKG_DLX,BOOKED,1,26440,INR,2026-05-10 09:21:26,2026-05-10 11:43:26
RES101431,CHA001,CNF101431,GUEST101431,2026-05-11,2026-05-16,QUEEN,BAR,BAR_STD,CANCELLED,3,0,INR,2026-05-10 03:52:48,2026-05-10 04:11:48
RES101432,KER001,CNF101432,GUEST101432,2026-05-15,2026-05-17,QUEEN,CORP,CORP_STD,CANCELLED,2,0,INR,2026-05-10 19:07:20,2026-05-10 21:59:20
RES101433,BLR002,CNF101433,GUEST101433,2026-05-27,2026-05-29,STE,MEMBER,MEM_STD,CANCELLED,4,0,INR,2026-05-10 16:28:30,2026-05-10 19:05:30
RES101434,KER001,CNF101434,GUEST101434,2026-07-03,2026-07-04,KING,PREPAY,PPR_DLX,MODIFIED,3,31800,INR,2026-05-10 19:16:40,2026-05-10 19:41:40
RES101435,BLR002,CNF101435,GUEST101435,2026-06-01,2026-06-05,QUEEN,MEMBER,MEM_STD,MODIFIED,2,96088,INR,2026-05-10 09:19:41,2026-05-10 09:40:41
RES101436,DEL001,CNF101436,GUEST101436,2026-06-16,2026-06-20,KING,MEMBER,MEM_DLX,BOOKED,3,125928,INR,2026-05-10 21:31:33,2026-05-11 00:07:33
RES101437,DEL001,CNF101437,GUEST101437,2026-06-17,2026-06-19,DLX,CORP,CORP_STD,BOOKED,2,37416,INR,2026-05-10 02:50:32,2026-05-10 03:32:32
RES101438,DEL001,CNF101438,GUEST101438,2026-05-15,2026-05-17,STD,BAR,BAR_STD,CANCELLED,3,0,INR,2026-05-10 16:03:47,2026-05-10 16:37:47
RES101439,MUM002,CNF101439,GUEST101439,2026-07-08,2026-07-13,KING,BAR,BAR_STD,BOOKED,2,116460,INR,2026-05-10 19:30:45,2026-05-10 21:47:45
RES101440,DEL002,CNF101440,GUEST101440,2026-06-29,2026-07-03,DLX,CORP,CORP_DLX,MODIFIED,2,119672,INR,2026-05-10 00:55:14,2026-05-10 01:51:14
RES101441,DEL002,CNF101441,GUEST101441,2026-06-18,2026-06-20,DLX,PREPAY,PPR_STD,BOOKED,4,46704,INR,2026-05-10 21:51:24,2026-05-10 21:56:24
RES101442,BLR002,CNF101442,GUEST101442,2026-06-18,2026-06-23,STD,PREPAY,PPR_STD,CANCELLED,1,0,INR,2026-05-10 03:23:06,2026-05-10 04:24:06
RES101443,CHA001,CNF101443,GUEST101443,2026-06-05,2026-06-07,DLX,PREPAY,PPR_DLX,CANCELLED,1,0,INR,2026-05-10 05:19:50,2026-05-10 07:34:50
RES101444,CHA001,CNF101444,GUEST101444,2026-05-27,2026-05-30,STD,BAR,BAR_DLX,MODIFIED,4,99060,INR,2026-05-10 14:59:40,2026-05-10 16:23:40
RES101445,MUM001,CNF101445,GUEST101445,2026-05-23,2026-05-24,STD,CORP,CORP_DLX,BOOKED,3,10854,INR,2026-05-10 10:57:37,2026-05-10 12:51:37
RES101446,KER001,CNF101446,GUEST101446,2026-06-13,2026-06-16,STE,BAR,BAR_STD,MODIFIED,2,50844,INR,2026-05-10 14:26:42,2026-05-10 15:22:42
RES101447,KOL001,CNF101447,GUEST101447,2026-05-17,2026-05-21,STD,MEMBER,MEM_DLX,CANCELLED,3,0,INR,2026-05-10 04:33:08,2026-05-10 05:26:08
RES101448,CHN001,CNF101448,GUEST101448,2026-06-06,2026-06-11,KING,MEMBER,MEM_DLX,MODIFIED,4,169940,INR,2026-05-10 14:38:22,2026-05-10 16:30:22
RES101449,MUM001,CNF101449,GUEST101449,2026-06-30,2026-07-04,STD,BAR,BAR_DLX,CANCELLED,1,0,INR,2026-05-10 22:33:54,2026-05-10 22:36:54
RES101450,DEL002,CNF101450,GUEST101450,2026-06-19,2026-06-22,QUEEN,PREPAY,PPR_DLX,MODIFIED,4,119940,INR,2026-05-10 17:49:35,2026-05-10 18:27:35
RES101451,DEL001,CNF101451,GUEST101451,2026-05-13,2026-05-17,STE,PREPAY,PPR_STD,BOOKED,2,110400,INR,2026-05-10 08:45:57,2026-05-10 09:15:57
RES101452,DEL001,CNF101452,GUEST101452,2026-06-21,2026-06-22,DLX,PREPAY,PPR_STD,BOOKED,4,37656,INR,2026-05-10 12:48:42,2026-05-10 13:56:42
RES101453,MUM002,CNF101453,GUEST101453,2026-06-06,2026-06-11,QUEEN,PREPAY,PPR_STD,MODIFIED,4,290480,INR,2026-05-10 22:06:21,2026-05-10 23:59:21
RES101454,CHN001,CNF101454,GUEST101454,2026-06-05,2026-06-09,DLX,PREPAY,PPR_STD,MODIFIED,3,138480,INR,2026-05-10 12:52:19,2026-05-10 15:29:19
RES101455,MUM001,CNF101455,GUEST101455,2026-06-25,2026-06-30,STE,PREPAY,PPR_DLX,BOOKED,1,64260,INR,2026-05-10 16:20:54,2026-05-10 18:45:54
RES101456,KOL001,CNF101456,GUEST101456,2026-06-30,2026-07-05,DLX,PKG,PKG_STD,BOOKED,1,55770,INR,2026-05-10 11:43:28,2026-05-10 12:27:28
RES101457,KER001,CNF101457,GUEST101457,2026-05-22,2026-05-26,DLX,CORP,CORP_DLX,CANCELLED,1,0,INR,2026-05-10 00:03:25,2026-05-10 02:20:25
RES101458,BLR001,CNF101458,GUEST101458,2026-07-08,2026-07-10,STD,BAR,BAR_STD,BOOKED,2,26224,INR,2026-05-10 04:24:37,2026-05-10 05:51:37
RES101459,BLR001,CNF101459,GUEST101459,2026-06-18,2026-06-22,DLX,BAR,BAR_STD,BOOKED,2,92056,INR,2026-05-10 20:10:10,2026-05-10 22:43:10
RES101460,CHN001,CNF101460,GUEST101460,2026-05-17,2026-05-21,STD,MEMBER,MEM_DLX,BOOKED,3,172944,INR,2026-05-10 07:50:28,2026-05-10 08:31:28
RES101461,BLR001,CNF101461,GUEST101461,2026-06-12,2026-06-17,DLX,PKG,PKG_DLX,BOOKED,4,267220,INR,2026-05-10 11:40:34,2026-05-10 13:13:34
RES101462,CHA001,CNF101462,GUEST101462,2026-06-04,2026-06-08,QUEEN,MEMBER,MEM_DLX,BOOKED,4,173152,INR,2026-05-10 00:36:10,2026-05-10 01:56:10
RES101463,CHA001,CNF101463,GUEST101463,2026-06-07,2026-06-12,DLX,CORP,CORP_DLX,MODIFIED,4,226620,INR,2026-05-10 19:32:16,2026-05-10 22:00:16
RES101464,CHA001,CNF101464,GUEST101464,2026-06-06,2026-06-09,STE,BAR,BAR_STD,CANCELLED,2,0,INR,2026-05-10 15:25:49,2026-05-10 15:48:49
RES101465,KOL001,CNF101465,GUEST101465,2026-07-05,2026-07-06,DLX,CORP,CORP_DLX,MODIFIED,4,46104,INR,2026-05-10 07:41:44,2026-05-10 08:42:44
RES101466,BLR001,CNF101466,GUEST101466,2026-05-25,2026-05-27,STE,CORP,CORP_DLX,CANCELLED,2,0,INR,2026-05-10 02:20:22,2026-05-10 04:15:22
RES101467,HYD001,CNF101467,GUEST101467,2026-06-06,2026-06-10,QUEEN,MEMBER,MEM_STD,MODIFIED,4,183952,INR,2026-05-10 14:55:54,2026-05-10 16:25:54
RES101468,KER001,CNF101468,GUEST101468,2026-05-21,2026-05-25,STE,CORP,CORP_DLX,CANCELLED,4,0,INR,2026-05-10 11:20:08,2026-05-10 13:16:08
RES101469,KOL001,CNF101469,GUEST101469,2026-06-14,2026-06-18,KING,PREPAY,PPR_STD,CANCELLED,1,0,INR,2026-05-10 03:52:03,2026-05-10 06:14:03
RES101470,MUM002,CNF101470,GUEST101470,2026-05-22,2026-05-24,STD,PKG,PKG_STD,CANCELLED,2,0,INR,2026-05-10 21:52:52,2026-05-10 23:18:52
RES101471,BLR001,CNF101471,GUEST101471,2026-06-08,2026-06-10,STD,CORP,CORP_STD,MODIFIED,4,93456,INR,2026-05-10 09:32:56,2026-05-10 09:57:56
RES101472,DEL002,CNF101472,GUEST101472,2026-05-12,2026-05-16,STE,CORP,CORP_STD,MODIFIED,1,25512,INR,2026-05-10 18:07:53,2026-05-10 21:02:53
RES101473,BLR001,CNF101473,GUEST101473,2026-05-22,2026-05-27,KING,PREPAY,PPR_DLX,BOOKED,4,278800,INR,2026-05-10 22:32:50,2026-05-11 00:14:50
RES101474,BLR001,CNF101474,GUEST101474,2026-06-11,2026-06-16,QUEEN,PKG,PKG_STD,MODIFIED,3,175335,INR,2026-05-10 01:18:51,2026-05-10 01:45:51
RES101475,CHN001,CNF101475,GUEST101475,2026-06-19,2026-06-21,STD,PKG,PKG_STD,CANCELLED,4,0,INR,2026-05-10 15:46:01,2026-05-10 17:03:01
RES101476,BLR001,CNF101476,GUEST101476,2026-07-03,2026-07-05,STE,BAR,BAR_STD,MODIFIED,1,18828,INR,2026-05-10 12:05:58,2026-05-10 13:25:58
RES101477,BLR001,CNF101477,GUEST101477,2026-07-05,2026-07-10,KING,PREPAY,PPR_DLX,MODIFIED,2,81000,INR,2026-05-10 00:46:16,2026-05-10 03:21:16
RES101478,MUM001,CNF101478,GUEST101478,2026-05-15,2026-05-17,STD,CORP,CORP_DLX,CANCELLED,1,0,INR,2026-05-10 03:53:11,2026-05-10 06:25:11
RES101479,CHA001,CNF101479,GUEST101479,2026-06-07,2026-06-11,STE,MEMBER,MEM_DLX,CANCELLED,1,0,INR,2026-05-10 17:37:24,2026-05-10 19:58:24
RES101480,KER001,CNF101480,GUEST101480,2026-06-19,2026-06-20,STE,MEMBER,MEM_DLX,BOOKED,2,26070,INR,2026-05-10 16:03:54,2026-05-10 16:52:54
RES101481,HYD001,CNF101481,GUEST101481,2026-05-16,2026-05-21,STE,PKG,PKG_DLX,BOOKED,2,78680,INR,2026-05-10 15:59:50,2026-05-10 18:04:50
RES101482,DEL001,CNF101482,GUEST101482,2026-06-17,2026-06-19,KING,BAR,BAR_DLX,MODIFIED,1,16784,INR,2026-05-10 16:59:08,2026-05-10 18:15:08
RES101483,KOL001,CNF101483,GUEST101483,2026-06-25,2026-06-29,KING,BAR,BAR_STD,CANCELLED,2,0,INR,2026-05-10 23:05:28,2026-05-11 01:03:28
RES101484,DEL001,CNF101484,GUEST101484,2026-05-20,2026-05-23,QUEEN,BAR,BAR_STD,MODIFIED,3,113895,INR,2026-05-10 16:35:38,2026-05-10 18:12:38
RES101485,MUM002,CNF101485,GUEST101485,2026-06-20,2026-06-22,KING,CORP,CORP_DLX,MODIFIED,1,25790,INR,2026-05-10 13:51:23,2026-05-10 15:04:23
RES101486,HYD001,CNF101486,GUEST101486,2026-06-21,2026-06-25,QUEEN,BAR,BAR_DLX,BOOKED,4,141968,INR,2026-05-10 10:02:00,2026-05-10 12:00:00
RES101487,DEL002,CNF101487,GUEST101487,2026-07-01,2026-07-02,QUEEN,BAR,BAR_DLX,BOOKED,3,38526,INR,2026-05-10 21:07:47,2026-05-10 22:50:47
RES101488,CHA001,CNF101488,GUEST101488,2026-05-19,2026-05-22,QUEEN,MEMBER,MEM_DLX,CANCELLED,3,0,INR,2026-05-10 12:50:26,2026-05-10 13:44:26
RES101489,DEL002,CNF101489,GUEST101489,2026-05-24,2026-05-28,KING,CORP,CORP_STD,CANCELLED,4,0,INR,2026-05-10 22:40:34,2026-05-11 01:12:34
RES101490,MUM001,CNF101490,GUEST101490,2026-07-03,2026-07-06,QUEEN,BAR,BAR_STD,MODIFIED,2,70482,INR,2026-05-10 22:39:31,2026-05-10 22:48:31
RES101491,DEL001,CNF101491,GUEST101491,2026-05-12,2026-05-16,DLX,PREPAY,PPR_STD,MODIFIED,4,152704,INR,2026-05-10 23:33:56,2026-05-11 01:36:56
RES101492,CHA001,CNF101492,GUEST101492,2026-06-01,2026-06-05,STE,PREPAY,PPR_DLX,CANCELLED,1,0,INR,2026-05-10 10:08:22,2026-05-10 11:43:22
RES101493,KOL001,CNF101493,GUEST101493,2026-06-03,2026-06-06,QUEEN,BAR,BAR_DLX,MODIFIED,4,177600,INR,2026-05-10 18:41:03,2026-05-10 20:53:03
RES101494,MUM002,CNF101494,GUEST101494,2026-06-26,2026-06-27,STD,BAR,BAR_DLX,MODIFIED,2,27558,INR,2026-05-10 10:10:29,2026-05-10 12:45:29
RES101495,MUM001,CNF101495,GUEST101495,2026-06-24,2026-06-29,DLX,CORP,CORP_DLX,BOOKED,1,53015,INR,2026-05-10 17:15:18,2026-05-10 19:13:18
RES101496,MUM002,CNF101496,GUEST101496,2026-06-15,2026-06-20,STE,PREPAY,PPR_STD,MODIFIED,2,121080,INR,2026-05-10 07:28:30,2026-05-10 07:46:30
RES101497,DEL002,CNF101497,GUEST101497,2026-05-24,2026-05-27,QUEEN,PREPAY,PPR_DLX,BOOKED,3,67068,INR,2026-05-10 02:02:15,2026-05-10 02:14:15
RES101498,DEL001,CNF101498,GUEST101498,2026-05-20,2026-05-22,QUEEN,PKG,PKG_STD,BOOKED,1,22998,INR,2026-05-10 10:49:19,2026-05-10 11:06:19
RES101499,CHA001,CNF101499,GUEST101499,2026-06-06,2026-06-07,DLX,BAR,BAR_DLX,BOOKED,2,27568,INR,2026-05-10 16:13:48,2026-05-10 17:58:48
RES101500,MUM001,CNF101500,GUEST101500,2026-06-22,2026-06-27,STE,MEMBER,MEM_DLX,CANCELLED,1,0,INR,2026-05-10 11:47:27,2026-05-10 12:22:27
RES101501,CHA001,CNF101501,GUEST101501,2026-06-15,2026-06-17,KING,MEMBER,MEM_DLX,MODIFIED,4,80976,INR,2026-05-10 01:18:15,2026-05-10 02:22:15
RES101502,CHN001,CNF101502,GUEST101502,2026-07-08,2026-07-09,STE,BAR,BAR_STD,MODIFIED,1,12542,INR,2026-05-10 11:15:28,2026-05-10 12:08:28
RES101503,DEL001,CNF101503,GUEST101503,2026-07-06,2026-07-08,STD,PKG,PKG_STD,CANCELLED,4,0,INR,2026-05-10 07:53:11,2026-05-10 10:37:11
RES101504,DEL002,CNF101504,GUEST101504,2026-07-08,2026-07-09,DLX,CORP,CORP_STD,MODIFIED,3,17577,INR,2026-05-10 20:17:23,2026-05-10 22:36:23
RES101505,KER001,CNF101505,GUEST101505,2026-07-01,2026-07-05,DLX,MEMBER,MEM_STD,BOOKED,2,92056,INR,2026-05-10 23:17:49,2026-05-11 01:46:49
RES101506,MUM001,CNF101506,GUEST101506,2026-05-16,2026-05-21,DLX,PREPAY,PPR_STD,CANCELLED,3,0,INR,2026-05-10 18:36:32,2026-05-10 21:18:32
RES101507,MUM002,CNF101507,GUEST101507,2026-07-01,2026-07-04,DLX,PKG,PKG_DLX,BOOKED,4,176748,INR,2026-05-10 08:39:16,2026-05-10 08:41:16
RES101508,CHN001,CNF101508,GUEST101508,2026-06-22,2026-06-27,DLX,PREPAY,PPR_DLX,CANCELLED,2,0,INR,2026-05-10 04:44:41,2026-05-10 04:59:41
RES101509,MUM002,CNF101509,GUEST101509,2026-05-30,2026-06-03,STE,PKG,PKG_STD,MODIFIED,4,101008,INR,2026-05-10 22:39:33,2026-05-11 00:08:33
RES101510,KOL001,CNF101510,GUEST101510,2026-05-15,2026-05-19,STE,PKG,PKG_STD,BOOKED,3,96048,INR,2026-05-10 20:02:04,2026-05-10 21:02:04
RES101511,HYD001,CNF101511,GUEST101511,2026-06-12,2026-06-16,STD,PKG,PKG_DLX,CANCELLED,3,0,INR,2026-05-10 05:02:29,2026-05-10 06:45:29
RES101512,HYD001,CNF101512,GUEST101512,2026-05-26,2026-05-31,STE,PKG,PKG_DLX,MODIFIED,1,61340,INR,2026-05-10 11:39:46,2026-05-10 13:50:46
RES101513,CHA001,CNF101513,GUEST101513,2026-06-10,2026-06-14,DLX,BAR,BAR_STD,CANCELLED,1,0,INR,2026-05-10 15:43:04,2026-05-10 17:19:04
RES101514,KOL001,CNF101514,GUEST101514,2026-05-30,2026-06-02,DLX,PREPAY,PPR_DLX,MODIFIED,2,48168,INR,2026-05-10 21:35:19,2026-05-10 22:20:19
RES101515,CHN001,CNF101515,GUEST101515,2026-05-17,2026-05-20,QUEEN,CORP,CORP_DLX,MODIFIED,4,137952,INR,2026-05-10 09:00:48,2026-05-10 11:15:48
RES101516,MUM001,CNF101516,GUEST101516,2026-06-02,2026-06-03,QUEEN,BAR,BAR_DLX,CANCELLED,4,0,INR,2026-05-10 03:34:36,2026-05-10 05:23:36
RES101517,DEL001,CNF101517,GUEST101517,2026-05-18,2026-05-22,DLX,PKG,PKG_DLX,CANCELLED,1,0,INR,2026-05-10 13:56:08,2026-05-10 16:24:08
RES101518,CHA001,CNF101518,GUEST101518,2026-07-06,2026-07-10,STE,PKG,PKG_STD,MODIFIED,3,65136,INR,2026-05-10 01:49:26,2026-05-10 03:40:26
RES101519,CHN001,CNF101519,GUEST101519,2026-06-24,2026-06-29,STD,PKG,PKG_STD,CANCELLED,3,0,INR,2026-05-10 23:24:39,2026-05-11 00:16:39
RES101520,BLR002,CNF101520,GUEST101520,2026-06-16,2026-06-20,QUEEN,PKG,PKG_STD,CANCELLED,4,0,INR,2026-05-10 07:26:47,2026-05-10 08:16:47
RES101521,DEL002,CNF101521,GUEST101521,2026-05-31,2026-06-05,STE,PREPAY,PPR_DLX,CANCELLED,1,0,INR,2026-05-10 09:39:32,2026-05-10 11:37:32
RES101522,CHA001,CNF101522,GUEST101522,2026-05-17,2026-05-19,QUEEN,MEMBER,MEM_DLX,MODIFIED,1,16836,INR,2026-05-10 03:58:47,2026-05-10 04:23:47
RES101523,MUM002,CNF101523,GUEST101523,2026-05-11,2026-05-16,DLX,CORP,CORP_DLX,MODIFIED,3,73470,INR,2026-05-10 20:04:38,2026-05-10 22:21:38
RES101524,KOL001,CNF101524,GUEST101524,2026-05-21,2026-05-25,STE,CORP,CORP_STD,MODIFIED,4,179376,INR,2026-05-10 17:12:04,2026-05-10 17:27:04
RES101525,KOL001,CNF101525,GUEST101525,2026-06-27,2026-06-28,DLX,MEMBER,MEM_DLX,BOOKED,3,37110,INR,2026-05-10 19:49:49,2026-05-10 22:44:49
RES101526,KER001,CNF101526,GUEST101526,2026-07-02,2026-07-03,DLX,PREPAY,PPR_STD,CANCELLED,4,0,INR,2026-05-10 09:42:10,2026-05-10 11:51:10
RES101527,KOL001,CNF101527,GUEST101527,2026-06-20,2026-06-21,DLX,PKG,PKG_DLX,MODIFIED,4,17272,INR,2026-05-10 14:28:58,2026-05-10 16:45:58
RES101528,KER001,CNF101528,GUEST101528,2026-06-15,2026-06-16,STE,BAR,BAR_DLX,BOOKED,2,25580,INR,2026-05-10 20:51:58,2026-05-10 21:05:58
RES101529,CHA001,CNF101529,GUEST101529,2026-05-27,2026-05-29,STD,MEMBER,MEM_DLX,MODIFIED,4,105864,INR,2026-05-10 05:25:07,2026-05-10 05:27:07
RES101530,KER001,CNF101530,GUEST101530,2026-06-05,2026-06-10,STE,PREPAY,PPR_DLX,MODIFIED,4,137900,INR,2026-05-10 09:19:20,2026-05-10 09:22:20
RES101531,BLR001,CNF101531,GUEST101531,2026-05-26,2026-05-27,DLX,BAR,BAR_DLX,BOOKED,2,8146,INR,2026-05-10 19:17:30,2026-05-10 22:06:30
RES101532,MUM001,CNF101532,GUEST101532,2026-07-05,2026-07-06,STE,MEMBER,MEM_STD,BOOKED,3,42771,INR,2026-05-10 11:49:31,2026-05-10 13:04:31
RES101533,KOL001,CNF101533,GUEST101533,2026-05-15,2026-05-20,STD,PREPAY,PPR_STD,MODIFIED,1,28310,INR,2026-05-10 13:33:01,2026-05-10 14:04:01
RES101534,MUM001,CNF101534,GUEST101534,2026-06-12,2026-06-14,STD,PREPAY,PPR_STD,BOOKED,2,52640,INR,2026-05-10 14:37:52,2026-05-10 14:57:52
RES101535,CHA001,CNF101535,GUEST101535,2026-07-04,2026-07-07,STE,BAR,BAR_STD,MODIFIED,4,117480,INR,2026-05-10 08:55:20,2026-05-10 10:26:20
RES101536,MUM002,CNF101536,GUEST101536,2026-06-21,2026-06-24,STE,MEMBER,MEM_STD,BOOKED,2,26034,INR,2026-05-10 18:41:05,2026-05-10 20:34:05
RES101537,DEL001,CNF101537,GUEST101537,2026-05-17,2026-05-18,KING,CORP,CORP_STD,CANCELLED,4,0,INR,2026-05-10 21:40:05,2026-05-10 22:54:05
RES101538,DEL002,CNF101538,GUEST101538,2026-05-11,2026-05-12,STE,PKG,PKG_STD,MODIFIED,3,37083,INR,2026-05-10 00:26:13,2026-05-10 01:28:13
RES101539,DEL001,CNF101539,GUEST101539,2026-05-12,2026-05-13,QUEEN,PREPAY,PPR_DLX,CANCELLED,1,0,INR,2026-05-10 03:08:22,2026-05-10 05:40:22
RES101540,CHA001,CNF101540,GUEST101540,2026-07-02,2026-07-05,QUEEN,BAR,BAR_DLX,CANCELLED,4,0,INR,2026-05-10 13:55:28,2026-05-10 14:48:28
RES101541,BLR001,CNF101541,GUEST101541,2026-06-28,2026-07-02,QUEEN,PREPAY,PPR_DLX,CANCELLED,2,0,INR,2026-05-10 20:37:58,2026-05-10 21:48:58
RES101542,KER001,CNF101542,GUEST101542,2026-05-22,2026-05-23,STE,PKG,PKG_DLX,CANCELLED,2,0,INR,2026-05-10 20:29:47,2026-05-10 23:15:47
RES101543,CHN001,CNF101543,GUEST101543,2026-06-18,2026-06-20,STD,CORP,CORP_STD,CANCELLED,4,0,INR,2026-05-10 16:35:28,2026-05-10 16:40:28
RES101544,DEL002,CNF101544,GUEST101544,2026-07-08,2026-07-13,KING,PREPAY,PPR_DLX,CANCELLED,1,0,INR,2026-05-10 16:11:37,2026-05-10 17:41:37
RES101545,BLR002,CNF101545,GUEST101545,2026-06-10,2026-06-14,STD,PREPAY,PPR_STD,MODIFIED,2,103680,INR,2026-05-10 13:27:13,2026-05-10 13:36:13
RES101546,DEL002,CNF101546,GUEST101546,2026-06-13,2026-06-14,STD,PKG,PKG_DLX,BOOKED,2,14014,INR,2026-05-10 06:48:37,2026-05-10 07:47:37
RES101547,KER001,CNF101547,GUEST101547,2026-06-04,2026-06-08,STD,BAR,BAR_STD,CANCELLED,2,0,INR,2026-05-10 05:05:58,2026-05-10 05:34:58
RES101548,BLR001,CNF101548,GUEST101548,2026-06-04,2026-06-08,DLX,PREPAY,PPR_DLX,CANCELLED,4,0,INR,2026-05-10 12:41:39,2026-05-10 13:03:39
RES101549,CHN001,CNF101549,GUEST101549,2026-06-16,2026-06-19,STE,BAR,BAR_STD,CANCELLED,2,0,INR,2026-05-10 14:07:24,2026-05-10 14:12:24
RES101550,BLR002,CNF101550,GUEST101550,2026-06-27,2026-06-29,STD,BAR,BAR_DLX,CANCELLED,4,0,INR,2026-05-10 03:15:41,2026-05-10 06:03:41
RES101551,HYD001,CNF101551,GUEST101551,2026-06-06,2026-06-08,KING,PKG,PKG_STD,MODIFIED,4,96360,INR,2026-05-10 14:57:35,2026-05-10 15:43:35
RES101552,MUM002,CNF101552,GUEST101552,2026-05-22,2026-05-26,QUEEN,PKG,PKG_DLX,CANCELLED,4,0,INR,2026-05-10 16:00:41,2026-05-10 17:27:41
RES101553,BLR002,CNF101553,GUEST101553,2026-05-21,2026-05-24,DLX,MEMBER,MEM_STD,MODIFIED,4,77196,INR,2026-05-10 21:40:22,2026-05-10 22:53:22
RES101554,CHN001,CNF101554,GUEST101554,2026-06-02,2026-06-07,STE,CORP,CORP_STD,BOOKED,2,98490,INR,2026-05-10 00:13:07,2026-05-10 02:42:07
RES101555,HYD001,CNF101555,GUEST101555,2026-06-26,2026-06-27,DLX,BAR,BAR_DLX,CANCELLED,3,0,INR,2026-05-10 22:29:40,2026-05-11 00:50:40
RES101556,DEL001,CNF101556,GUEST101556,2026-06-01,2026-06-02,DLX,PREPAY,PPR_DLX,MODIFIED,1,9932,INR,2026-05-10 01:02:05,2026-05-10 03:26:05
RES101557,DEL001,CNF101557,GUEST101557,2026-07-06,2026-07-07,STE,CORP,CORP_STD,CANCELLED,2,0,INR,2026-05-10 14:52:59,2026-05-10 14:58:59
RES101558,HYD001,CNF101558,GUEST101558,2026-05-20,2026-05-22,STD,MEMBER,MEM_DLX,MODIFIED,1,10198,INR,2026-05-10 11:21:22,2026-05-10 12:16:22
RES101559,MUM001,CNF101559,GUEST101559,2026-06-03,2026-06-07,STE,BAR,BAR_DLX,BOOKED,4,133328,INR,2026-05-10 01:13:30,2026-05-10 03:01:30
RES101560,BLR001,CNF101560,GUEST101560,2026-05-16,2026-05-20,STD,PKG,PKG_STD,BOOKED,2,52472,INR,2026-05-10 01:12:31,2026-05-10 02:17:31
RES101561,DEL002,CNF101561,GUEST101561,2026-05-11,2026-05-13,KING,MEMBER,MEM_DLX,BOOKED,1,11430,INR,2026-05-10 22:59:47,2026-05-11 00:43:47
RES101562,DEL002,CNF101562,GUEST101562,2026-07-06,2026-07-08,STE,CORP,CORP_STD,MODIFIED,3,82452,INR,2026-05-10 04:59:24,2026-05-10 06:53:24
RES101563,KOL001,CNF101563,GUEST101563,2026-05-11,2026-05-12,DLX,PKG,PKG_DLX,BOOKED,4,19192,INR,2026-05-10 11:39:47,2026-05-10 13:00:47
RES101564,KOL001,CNF101564,GUEST101564,2026-06-20,2026-06-22,STE,PKG,PKG_DLX,BOOKED,1,14040,INR,2026-05-10 23:55:33,2026-05-11 02:45:33
RES101565,DEL001,CNF101565,GUEST101565,2026-05-30,2026-06-03,STD,PKG,PKG_DLX,CANCELLED,1,0,INR,2026-05-10 12:13:39,2026-05-10 13:18:39
RES101566,HYD001,CNF101566,GUEST101566,2026-06-20,2026-06-23,STD,PREPAY,PPR_STD,BOOKED,1,24282,INR,2026-05-10 09:03:56,2026-05-10 11:10:56
RES101567,DEL001,CNF101567,GUEST101567,2026-05-14,2026-05-18,DLX,BAR,BAR_STD,MODIFIED,2,36696,INR,2026-05-10 01:47:23,2026-05-10 03:39:23
RES101568,CHA001,CNF101568,GUEST101568,2026-05-16,2026-05-20,QUEEN,BAR,BAR_DLX,BOOKED,2,57448,INR,2026-05-10 12:36:44,2026-05-10 12:47:44
RES101569,CHA001,CNF101569,GUEST101569,2026-06-20,2026-06-22,STD,BAR,BAR_DLX,MODIFIED,2,28288,INR,2026-05-10 00:27:44,2026-05-10 02:32:44
RES101570,MUM001,CNF101570,GUEST101570,2026-06-05,2026-06-08,QUEEN,PREPAY,PPR_STD,MODIFIED,4,137292,INR,2026-05-10 15:23:51,2026-05-10 15:41:51
RES101571,CHA001,CNF101571,GUEST101571,2026-06-18,2026-06-21,QUEEN,MEMBER,MEM_DLX,BOOKED,2,82308,INR,2026-05-10 17:15:18,2026-05-10 20:05:18
RES101572,CHN001,CNF101572,GUEST101572,2026-05-20,2026-05-25,DLX,MEMBER,MEM_STD,BOOKED,3,131910,INR,2026-05-10 21:17:00,2026-05-10 22:15:00
RES101573,MUM001,CNF101573,GUEST101573,2026-05-16,2026-05-18,STD,PREPAY,PPR_STD,BOOKED,4,84600,INR,2026-05-10 08:23:01,2026-05-10 09:14:01
RES101574,DEL002,CNF101574,GUEST101574,2026-05-25,2026-05-29,STD,BAR,BAR_STD,MODIFIED,1,35552,INR,2026-05-10 00:30:32,2026-05-10 01:48:32
RES101575,DEL001,CNF101575,GUEST101575,2026-06-14,2026-06-18,KING,CORP,CORP_STD,CANCELLED,3,0,INR,2026-05-10 20:18:00,2026-05-10 21:09:00
RES101576,CHA001,CNF101576,GUEST101576,2026-06-09,2026-06-11,QUEEN,BAR,BAR_DLX,BOOKED,3,40242,INR,2026-05-10 10:52:42,2026-05-10 12:00:42
RES101577,KER001,CNF101577,GUEST101577,2026-06-05,2026-06-09,STE,PREPAY,PPR_DLX,MODIFIED,4,61104,INR,2026-05-10 05:10:20,2026-05-10 07:02:20
RES101578,CHN001,CNF101578,GUEST101578,2026-06-23,2026-06-24,DLX,MEMBER,MEM_DLX,MODIFIED,3,14805,INR,2026-05-10 16:09:51,2026-05-10 18:46:51
RES101579,DEL002,CNF101579,GUEST101579,2026-06-18,2026-06-23,QUEEN,PKG,PKG_DLX,BOOKED,3,116700,INR,2026-05-10 14:45:55,2026-05-10 16:02:55
RES101580,CHA001,CNF101580,GUEST101580,2026-06-03,2026-06-07,DLX,PREPAY,PPR_STD,CANCELLED,1,0,INR,2026-05-10 18:58:48,2026-05-10 20:23:48
RES101581,DEL002,CNF101581,GUEST101581,2026-05-15,2026-05-20,DLX,BAR,BAR_STD,BOOKED,3,138510,INR,2026-05-10 21:49:37,2026-05-10 23:06:37
RES101582,CHN001,CNF101582,GUEST101582,2026-05-12,2026-05-16,KING,PKG,PKG_DLX,BOOKED,1,51444,INR,2026-05-10 09:38:00,2026-05-10 10:45:00
RES101583,MUM002,CNF101583,GUEST101583,2026-06-30,2026-07-04,STE,PREPAY,PPR_STD,BOOKED,4,70064,INR,2026-05-10 02:34:45,2026-05-10 04:04:45
RES101584,HYD001,CNF101584,GUEST101584,2026-07-06,2026-07-11,DLX,PKG,PKG_STD,MODIFIED,1,59905,INR,2026-05-10 22:58:41,2026-05-11 00:23:41
RES101585,MUM001,CNF101585,GUEST101585,2026-06-21,2026-06-25,KING,PREPAY,PPR_STD,CANCELLED,2,0,INR,2026-05-10 06:37:39,2026-05-10 07:25:39
RES101586,DEL002,CNF101586,GUEST101586,2026-06-23,2026-06-26,KING,PKG,PKG_STD,CANCELLED,1,0,INR,2026-05-10 03:13:07,2026-05-10 03:51:07
RES101587,HYD001,CNF101587,GUEST101587,2026-07-04,2026-07-05,QUEEN,BAR,BAR_DLX,MODIFIED,4,58068,INR,2026-05-10 17:52:40,2026-05-10 18:03:40
RES101588,HYD001,CNF101588,GUEST101588,2026-07-01,2026-07-06,STD,PKG,PKG_DLX,MODIFIED,3,206250,INR,2026-05-10 16:35:41,2026-05-10 17:34:41
RES101589,BLR002,CNF101589,GUEST101589,2026-05-24,2026-05-25,DLX,BAR,BAR_STD,BOOKED,3,26331,INR,2026-05-10 16:29:14,2026-05-10 17:46:14
RES101590,DEL001,CNF101590,GUEST101590,2026-06-14,2026-06-17,QUEEN,CORP,CORP_DLX,MODIFIED,4,72444,INR,2026-05-10 07:07:38,2026-05-10 08:20:38
RES101591,HYD001,CNF101591,GUEST101591,2026-05-29,2026-06-02,KING,MEMBER,MEM_DLX,CANCELLED,3,0,INR,2026-05-10 07:00:31,2026-05-10 09:32:31
RES101592,CHN001,CNF101592,GUEST101592,2026-06-13,2026-06-16,KING,MEMBER,MEM_DLX,BOOKED,3,59283,INR,2026-05-10 23:31:18,2026-05-11 01:58:18
RES101593,CHN001,CNF101593,GUEST101593,2026-07-04,2026-07-05,QUEEN,PKG,PKG_DLX,MODIFIED,1,6790,INR,2026-05-10 13:24:51,2026-05-10 16:20:51
RES101594,DEL002,CNF101594,GUEST101594,2026-06-07,2026-06-12,DLX,BAR,BAR_STD,CANCELLED,3,0,INR,2026-05-10 23:56:48,2026-05-11 00:51:48
RES101595,MUM002,CNF101595,GUEST101595,2026-06-13,2026-06-18,STD,CORP,CORP_DLX,CANCELLED,2,0,INR,2026-05-10 19:19:55,2026-05-10 21:14:55
RES101596,DEL002,CNF101596,GUEST101596,2026-05-25,2026-05-28,QUEEN,MEMBER,MEM_DLX,BOOKED,3,75582,INR,2026-05-10 13:07:44,2026-05-10 15:46:44
RES101597,MUM002,CNF101597,GUEST101597,2026-06-13,2026-06-15,STE,CORP,CORP_STD,MODIFIED,3,86244,INR,2026-05-10 06:24:59,2026-05-10 09:07:59
RES101598,MUM002,CNF101598,GUEST101598,2026-06-12,2026-06-15,STD,PKG,PKG_DLX,BOOKED,3,100440,INR,2026-05-10 13:55:10,2026-05-10 15:26:10
RES101599,CHA001,CNF101599,GUEST101599,2026-06-03,2026-06-06,STD,CORP,CORP_STD,CANCELLED,3,0,INR,2026-05-10 14:53:54,2026-05-10 16:09:54
RES101600,KOL001,CNF101600,GUEST101600,2026-05-26,2026-05-29,QUEEN,CORP,CORP_STD,BOOKED,2,89076,INR,2026-05-10 01:26:07,2026-05-10 03:59:07
RES101601,DEL002,CNF101601,GUEST101601,2026-06-22,2026-06-25,KING,BAR,BAR_STD,CANCELLED,3,0,INR,2026-05-10 07:23:10,2026-05-10 08:20:10
RES101602,BLR002,CNF101602,GUEST101602,2026-05-27,2026-05-31,KING,BAR,BAR_DLX,CANCELLED,3,0,INR,2026-05-10 08:34:59,2026-05-10 10:42:59
RES101603,CHA001,CNF101603,GUEST101603,2026-06-02,2026-06-05,KING,PKG,PKG_STD,MODIFIED,3,45792,INR,2026-05-10 19:16:23,2026-05-10 21:14:23
RES101604,DEL001,CNF101604,GUEST101604,2026-06-09,2026-06-10,STE,PKG,PKG_STD,CANCELLED,2,0,INR,2026-05-10 07:08:32,2026-05-10 08:11:32
RES101605,MUM001,CNF101605,GUEST101605,2026-06-30,2026-07-02,DLX,MEMBER,MEM_DLX,CANCELLED,3,0,INR,2026-05-10 20:34:58,2026-05-10 23:24:58
RES101606,MUM001,CNF101606,GUEST101606,2026-06-28,2026-06-30,DLX,CORP,CORP_DLX,BOOKED,3,31962,INR,2026-05-10 22:51:42,2026-05-10 23:14:42
RES101607,MUM002,CNF101607,GUEST101607,2026-05-12,2026-05-14,KING,CORP,CORP_DLX,CANCELLED,4,0,INR,2026-05-10 13:23:20,2026-05-10 15:44:20
RES101608,BLR001,CNF101608,GUEST101608,2026-06-14,2026-06-15,KING,PREPAY,PPR_DLX,CANCELLED,1,0,INR,2026-05-10 15:28:11,2026-05-10 16:48:11
RES101609,HYD001,CNF101609,GUEST101609,2026-05-18,2026-05-23,STE,BAR,BAR_STD,CANCELLED,1,0,INR,2026-05-10 02:31:47,2026-05-10 03:09:47
RES101610,DEL001,CNF101610,GUEST101610,2026-06-22,2026-06-23,DLX,BAR,BAR_STD,MODIFIED,2,25990,INR,2026-05-10 05:39:06,2026-05-10 05:40:06
RES101611,KOL001,CNF101611,GUEST101611,2026-05-11,2026-05-16,KING,BAR,BAR_DLX,CANCELLED,4,0,INR,2026-05-10 05:58:12,2026-05-10 08:58:12
RES101612,MUM002,CNF101612,GUEST101612,2026-06-07,2026-06-08,DLX,BAR,BAR_STD,BOOKED,1,4908,INR,2026-05-10 08:06:11,2026-05-10 08:51:11
RES101613,KER001,CNF101613,GUEST101613,2026-07-05,2026-07-10,STE,PREPAY,PPR_DLX,BOOKED,3,183330,INR,2026-05-10 14:46:11,2026-05-10 14:50:11
RES101614,DEL001,CNF101614,GUEST101614,2026-05-22,2026-05-24,DLX,PREPAY,PPR_DLX,CANCELLED,3,0,INR,2026-05-10 10:19:12,2026-05-10 10:56:12
RES101615,KOL001,CNF101615,GUEST101615,2026-05-28,2026-06-01,DLX,CORP,CORP_DLX,MODIFIED,1,37716,INR,2026-05-10 04:48:31,2026-05-10 05:21:31
RES101616,DEL001,CNF101616,GUEST101616,2026-06-29,2026-06-30,DLX,BAR,BAR_DLX,BOOKED,2,19364,INR,2026-05-10 12:14:07,2026-05-10 13:41:07
RES101617,CHA001,CNF101617,GUEST101617,2026-06-29,2026-07-02,KING,PKG,PKG_DLX,MODIFIED,2,63126,INR,2026-05-10 15:44:09,2026-05-10 17:24:09
RES101618,HYD001,CNF101618,GUEST101618,2026-07-02,2026-07-06,QUEEN,CORP,CORP_DLX,BOOKED,3,70308,INR,2026-05-10 09:20:39,2026-05-10 11:47:39
RES101619,CHN001,CNF101619,GUEST101619,2026-07-01,2026-07-02,STD,PKG,PKG_STD,BOOKED,4,18144,INR,2026-05-10 15:51:35,2026-05-10 16:49:35
RES101620,HYD001,CNF101620,GUEST101620,2026-05-23,2026-05-26,KING,CORP,CORP_DLX,CANCELLED,2,0,INR,2026-05-10 15:35:35,2026-05-10 17:25:35
RES101621,KER001,CNF101621,GUEST101621,2026-05-11,2026-05-13,DLX,MEMBER,MEM_DLX,MODIFIED,1,21208,INR,2026-05-10 14:34:26,2026-05-10 17:00:26
RES101622,DEL001,CNF101622,GUEST101622,2026-05-22,2026-05-26,STD,BAR,BAR_DLX,MODIFIED,4,215920,INR,2026-05-10 06:07:37,2026-05-10 07:45:37
RES101623,DEL002,CNF101623,GUEST101623,2026-06-04,2026-06-06,STD,CORP,CORP_DLX,CANCELLED,3,0,INR,2026-05-10 17:21:12,2026-05-10 17:28:12
RES101624,HYD001,CNF101624,GUEST101624,2026-07-06,2026-07-07,QUEEN,CORP,CORP_DLX,MODIFIED,4,44088,INR,2026-05-10 05:10:44,2026-05-10 07:59:44
RES101625,BLR001,CNF101625,GUEST101625,2026-06-18,2026-06-20,STE,MEMBER,MEM_STD,MODIFIED,4,35856,INR,2026-05-10 07:10:46,2026-05-10 09:24:46
RES101626,CHN001,CNF101626,GUEST101626,2026-07-03,2026-07-05,DLX,PREPAY,PPR_STD,CANCELLED,1,0,INR,2026-05-10 12:47:43,2026-05-10 14:37:43
RES101627,HYD001,CNF101627,GUEST101627,2026-05-19,2026-05-24,QUEEN,CORP,CORP_STD,MODIFIED,4,129660,INR,2026-05-10 14:29:04,2026-05-10 16:07:04
RES101628,BLR001,CNF101628,GUEST101628,2026-06-23,2026-06-25,QUEEN,CORP,CORP_STD,BOOKED,1,9196,INR,2026-05-10 07:22:16,2026-05-10 07:27:16
RES101629,HYD001,CNF101629,GUEST101629,2026-06-10,2026-06-15,QUEEN,CORP,CORP_STD,MODIFIED,1,54895,INR,2026-05-10 10:52:09,2026-05-10 11:11:09
RES101630,BLR001,CNF101630,GUEST101630,2026-06-09,2026-06-10,STE,BAR,BAR_STD,CANCELLED,2,0,INR,2026-05-10 17:55:22,2026-05-10 20:48:22
RES101631,BLR002,CNF101631,GUEST101631,2026-07-02,2026-07-06,KING,BAR,BAR_STD,CANCELLED,3,0,INR,2026-05-10 11:45:21,2026-05-10 12:40:21
RES101632,DEL002,CNF101632,GUEST101632,2026-06-27,2026-06-28,STD,MEMBER,MEM_STD,BOOKED,1,14518,INR,2026-05-10 00:53:33,2026-05-10 02:44:33
RES101633,CHA001,CNF101633,GUEST101633,2026-06-03,2026-06-08,DLX,CORP,CORP_DLX,CANCELLED,4,0,INR,2026-05-10 17:12:10,2026-05-10 19:35:10
RES101634,HYD001,CNF101634,GUEST101634,2026-06-19,2026-06-20,KING,PKG,PKG_STD,MODIFIED,2,17138,INR,2026-05-10 20:10:09,2026-05-10 20:59:09
RES101635,BLR001,CNF101635,GUEST101635,2026-05-30,2026-06-03,QUEEN,BAR,BAR_STD,BOOKED,3,116676,INR,2026-05-10 09:17:46,2026-05-10 11:43:46
RES101636,BLR002,CNF101636,GUEST101636,2026-05-15,2026-05-18,KING,MEMBER,MEM_STD,MODIFIED,1,44637,INR,2026-05-10 15:21:52,2026-05-10 16:41:52
RES101637,BLR002,CNF101637,GUEST101637,2026-06-12,2026-06-15,STD,PREPAY,PPR_DLX,BOOKED,4,67980,INR,2026-05-10 01:59:14,2026-05-10 04:50:14
RES101638,CHN001,CNF101638,GUEST101638,2026-05-22,2026-05-27,KING,CORP,CORP_DLX,CANCELLED,3,0,INR,2026-05-10 03:16:32,2026-05-10 03:31:32
RES101639,BLR001,CNF101639,GUEST101639,2026-06-27,2026-07-02,DLX,MEMBER,MEM_DLX,CANCELLED,1,0,INR,2026-05-10 05:33:43,2026-05-10 08:28:43
RES101640,KER001,CNF101640,GUEST101640,2026-06-13,2026-06-18,DLX,CORP,CORP_DLX,CANCELLED,4,0,INR,2026-05-10 13:42:43,2026-05-10 14:54:43
RES101641,MUM001,CNF101641,GUEST101641,2026-05-27,2026-05-29,STE,BAR,BAR_STD,BOOKED,1,18048,INR,2026-05-10 18:50:33,2026-05-10 20:22:33
RES101642,HYD001,CNF101642,GUEST101642,2026-06-23,2026-06-25,QUEEN,PKG,PKG_DLX,BOOKED,1,21162,INR,2026-05-10 08:29:21,2026-05-10 10:58:21
RES101643,MUM002,CNF101643,GUEST101643,2026-06-11,2026-06-13,STE,MEMBER,MEM_STD,CANCELLED,1,0,INR,2026-05-10 15:44:20,2026-05-10 17:20:20
RES101644,MUM001,CNF101644,GUEST101644,2026-06-22,2026-06-24,STE,CORP,CORP_DLX,BOOKED,4,53296,INR,2026-05-10 17:41:41,2026-05-10 19:22:41
RES101645,CHN001,CNF101645,GUEST101645,2026-06-04,2026-06-08,DLX,CORP,CORP_DLX,BOOKED,1,24616,INR,2026-05-10 10:35:31,2026-05-10 11:54:31
RES101646,BLR002,CNF101646,GUEST101646,2026-05-26,2026-05-30,DLX,BAR,BAR_DLX,BOOKED,2,83712,INR,2026-05-10 13:08:44,2026-05-10 15:36:44
RES101647,DEL002,CNF101647,GUEST101647,2026-05-21,2026-05-25,QUEEN,CORP,CORP_DLX,MODIFIED,1,23088,INR,2026-05-10 06:04:34,2026-05-10 08:50:34
RES101648,CHA001,CNF101648,GUEST101648,2026-05-24,2026-05-26,STD,MEMBER,MEM_STD,BOOKED,3,36630,INR,2026-05-10 11:06:54,2026-05-10 11:46:54
RES101649,KOL001,CNF101649,GUEST101649,2026-05-30,2026-06-01,DLX,MEMBER,MEM_DLX,CANCELLED,2,0,INR,2026-05-10 19:14:10,2026-05-10 22:05:10
RES101650,BLR001,CNF101650,GUEST101650,2026-06-10,2026-06-12,DLX,PREPAY,PPR_STD,BOOKED,3,55128,INR,2026-05-10 08:20:26,2026-05-10 10:44:26
RES101651,CHA001,CNF101651,GUEST101651,2026-06-23,2026-06-27,DLX,PREPAY,PPR_STD,BOOKED,3,100716,INR,2026-05-10 20:29:15,2026-05-10 22:11:15
RES101652,BLR001,CNF101652,GUEST101652,2026-07-04,2026-07-05,QUEEN,MEMBER,MEM_STD,MODIFIED,4,36024,INR,2026-05-10 21:33:29,2026-05-10 21:41:29
RES101653,KER001,CNF101653,GUEST101653,2026-06-15,2026-06-20,STD,PKG,PKG_DLX,MODIFIED,2,140900,INR,2026-05-10 14:10:40,2026-05-10 16:28:40
RES101654,MUM002,CNF101654,GUEST101654,2026-06-10,2026-06-13,STE,MEMBER,MEM_STD,BOOKED,3,127053,INR,2026-05-10 19:56:14,2026-05-10 22:36:14
RES101655,BLR002,CNF101655,GUEST101655,2026-06-09,2026-06-11,KING,PKG,PKG_STD,CANCELLED,1,0,INR,2026-05-10 13:00:33,2026-05-10 14:14:33
RES101656,CHA001,CNF101656,GUEST101656,2026-06-28,2026-06-29,QUEEN,PKG,PKG_STD,CANCELLED,2,0,INR,2026-05-10 05:48:26,2026-05-10 07:41:26
RES101657,KOL001,CNF101657,GUEST101657,2026-06-27,2026-06-30,STD,CORP,CORP_STD,MODIFIED,1,35553,INR,2026-05-10 10:43:42,2026-05-10 11:59:42
RES101658,KER001,CNF101658,GUEST101658,2026-07-05,2026-07-07,KING,CORP,CORP_STD,MODIFIED,4,68376,INR,2026-05-10 19:41:34,2026-05-10 20:15:34
RES101659,CHA001,CNF101659,GUEST101659,2026-07-06,2026-07-08,QUEEN,MEMBER,MEM_STD,MODIFIED,2,24948,INR,2026-05-10 00:51:58,2026-05-10 01:31:58
RES101660,KOL001,CNF101660,GUEST101660,2026-05-25,2026-05-27,KING,PREPAY,PPR_DLX,MODIFIED,4,50224,INR,2026-05-10 21:09:12,2026-05-10 23:54:12
RES101661,CHN001,CNF101661,GUEST101661,2026-06-20,2026-06-21,DLX,PREPAY,PPR_STD,MODIFIED,1,8566,INR,2026-05-10 08:24:32,2026-05-10 09:30:32
RES101662,CHN001,CNF101662,GUEST101662,2026-05-22,2026-05-25,STE,BAR,BAR_DLX,CANCELLED,2,0,INR,2026-05-10 19:18:18,2026-05-10 21:16:18
RES101663,CHN001,CNF101663,GUEST101663,2026-06-01,2026-06-05,QUEEN,BAR,BAR_STD,MODIFIED,3,84324,INR,2026-05-10 00:33:54,2026-05-10 01:24:54
RES101664,DEL002,CNF101664,GUEST101664,2026-05-26,2026-05-29,STD,CORP,CORP_STD,CANCELLED,4,0,INR,2026-05-10 23:17:36,2026-05-11 00:49:36
RES101665,CHA001,CNF101665,GUEST101665,2026-06-19,2026-06-23,QUEEN,PKG,PKG_DLX,CANCELLED,3,0,INR,2026-05-10 02:17:18,2026-05-10 02:44:18
RES101666,DEL001,CNF101666,GUEST101666,2026-06-11,2026-06-15,KING,BAR,BAR_DLX,BOOKED,4,182784,INR,2026-05-10 19:25:18,2026-05-10 21:27:18
RES101667,BLR001,CNF101667,GUEST101667,2026-05-22,2026-05-27,KING,PREPAY,PPR_DLX,MODIFIED,1,22940,INR,2026-05-10 00:46:10,2026-05-10 01:08:10
RES101668,CHA001,CNF101668,GUEST101668,2026-05-16,2026-05-18,KING,BAR,BAR_DLX,MODIFIED,2,47308,INR,2026-05-10 12:55:02,2026-05-10 15:02:02
RES101669,DEL002,CNF101669,GUEST101669,2026-06-06,2026-06-10,STD,PREPAY,PPR_DLX,MODIFIED,3,178368,INR,2026-05-10 21:57:33,2026-05-11 00:33:33
RES101670,MUM001,CNF101670,GUEST101670,2026-06-03,2026-06-04,KING,PREPAY,PPR_DLX,BOOKED,3,25884,INR,2026-05-10 16:24:16,2026-05-10 18:02:16
RES101671,CHA001,CNF101671,GUEST101671,2026-05-15,2026-05-16,KING,PKG,PKG_DLX,BOOKED,2,15778,INR,2026-05-10 07:03:57,2026-05-10 07:24:57
RES101672,MUM002,CNF101672,GUEST101672,2026-06-24,2026-06-25,QUEEN,PREPAY,PPR_DLX,CANCELLED,2,0,INR,2026-05-10 17:08:21,2026-05-10 17:45:21
RES101673,BLR001,CNF101673,GUEST101673,2026-07-01,2026-07-05,DLX,PKG,PKG_STD,BOOKED,1,22124,INR,2026-05-10 18:54:23,2026-05-10 21:27:23
RES101674,CHA001,CNF101674,GUEST101674,2026-06-27,2026-06-30,STD,MEMBER,MEM_DLX,CANCELLED,1,0,INR,2026-05-10 04:22:27,2026-05-10 05:21:27
RES101675,CHN001,CNF101675,GUEST101675,2026-07-05,2026-07-08,DLX,PREPAY,PPR_DLX,CANCELLED,4,0,INR,2026-05-10 11:45:13,2026-05-10 14:35:13
RES101676,BLR001,CNF101676,GUEST101676,2026-06-02,2026-06-04,KING,PREPAY,PPR_DLX,CANCELLED,2,0,INR,2026-05-10 20:05:01,2026-05-10 21:22:01
RES101677,DEL002,CNF101677,GUEST101677,2026-07-05,2026-07-07,STD,BAR,BAR_DLX,BOOKED,1,21308,INR,2026-05-10 11:13:22,2026-05-10 12:10:22
RES101678,KOL001,CNF101678,GUEST101678,2026-06-18,2026-06-19,DLX,PREPAY,PPR_STD,CANCELLED,4,0,INR,2026-05-10 18:29:16,2026-05-10 18:37:16
RES101679,HYD001,CNF101679,GUEST101679,2026-06-30,2026-07-04,QUEEN,PREPAY,PPR_DLX,BOOKED,3,130392,INR,2026-05-10 06:15:42,2026-05-10 07:08:42
RES101680,CHN001,CNF101680,GUEST101680,2026-07-04,2026-07-05,KING,PREPAY,PPR_DLX,MODIFIED,4,56912,INR,2026-05-10 20:51:20,2026-05-10 22:39:20
RES101681,CHN001,CNF101681,GUEST101681,2026-06-28,2026-06-29,DLX,PREPAY,PPR_DLX,BOOKED,4,35016,INR,2026-05-10 01:25:43,2026-05-10 03:42:43
RES101682,BLR001,CNF101682,GUEST101682,2026-06-17,2026-06-18,DLX,PREPAY,PPR_DLX,CANCELLED,1,0,INR,2026-05-10 08:03:32,2026-05-10 09:15:32
RES101683,HYD001,CNF101683,GUEST101683,2026-07-08,2026-07-09,DLX,PKG,PKG_DLX,MODIFIED,3,17574,INR,2026-05-10 20:09:01,2026-05-10 22:58:01
RES101684,CHN001,CNF101684,GUEST101684,2026-06-22,2026-06-26,STD,BAR,BAR_STD,BOOKED,1,23536,INR,2026-05-10 15:47:00,2026-05-10 16:31:00
RES101685,DEL002,CNF101685,GUEST101685,2026-06-11,2026-06-16,STE,BAR,BAR_DLX,MODIFIED,1,27560,INR,2026-05-10 11:28:19,2026-05-10 13:15:19
RES101686,CHN001,CNF101686,GUEST101686,2026-06-30,2026-07-04,DLX,PREPAY,PPR_DLX,MODIFIED,2,114120,INR,2026-05-10 00:25:46,2026-05-10 00:27:46
RES101687,DEL001,CNF101687,GUEST101687,2026-06-23,2026-06-25,STD,PKG,PKG_DLX,MODIFIED,4,91608,INR,2026-05-10 07:50:48,2026-05-10 09:24:48
RES101688,KOL001,CNF101688,GUEST101688,2026-06-04,2026-06-08,DLX,PREPAY,PPR_STD,CANCELLED,4,0,INR,2026-05-10 19:48:32,2026-05-10 22:38:32
RES101689,MUM001,CNF101689,GUEST101689,2026-06-18,2026-06-22,STE,PKG,PKG_DLX,CANCELLED,1,0,INR,2026-05-10 05:46:49,2026-05-10 06:46:49
RES101690,BLR001,CNF101690,GUEST101690,2026-05-25,2026-05-26,KING,MEMBER,MEM_DLX,MODIFIED,4,47440,INR,2026-05-10 17:50:03,2026-05-10 20:34:03
RES101691,MUM001,CNF101691,GUEST101691,2026-06-25,2026-06-26,QUEEN,CORP,CORP_STD,CANCELLED,1,0,INR,2026-05-10 00:35:35,2026-05-10 00:36:35
RES101692,KER001,CNF101692,GUEST101692,2026-06-18,2026-06-22,QUEEN,CORP,CORP_DLX,BOOKED,1,46472,INR,2026-05-10 16:54:14,2026-05-10 18:21:14
RES101693,MUM002,CNF101693,GUEST101693,2026-06-15,2026-06-16,KING,BAR,BAR_STD,MODIFIED,3,41223,INR,2026-05-10 14:55:21,2026-05-10 16:07:21
RES101694,KOL001,CNF101694,GUEST101694,2026-06-03,2026-06-08,QUEEN,MEMBER,MEM_STD,CANCELLED,2,0,INR,2026-05-10 01:15:16,2026-05-10 01:42:16
RES101695,CHN001,CNF101695,GUEST101695,2026-06-01,2026-06-06,STE,CORP,CORP_DLX,BOOKED,1,40100,INR,2026-05-10 19:54:30,2026-05-10 21:33:30
RES101696,KOL001,CNF101696,GUEST101696,2026-06-14,2026-06-16,STD,MEMBER,MEM_STD,BOOKED,2,40328,INR,2026-05-10 21:44:22,2026-05-10 21:57:22
RES101697,MUM002,CNF101697,GUEST101697,2026-06-29,2026-07-02,STE,MEMBER,MEM_DLX,BOOKED,3,54351,INR,2026-05-10 01:40:43,2026-05-10 02:24:43
RES101698,MUM001,CNF101698,GUEST101698,2026-07-07,2026-07-11,STE,MEMBER,MEM_DLX,BOOKED,4,135184,INR,2026-05-10 15:38:19,2026-05-10 17:38:19
RES101699,KER001,CNF101699,GUEST101699,2026-07-08,2026-07-09,STD,PREPAY,PPR_STD,MODIFIED,2,23294,INR,2026-05-10 18:01:07,2026-05-10 18:48:07
RES101700,CHA001,CNF101700,GUEST101700,2026-06-15,2026-06-17,DLX,PREPAY,PPR_DLX,CANCELLED,2,0,INR,2026-05-10 05:34:53,2026-05-10 06:06:53
RES101701,KER001,CNF101701,GUEST101701,2026-05-16,2026-05-19,STD,CORP,CORP_STD,MODIFIED,3,106884,INR,2026-05-10 01:22:33,2026-05-10 04:13:33
RES101702,CHN001,CNF101702,GUEST101702,2026-07-07,2026-07-08,STE,PREPAY,PPR_STD,MODIFIED,1,13813,INR,2026-05-10 04:38:20,2026-05-10 06:22:20
RES101703,KOL001,CNF101703,GUEST101703,2026-05-26,2026-05-28,STD,PKG,PKG_DLX,BOOKED,1,29824,INR,2026-05-10 03:21:32,2026-05-10 05:38:32
RES101704,CHA001,CNF101704,GUEST101704,2026-06-07,2026-06-11,DLX,PREPAY,PPR_DLX,BOOKED,4,144512,INR,2026-05-10 01:44:30,2026-05-10 03:21:30
RES101705,MUM001,CNF101705,GUEST101705,2026-06-04,2026-06-06,STD,MEMBER,MEM_STD,BOOKED,1,14900,INR,2026-05-10 07:40:05,2026-05-10 09:56:05
RES101706,BLR001,CNF101706,GUEST101706,2026-05-21,2026-05-25,QUEEN,PREPAY,PPR_DLX,BOOKED,2,42640,INR,2026-05-10 20:18:35,2026-05-10 21:44:35
RES101707,KER001,CNF101707,GUEST101707,2026-05-30,2026-06-01,QUEEN,PKG,PKG_STD,BOOKED,4,116600,INR,2026-05-10 04:53:59,2026-05-10 07:44:59
RES101708,MUM002,CNF101708,GUEST101708,2026-05-24,2026-05-26,DLX,BAR,BAR_STD,BOOKED,4,55352,INR,2026-05-10 00:05:01,2026-05-10 00:45:01
RES101709,BLR002,CNF101709,GUEST101709,2026-06-05,2026-06-07,DLX,PREPAY,PPR_STD,BOOKED,3,84138,INR,2026-05-10 00:13:22,2026-05-10 01:47:22
RES101710,DEL002,CNF101710,GUEST101710,2026-06-26,2026-07-01,KING,PREPAY,PPR_STD,MODIFIED,3,102765,INR,2026-05-10 07:56:50,2026-05-10 07:57:50
RES101711,DEL002,CNF101711,GUEST101711,2026-06-08,2026-06-09,QUEEN,CORP,CORP_DLX,CANCELLED,1,0,INR,2026-05-10 20:16:44,2026-05-10 23:03:44
RES101712,DEL001,CNF101712,GUEST101712,2026-06-25,2026-06-28,KING,CORP,CORP_DLX,BOOKED,1,27525,INR,2026-05-10 19:09:49,2026-05-10 20:51:49
RES101713,DEL002,CNF101713,GUEST101713,2026-06-27,2026-06-30,DLX,PKG,PKG_DLX,CANCELLED,2,0,INR,2026-05-10 14:48:06,2026-05-10 14:54:06
RES101714,KER001,CNF101714,GUEST101714,2026-06-06,2026-06-07,STD,BAR,BAR_DLX,CANCELLED,4,0,INR,2026-05-10 00:49:18,2026-05-10 02:11:18
RES101715,MUM002,CNF101715,GUEST101715,2026-06-26,2026-06-27,QUEEN,BAR,BAR_STD,CANCELLED,3,0,INR,2026-05-10 01:50:21,2026-05-10 04:47:21
RES101716,BLR002,CNF101716,GUEST101716,2026-05-15,2026-05-20,STE,BAR,BAR_DLX,CANCELLED,3,0,INR,2026-05-10 13:42:03,2026-05-10 16:05:03
RES101717,CHN001,CNF101717,GUEST101717,2026-07-02,2026-07-03,STD,PKG,PKG_DLX,CANCELLED,2,0,INR,2026-05-10 17:43:56,2026-05-10 20:12:56
RES101718,CHN001,CNF101718,GUEST101718,2026-06-07,2026-06-09,STE,CORP,CORP_STD,CANCELLED,2,0,INR,2026-05-10 16:13:38,2026-05-10 17:57:38
RES101719,DEL002,CNF101719,GUEST101719,2026-07-05,2026-07-06,STE,PREPAY,PPR_STD,CANCELLED,3,0,INR,2026-05-10 17:51:47,2026-05-10 20:01:47
RES101720,KOL001,CNF101720,GUEST101720,2026-06-08,2026-06-13,STD,MEMBER,MEM_STD,BOOKED,2,128000,INR,2026-05-10 16:18:00,2026-05-10 19:07:00
RES101721,CHN001,CNF101721,GUEST101721,2026-05-30,2026-06-04,STE,PKG,PKG_STD,CANCELLED,4,0,INR,2026-05-10 14:25:21,2026-05-10 15:43:21
RES101722,DEL002,CNF101722,GUEST101722,2026-06-27,2026-07-01,DLX,MEMBER,MEM_DLX,MODIFIED,2,85696,INR,2026-05-10 11:10:04,2026-05-10 14:09:04
RES101723,BLR001,CNF101723,GUEST101723,2026-07-02,2026-07-03,DLX,CORP,CORP_DLX,MODIFIED,3,16488,INR,2026-05-10 18:16:55,2026-05-10 20:39:55
RES101724,BLR001,CNF101724,GUEST101724,2026-05-27,2026-05-31,DLX,PREPAY,PPR_DLX,BOOKED,4,226848,INR,2026-05-10 18:19:26,2026-05-10 19:30:26
RES101725,MUM002,CNF101725,GUEST101725,2026-07-07,2026-07-08,DLX,CORP,CORP_DLX,MODIFIED,1,4157,INR,2026-05-10 07:49:23,2026-05-10 07:49:23
RES101726,CHA001,CNF101726,GUEST101726,2026-06-27,2026-07-02,STD,PKG,PKG_DLX,CANCELLED,4,0,INR,2026-05-10 21:34:31,2026-05-10 22:08:31
RES101727,KOL001,CNF101727,GUEST101727,2026-07-07,2026-07-10,STD,PKG,PKG_DLX,MODIFIED,4,104604,INR,2026-05-10 00:20:28,2026-05-10 03:03:28
RES101728,MUM001,CNF101728,GUEST101728,2026-06-14,2026-06-18,STE,BAR,BAR_DLX,MODIFIED,3,134328,INR,2026-05-10 04:14:32,2026-05-10 06:37:32
RES101729,MUM001,CNF101729,GUEST101729,2026-06-04,2026-06-06,KING,PREPAY,PPR_DLX,BOOKED,2,58296,INR,2026-05-10 15:17:41,2026-05-10 15:47:41
RES101730,CHA001,CNF101730,GUEST101730,2026-06-08,2026-06-10,STD,PREPAY,PPR_DLX,CANCELLED,4,0,INR,2026-05-10 23:47:09,2026-05-11 00:19:09
RES101731,BLR002,CNF101731,GUEST101731,2026-05-18,2026-05-23,STE,PKG,PKG_STD,CANCELLED,2,0,INR,2026-05-10 17:25:35,2026-05-10 17:34:35
RES101732,MUM002,CNF101732,GUEST101732,2026-05-12,2026-05-17,STD,PKG,PKG_DLX,BOOKED,1,61040,INR,2026-05-10 19:28:27,2026-05-10 20:45:27
RES101733,BLR002,CNF101733,GUEST101733,2026-06-12,2026-06-14,KING,PKG,PKG_STD,CANCELLED,4,0,INR,2026-05-10 21:11:03,2026-05-10 23:20:03
RES101734,BLR002,CNF101734,GUEST101734,2026-05-29,2026-05-30,QUEEN,MEMBER,MEM_STD,BOOKED,2,7004,INR,2026-05-10 18:49:11,2026-05-10 19:08:11
RES101735,BLR001,CNF101735,GUEST101735,2026-06-16,2026-06-19,STE,MEMBER,MEM_STD,BOOKED,2,61056,INR,2026-05-10 04:05:07,2026-05-10 06:47:07
RES101736,BLR001,CNF101736,GUEST101736,2026-06-01,2026-06-06,KING,BAR,BAR_DLX,CANCELLED,1,0,INR,2026-05-10 20:12:15,2026-05-10 21:18:15
RES101737,DEL002,CNF101737,GUEST101737,2026-06-24,2026-06-27,DLX,PREPAY,PPR_DLX,MODIFIED,4,113328,INR,2026-05-10 16:10:14,2026-05-10 18:18:14
RES101738,MUM002,CNF101738,GUEST101738,2026-06-08,2026-06-09,STE,PREPAY,PPR_STD,MODIFIED,1,6428,INR,2026-05-10 10:07:52,2026-05-10 11:53:52
RES101739,KOL001,CNF101739,GUEST101739,2026-05-29,2026-06-03,DLX,PKG,PKG_STD,BOOKED,2,120110,INR,2026-05-10 12:45:24,2026-05-10 15:28:24
RES101740,BLR001,CNF101740,GUEST101740,2026-05-24,2026-05-29,DLX,BAR,BAR_STD,BOOKED,2,84100,INR,2026-05-10 08:27:17,2026-05-10 09:32:17
RES101741,BLR001,CNF101741,GUEST101741,2026-05-12,2026-05-13,STE,PKG,PKG_DLX,CANCELLED,2,0,INR,2026-05-10 13:36:03,2026-05-10 15:50:03
RES101742,BLR001,CNF101742,GUEST101742,2026-07-07,2026-07-10,STE,MEMBER,MEM_STD,CANCELLED,3,0,INR,2026-05-10 09:38:58,2026-05-10 10:59:58
RES101743,DEL002,CNF101743,GUEST101743,2026-07-03,2026-07-04,DLX,CORP,CORP_DLX,CANCELLED,3,0,INR,2026-05-10 20:53:44,2026-05-10 22:31:44
RES101744,CHN001,CNF101744,GUEST101744,2026-06-14,2026-06-17,DLX,PKG,PKG_DLX,BOOKED,2,71790,INR,2026-05-10 03:04:14,2026-05-10 03:30:14
RES101745,CHN001,CNF101745,GUEST101745,2026-07-03,2026-07-04,STE,MEMBER,MEM_STD,CANCELLED,2,0,INR,2026-05-10 12:43:50,2026-05-10 14:44:50
RES101746,HYD001,CNF101746,GUEST101746,2026-05-31,2026-06-03,KING,MEMBER,MEM_DLX,CANCELLED,4,0,INR,2026-05-10 01:46:31,2026-05-10 03:38:31
RES101747,DEL002,CNF101747,GUEST101747,2026-07-06,2026-07-08,KING,PKG,PKG_STD,CANCELLED,1,0,INR,2026-05-10 22:51:41,2026-05-10 23:32:41
RES101748,MUM002,CNF101748,GUEST101748,2026-05-24,2026-05-26,QUEEN,PKG,PKG_DLX,CANCELLED,3,0,INR,2026-05-10 00:30:20,2026-05-10 00:47:20
RES101749,MUM001,CNF101749,GUEST101749,2026-06-19,2026-06-21,DLX,PKG,PKG_STD,BOOKED,2,39724,INR,2026-05-10 10:10:42,2026-05-10 10:15:42
RES101750,KOL001,CNF101750,GUEST101750,2026-06-04,2026-06-05,QUEEN,MEMBER,MEM_STD,BOOKED,1,10536,INR,2026-05-10 20:35:13,2026-05-10 22:53:13
RES101751,MUM001,CNF101751,GUEST101751,2026-06-29,2026-07-02,STD,PKG,PKG_STD,BOOKED,2,38028,INR,2026-05-10 18:49:44,2026-05-10 20:31:44
RES101752,DEL001,CNF101752,GUEST101752,2026-06-21,2026-06-22,STE,PREPAY,PPR_STD,CANCELLED,2,0,INR,2026-05-10 22:42:19,2026-05-10 23:10:19
RES101753,BLR001,CNF101753,GUEST101753,2026-07-05,2026-07-06,KING,PKG,PKG_STD,CANCELLED,4,0,INR,2026-05-10 00:05:48,2026-05-10 00:38:48
RES101754,HYD001,CNF101754,GUEST101754,2026-06-23,2026-06-25,DLX,PREPAY,PPR_STD,MODIFIED,4,36352,INR,2026-05-10 16:36:19,2026-05-10 18:26:19
RES101755,KOL001,CNF101755,GUEST101755,2026-05-19,2026-05-22,STD,BAR,BAR_STD,BOOKED,1,36192,INR,2026-05-10 02:24:31,2026-05-10 03:57:31
RES101756,BLR001,CNF101756,GUEST101756,2026-05-20,2026-05-22,DLX,PREPAY,PPR_STD,MODIFIED,2,28204,INR,2026-05-10 08:58:22,2026-05-10 10:15:22
RES101757,MUM002,CNF101757,GUEST101757,2026-06-30,2026-07-05,STD,PREPAY,PPR_DLX,BOOKED,3,141885,INR,2026-05-10 11:08:31,2026-05-10 11:59:31
RES101758,BLR001,CNF101758,GUEST101758,2026-06-01,2026-06-05,STD,PKG,PKG_STD,BOOKED,4,233120,INR,2026-05-10 05:15:59,2026-05-10 06:22:59
RES101759,KOL001,CNF101759,GUEST101759,2026-05-17,2026-05-21,KING,MEMBER,MEM_DLX,CANCELLED,3,0,INR,2026-05-10 09:27:48,2026-05-10 11:35:48
RES101760,DEL001,CNF101760,GUEST101760,2026-06-23,2026-06-25,STD,BAR,BAR_STD,MODIFIED,2,46992,INR,2026-05-10 18:46:46,2026-05-10 19:17:46
RES101761,CHN001,CNF101761,GUEST101761,2026-05-26,2026-05-28,STE,CORP,CORP_DLX,CANCELLED,3,0,INR,2026-05-10 21:55:06,2026-05-10 22:56:06
RES101762,BLR001,CNF101762,GUEST101762,2026-06-20,2026-06-21,STD,PKG,PKG_STD,BOOKED,4,36332,INR,2026-05-10 01:19:24,2026-05-10 02:01:24
RES101763,CHN001,CNF101763,GUEST101763,2026-06-01,2026-06-02,DLX,PREPAY,PPR_STD,CANCELLED,4,0,INR,2026-05-10 04:55:10,2026-05-10 07:55:10
RES101764,CHA001,CNF101764,GUEST101764,2026-06-09,2026-06-11,STD,CORP,CORP_STD,CANCELLED,2,0,INR,2026-05-10 02:39:04,2026-05-10 03:54:04
RES101765,CHA001,CNF101765,GUEST101765,2026-05-30,2026-06-04,STD,CORP,CORP_DLX,MODIFIED,4,239780,INR,2026-05-10 04:34:31,2026-05-10 04:49:31
RES101766,KOL001,CNF101766,GUEST101766,2026-06-29,2026-07-02,STE,MEMBER,MEM_DLX,BOOKED,1,25440,INR,2026-05-10 17:41:06,2026-05-10 19:31:06
RES101767,MUM001,CNF101767,GUEST101767,2026-05-11,2026-05-14,DLX,PREPAY,PPR_STD,CANCELLED,4,0,INR,2026-05-10 08:50:01,2026-05-10 11:45:01
RES101768,MUM002,CNF101768,GUEST101768,2026-06-28,2026-06-30,STD,MEMBER,MEM_DLX,MODIFIED,2,18100,INR,2026-05-10 18:17:40,2026-05-10 21:01:40
RES101769,KER001,CNF101769,GUEST101769,2026-07-08,2026-07-10,STE,MEMBER,MEM_DLX,MODIFIED,4,108624,INR,2026-05-10 23:27:26,2026-05-11 00:20:26
RES101770,BLR002,CNF101770,GUEST101770,2026-05-23,2026-05-24,DLX,BAR,BAR_STD,BOOKED,4,57528,INR,2026-05-10 08:56:17,2026-05-10 11:22:17
RES101771,DEL002,CNF101771,GUEST101771,2026-06-22,2026-06-24,QUEEN,PKG,PKG_STD,CANCELLED,3,0,INR,2026-05-10 23:49:59,2026-05-11 00:19:59
RES101772,CHN001,CNF101772,GUEST101772,2026-06-15,2026-06-16,STD,CORP,CORP_STD,MODIFIED,1,3581,INR,2026-05-10 23:13:50,2026-05-11 00:20:50
RES101773,CHA001,CNF101773,GUEST101773,2026-05-23,2026-05-24,QUEEN,CORP,CORP_DLX,BOOKED,2,14884,INR,2026-05-10 13:44:36,2026-05-10 15:41:36
RES101774,KER001,CNF101774,GUEST101774,2026-05-28,2026-05-31,DLX,BAR,BAR_DLX,BOOKED,2,27576,INR,2026-05-10 04:31:12,2026-05-10 06:34:12
RES101775,BLR002,CNF101775,GUEST101775,2026-06-09,2026-06-11,KING,BAR,BAR_DLX,BOOKED,1,7072,INR,2026-05-10 01:13:10,2026-05-10 03:04:10
RES101776,CHN001,CNF101776,GUEST101776,2026-05-18,2026-05-21,STD,CORP,CORP_DLX,CANCELLED,1,0,INR,2026-05-10 16:29:09,2026-05-10 17:28:09
RES101777,MUM002,CNF101777,GUEST101777,2026-06-18,2026-06-19,STD,MEMBER,MEM_STD,MODIFIED,4,32516,INR,2026-05-10 17:37:52,2026-05-10 19:07:52
RES101778,KER001,CNF101778,GUEST101778,2026-05-22,2026-05-23,KING,CORP,CORP_DLX,MODIFIED,3,13524,INR,2026-05-10 16:33:15,2026-05-10 18:45:15
RES101779,BLR001,CNF101779,GUEST101779,2026-06-16,2026-06-17,STD,MEMBER,MEM_DLX,CANCELLED,3,0,INR,2026-05-10 02:41:12,2026-05-10 02:41:12
RES101780,HYD001,CNF101780,GUEST101780,2026-07-05,2026-07-07,STE,MEMBER,MEM_STD,MODIFIED,1,21448,INR,2026-05-10 23:12:50,2026-05-11 00:20:50
RES101781,DEL001,CNF101781,GUEST101781,2026-06-07,2026-06-10,KING,CORP,CORP_DLX,CANCELLED,4,0,INR,2026-05-10 14:07:06,2026-05-10 15:59:06
RES101782,MUM002,CNF101782,GUEST101782,2026-06-17,2026-06-21,KING,BAR,BAR_STD,BOOKED,4,116112,INR,2026-05-10 20:01:41,2026-05-10 22:51:41
RES101783,CHA001,CNF101783,GUEST101783,2026-06-05,2026-06-08,DLX,PREPAY,PPR_STD,BOOKED,4,62952,INR,2026-05-10 18:34:07,2026-05-10 21:17:07
RES101784,DEL002,CNF101784,GUEST101784,2026-06-03,2026-06-06,STE,CORP,CORP_DLX,MODIFIED,4,98304,INR,2026-05-10 13:57:33,2026-05-10 14:58:33
RES101785,DEL001,CNF101785,GUEST101785,2026-05-22,2026-05-23,STE,CORP,CORP_DLX,CANCELLED,2,0,INR,2026-05-10 09:29:51,2026-05-10 12:12:51
RES101786,BLR001,CNF101786,GUEST101786,2026-05-18,2026-05-22,DLX,CORP,CORP_STD,MODIFIED,2,96216,INR,2026-05-10 05:27:24,2026-05-10 06:39:24
RES101787,DEL002,CNF101787,GUEST101787,2026-06-20,2026-06-22,DLX,BAR,BAR_STD,MODIFIED,1,27414,INR,2026-05-10 23:01:52,2026-05-11 01:32:52
RES101788,BLR001,CNF101788,GUEST101788,2026-05-17,2026-05-18,DLX,CORP,CORP_DLX,BOOKED,3,36876,INR,2026-05-10 12:37:43,2026-05-10 14:19:43
RES101789,DEL001,CNF101789,GUEST101789,2026-06-28,2026-06-29,STD,BAR,BAR_DLX,BOOKED,1,6318,INR,2026-05-10 07:09:03,2026-05-10 09:10:03
RES101790,KER001,CNF101790,GUEST101790,2026-07-08,2026-07-12,STE,CORP,CORP_STD,CANCELLED,2,0,INR,2026-05-10 04:50:42,2026-05-10 07:37:42
RES101791,DEL002,CNF101791,GUEST101791,2026-05-30,2026-05-31,QUEEN,CORP,CORP_STD,BOOKED,1,9010,INR,2026-05-10 13:36:07,2026-05-10 15:51:07
RES101792,KER001,CNF101792,GUEST101792,2026-06-10,2026-06-12,DLX,PREPAY,PPR_STD,BOOKED,1,10460,INR,2026-05-10 17:24:14,2026-05-10 19:47:14
RES101793,DEL002,CNF101793,GUEST101793,2026-05-21,2026-05-22,STE,PREPAY,PPR_STD,BOOKED,3,35568,INR,2026-05-10 17:54:15,2026-05-10 20:18:15
RES101794,HYD001,CNF101794,GUEST101794,2026-05-14,2026-05-16,QUEEN,MEMBER,MEM_DLX,MODIFIED,4,41592,INR,2026-05-10 21:52:04,2026-05-10 23:23:04
RES101795,HYD001,CNF101795,GUEST101795,2026-07-05,2026-07-10,DLX,MEMBER,MEM_DLX,CANCELLED,4,0,INR,2026-05-10 20:46:36,2026-05-10 22:35:36
RES101796,MUM002,CNF101796,GUEST101796,2026-05-24,2026-05-25,QUEEN,BAR,BAR_STD,CANCELLED,3,0,INR,2026-05-10 04:09:51,2026-05-10 07:00:51
RES101797,CHN001,CNF101797,GUEST101797,2026-07-02,2026-07-05,STE,PREPAY,PPR_DLX,MODIFIED,3,45963,INR,2026-05-10 03:27:12,2026-05-10 05:52:12
RES101798,CHA001,CNF101798,GUEST101798,2026-07-02,2026-07-06,STD,MEMBER,MEM_STD,MODIFIED,1,46296,INR,2026-05-10 10:48:11,2026-05-10 13:12:11
RES101799,MUM001,CNF101799,GUEST101799,2026-07-08,2026-07-09,KING,BAR,BAR_STD,MODIFIED,2,17878,INR,2026-05-10 00:43:51,2026-05-10 03:28:51
RES101800,KOL001,CNF101800,GUEST101800,2026-05-29,2026-05-30,KING,MEMBER,MEM_DLX,BOOKED,2,24530,INR,2026-05-10 15:59:58,2026-05-10 17:34:58
RES101801,HYD001,CNF101801,GUEST101801,2026-05-28,2026-05-30,STE,BAR,BAR_DLX,BOOKED,1,21542,INR,2026-05-10 23:19:42,2026-05-11 00:35:42
RES101802,MUM001,CNF101802,GUEST101802,2026-07-01,2026-07-02,STD,BAR,BAR_STD,CANCELLED,3,0,INR,2026-05-10 19:44:27,2026-05-10 21:56:27
RES101803,MUM001,CNF101803,GUEST101803,2026-06-30,2026-07-03,KING,PREPAY,PPR_DLX,MODIFIED,1,44049,INR,2026-05-10 07:19:23,2026-05-10 08:50:23
RES101804,DEL002,CNF101804,GUEST101804,2026-06-17,2026-06-18,KING,PREPAY,PPR_DLX,MODIFIED,2,28008,INR,2026-05-10 15:01:15,2026-05-10 16:53:15
RES101805,MUM001,CNF101805,GUEST101805,2026-06-20,2026-06-22,STE,CORP,CORP_STD,MODIFIED,4,47392,INR,2026-05-10 23:58:06,2026-05-11 01:51:06
RES101806,KOL001,CNF101806,GUEST101806,2026-06-17,2026-06-18,DLX,PKG,PKG_DLX,MODIFIED,1,10491,INR,2026-05-10 17:54:19,2026-05-10 19:44:19
RES101807,HYD001,CNF101807,GUEST101807,2026-07-01,2026-07-03,DLX,PKG,PKG_STD,CANCELLED,4,0,INR,2026-05-10 00:12:39,2026-05-10 01:39:39
RES101808,KOL001,CNF101808,GUEST101808,2026-06-14,2026-06-18,DLX,BAR,BAR_STD,BOOKED,4,56384,INR,2026-05-10 18:50:19,2026-05-10 19:31:19
RES101809,BLR001,CNF101809,GUEST101809,2026-06-05,2026-06-07,STE,MEMBER,MEM_STD,CANCELLED,2,0,INR,2026-05-10 06:27:04,2026-05-10 08:20:04
RES101810,CHN001,CNF101810,GUEST101810,2026-05-13,2026-05-14,DLX,BAR,BAR_DLX,CANCELLED,2,0,INR,2026-05-10 15:54:07,2026-05-10 17:53:07
RES101811,DEL002,CNF101811,GUEST101811,2026-05-30,2026-05-31,STD,CORP,CORP_DLX,CANCELLED,4,0,INR,2026-05-10 14:56:25,2026-05-10 15:15:25
RES101812,MUM001,CNF101812,GUEST101812,2026-06-18,2026-06-23,KING,MEMBER,MEM_STD,BOOKED,3,73680,INR,2026-05-10 05:48:03,2026-05-10 08:33:03
RES101813,CHN001,CNF101813,GUEST101813,2026-05-14,2026-05-16,STD,MEMBER,MEM_DLX,CANCELLED,1,0,INR,2026-05-10 10:57:55,2026-05-10 13:41:55
RES101814,BLR002,CNF101814,GUEST101814,2026-07-03,2026-07-04,KING,PREPAY,PPR_STD,BOOKED,2,28412,INR,2026-05-10 15:35:41,2026-05-10 15:40:41
RES101815,BLR001,CNF101815,GUEST101815,2026-06-10,2026-06-14,QUEEN,PREPAY,PPR_STD,BOOKED,3,146244,INR,2026-05-10 19:14:36,2026-05-10 22:12:36
RES101816,MUM001,CNF101816,GUEST101816,2026-06-20,2026-06-21,DLX,PREPAY,PPR_STD,BOOKED,3,25485,INR,2026-05-10 08:09:03,2026-05-10 10:59:03
RES101817,CHN001,CNF101817,GUEST101817,2026-06-30,2026-07-05,STD,PKG,PKG_STD,MODIFIED,1,34935,INR,2026-05-10 10:54:42,2026-05-10 11:50:42
RES101818,DEL001,CNF101818,GUEST101818,2026-06-17,2026-06-19,QUEEN,CORP,CORP_STD,BOOKED,1,12686,INR,2026-05-10 20:23:03,2026-05-10 21:07:03
RES101819,HYD001,CNF101819,GUEST101819,2026-06-09,2026-06-14,STE,BAR,BAR_DLX,BOOKED,3,56040,INR,2026-05-10 06:57:06,2026-05-10 09:13:06
RES101820,KOL001,CNF101820,GUEST101820,2026-05-19,2026-05-24,KING,CORP,CORP_DLX,CANCELLED,4,0,INR,2026-05-10 10:35:18,2026-05-10 11:11:18
RES101821,KOL001,CNF101821,GUEST101821,2026-05-21,2026-05-25,STE,PREPAY,PPR_DLX,BOOKED,2,99008,INR,2026-05-10 02:21:07,2026-05-10 03:49:07
RES101822,CHA001,CNF101822,GUEST101822,2026-06-13,2026-06-16,KING,PKG,PKG_STD,MODIFIED,3,74439,INR,2026-05-10 11:32:39,2026-05-10 13:16:39
RES101823,DEL001,CNF101823,GUEST101823,2026-06-13,2026-06-17,QUEEN,PREPAY,PPR_DLX,MODIFIED,4,123744,INR,2026-05-10 13:10:27,2026-05-10 13:10:27
RES101824,CHN001,CNF101824,GUEST101824,2026-06-09,2026-06-10,KING,MEMBER,MEM_DLX,MODIFIED,1,13721,INR,2026-05-10 20:42:14,2026-05-10 22:48:14
RES101825,BLR001,CNF101825,GUEST101825,2026-05-31,2026-06-02,KING,PREPAY,PPR_DLX,MODIFIED,1,11482,INR,2026-05-10 02:47:17,2026-05-10 02:50:17
RES101826,MUM001,CNF101826,GUEST101826,2026-05-21,2026-05-22,QUEEN,MEMBER,MEM_DLX,CANCELLED,2,0,INR,2026-05-10 14:31:06,2026-05-10 15:30:06
RES101827,KOL001,CNF101827,GUEST101827,2026-06-23,2026-06-25,QUEEN,BAR,BAR_DLX,BOOKED,2,53296,INR,2026-05-10 00:59:47,2026-05-10 01:02:47
RES101828,CHN001,CNF101828,GUEST101828,2026-06-18,2026-06-19,STD,MEMBER,MEM_DLX,CANCELLED,4,0,INR,2026-05-10 16:54:59,2026-05-10 19:47:59
RES101829,DEL002,CNF101829,GUEST101829,2026-06-26,2026-06-28,STD,CORP,CORP_STD,BOOKED,1,17034,INR,2026-05-10 09:20:46,2026-05-10 10:21:46
RES101830,CHN001,CNF101830,GUEST101830,2026-07-08,2026-07-09,DLX,CORP,CORP_DLX,BOOKED,2,23126,INR,2026-05-10 00:01:20,2026-05-10 00:44:20
RES101831,BLR002,CNF101831,GUEST101831,2026-06-23,2026-06-26,STE,PREPAY,PPR_STD,MODIFIED,4,88416,INR,2026-05-10 03:26:45,2026-05-10 04:57:45
RES101832,CHN001,CNF101832,GUEST101832,2026-07-06,2026-07-07,DLX,MEMBER,MEM_DLX,MODIFIED,2,9054,INR,2026-05-10 02:44:24,2026-05-10 03:58:24
RES101833,DEL001,CNF101833,GUEST101833,2026-06-03,2026-06-07,KING,PKG,PKG_STD,BOOKED,4,145152,INR,2026-05-10 16:48:00,2026-05-10 17:19:00
RES101834,CHN001,CNF101834,GUEST101834,2026-06-02,2026-06-05,QUEEN,PKG,PKG_DLX,BOOKED,4,64464,INR,2026-05-10 21:22:20,2026-05-10 23:27:20
RES101835,MUM002,CNF101835,GUEST101835,2026-05-28,2026-05-31,QUEEN,CORP,CORP_DLX,BOOKED,4,58560,INR,2026-05-10 16:49:25,2026-05-10 19:43:25
RES101836,BLR001,CNF101836,GUEST101836,2026-07-02,2026-07-07,QUEEN,PKG,PKG_DLX,MODIFIED,4,95640,INR,2026-05-10 07:19:50,2026-05-10 07:36:50
RES101837,CHA001,CNF101837,GUEST101837,2026-06-18,2026-06-20,DLX,CORP,CORP_DLX,BOOKED,2,29336,INR,2026-05-10 06:48:09,2026-05-10 07:38:09
RES101838,CHN001,CNF101838,GUEST101838,2026-06-03,2026-06-08,KING,PKG,PKG_STD,CANCELLED,2,0,INR,2026-05-10 13:05:43,2026-05-10 15:28:43
RES101839,KOL001,CNF101839,GUEST101839,2026-06-16,2026-06-17,STD,BAR,BAR_DLX,BOOKED,4,18468,INR,2026-05-10 17:41:49,2026-05-10 20:17:49
RES101840,MUM002,CNF101840,GUEST101840,2026-07-09,2026-07-11,DLX,PKG,PKG_STD,BOOKED,3,25350,INR,2026-05-10 15:09:38,2026-05-10 15:22:38
RES101841,KOL001,CNF101841,GUEST101841,2026-06-07,2026-06-12,DLX,PREPAY,PPR_STD,BOOKED,3,105765,INR,2026-05-10 09:23:23,2026-05-10 10:35:23
RES101842,DEL001,CNF101842,GUEST101842,2026-06-14,2026-06-17,DLX,BAR,BAR_DLX,CANCELLED,4,0,INR,2026-05-10 10:29:25,2026-05-10 12:25:25
RES101843,KER001,CNF101843,GUEST101843,2026-06-24,2026-06-27,KING,MEMBER,MEM_STD,BOOKED,1,11151,INR,2026-05-10 01:29:48,2026-05-10 02:01:48
RES101844,DEL001,CNF101844,GUEST101844,2026-06-27,2026-07-02,KING,PREPAY,PPR_STD,MODIFIED,3,88665,INR,2026-05-10 16:53:50,2026-05-10 19:39:50
RES101845,KOL001,CNF101845,GUEST101845,2026-05-14,2026-05-19,QUEEN,CORP,CORP_DLX,MODIFIED,2,55070,INR,2026-05-10 12:48:20,2026-05-10 13:53:20
RES101846,DEL001,CNF101846,GUEST101846,2026-06-05,2026-06-08,STE,MEMBER,MEM_STD,BOOKED,3,55872,INR,2026-05-10 00:38:01,2026-05-10 01:24:01
RES101847,KOL001,CNF101847,GUEST101847,2026-06-08,2026-06-10,STD,PREPAY,PPR_STD,MODIFIED,4,64424,INR,2026-05-10 12:02:46,2026-05-10 14:11:46
RES101848,DEL001,CNF101848,GUEST101848,2026-05-25,2026-05-30,DLX,MEMBER,MEM_STD,BOOKED,1,67865,INR,2026-05-10 05:37:43,2026-05-10 07:52:43
RES101849,DEL002,CNF101849,GUEST101849,2026-07-08,2026-07-10,DLX,MEMBER,MEM_DLX,CANCELLED,3,0,INR,2026-05-10 00:11:49,2026-05-10 00:29:49
RES101850,KOL001,CNF101850,GUEST101850,2026-07-02,2026-07-07,DLX,PREPAY,PPR_STD,MODIFIED,1,31435,INR,2026-05-10 08:03:00,2026-05-10 08:11:00
RES101851,BLR002,CNF101851,GUEST101851,2026-06-28,2026-06-29,STE,PKG,PKG_DLX,CANCELLED,2,0,INR,2026-05-10 12:39:01,2026-05-10 14:59:01
RES101852,BLR001,CNF101852,GUEST101852,2026-06-16,2026-06-21,STD,PKG,PKG_STD,MODIFIED,3,151785,INR,2026-05-10 07:37:58,2026-05-10 10:13:58
RES101853,CHN001,CNF101853,GUEST101853,2026-07-02,2026-07-05,STE,PREPAY,PPR_DLX,BOOKED,4,138672,INR,2026-05-10 05:40:02,2026-05-10 05:48:02
RES101854,BLR001,CNF101854,GUEST101854,2026-07-01,2026-07-06,QUEEN,MEMBER,MEM_DLX,BOOKED,1,40090,INR,2026-05-10 11:45:25,2026-05-10 14:09:25
RES101855,MUM001,CNF101855,GUEST101855,2026-06-04,2026-06-08,QUEEN,CORP,CORP_STD,MODIFIED,2,50704,INR,2026-05-10 08:47:13,2026-05-10 10:19:13
RES101856,BLR002,CNF101856,GUEST101856,2026-06-29,2026-07-03,DLX,BAR,BAR_STD,CANCELLED,2,0,INR,2026-05-10 11:43:49,2026-05-10 12:15:49
RES101857,MUM001,CNF101857,GUEST101857,2026-05-28,2026-06-02,KING,PREPAY,PPR_DLX,BOOKED,3,69060,INR,2026-05-10 02:52:38,2026-05-10 05:39:38
RES101858,CHA001,CNF101858,GUEST101858,2026-05-24,2026-05-25,STD,MEMBER,MEM_DLX,MODIFIED,3,32157,INR,2026-05-10 17:32:14,2026-05-10 20:15:14
RES101859,CHN001,CNF101859,GUEST101859,2026-06-04,2026-06-08,STE,BAR,BAR_DLX,BOOKED,2,108840,INR,2026-05-10 12:28:30,2026-05-10 12:56:30
RES101860,BLR002,CNF101860,GUEST101860,2026-05-25,2026-05-27,QUEEN,PKG,PKG_DLX,BOOKED,4,28600,INR,2026-05-10 16:57:38,2026-05-10 19:43:38
RES101861,HYD001,CNF101861,GUEST101861,2026-07-02,2026-07-05,QUEEN,PKG,PKG_DLX,CANCELLED,3,0,INR,2026-05-10 08:56:37,2026-05-10 09:32:37
RES101862,CHN001,CNF101862,GUEST101862,2026-06-06,2026-06-10,STE,PREPAY,PPR_STD,CANCELLED,4,0,INR,2026-05-10 23:55:05,2026-05-11 00:42:05
RES101863,HYD001,CNF101863,GUEST101863,2026-05-20,2026-05-24,STD,BAR,BAR_STD,BOOKED,2,103464,INR,2026-05-10 15:36:06,2026-05-10 16:57:06
RES101864,KER001,CNF101864,GUEST101864,2026-05-29,2026-06-02,STE,PREPAY,PPR_STD,BOOKED,1,32296,INR,2026-05-10 11:36:03,2026-05-10 14:20:03
RES101865,DEL002,CNF101865,GUEST101865,2026-06-27,2026-06-29,QUEEN,PKG,PKG_STD,BOOKED,4,105456,INR,2026-05-10 20:27:45,2026-05-10 20:42:45
RES101866,CHN001,CNF101866,GUEST101866,2026-05-18,2026-05-20,QUEEN,PKG,PKG_STD,MODIFIED,4,61800,INR,2026-05-10 06:15:50,2026-05-10 08:05:50
RES101867,MUM002,CNF101867,GUEST101867,2026-06-23,2026-06-25,QUEEN,CORP,CORP_DLX,CANCELLED,1,0,INR,2026-05-10 14:49:51,2026-05-10 16:16:51
RES101868,DEL002,CNF101868,GUEST101868,2026-05-31,2026-06-04,QUEEN,BAR,BAR_DLX,MODIFIED,3,109416,INR,2026-05-10 13:44:03,2026-05-10 14:05:03
RES101869,KER001,CNF101869,GUEST101869,2026-05-18,2026-05-23,STD,PREPAY,PPR_STD,CANCELLED,2,0,INR,2026-05-10 00:14:31,2026-05-10 00:25:31
RES101870,BLR001,CNF101870,GUEST101870,2026-05-27,2026-05-30,DLX,PKG,PKG_STD,CANCELLED,1,0,INR,2026-05-10 10:59:41,2026-05-10 13:16:41
RES101871,CHA001,CNF101871,GUEST101871,2026-07-08,2026-07-10,QUEEN,BAR,BAR_DLX,BOOKED,2,40360,INR,2026-05-10 13:38:39,2026-05-10 15:01:39
RES101872,HYD001,CNF101872,GUEST101872,2026-05-25,2026-05-27,QUEEN,CORP,CORP_DLX,BOOKED,4,109176,INR,2026-05-10 07:29:19,2026-05-10 09:47:19
RES101873,BLR001,CNF101873,GUEST101873,2026-06-30,2026-07-03,KING,MEMBER,MEM_DLX,BOOKED,2,67338,INR,2026-05-10 02:41:48,2026-05-10 02:52:48
RES101874,KOL001,CNF101874,GUEST101874,2026-07-04,2026-07-05,QUEEN,BAR,BAR_DLX,BOOKED,3,40815,INR,2026-05-10 03:42:45,2026-05-10 06:25:45
RES101875,KOL001,CNF101875,GUEST101875,2026-05-20,2026-05-21,STD,CORP,CORP_DLX,BOOKED,3,31224,INR,2026-05-10 05:08:41,2026-05-10 06:03:41
RES101876,KER001,CNF101876,GUEST101876,2026-07-01,2026-07-03,STE,MEMBER,MEM_STD,CANCELLED,3,0,INR,2026-05-10 09:33:28,2026-05-10 11:55:28
RES101877,HYD001,CNF101877,GUEST101877,2026-05-25,2026-05-28,QUEEN,MEMBER,MEM_DLX,MODIFIED,3,103104,INR,2026-05-10 11:08:30,2026-05-10 12:05:30
RES101878,MUM002,CNF101878,GUEST101878,2026-06-28,2026-07-02,STD,BAR,BAR_DLX,MODIFIED,3,174408,INR,2026-05-10 14:08:36,2026-05-10 14:25:36
RES101879,CHA001,CNF101879,GUEST101879,2026-07-02,2026-07-03,DLX,PREPAY,PPR_STD,BOOKED,4,49388,INR,2026-05-10 11:26:09,2026-05-10 13:14:09
RES101880,KOL001,CNF101880,GUEST101880,2026-05-31,2026-06-05,QUEEN,BAR,BAR_STD,CANCELLED,1,0,INR,2026-05-10 21:57:06,2026-05-11 00:00:06
RES101881,KOL001,CNF101881,GUEST101881,2026-06-20,2026-06-21,KING,MEMBER,MEM_DLX,BOOKED,1,8502,INR,2026-05-10 05:04:19,2026-05-10 07:41:19
RES101882,DEL002,CNF101882,GUEST101882,2026-07-02,2026-07-07,QUEEN,PKG,PKG_DLX,MODIFIED,2,89670,INR,2026-05-10 11:00:47,2026-05-10 12:41:47
RES101883,MUM002,CNF101883,GUEST101883,2026-06-16,2026-06-19,KING,CORP,CORP_STD,CANCELLED,1,0,INR,2026-05-10 21:23:40,2026-05-10 22:32:40
RES101884,DEL001,CNF101884,GUEST101884,2026-06-13,2026-06-16,QUEEN,PKG,PKG_STD,CANCELLED,2,0,INR,2026-05-10 00:28:15,2026-05-10 02:01:15
RES101885,HYD001,CNF101885,GUEST101885,2026-06-09,2026-06-12,QUEEN,PREPAY,PPR_STD,BOOKED,4,130344,INR,2026-05-10 08:44:06,2026-05-10 10:54:06
RES101886,MUM002,CNF101886,GUEST101886,2026-06-30,2026-07-03,STE,MEMBER,MEM_STD,BOOKED,1,40038,INR,2026-05-10 09:14:15,2026-05-10 09:50:15
RES101887,MUM001,CNF101887,GUEST101887,2026-06-07,2026-06-09,STD,MEMBER,MEM_DLX,MODIFIED,4,91744,INR,2026-05-10 16:13:27,2026-05-10 18:53:27
RES101888,MUM002,CNF101888,GUEST101888,2026-06-15,2026-06-18,STE,MEMBER,MEM_DLX,CANCELLED,3,0,INR,2026-05-10 04:44:43,2026-05-10 07:29:43
RES101889,BLR001,CNF101889,GUEST101889,2026-07-05,2026-07-06,QUEEN,PREPAY,PPR_STD,BOOKED,2,12610,INR,2026-05-10 15:18:21,2026-05-10 15:22:21
RES101890,BLR002,CNF101890,GUEST101890,2026-05-14,2026-05-15,KING,CORP,CORP_STD,BOOKED,3,24285,INR,2026-05-10 01:55:38,2026-05-10 03:03:38
RES101891,MUM002,CNF101891,GUEST101891,2026-05-11,2026-05-15,STD,BAR,BAR_DLX,MODIFIED,1,38116,INR,2026-05-10 01:54:59,2026-05-10 03:31:59
RES101892,MUM002,CNF101892,GUEST101892,2026-05-24,2026-05-26,KING,CORP,CORP_STD,MODIFIED,2,59160,INR,2026-05-10 01:50:44,2026-05-10 02:08:44
RES101893,MUM001,CNF101893,GUEST101893,2026-06-04,2026-06-06,STE,CORP,CORP_STD,CANCELLED,4,0,INR,2026-05-10 16:22:52,2026-05-10 16:23:52
RES101894,DEL001,CNF101894,GUEST101894,2026-05-11,2026-05-16,QUEEN,CORP,CORP_STD,BOOKED,3,169755,INR,2026-05-10 13:30:20,2026-05-10 13:41:20
RES101895,DEL002,CNF101895,GUEST101895,2026-06-29,2026-07-03,STD,BAR,BAR_DLX,BOOKED,1,27716,INR,2026-05-10 00:33:08,2026-05-10 03:25:08
RES101896,DEL002,CNF101896,GUEST101896,2026-05-20,2026-05-25,STD,PKG,PKG_STD,CANCELLED,3,0,INR,2026-05-10 11:20:46,2026-05-10 11:27:46
RES101897,KER001,CNF101897,GUEST101897,2026-06-07,2026-06-08,DLX,BAR,BAR_STD,CANCELLED,2,0,INR,2026-05-10 07:38:57,2026-05-10 08:17:57
RES101898,BLR002,CNF101898,GUEST101898,2026-05-12,2026-05-16,STD,CORP,CORP_DLX,MODIFIED,3,44232,INR,2026-05-10 06:48:19,2026-05-10 08:46:19
RES101899,DEL001,CNF101899,GUEST101899,2026-07-09,2026-07-11,QUEEN,PREPAY,PPR_STD,MODIFIED,3,79050,INR,2026-05-10 19:56:11,2026-05-10 20:24:11
RES101900,KER001,CNF101900,GUEST101900,2026-05-21,2026-05-26,KING,PKG,PKG_STD,MODIFIED,2,135240,INR,2026-05-10 23:09:21,2026-05-11 01:59:21
RES101901,MUM001,CNF101901,GUEST101901,2026-07-05,2026-07-09,DLX,PREPAY,PPR_STD,MODIFIED,2,97168,INR,2026-05-10 20:55:08,2026-05-10 21:51:08
RES101902,BLR001,CNF101902,GUEST101902,2026-05-31,2026-06-03,STD,PREPAY,PPR_STD,CANCELLED,2,0,INR,2026-05-10 15:55:17,2026-05-10 17:19:17
RES101903,MUM002,CNF101903,GUEST101903,2026-06-12,2026-06-17,DLX,PKG,PKG_DLX,MODIFIED,3,91230,INR,2026-05-10 06:05:29,2026-05-10 08:39:29
RES101904,MUM002,CNF101904,GUEST101904,2026-07-04,2026-07-05,STD,BAR,BAR_DLX,MODIFIED,3,32502,INR,2026-05-10 06:08:15,2026-05-10 07:49:15
RES101905,MUM002,CNF101905,GUEST101905,2026-05-31,2026-06-01,STE,PKG,PKG_STD,BOOKED,4,41780,INR,2026-05-10 13:26:53,2026-05-10 13:41:53
RES101906,DEL002,CNF101906,GUEST101906,2026-07-06,2026-07-07,STD,CORP,CORP_STD,BOOKED,4,42564,INR,2026-05-10 20:05:07,2026-05-10 22:32:07
RES101907,MUM002,CNF101907,GUEST101907,2026-06-09,2026-06-14,DLX,BAR,BAR_DLX,BOOKED,4,178800,INR,2026-05-10 11:08:43,2026-05-10 13:52:43
RES101908,CHN001,CNF101908,GUEST101908,2026-06-16,2026-06-17,STD,CORP,CORP_STD,MODIFIED,1,12675,INR,2026-05-10 03:39:25,2026-05-10 05:08:25
RES101909,CHA001,CNF101909,GUEST101909,2026-06-01,2026-06-05,KING,MEMBER,MEM_DLX,BOOKED,4,117376,INR,2026-05-10 00:00:51,2026-05-10 01:26:51
RES101910,KOL001,CNF101910,GUEST101910,2026-06-15,2026-06-18,DLX,PREPAY,PPR_STD,CANCELLED,3,0,INR,2026-05-10 03:58:21,2026-05-10 06:33:21
RES101911,MUM001,CNF101911,GUEST101911,2026-06-08,2026-06-12,KING,PKG,PKG_DLX,MODIFIED,4,238576,INR,2026-05-10 09:55:21,2026-05-10 10:52:21
RES101912,DEL001,CNF101912,GUEST101912,2026-05-15,2026-05-20,STE,MEMBER,MEM_DLX,MODIFIED,4,115140,INR,2026-05-10 23:44:16,2026-05-11 01:26:16
RES101913,MUM001,CNF101913,GUEST101913,2026-05-24,2026-05-25,STD,BAR,BAR_STD,BOOKED,3,13083,INR,2026-05-10 01:23:48,2026-05-10 02:18:48
RES101914,CHA001,CNF101914,GUEST101914,2026-05-13,2026-05-15,QUEEN,PKG,PKG_STD,BOOKED,1,14540,INR,2026-05-10 11:55:55,2026-05-10 14:42:55
RES101915,CHA001,CNF101915,GUEST101915,2026-06-10,2026-06-14,QUEEN,PREPAY,PPR_DLX,MODIFIED,3,121560,INR,2026-05-10 23:00:35,2026-05-11 01:28:35
RES101916,DEL002,CNF101916,GUEST101916,2026-05-20,2026-05-21,DLX,MEMBER,MEM_STD,CANCELLED,2,0,INR,2026-05-10 08:07:07,2026-05-10 09:20:07
RES101917,MUM001,CNF101917,GUEST101917,2026-06-15,2026-06-17,STD,BAR,BAR_DLX,CANCELLED,3,0,INR,2026-05-10 14:01:52,2026-05-10 14:18:52
RES101918,KER001,CNF101918,GUEST101918,2026-06-25,2026-06-29,STD,MEMBER,MEM_STD,CANCELLED,3,0,INR,2026-05-10 22:13:02,2026-05-10 22:25:02
RES101919,KOL001,CNF101919,GUEST101919,2026-05-18,2026-05-20,STD,PREPAY,PPR_STD,CANCELLED,4,0,INR,2026-05-10 10:28:03,2026-05-10 13:26:03
RES101920,DEL002,CNF101920,GUEST101920,2026-07-02,2026-07-05,KING,PREPAY,PPR_STD,BOOKED,1,39159,INR,2026-05-10 13:07:19,2026-05-10 14:01:19
RES101921,MUM001,CNF101921,GUEST101921,2026-05-31,2026-06-01,KING,CORP,CORP_DLX,BOOKED,3,32775,INR,2026-05-10 14:33:50,2026-05-10 16:09:50
RES101922,BLR002,CNF101922,GUEST101922,2026-05-20,2026-05-24,QUEEN,CORP,CORP_STD,MODIFIED,2,116912,INR,2026-05-10 08:56:05,2026-05-10 11:49:05
RES101923,KER001,CNF101923,GUEST101923,2026-05-16,2026-05-21,QUEEN,BAR,BAR_STD,MODIFIED,1,26585,INR,2026-05-10 22:27:17,2026-05-10 23:24:17
RES101924,CHA001,CNF101924,GUEST101924,2026-07-02,2026-07-07,DLX,CORP,CORP_DLX,CANCELLED,2,0,INR,2026-05-10 11:24:59,2026-05-10 11:32:59
RES101925,DEL001,CNF101925,GUEST101925,2026-05-11,2026-05-14,STD,MEMBER,MEM_DLX,CANCELLED,1,0,INR,2026-05-10 22:32:12,2026-05-10 22:42:12
RES101926,KOL001,CNF101926,GUEST101926,2026-06-08,2026-06-10,STD,PKG,PKG_DLX,CANCELLED,4,0,INR,2026-05-10 05:55:44,2026-05-10 08:30:44
RES101927,CHN001,CNF101927,GUEST101927,2026-05-29,2026-06-02,KING,BAR,BAR_STD,BOOKED,2,87832,INR,2026-05-10 14:22:26,2026-05-10 15:56:26
RES101928,DEL001,CNF101928,GUEST101928,2026-05-24,2026-05-27,QUEEN,BAR,BAR_STD,CANCELLED,3,0,INR,2026-05-10 08:34:33,2026-05-10 09:46:33
RES101929,KER001,CNF101929,GUEST101929,2026-05-17,2026-05-18,DLX,CORP,CORP_DLX,CANCELLED,1,0,INR,2026-05-10 20:05:38,2026-05-10 20:20:38
RES101930,CHA001,CNF101930,GUEST101930,2026-05-12,2026-05-15,KING,BAR,BAR_STD,CANCELLED,1,0,INR,2026-05-10 08:39:08,2026-05-10 09:22:08
RES101931,BLR002,CNF101931,GUEST101931,2026-05-26,2026-05-29,STE,PKG,PKG_DLX,CANCELLED,2,0,INR,2026-05-10 05:44:07,2026-05-10 07:10:07
RES101932,CHA001,CNF101932,GUEST101932,2026-06-22,2026-06-27,KING,MEMBER,MEM_DLX,CANCELLED,4,0,INR,2026-05-10 09:20:00,2026-05-10 11:34:00
RES101933,KOL001,CNF101933,GUEST101933,2026-05-21,2026-05-23,STD,BAR,BAR_STD,CANCELLED,1,0,INR,2026-05-10 16:13:48,2026-05-10 19:00:48
RES101934,KOL001,CNF101934,GUEST101934,2026-05-11,2026-05-13,KING,BAR,BAR_DLX,CANCELLED,2,0,INR,2026-05-10 12:25:04,2026-05-10 13:24:04
RES101935,KOL001,CNF101935,GUEST101935,2026-05-30,2026-06-03,STD,PKG,PKG_DLX,BOOKED,4,154416,INR,2026-05-10 16:18:56,2026-05-10 17:38:56
RES101936,BLR002,CNF101936,GUEST101936,2026-05-18,2026-05-22,QUEEN,CORP,CORP_DLX,CANCELLED,4,0,INR,2026-05-10 07:37:57,2026-05-10 09:38:57
RES101937,BLR001,CNF101937,GUEST101937,2026-05-20,2026-05-22,KING,PKG,PKG_DLX,CANCELLED,3,0,INR,2026-05-10 02:36:36,2026-05-10 05:05:36
RES101938,DEL001,CNF101938,GUEST101938,2026-06-19,2026-06-22,QUEEN,BAR,BAR_DLX,MODIFIED,3,75942,INR,2026-05-10 09:09:12,2026-05-10 10:00:12
RES101939,HYD001,CNF101939,GUEST101939,2026-07-05,2026-07-09,KING,PKG,PKG_STD,MODIFIED,3,80988,INR,2026-05-10 10:08:20,2026-05-10 10:29:20
RES101940,KER001,CNF101940,GUEST101940,2026-06-23,2026-06-27,STD,CORP,CORP_DLX,MODIFIED,2,65032,INR,2026-05-10 04:24:31,2026-05-10 07:06:31
RES101941,HYD001,CNF101941,GUEST101941,2026-06-08,2026-06-12,STE,PKG,PKG_DLX,CANCELLED,1,0,INR,2026-05-10 05:24:36,2026-05-10 07:34:36
RES101942,KOL001,CNF101942,GUEST101942,2026-06-07,2026-06-10,DLX,PKG,PKG_STD,MODIFIED,3,43749,INR,2026-05-10 00:21:03,2026-05-10 02:45:03
RES101943,BLR001,CNF101943,GUEST101943,2026-06-26,2026-06-28,STE,BAR,BAR_DLX,MODIFIED,1,29316,INR,2026-05-10 15:47:31,2026-05-10 18:26:31
RES101944,BLR002,CNF101944,GUEST101944,2026-05-26,2026-05-28,QUEEN,CORP,CORP_DLX,CANCELLED,3,0,INR,2026-05-10 23:01:06,2026-05-11 01:28:06
RES101945,CHA001,CNF101945,GUEST101945,2026-05-15,2026-05-19,KING,PREPAY,PPR_DLX,BOOKED,3,55020,INR,2026-05-10 17:45:10,2026-05-10 18:49:10
RES101946,KOL001,CNF101946,GUEST101946,2026-05-28,2026-05-29,STE,PREPAY,PPR_DLX,BOOKED,2,22540,INR,2026-05-10 09:44:33,2026-05-10 11:18:33
RES101947,HYD001,CNF101947,GUEST101947,2026-05-26,2026-05-27,QUEEN,PREPAY,PPR_DLX,CANCELLED,2,0,INR,2026-05-10 01:36:26,2026-05-10 03:07:26
RES101948,HYD001,CNF101948,GUEST101948,2026-05-18,2026-05-23,STE,CORP,CORP_STD,BOOKED,4,278980,INR,2026-05-10 23:59:06,2026-05-11 02:23:06
RES101949,DEL002,CNF101949,GUEST101949,2026-05-28,2026-05-30,STE,CORP,CORP_DLX,CANCELLED,1,0,INR,2026-05-10 02:47:21,2026-05-10 03:28:21
RES101950,BLR001,CNF101950,GUEST101950,2026-05-13,2026-05-16,KING,PKG,PKG_STD,CANCELLED,3,0,INR,2026-05-10 11:02:57,2026-05-10 13:10:57
RES101951,MUM001,CNF101951,GUEST101951,2026-05-27,2026-05-31,KING,BAR,BAR_STD,CANCELLED,3,0,INR,2026-05-10 13:00:54,2026-05-10 15:10:54
RES101952,BLR001,CNF101952,GUEST101952,2026-06-07,2026-06-12,STE,CORP,CORP_STD,MODIFIED,4,215940,INR,2026-05-10 23:09:34,2026-05-11 01:27:34
RES101953,BLR002,CNF101953,GUEST101953,2026-07-04,2026-07-06,QUEEN,MEMBER,MEM_STD,CANCELLED,4,0,INR,2026-05-10 15:18:09,2026-05-10 17:25:09
RES101954,DEL001,CNF101954,GUEST101954,2026-06-20,2026-06-23,STD,MEMBER,MEM_DLX,CANCELLED,4,0,INR,2026-05-10 01:59:38,2026-05-10 02:00:38
RES101955,BLR001,CNF101955,GUEST101955,2026-05-17,2026-05-20,STD,PREPAY,PPR_STD,CANCELLED,4,0,INR,2026-05-10 12:50:16,2026-05-10 14:33:16
RES101956,CHA001,CNF101956,GUEST101956,2026-05-21,2026-05-22,DLX,PREPAY,PPR_STD,BOOKED,3,25077,INR,2026-05-10 21:56:04,2026-05-10 22:29:04
RES101957,BLR001,CNF101957,GUEST101957,2026-06-05,2026-06-09,STE,PKG,PKG_DLX,BOOKED,2,86592,INR,2026-05-10 07:37:09,2026-05-10 09:55:09
RES101958,CHA001,CNF101958,GUEST101958,2026-05-14,2026-05-19,DLX,MEMBER,MEM_DLX,BOOKED,3,112440,INR,2026-05-10 07:40:23,2026-05-10 09:34:23
RES101959,HYD001,CNF101959,GUEST101959,2026-06-21,2026-06-24,STE,PREPAY,PPR_STD,CANCELLED,1,0,INR,2026-05-10 13:28:33,2026-05-10 16:21:33
RES101960,MUM001,CNF101960,GUEST101960,2026-06-13,2026-06-17,STD,PREPAY,PPR_STD,CANCELLED,2,0,INR,2026-05-10 17:02:44,2026-05-10 19:04:44
RES101961,MUM002,CNF101961,GUEST101961,2026-06-23,2026-06-27,STE,PKG,PKG_DLX,BOOKED,1,25180,INR,2026-05-10 02:23:40,2026-05-10 04:50:40
RES101962,BLR001,CNF101962,GUEST101962,2026-07-08,2026-07-11,STD,CORP,CORP_STD,MODIFIED,1,23184,INR,2026-05-10 12:48:05,2026-05-10 15:01:05
RES101963,HYD001,CNF101963,GUEST101963,2026-06-23,2026-06-28,DLX,CORP,CORP_DLX,MODIFIED,2,142840,INR,2026-05-10 08:49:08,2026-05-10 10:20:08
RES101964,HYD001,CNF101964,GUEST101964,2026-05-31,2026-06-01,STD,MEMBER,MEM_DLX,CANCELLED,1,0,INR,2026-05-10 08:08:22,2026-05-10 10:42:22
RES101965,CHA001,CNF101965,GUEST101965,2026-05-18,2026-05-23,QUEEN,MEMBER,MEM_STD,MODIFIED,1,29375,INR,2026-05-10 09:25:10,2026-05-10 09:47:10
RES101966,MUM001,CNF101966,GUEST101966,2026-07-05,2026-07-06,QUEEN,PKG,PKG_STD,MODIFIED,2,13054,INR,2026-05-10 06:07:37,2026-05-10 07:04:37
RES101967,CHN001,CNF101967,GUEST101967,2026-06-12,2026-06-15,QUEEN,BAR,BAR_DLX,MODIFIED,4,51336,INR,2026-05-10 19:43:51,2026-05-10 21:38:51
RES101968,KOL001,CNF101968,GUEST101968,2026-05-30,2026-06-03,STE,PREPAY,PPR_DLX,BOOKED,3,126792,INR,2026-05-10 01:04:03,2026-05-10 02:28:03
RES101969,DEL002,CNF101969,GUEST101969,2026-06-02,2026-06-03,QUEEN,BAR,BAR_STD,MODIFIED,3,22740,INR,2026-05-10 14:35:42,2026-05-10 16:47:42
RES101970,CHN001,CNF101970,GUEST101970,2026-06-19,2026-06-20,DLX,BAR,BAR_STD,MODIFIED,4,15936,INR,2026-05-10 10:14:18,2026-05-10 12:54:18
RES101971,MUM002,CNF101971,GUEST101971,2026-06-23,2026-06-24,QUEEN,MEMBER,MEM_DLX,CANCELLED,3,0,INR,2026-05-10 09:40:41,2026-05-10 11:10:41
RES101972,BLR002,CNF101972,GUEST101972,2026-05-25,2026-05-26,STD,MEMBER,MEM_DLX,BOOKED,4,27116,INR,2026-05-10 14:22:26,2026-05-10 16:39:26
RES101973,MUM001,CNF101973,GUEST101973,2026-05-27,2026-05-31,DLX,PKG,PKG_DLX,CANCELLED,1,0,INR,2026-05-10 08:56:35,2026-05-10 10:27:35
RES101974,KOL001,CNF101974,GUEST101974,2026-06-28,2026-07-01,KING,BAR,BAR_DLX,CANCELLED,1,0,INR,2026-05-10 09:44:33,2026-05-10 11:45:33
RES101975,DEL002,CNF101975,GUEST101975,2026-06-11,2026-06-15,KING,BAR,BAR_STD,MODIFIED,2,75944,INR,2026-05-10 07:58:48,2026-05-10 09:14:48
RES101976,CHN001,CNF101976,GUEST101976,2026-06-10,2026-06-13,KING,MEMBER,MEM_DLX,BOOKED,2,23004,INR,2026-05-10 08:12:34,2026-05-10 10:54:34
RES101977,CHN001,CNF101977,GUEST101977,2026-06-21,2026-06-24,STE,CORP,CORP_STD,CANCELLED,3,0,INR,2026-05-10 23:17:02,2026-05-11 02:04:02
RES101978,CHA001,CNF101978,GUEST101978,2026-06-20,2026-06-23,DLX,BAR,BAR_STD,BOOKED,3,115020,INR,2026-05-10 16:35:21,2026-05-10 17:04:21
RES101979,DEL001,CNF101979,GUEST101979,2026-05-22,2026-05-23,KING,MEMBER,MEM_DLX,BOOKED,1,3612,INR,2026-05-10 22:44:46,2026-05-10 23:08:46
RES101980,DEL002,CNF101980,GUEST101980,2026-06-21,2026-06-25,DLX,PREPAY,PPR_STD,MODIFIED,1,32088,INR,2026-05-10 21:30:34,2026-05-11 00:22:34
RES101981,BLR001,CNF101981,GUEST101981,2026-06-22,2026-06-27,DLX,CORP,CORP_STD,BOOKED,4,263940,INR,2026-05-10 18:55:28,2026-05-10 19:58:28
RES101982,BLR001,CNF101982,GUEST101982,2026-05-19,2026-05-20,KING,PKG,PKG_DLX,MODIFIED,2,21508,INR,2026-05-10 13:45:44,2026-05-10 14:26:44
RES101983,MUM002,CNF101983,GUEST101983,2026-06-18,2026-06-23,DLX,MEMBER,MEM_STD,CANCELLED,4,0,INR,2026-05-10 20:38:36,2026-05-10 22:58:36
RES101984,MUM001,CNF101984,GUEST101984,2026-06-19,2026-06-24,STD,MEMBER,MEM_STD,MODIFIED,3,161190,INR,2026-05-10 14:41:19,2026-05-10 15:46:19
RES101985,KER001,CNF101985,GUEST101985,2026-05-21,2026-05-25,KING,BAR,BAR_STD,BOOKED,2,49192,INR,2026-05-10 10:17:22,2026-05-10 10:29:22
RES101986,KOL001,CNF101986,GUEST101986,2026-05-16,2026-05-21,STE,CORP,CORP_DLX,MODIFIED,2,48950,INR,2026-05-10 09:48:30,2026-05-10 12:39:30
RES101987,CHA001,CNF101987,GUEST101987,2026-05-17,2026-05-20,QUEEN,CORP,CORP_DLX,CANCELLED,1,0,INR,2026-05-10 00:43:25,2026-05-10 00:45:25
RES101988,DEL002,CNF101988,GUEST101988,2026-06-12,2026-06-14,KING,CORP,CORP_STD,CANCELLED,2,0,INR,2026-05-10 17:38:59,2026-05-10 20:15:59
RES101989,HYD001,CNF101989,GUEST101989,2026-06-07,2026-06-10,KING,PREPAY,PPR_STD,BOOKED,3,74997,INR,2026-05-10 20:39:19,2026-05-10 20:46:19
RES101990,KOL001,CNF101990,GUEST101990,2026-06-13,2026-06-14,STE,BAR,BAR_DLX,MODIFIED,1,8827,INR,2026-05-10 00:39:48,2026-05-10 03:07:48
RES101991,KOL001,CNF101991,GUEST101991,2026-06-23,2026-06-26,STE,BAR,BAR_STD,BOOKED,4,57300,INR,2026-05-10 08:03:37,2026-05-10 10:07:37
RES101992,KOL001,CNF101992,GUEST101992,2026-06-19,2026-06-23,DLX,PKG,PKG_STD,BOOKED,1,17348,INR,2026-05-10 20:19:20,2026-05-10 21:28:20
RES101993,BLR001,CNF101993,GUEST101993,2026-05-28,2026-05-29,QUEEN,CORP,CORP_DLX,MODIFIED,4,36888,INR,2026-05-10 14:07:15,2026-05-10 16:13:15
RES101994,DEL002,CNF101994,GUEST101994,2026-07-08,2026-07-12,STD,MEMBER,MEM_STD,BOOKED,4,208304,INR,2026-05-10 08:25:15,2026-05-10 09:56:15
RES101995,BLR001,CNF101995,GUEST101995,2026-06-30,2026-07-03,KING,CORP,CORP_DLX,CANCELLED,3,0,INR,2026-05-10 03:52:06,2026-05-10 06:26:06
RES101996,MUM001,CNF101996,GUEST101996,2026-05-18,2026-05-20,STE,PREPAY,PPR_STD,BOOKED,1,10072,INR,2026-05-10 19:34:58,2026-05-10 22:17:58
RES101997,DEL002,CNF101997,GUEST101997,2026-06-24,2026-06-28,QUEEN,PKG,PKG_STD,BOOKED,2,45352,INR,2026-05-10 09:19:07,2026-05-10 11:18:07
RES101998,BLR001,CNF101998,GUEST101998,2026-05-20,2026-05-23,QUEEN,PREPAY,PPR_DLX,BOOKED,3,125838,INR,2026-05-10 04:12:39,2026-05-10 06:32:39
RES101999,CHN001,CNF101999,GUEST101999,2026-07-04,2026-07-09,DLX,CORP,CORP_STD,CANCELLED,2,0,INR,2026-05-10 10:53:25,2026-05-10 11:48:25
RES102000,BLR002,CNF102000,GUEST102000,2026-05-21,2026-05-22,STD,PREPAY,PPR_DLX,CANCELLED,3,0,INR,2026-05-10 03:38:58,2026-05-10 05:27:58
RES102001,MUM001,CNF102001,GUEST102001,2026-05-12,2026-05-15,DLX,BAR,BAR_DLX,MODIFIED,4,133152,INR,2026-05-10 23:52:24,2026-05-10 23:56:24
RES102002,KOL001,CNF102002,GUEST102002,2026-07-05,2026-07-10,STE,MEMBER,MEM_STD,BOOKED,3,130260,INR,2026-05-10 23:55:45,2026-05-11 01:51:45
RES102003,HYD001,CNF102003,GUEST102003,2026-06-11,2026-06-13,STE,PREPAY,PPR_STD,CANCELLED,2,0,INR,2026-05-10 01:50:22,2026-05-10 03:35:22
RES102004,BLR002,CNF102004,GUEST102004,2026-06-29,2026-07-02,KING,CORP,CORP_STD,BOOKED,4,115716,INR,2026-05-10 00:29:17,2026-05-10 00:58:17
RES102005,CHN001,CNF102005,GUEST102005,2026-05-17,2026-05-22,DLX,PKG,PKG_DLX,CANCELLED,3,0,INR,2026-05-10 08:16:57,2026-05-10 09:05:57
RES102006,CHA001,CNF102006,GUEST102006,2026-07-09,2026-07-13,DLX,PREPAY,PPR_DLX,BOOKED,1,39608,INR,2026-05-10 22:07:18,2026-05-10 22:36:18
RES102007,BLR001,CNF102007,GUEST102007,2026-05-13,2026-05-14,DLX,BAR,BAR_DLX,MODIFIED,3,12114,INR,2026-05-10 16:25:18,2026-05-10 16:44:18
RES102008,DEL002,CNF102008,GUEST102008,2026-05-23,2026-05-24,QUEEN,MEMBER,MEM_STD,CANCELLED,4,0,INR,2026-05-10 19:33:08,2026-05-10 22:00:08
RES102009,BLR001,CNF102009,GUEST102009,2026-05-14,2026-05-15,DLX,PKG,PKG_DLX,CANCELLED,4,0,INR,2026-05-10 14:46:17,2026-05-10 15:05:17
RES102010,KER001,CNF102010,GUEST102010,2026-06-13,2026-06-15,STD,CORP,CORP_DLX,CANCELLED,2,0,INR,2026-05-10 02:50:35,2026-05-10 03:38:35
RES102011,MUM002,CNF102011,GUEST102011,2026-07-05,2026-07-10,DLX,PREPAY,PPR_DLX,CANCELLED,4,0,INR,2026-05-10 03:04:52,2026-05-10 04:57:52
RES102012,MUM001,CNF102012,GUEST102012,2026-06-19,2026-06-21,STD,BAR,BAR_STD,CANCELLED,3,0,INR,2026-05-10 11:44:30,2026-05-10 13:04:30
RES102013,KOL001,CNF102013,GUEST102013,2026-05-18,2026-05-23,DLX,BAR,BAR_STD,MODIFIED,2,55780,INR,2026-05-10 22:57:51,2026-05-10 23:17:51
RES102014,DEL002,CNF102014,GUEST102014,2026-07-01,2026-07-02,STE,BAR,BAR_STD,BOOKED,3,26427,INR,2026-05-10 19:38:41,2026-05-10 20:30:41
RES102015,BLR001,CNF102015,GUEST102015,2026-07-09,2026-07-12,STE,BAR,BAR_STD,MODIFIED,3,75645,INR,2026-05-10 09:41:30,2026-05-10 11:02:30
RES102016,KOL001,CNF102016,GUEST102016,2026-06-02,2026-06-06,QUEEN,MEMBER,MEM_STD,BOOKED,4,185248,INR,2026-05-10 08:43:07,2026-05-10 11:13:07
RES102017,CHA001,CNF102017,GUEST102017,2026-06-21,2026-06-23,STE,CORP,CORP_DLX,MODIFIED,3,23106,INR,2026-05-10 18:13:25,2026-05-10 19:24:25
RES102018,MUM002,CNF102018,GUEST102018,2026-07-03,2026-07-08,DLX,PKG,PKG_DLX,CANCELLED,2,0,INR,2026-05-10 19:03:27,2026-05-10 21:50:27
RES102019,DEL002,CNF102019,GUEST102019,2026-06-26,2026-06-29,KING,PREPAY,PPR_DLX,CANCELLED,2,0,INR,2026-05-10 08:17:08,2026-05-10 09:19:08
RES102020,DEL002,CNF102020,GUEST102020,2026-05-19,2026-05-23,KING,PKG,PKG_STD,CANCELLED,4,0,INR,2026-05-10 07:27:45,2026-05-10 09:47:45
RES102021,KOL001,CNF102021,GUEST102021,2026-06-05,2026-06-08,STD,MEMBER,MEM_DLX,BOOKED,2,59520,INR,2026-05-10 00:46:58,2026-05-10 02:38:58
RES102022,KOL001,CNF102022,GUEST102022,2026-05-27,2026-05-29,KING,BAR,BAR_STD,CANCELLED,4,0,INR,2026-05-10 04:27:33,2026-05-10 06:18:33
RES102023,KER001,CNF102023,GUEST102023,2026-05-19,2026-05-21,DLX,CORP,CORP_DLX,BOOKED,1,19052,INR,2026-05-10 11:10:01,2026-05-10 11:52:01
RES102024,MUM002,CNF102024,GUEST102024,2026-06-26,2026-06-27,STE,BAR,BAR_DLX,BOOKED,2,12046,INR,2026-05-10 19:33:09,2026-05-10 21:18:09
RES102025,HYD001,CNF102025,GUEST102025,2026-05-30,2026-05-31,STE,PKG,PKG_STD,BOOKED,2,9890,INR,2026-05-10 15:17:58,2026-05-10 17:20:58
RES102026,BLR001,CNF102026,GUEST102026,2026-05-17,2026-05-18,DLX,MEMBER,MEM_STD,CANCELLED,1,0,INR,2026-05-10 16:40:29,2026-05-10 18:37:29
RES102027,CHA001,CNF102027,GUEST102027,2026-05-23,2026-05-26,QUEEN,CORP,CORP_DLX,CANCELLED,1,0,INR,2026-05-10 21:43:57,2026-05-10 22:10:57
RES102028,CHN001,CNF102028,GUEST102028,2026-06-04,2026-06-09,QUEEN,PKG,PKG_DLX,BOOKED,2,71700,INR,2026-05-10 06:18:56,2026-05-10 06:22:56
RES102029,DEL002,CNF102029,GUEST102029,2026-05-22,2026-05-23,KING,CORP,CORP_DLX,BOOKED,3,39195,INR,2026-05-10 02:04:41,2026-05-10 04:33:41
RES102030,DEL001,CNF102030,GUEST102030,2026-06-25,2026-06-26,KING,PKG,PKG_STD,BOOKED,2,9538,INR,2026-05-10 21:07:31,2026-05-10 21:54:31
RES102031,DEL001,CNF102031,GUEST102031,2026-05-21,2026-05-23,STE,MEMBER,MEM_STD,CANCELLED,3,0,INR,2026-05-10 05:51:21,2026-05-10 06:48:21
RES102032,HYD001,CNF102032,GUEST102032,2026-06-28,2026-07-02,STE,BAR,BAR_STD,MODIFIED,4,79232,INR,2026-05-10 16:13:33,2026-05-10 17:50:33
RES102033,DEL001,CNF102033,GUEST102033,2026-06-22,2026-06-23,KING,CORP,CORP_DLX,BOOKED,2,17036,INR,2026-05-10 19:35:58,2026-05-10 22:19:58
RES102034,CHA001,CNF102034,GUEST102034,2026-06-28,2026-07-03,QUEEN,BAR,BAR_DLX,CANCELLED,4,0,INR,2026-05-10 17:45:34,2026-05-10 17:45:34
RES102035,KER001,CNF102035,GUEST102035,2026-06-18,2026-06-19,DLX,BAR,BAR_DLX,MODIFIED,3,27699,INR,2026-05-10 00:37:04,2026-05-10 00:53:04
RES102036,DEL002,CNF102036,GUEST102036,2026-05-29,2026-06-03,KING,BAR,BAR_DLX,MODIFIED,4,294900,INR,2026-05-10 13:28:05,2026-05-10 15:19:05
RES102037,DEL002,CNF102037,GUEST102037,2026-06-27,2026-07-01,STE,PREPAY,PPR_STD,MODIFIED,2,118544,INR,2026-05-10 12:07:33,2026-05-10 13:25:33
RES102038,DEL002,CNF102038,GUEST102038,2026-07-08,2026-07-09,KING,MEMBER,MEM_DLX,MODIFIED,4,30112,INR,2026-05-10 06:03:47,2026-05-10 08:29:47
RES102039,HYD001,CNF102039,GUEST102039,2026-07-09,2026-07-12,DLX,CORP,CORP_STD,CANCELLED,3,0,INR,2026-05-10 17:04:04,2026-05-10 19:41:04
RES102040,BLR002,CNF102040,GUEST102040,2026-05-12,2026-05-14,QUEEN,MEMBER,MEM_DLX,CANCELLED,3,0,INR,2026-05-10 17:36:06,2026-05-10 18:56:06
RES102041,CHN001,CNF102041,GUEST102041,2026-05-12,2026-05-14,QUEEN,PREPAY,PPR_DLX,MODIFIED,1,16032,INR,2026-05-10 10:07:14,2026-05-10 12:51:14
RES102042,KOL001,CNF102042,GUEST102042,2026-06-09,2026-06-14,DLX,PREPAY,PPR_STD,BOOKED,4,256180,INR,2026-05-10 10:09:53,2026-05-10 12:52:53
RES102043,BLR001,CNF102043,GUEST102043,2026-05-21,2026-05-23,KING,MEMBER,MEM_STD,BOOKED,3,48936,INR,2026-05-10 00:54:55,2026-05-10 03:03:55
RES102044,BLR002,CNF102044,GUEST102044,2026-05-30,2026-06-03,QUEEN,PREPAY,PPR_STD,MODIFIED,1,55988,INR,2026-05-10 02:53:41,2026-05-10 04:59:41
RES102045,BLR002,CNF102045,GUEST102045,2026-05-14,2026-05-19,DLX,PREPAY,PPR_STD,CANCELLED,3,0,INR,2026-05-10 10:32:09,2026-05-10 12:21:09
RES102046,BLR001,CNF102046,GUEST102046,2026-06-14,2026-06-19,QUEEN,BAR,BAR_STD,MODIFIED,1,43325,INR,2026-05-10 22:40:59,2026-05-10 23:11:59
RES102047,CHA001,CNF102047,GUEST102047,2026-07-04,2026-07-08,STD,MEMBER,MEM_DLX,BOOKED,1,53068,INR,2026-05-10 21:09:59,2026-05-10 21:09:59
RES102048,DEL002,CNF102048,GUEST102048,2026-05-29,2026-06-01,STD,BAR,BAR_STD,CANCELLED,1,0,INR,2026-05-10 08:20:22,2026-05-10 11:17:22
RES102049,BLR001,CNF102049,GUEST102049,2026-06-11,2026-06-12,STD,CORP,CORP_STD,CANCELLED,3,0,INR,2026-05-10 19:34:18,2026-05-10 19:39:18
RES102050,MUM002,CNF102050,GUEST102050,2026-06-20,2026-06-23,STE,MEMBER,MEM_STD,CANCELLED,3,0,INR,2026-05-10 22:36:03,2026-05-10 23:20:03
RES102051,DEL001,CNF102051,GUEST102051,2026-06-25,2026-06-27,DLX,CORP,CORP_DLX,MODIFIED,1,14970,INR,2026-05-10 10:57:40,2026-05-10 13:26:40
RES102052,MUM001,CNF102052,GUEST102052,2026-07-09,2026-07-10,DLX,CORP,CORP_STD,MODIFIED,4,34980,INR,2026-05-10 23:26:52,2026-05-11 00:59:52
RES102053,BLR001,CNF102053,GUEST102053,2026-06-15,2026-06-17,STD,CORP,CORP_DLX,BOOKED,2,50772,INR,2026-05-10 03:04:27,2026-05-10 04:04:27
RES102054,KER001,CNF102054,GUEST102054,2026-05-13,2026-05-18,QUEEN,BAR,BAR_DLX,CANCELLED,4,0,INR,2026-05-10 06:51:32,2026-05-10 07:14:32
RES102055,HYD001,CNF102055,GUEST102055,2026-06-03,2026-06-06,KING,BAR,BAR_STD,CANCELLED,2,0,INR,2026-05-10 20:48:17,2026-05-10 22:00:17
RES102056,BLR001,CNF102056,GUEST102056,2026-06-17,2026-06-18,QUEEN,CORP,CORP_DLX,CANCELLED,3,0,INR,2026-05-10 21:26:55,2026-05-10 23:17:55
RES102057,DEL001,CNF102057,GUEST102057,2026-06-21,2026-06-25,QUEEN,CORP,CORP_DLX,CANCELLED,4,0,INR,2026-05-10 04:54:55,2026-05-10 06:54:55
RES102058,BLR001,CNF102058,GUEST102058,2026-05-11,2026-05-15,STE,PREPAY,PPR_DLX,MODIFIED,4,138864,INR,2026-05-10 08:21:44,2026-05-10 08:53:44
RES102059,BLR002,CNF102059,GUEST102059,2026-05-23,2026-05-27,KING,PKG,PKG_STD,CANCELLED,3,0,INR,2026-05-10 14:14:52,2026-05-10 15:28:52
RES102060,DEL001,CNF102060,GUEST102060,2026-05-14,2026-05-18,KING,MEMBER,MEM_STD,MODIFIED,3,178704,INR,2026-05-10 15:20:33,2026-05-10 16:29:33
RES102061,MUM002,CNF102061,GUEST102061,2026-06-06,2026-06-08,DLX,CORP,CORP_STD,MODIFIED,3,56370,INR,2026-05-10 00:09:10,2026-05-10 02:22:10
RES102062,BLR002,CNF102062,GUEST102062,2026-06-08,2026-06-11,QUEEN,CORP,CORP_STD,MODIFIED,3,126225,INR,2026-05-10 12:01:46,2026-05-10 14:07:46
RES102063,KER001,CNF102063,GUEST102063,2026-05-14,2026-05-16,STD,PKG,PKG_DLX,CANCELLED,1,0,INR,2026-05-10 21:21:00,2026-05-11 00:15:00
RES102064,HYD001,CNF102064,GUEST102064,2026-06-15,2026-06-18,KING,CORP,CORP_STD,MODIFIED,4,57360,INR,2026-05-10 12:38:22,2026-05-10 15:23:22
RES102065,MUM002,CNF102065,GUEST102065,2026-06-02,2026-06-04,QUEEN,PKG,PKG_DLX,BOOKED,2,21592,INR,2026-05-10 15:41:11,2026-05-10 17:41:11
RES102066,CHN001,CNF102066,GUEST102066,2026-07-01,2026-07-04,STD,PREPAY,PPR_DLX,MODIFIED,2,28710,INR,2026-05-10 17:02:14,2026-05-10 19:47:14
RES102067,CHN001,CNF102067,GUEST102067,2026-05-28,2026-05-31,STE,BAR,BAR_STD,BOOKED,4,84948,INR,2026-05-10 12:34:26,2026-05-10 13:50:26
RES102068,CHA001,CNF102068,GUEST102068,2026-06-09,2026-06-12,STD,MEMBER,MEM_DLX,BOOKED,4,134568,INR,2026-05-10 05:36:30,2026-05-10 06:39:30
RES102069,KOL001,CNF102069,GUEST102069,2026-07-04,2026-07-09,QUEEN,MEMBER,MEM_STD,MODIFIED,2,39350,INR,2026-05-10 11:09:35,2026-05-10 13:25:35
RES102070,CHN001,CNF102070,GUEST102070,2026-06-05,2026-06-10,DLX,PREPAY,PPR_DLX,MODIFIED,2,68490,INR,2026-05-10 12:14:12,2026-05-10 13:10:12
RES102071,KOL001,CNF102071,GUEST102071,2026-07-05,2026-07-06,KING,PREPAY,PPR_DLX,CANCELLED,1,0,INR,2026-05-10 09:07:52,2026-05-10 10:25:52
RES102072,BLR002,CNF102072,GUEST102072,2026-05-15,2026-05-17,STE,PKG,PKG_STD,BOOKED,1,16208,INR,2026-05-10 00:43:38,2026-05-10 01:14:38
RES102073,DEL001,CNF102073,GUEST102073,2026-05-15,2026-05-19,STE,PREPAY,PPR_DLX,MODIFIED,3,158376,INR,2026-05-10 04:48:05,2026-05-10 07:36:05
RES102074,DEL002,CNF102074,GUEST102074,2026-07-02,2026-07-07,DLX,PKG,PKG_DLX,MODIFIED,4,71680,INR,2026-05-10 21:55:02,2026-05-10 23:15:02
RES102075,DEL002,CNF102075,GUEST102075,2026-05-24,2026-05-28,STD,PREPAY,PPR_STD,BOOKED,4,176432,INR,2026-05-10 21:14:59,2026-05-10 23:20:59
RES102076,KER001,CNF102076,GUEST102076,2026-06-16,2026-06-18,STD,MEMBER,MEM_DLX,BOOKED,3,73506,INR,2026-05-10 00:04:49,2026-05-10 00:49:49
RES102077,MUM001,CNF102077,GUEST102077,2026-06-01,2026-06-02,KING,PKG,PKG_STD,BOOKED,2,15516,INR,2026-05-10 06:46:19,2026-05-10 08:36:19
RES102078,BLR002,CNF102078,GUEST102078,2026-05-11,2026-05-14,STD,MEMBER,MEM_DLX,BOOKED,1,40617,INR,2026-05-10 05:47:10,2026-05-10 05:58:10
RES102079,MUM001,CNF102079,GUEST102079,2026-06-17,2026-06-22,KING,CORP,CORP_DLX,BOOKED,4,143760,INR,2026-05-10 13:22:25,2026-05-10 15:58:25
RES102080,HYD001,CNF102080,GUEST102080,2026-05-30,2026-06-02,DLX,CORP,CORP_DLX,BOOKED,2,84684,INR,2026-05-10 03:12:15,2026-05-10 05:05:15
RES102081,CHN001,CNF102081,GUEST102081,2026-06-12,2026-06-15,STE,PREPAY,PPR_STD,BOOKED,4,63480,INR,2026-05-10 03:29:28,2026-05-10 06:29:28
RES102082,CHN001,CNF102082,GUEST102082,2026-06-10,2026-06-12,STD,CORP,CORP_DLX,CANCELLED,3,0,INR,2026-05-10 18:37:37,2026-05-10 18:56:37
RES102083,BLR002,CNF102083,GUEST102083,2026-06-03,2026-06-05,DLX,PKG,PKG_STD,MODIFIED,2,55636,INR,2026-05-10 02:07:29,2026-05-10 04:29:29
RES102084,CHA001,CNF102084,GUEST102084,2026-06-03,2026-06-06,STE,BAR,BAR_STD,BOOKED,2,23742,INR,2026-05-10 15:52:17,2026-05-10 16:13:17
RES102085,BLR001,CNF102085,GUEST102085,2026-05-30,2026-06-03,QUEEN,CORP,CORP_STD,CANCELLED,3,0,INR,2026-05-10 21:52:32,2026-05-10 23:56:32
RES102086,CHA001,CNF102086,GUEST102086,2026-06-28,2026-06-29,STD,BAR,BAR_DLX,MODIFIED,1,14729,INR,2026-05-10 06:59:27,2026-05-10 07:41:27
RES102087,MUM002,CNF102087,GUEST102087,2026-05-22,2026-05-23,QUEEN,PREPAY,PPR_DLX,CANCELLED,2,0,INR,2026-05-10 17:36:26,2026-05-10 19:17:26
RES102088,CHA001,CNF102088,GUEST102088,2026-06-14,2026-06-19,STD,PREPAY,PPR_DLX,BOOKED,3,180525,INR,2026-05-10 22:01:26,2026-05-10 22:40:26
RES102089,CHN001,CNF102089,GUEST102089,2026-07-06,2026-07-10,STE,CORP,CORP_STD,BOOKED,4,193840,INR,2026-05-10 16:10:42,2026-05-10 17:42:42
RES102090,MUM002,CNF102090,GUEST102090,2026-06-01,2026-06-06,STE,BAR,BAR_STD,MODIFIED,4,166140,INR,2026-05-10 07:24:56,2026-05-10 07:57:56
RES102091,MUM001,CNF102091,GUEST102091,2026-06-17,2026-06-18,KING,PKG,PKG_STD,CANCELLED,4,0,INR,2026-05-10 06:36:56,2026-05-10 07:01:56
RES102092,HYD001,CNF102092,GUEST102092,2026-05-17,2026-05-19,KING,PREPAY,PPR_DLX,MODIFIED,4,49656,INR,2026-05-10 16:37:20,2026-05-10 19:16:20
RES102093,DEL001,CNF102093,GUEST102093,2026-05-22,2026-05-26,QUEEN,PKG,PKG_DLX,BOOKED,1,53588,INR,2026-05-10 00:33:27,2026-05-10 01:17:27
RES102094,KOL001,CNF102094,GUEST102094,2026-06-16,2026-06-17,QUEEN,MEMBER,MEM_STD,CANCELLED,1,0,INR,2026-05-10 13:50:29,2026-05-10 14:47:29
RES102095,MUM002,CNF102095,GUEST102095,2026-06-01,2026-06-04,KING,CORP,CORP_DLX,MODIFIED,4,42000,INR,2026-05-10 17:43:51,2026-05-10 19:16:51
RES102096,MUM002,CNF102096,GUEST102096,2026-06-14,2026-06-19,STE,BAR,BAR_STD,CANCELLED,3,0,INR,2026-05-10 21:10:47,2026-05-10 22:36:47
RES102097,BLR001,CNF102097,GUEST102097,2026-07-09,2026-07-13,STD,MEMBER,MEM_DLX,BOOKED,3,62760,INR,2026-05-10 00:40:53,2026-05-10 03:25:53
RES102098,CHA001,CNF102098,GUEST102098,2026-07-03,2026-07-07,STD,PKG,PKG_STD,BOOKED,3,122148,INR,2026-05-10 14:25:42,2026-05-10 16:23:42
RES102099,HYD001,CNF102099,GUEST102099,2026-07-01,2026-07-03,DLX,MEMBER,MEM_DLX,CANCELLED,1,0,INR,2026-05-10 21:55:12,2026-05-10 22:24:12
RES102100,KER001,CNF102100,GUEST102100,2026-06-08,2026-06-13,KING,PREPAY,PPR_STD,MODIFIED,4,131320,INR,2026-05-10 13:52:44,2026-05-10 16:37:44
RES102101,HYD001,CNF102101,GUEST102101,2026-06-05,2026-06-06,QUEEN,MEMBER,MEM_STD,MODIFIED,4,32760,INR,2026-05-10 05:39:13,2026-05-10 06:55:13
RES102102,CHN001,CNF102102,GUEST102102,2026-06-25,2026-06-26,DLX,BAR,BAR_DLX,BOOKED,4,33288,INR,2026-05-10 17:00:27,2026-05-10 18:31:27
RES102103,DEL002,CNF102103,GUEST102103,2026-06-08,2026-06-11,STD,MEMBER,MEM_STD,MODIFIED,3,104247,INR,2026-05-10 11:30:47,2026-05-10 12:10:47
RES102104,CHN001,CNF102104,GUEST102104,2026-05-20,2026-05-23,DLX,PKG,PKG_DLX,MODIFIED,1,35814,INR,2026-05-10 20:18:17,2026-05-10 20:34:17
RES102105,KOL001,CNF102105,GUEST102105,2026-05-14,2026-05-18,STE,PREPAY,PPR_STD,CANCELLED,1,0,INR,2026-05-10 15:59:03,2026-05-10 16:24:03
RES102106,MUM002,CNF102106,GUEST102106,2026-06-09,2026-06-11,STD,MEMBER,MEM_STD,CANCELLED,3,0,INR,2026-05-10 00:42:34,2026-05-10 03:32:34
RES102107,BLR002,CNF102107,GUEST102107,2026-05-27,2026-06-01,KING,MEMBER,MEM_STD,CANCELLED,2,0,INR,2026-05-10 23:55:28,2026-05-11 01:17:28
RES102108,DEL001,CNF102108,GUEST102108,2026-05-11,2026-05-16,STD,MEMBER,MEM_DLX,CANCELLED,4,0,INR,2026-05-10 19:00:42,2026-05-10 21:47:42
RES102109,KER001,CNF102109,GUEST102109,2026-07-01,2026-07-05,KING,PREPAY,PPR_STD,MODIFIED,1,46276,INR,2026-05-10 00:23:52,2026-05-10 00:36:52
RES102110,BLR001,CNF102110,GUEST102110,2026-06-20,2026-06-21,STE,CORP,CORP_STD,MODIFIED,1,14708,INR,2026-05-10 18:48:45,2026-05-10 21:33:45
RES102111,KOL001,CNF102111,GUEST102111,2026-07-06,2026-07-09,STD,PREPAY,PPR_DLX,BOOKED,4,67740,INR,2026-05-10 22:34:48,2026-05-11 01:04:48
RES102112,CHN001,CNF102112,GUEST102112,2026-05-15,2026-05-20,KING,CORP,CORP_STD,CANCELLED,2,0,INR,2026-05-10 16:32:34,2026-05-10 18:01:34
RES102113,BLR002,CNF102113,GUEST102113,2026-07-08,2026-07-10,STE,PKG,PKG_STD,MODIFIED,3,75306,INR,2026-05-10 10:56:32,2026-05-10 13:43:32
RES102114,DEL001,CNF102114,GUEST102114,2026-06-04,2026-06-08,QUEEN,BAR,BAR_STD,BOOKED,1,19572,INR,2026-05-10 00:49:01,2026-05-10 02:16:01
RES102115,BLR002,CNF102115,GUEST102115,2026-06-26,2026-06-29,QUEEN,MEMBER,MEM_DLX,MODIFIED,1,36450,INR,2026-05-10 23:01:53,2026-05-11 00:15:53
RES102116,CHN001,CNF102116,GUEST102116,2026-05-13,2026-05-16,KING,MEMBER,MEM_STD,CANCELLED,3,0,INR,2026-05-10 22:41:37,2026-05-10 23:00:37
RES102117,MUM001,CNF102117,GUEST102117,2026-06-19,2026-06-23,KING,MEMBER,MEM_STD,BOOKED,3,153876,INR,2026-05-10 23:22:26,2026-05-10 23:58:26
RES102118,MUM001,CNF102118,GUEST102118,2026-06-24,2026-06-28,DLX,CORP,CORP_DLX,MODIFIED,1,54248,INR,2026-05-10 23:11:11,2026-05-11 00:37:11
RES102119,KER001,CNF102119,GUEST102119,2026-05-17,2026-05-18,DLX,MEMBER,MEM_DLX,CANCELLED,3,0,INR,2026-05-10 14:40:37,2026-05-10 15:30:37
RES102120,BLR001,CNF102120,GUEST102120,2026-06-25,2026-06-27,DLX,MEMBER,MEM_DLX,MODIFIED,2,46444,INR,2026-05-10 01:01:39,2026-05-10 02:22:39
RES102121,CHA001,CNF102121,GUEST102121,2026-05-26,2026-05-28,QUEEN,MEMBER,MEM_STD,BOOKED,3,55848,INR,2026-05-10 17:31:39,2026-05-10 20:28:39
RES102122,CHA001,CNF102122,GUEST102122,2026-06-13,2026-06-15,DLX,PKG,PKG_STD,BOOKED,1,19546,INR,2026-05-10 21:42:50,2026-05-10 23:23:50
RES102123,CHN001,CNF102123,GUEST102123,2026-06-30,2026-07-03,QUEEN,PKG,PKG_DLX,MODIFIED,3,72594,INR,2026-05-10 15:50:41,2026-05-10 17:49:41
RES102124,CHN001,CNF102124,GUEST102124,2026-06-16,2026-06-21,KING,PKG,PKG_STD,MODIFIED,4,140000,INR,2026-05-10 18:16:28,2026-05-10 19:35:28
RES102125,CHN001,CNF102125,GUEST102125,2026-06-11,2026-06-15,STD,PKG,PKG_STD,CANCELLED,3,0,INR,2026-05-10 16:46:58,2026-05-10 17:24:58
RES102126,BLR001,CNF102126,GUEST102126,2026-05-31,2026-06-03,KING,PREPAY,PPR_DLX,CANCELLED,1,0,INR,2026-05-10 18:09:45,2026-05-10 18:46:45
RES102127,KER001,CNF102127,GUEST102127,2026-05-21,2026-05-25,STE,BAR,BAR_DLX,CANCELLED,4,0,INR,2026-05-10 01:00:06,2026-05-10 01:09:06
RES102128,DEL002,CNF102128,GUEST102128,2026-06-28,2026-07-02,STE,PREPAY,PPR_STD,BOOKED,1,50280,INR,2026-05-10 22:29:28,2026-05-11 00:41:28
RES102129,KER001,CNF102129,GUEST102129,2026-06-26,2026-06-30,DLX,MEMBER,MEM_DLX,CANCELLED,1,0,INR,2026-05-10 00:32:42,2026-05-10 02:40:42
RES102130,KER001,CNF102130,GUEST102130,2026-05-29,2026-05-30,KING,MEMBER,MEM_STD,BOOKED,3,14124,INR,2026-05-10 08:41:20,2026-05-10 10:19:20
RES102131,KER001,CNF102131,GUEST102131,2026-06-11,2026-06-16,DLX,PREPAY,PPR_STD,BOOKED,1,17940,INR,2026-05-10 10:20:10,2026-05-10 12:47:10
RES102132,CHN001,CNF102132,GUEST102132,2026-05-23,2026-05-24,KING,MEMBER,MEM_DLX,CANCELLED,3,0,INR,2026-05-10 09:55:13,2026-05-10 12:05:13
RES102133,KOL001,CNF102133,GUEST102133,2026-05-24,2026-05-26,STE,BAR,BAR_STD,MODIFIED,1,15126,INR,2026-05-10 20:56:33,2026-05-10 23:34:33
RES102134,HYD001,CNF102134,GUEST102134,2026-05-18,2026-05-19,STE,PKG,PKG_STD,CANCELLED,4,0,INR,2026-05-10 17:01:40,2026-05-10 18:11:40
RES102135,BLR001,CNF102135,GUEST102135,2026-06-29,2026-07-01,STD,PKG,PKG_DLX,CANCELLED,3,0,INR,2026-05-10 13:37:30,2026-05-10 15:04:30
RES102136,CHA001,CNF102136,GUEST102136,2026-05-20,2026-05-25,DLX,PREPAY,PPR_DLX,MODIFIED,2,75460,INR,2026-05-10 16:27:46,2026-05-10 16:46:46
RES102137,DEL002,CNF102137,GUEST102137,2026-06-11,2026-06-16,KING,PREPAY,PPR_DLX,MODIFIED,4,211860,INR,2026-05-10 10:36:17,2026-05-10 10:41:17
RES102138,CHN001,CNF102138,GUEST102138,2026-06-01,2026-06-05,QUEEN,PKG,PKG_STD,CANCELLED,3,0,INR,2026-05-10 03:33:39,2026-05-10 05:42:39
RES102139,KER001,CNF102139,GUEST102139,2026-07-09,2026-07-13,KING,PREPAY,PPR_STD,CANCELLED,1,0,INR,2026-05-10 21:07:47,2026-05-10 23:46:47
RES102140,BLR002,CNF102140,GUEST102140,2026-05-25,2026-05-29,KING,MEMBER,MEM_DLX,CANCELLED,1,0,INR,2026-05-10 04:24:41,2026-05-10 06:02:41
RES102141,CHN001,CNF102141,GUEST102141,2026-05-21,2026-05-25,QUEEN,MEMBER,MEM_DLX,CANCELLED,3,0,INR,2026-05-10 22:36:51,2026-05-10 22:46:51
RES102142,MUM002,CNF102142,GUEST102142,2026-05-30,2026-06-03,STE,CORP,CORP_DLX,MODIFIED,2,93928,INR,2026-05-10 04:31:16,2026-05-10 05:14:16
RES102143,DEL002,CNF102143,GUEST102143,2026-06-17,2026-06-18,STE,CORP,CORP_DLX,CANCELLED,1,0,INR,2026-05-10 09:14:10,2026-05-10 11:04:10
RES102144,KOL001,CNF102144,GUEST102144,2026-06-07,2026-06-10,KING,PKG,PKG_DLX,MODIFIED,2,32964,INR,2026-05-10 09:35:34,2026-05-10 10:30:34
RES102145,BLR001,CNF102145,GUEST102145,2026-05-16,2026-05-18,DLX,CORP,CORP_STD,BOOKED,4,77472,INR,2026-05-10 05:17:36,2026-05-10 05:52:36
RES102146,CHN001,CNF102146,GUEST102146,2026-06-16,2026-06-20,STE,PREPAY,PPR_STD,BOOKED,4,142288,INR,2026-05-10 14:21:33,2026-05-10 16:07:33
RES102147,DEL002,CNF102147,GUEST102147,2026-06-30,2026-07-04,KING,PKG,PKG_DLX,BOOKED,2,59352,INR,2026-05-10 15:14:32,2026-05-10 17:57:32
RES102148,DEL001,CNF102148,GUEST102148,2026-05-26,2026-05-30,STE,PREPAY,PPR_STD,MODIFIED,2,62072,INR,2026-05-10 08:41:28,2026-05-10 09:01:28
RES102149,BLR002,CNF102149,GUEST102149,2026-06-24,2026-06-25,DLX,PKG,PKG_STD,BOOKED,2,11784,INR,2026-05-10 07:19:39,2026-05-10 09:28:39
RES102150,BLR001,CNF102150,GUEST102150,2026-06-05,2026-06-08,STD,PKG,PKG_DLX,BOOKED,4,169404,INR,2026-05-10 07:06:37,2026-05-10 09:25:37
RES102151,KER001,CNF102151,GUEST102151,2026-06-17,2026-06-21,QUEEN,PREPAY,PPR_DLX,CANCELLED,3,0,INR,2026-05-10 05:44:52,2026-05-10 08:11:52
RES102152,MUM002,CNF102152,GUEST102152,2026-06-07,2026-06-09,QUEEN,BAR,BAR_STD,BOOKED,3,87258,INR,2026-05-10 06:27:02,2026-05-10 09:23:02
RES102153,DEL001,CNF102153,GUEST102153,2026-06-24,2026-06-29,KING,BAR,BAR_DLX,CANCELLED,4,0,INR,2026-05-10 06:01:46,2026-05-10 06:53:46
RES102154,HYD001,CNF102154,GUEST102154,2026-06-22,2026-06-23,STD,PKG,PKG_STD,CANCELLED,1,0,INR,2026-05-10 05:23:48,2026-05-10 08:18:48
RES102155,KER001,CNF102155,GUEST102155,2026-05-30,2026-05-31,DLX,CORP,CORP_STD,CANCELLED,3,0,INR,2026-05-10 21:13:47,2026-05-10 22:25:47
RES102156,CHN001,CNF102156,GUEST102156,2026-06-01,2026-06-02,STD,MEMBER,MEM_DLX,CANCELLED,1,0,INR,2026-05-10 08:53:54,2026-05-10 10:34:54
RES102157,MUM002,CNF102157,GUEST102157,2026-06-15,2026-06-19,DLX,MEMBER,MEM_DLX,CANCELLED,1,0,INR,2026-05-10 02:55:16,2026-05-10 03:21:16
RES102158,KER001,CNF102158,GUEST102158,2026-06-05,2026-06-10,DLX,PREPAY,PPR_DLX,MODIFIED,4,245160,INR,2026-05-10 05:25:27,2026-05-10 06:18:27
RES102159,DEL001,CNF102159,GUEST102159,2026-05-25,2026-05-29,STE,PKG,PKG_STD,MODIFIED,2,90160,INR,2026-05-10 09:38:37,2026-05-10 10:39:37
RES102160,HYD001,CNF102160,GUEST102160,2026-05-29,2026-05-30,KING,BAR,BAR_DLX,CANCELLED,3,0,INR,2026-05-10 07:36:23,2026-05-10 10:00:23
RES102161,MUM001,CNF102161,GUEST102161,2026-05-26,2026-05-27,STD,PKG,PKG_STD,BOOKED,3,16818,INR,2026-05-10 15:38:45,2026-05-10 16:03:45
RES102162,KOL001,CNF102162,GUEST102162,2026-06-03,2026-06-07,QUEEN,CORP,CORP_DLX,MODIFIED,1,46000,INR,2026-05-10 22:28:26,2026-05-11 00:58:26
RES102163,DEL002,CNF102163,GUEST102163,2026-06-25,2026-06-26,DLX,CORP,CORP_STD,CANCELLED,4,0,INR,2026-05-10 00:51:42,2026-05-10 03:07:42
RES102164,MUM001,CNF102164,GUEST102164,2026-06-01,2026-06-06,KING,PKG,PKG_STD,CANCELLED,1,0,INR,2026-05-10 13:15:21,2026-05-10 14:29:21
RES102165,HYD001,CNF102165,GUEST102165,2026-06-24,2026-06-28,DLX,PREPAY,PPR_DLX,CANCELLED,4,0,INR,2026-05-10 16:57:40,2026-05-10 17:59:40
RES102166,KOL001,CNF102166,GUEST102166,2026-07-03,2026-07-05,DLX,MEMBER,MEM_STD,CANCELLED,1,0,INR,2026-05-10 17:59:58,2026-05-10 20:56:58
RES102167,BLR001,CNF102167,GUEST102167,2026-05-13,2026-05-15,DLX,CORP,CORP_STD,BOOKED,3,65844,INR,2026-05-10 20:19:42,2026-05-10 21:14:42
RES102168,BLR002,CNF102168,GUEST102168,2026-06-24,2026-06-27,KING,PREPAY,PPR_DLX,MODIFIED,2,43680,INR,2026-05-10 02:35:53,2026-05-10 04:41:53
RES102169,KER001,CNF102169,GUEST102169,2026-06-28,2026-06-29,KING,PREPAY,PPR_DLX,CANCELLED,2,0,INR,2026-05-10 00:29:48,2026-05-10 00:44:48
RES102170,DEL001,CNF102170,GUEST102170,2026-07-07,2026-07-10,QUEEN,PKG,PKG_STD,CANCELLED,1,0,INR,2026-05-10 09:37:01,2026-05-10 10:26:01
RES102171,BLR002,CNF102171,GUEST102171,2026-05-20,2026-05-25,STD,CORP,CORP_STD,CANCELLED,3,0,INR,2026-05-10 04:35:22,2026-05-10 07:03:22
RES102172,HYD001,CNF102172,GUEST102172,2026-06-05,2026-06-09,DLX,CORP,CORP_STD,MODIFIED,2,38160,INR,2026-05-10 04:17:12,2026-05-10 04:34:12
RES102173,MUM002,CNF102173,GUEST102173,2026-05-17,2026-05-18,STE,CORP,CORP_STD,CANCELLED,4,0,INR,2026-05-10 05:17:37,2026-05-10 06:44:37
RES102174,DEL001,CNF102174,GUEST102174,2026-05-28,2026-05-31,DLX,PREPAY,PPR_STD,MODIFIED,4,84012,INR,2026-05-10 13:52:31,2026-05-10 16:38:31
RES102175,KOL001,CNF102175,GUEST102175,2026-06-12,2026-06-13,DLX,PREPAY,PPR_DLX,BOOKED,1,3613,INR,2026-05-10 11:04:37,2026-05-10 11:35:37
RES102176,CHN001,CNF102176,GUEST102176,2026-06-25,2026-06-26,QUEEN,CORP,CORP_DLX,BOOKED,1,3966,INR,2026-05-10 11:42:06,2026-05-10 12:19:06
RES102177,BLR002,CNF102177,GUEST102177,2026-07-03,2026-07-06,QUEEN,BAR,BAR_DLX,BOOKED,1,21654,INR,2026-05-10 15:50:41,2026-05-10 17:05:41
RES102178,MUM001,CNF102178,GUEST102178,2026-06-14,2026-06-18,STD,PREPAY,PPR_STD,CANCELLED,4,0,INR,2026-05-10 20:20:14,2026-05-10 20:39:14
RES102179,KOL001,CNF102179,GUEST102179,2026-06-30,2026-07-04,QUEEN,BAR,BAR_STD,CANCELLED,2,0,INR,2026-05-10 06:53:19,2026-05-10 08:48:19
RES102180,CHA001,CNF102180,GUEST102180,2026-07-05,2026-07-09,STE,BAR,BAR_DLX,CANCELLED,2,0,INR,2026-05-10 15:01:19,2026-05-10 15:20:19
RES102181,CHN001,CNF102181,GUEST102181,2026-07-08,2026-07-12,QUEEN,CORP,CORP_STD,CANCELLED,1,0,INR,2026-05-10 04:01:14,2026-05-10 04:55:14
RES102182,BLR002,CNF102182,GUEST102182,2026-06-12,2026-06-17,QUEEN,PKG,PKG_STD,CANCELLED,1,0,INR,2026-05-10 01:55:21,2026-05-10 03:44:21
RES102183,CHA001,CNF102183,GUEST102183,2026-06-12,2026-06-15,STE,PKG,PKG_DLX,MODIFIED,3,94212,INR,2026-05-10 16:29:38,2026-05-10 18:49:38
RES102184,MUM002,CNF102184,GUEST102184,2026-05-13,2026-05-16,STD,PREPAY,PPR_STD,MODIFIED,1,13635,INR,2026-05-10 13:44:19,2026-05-10 14:18:19
RES102185,DEL001,CNF102185,GUEST102185,2026-07-08,2026-07-12,KING,BAR,BAR_DLX,BOOKED,3,76392,INR,2026-05-10 06:22:43,2026-05-10 08:00:43
RES102186,BLR001,CNF102186,GUEST102186,2026-07-07,2026-07-12,STD,CORP,CORP_STD,BOOKED,3,165315,INR,2026-05-10 11:52:22,2026-05-10 12:24:22
RES102187,CHA001,CNF102187,GUEST102187,2026-06-11,2026-06-15,QUEEN,PKG,PKG_DLX,BOOKED,1,30492,INR,2026-05-10 19:52:04,2026-05-10 22:52:04
RES102188,CHA001,CNF102188,GUEST102188,2026-06-09,2026-06-10,STE,BAR,BAR_STD,MODIFIED,2,7650,INR,2026-05-10 04:22:12,2026-05-10 06:19:12
RES102189,MUM002,CNF102189,GUEST102189,2026-05-11,2026-05-16,STD,BAR,BAR_STD,CANCELLED,3,0,INR,2026-05-10 19:08:37,2026-05-10 19:44:37
RES102190,CHN001,CNF102190,GUEST102190,2026-05-13,2026-05-14,STD,MEMBER,MEM_STD,CANCELLED,2,0,INR,2026-05-10 08:42:59,2026-05-10 10:05:59
RES102191,DEL002,CNF102191,GUEST102191,2026-06-26,2026-06-27,STD,PREPAY,PPR_STD,BOOKED,2,10916,INR,2026-05-10 14:29:43,2026-05-10 15:25:43
RES102192,KOL001,CNF102192,GUEST102192,2026-06-13,2026-06-15,STD,PREPAY,PPR_DLX,MODIFIED,4,104136,INR,2026-05-10 14:18:41,2026-05-10 16:33:41
RES102193,MUM002,CNF102193,GUEST102193,2026-07-02,2026-07-07,QUEEN,CORP,CORP_DLX,MODIFIED,2,81210,INR,2026-05-10 13:12:57,2026-05-10 15:14:57
RES102194,CHN001,CNF102194,GUEST102194,2026-06-19,2026-06-24,STE,MEMBER,MEM_DLX,CANCELLED,2,0,INR,2026-05-10 15:06:23,2026-05-10 15:39:23
RES102195,MUM001,CNF102195,GUEST102195,2026-05-27,2026-05-31,KING,MEMBER,MEM_DLX,MODIFIED,2,89568,INR,2026-05-10 18:07:13,2026-05-10 19:06:13
RES102196,BLR002,CNF102196,GUEST102196,2026-06-22,2026-06-24,STD,MEMBER,MEM_DLX,MODIFIED,4,58096,INR,2026-05-10 03:52:10,2026-05-10 04:38:10
RES102197,DEL001,CNF102197,GUEST102197,2026-05-20,2026-05-22,KING,BAR,BAR_STD,BOOKED,2,51476,INR,2026-05-10 22:18:40,2026-05-10 23:04:40
RES102198,BLR001,CNF102198,GUEST102198,2026-05-16,2026-05-21,QUEEN,BAR,BAR_STD,MODIFIED,1,52430,INR,2026-05-10 11:26:15,2026-05-10 13:46:15
RES102199,KER001,CNF102199,GUEST102199,2026-06-09,2026-06-11,KING,MEMBER,MEM_DLX,MODIFIED,3,61746,INR,2026-05-10 09:26:04,2026-05-10 11:57:04
RES102200,BLR002,CNF102200,GUEST102200,2026-07-05,2026-07-10,KING,CORP,CORP_STD,MODIFIED,3,117015,INR,2026-05-10 07:58:51,2026-05-10 08:17:51
RES102201,KER001,CNF102201,GUEST102201,2026-06-17,2026-06-18,STE,CORP,CORP_STD,BOOKED,3,33936,INR,2026-05-10 00:04:19,2026-05-10 02:04:19
RES102202,CHN001,CNF102202,GUEST102202,2026-05-20,2026-05-22,DLX,MEMBER,MEM_DLX,BOOKED,3,55986,INR,2026-05-10 16:30:11,2026-05-10 18:42:11
RES102203,HYD001,CNF102203,GUEST102203,2026-07-09,2026-07-10,DLX,CORP,CORP_STD,CANCELLED,1,0,INR,2026-05-10 17:11:55,2026-05-10 18:29:55
RES102204,BLR001,CNF102204,GUEST102204,2026-07-07,2026-07-12,STD,BAR,BAR_STD,CANCELLED,2,0,INR,2026-05-10 17:36:40,2026-05-10 19:01:40
RES102205,CHN001,CNF102205,GUEST102205,2026-06-27,2026-07-02,STE,PKG,PKG_STD,CANCELLED,4,0,INR,2026-05-10 03:16:37,2026-05-10 04:24:37
RES102206,BLR001,CNF102206,GUEST102206,2026-06-22,2026-06-26,STD,PKG,PKG_STD,MODIFIED,2,34088,INR,2026-05-10 17:47:54,2026-05-10 20:18:54
RES102207,DEL001,CNF102207,GUEST102207,2026-06-14,2026-06-18,STD,BAR,BAR_DLX,CANCELLED,1,0,INR,2026-05-10 12:45:58,2026-05-10 15:37:58
RES102208,HYD001,CNF102208,GUEST102208,2026-06-17,2026-06-20,DLX,PKG,PKG_DLX,BOOKED,2,73848,INR,2026-05-10 04:27:43,2026-05-10 05:43:43
RES102209,BLR002,CNF102209,GUEST102209,2026-05-12,2026-05-16,QUEEN,MEMBER,MEM_DLX,BOOKED,2,31528,INR,2026-05-10 18:19:27,2026-05-10 19:53:27
RES102210,CHN001,CNF102210,GUEST102210,2026-05-15,2026-05-20,QUEEN,PKG,PKG_STD,BOOKED,4,110540,INR,2026-05-10 21:18:35,2026-05-10 22:40:35
RES102211,BLR002,CNF102211,GUEST102211,2026-06-06,2026-06-11,KING,PKG,PKG_DLX,BOOKED,1,31065,INR,2026-05-10 05:30:22,2026-05-10 05:41:22
RES102212,HYD001,CNF102212,GUEST102212,2026-06-19,2026-06-22,STD,PREPAY,PPR_DLX,BOOKED,2,26358,INR,2026-05-10 20:59:29,2026-05-10 21:28:29
RES102213,CHA001,CNF102213,GUEST102213,2026-07-07,2026-07-09,STE,BAR,BAR_DLX,CANCELLED,2,0,INR,2026-05-10 02:10:15,2026-05-10 03:41:15
RES102214,DEL002,CNF102214,GUEST102214,2026-05-17,2026-05-21,DLX,PKG,PKG_STD,MODIFIED,1,36044,INR,2026-05-10 18:30:45,2026-05-10 21:11:45
RES102215,KER001,CNF102215,GUEST102215,2026-05-15,2026-05-18,KING,MEMBER,MEM_STD,BOOKED,3,90558,INR,2026-05-10 23:34:23,2026-05-11 00:32:23
RES102216,HYD001,CNF102216,GUEST102216,2026-06-07,2026-06-12,KING,CORP,CORP_STD,CANCELLED,3,0,INR,2026-05-10 13:53:18,2026-05-10 14:53:18
RES102217,CHA001,CNF102217,GUEST102217,2026-05-24,2026-05-29,QUEEN,CORP,CORP_STD,MODIFIED,3,206220,INR,2026-05-10 23:10:34,2026-05-11 00:41:34
RES102218,KOL001,CNF102218,GUEST102218,2026-06-26,2026-06-29,KING,PKG,PKG_DLX,MODIFIED,1,27981,INR,2026-05-10 06:33:45,2026-05-10 07:21:45
RES102219,DEL002,CNF102219,GUEST102219,2026-06-28,2026-07-02,DLX,PREPAY,PPR_DLX,BOOKED,3,150084,INR,2026-05-10 00:00:15,2026-05-10 01:40:15
RES102220,KOL001,CNF102220,GUEST102220,2026-05-25,2026-05-29,STD,BAR,BAR_STD,BOOKED,3,103512,INR,2026-05-10 23:09:25,2026-05-11 01:15:25
RES102221,BLR002,CNF102221,GUEST102221,2026-06-27,2026-06-30,DLX,BAR,BAR_DLX,CANCELLED,4,0,INR,2026-05-10 22:34:41,2026-05-11 01:11:41
RES102222,BLR002,CNF102222,GUEST102222,2026-06-06,2026-06-11,KING,PREPAY,PPR_DLX,MODIFIED,1,58775,INR,2026-05-10 11:42:29,2026-05-10 12:23:29
RES102223,MUM001,CNF102223,GUEST102223,2026-07-02,2026-07-03,STE,MEMBER,MEM_STD,MODIFIED,3,14739,INR,2026-05-10 09:51:21,2026-05-10 10:12:21
RES102224,BLR002,CNF102224,GUEST102224,2026-05-22,2026-05-24,QUEEN,PKG,PKG_DLX,CANCELLED,3,0,INR,2026-05-10 11:54:09,2026-05-10 12:58:09
RES102225,HYD001,CNF102225,GUEST102225,2026-05-30,2026-05-31,STD,CORP,CORP_STD,CANCELLED,1,0,INR,2026-05-10 01:41:21,2026-05-10 04:27:21
RES102226,KOL001,CNF102226,GUEST102226,2026-07-04,2026-07-06,KING,MEMBER,MEM_DLX,BOOKED,2,23140,INR,2026-05-10 01:56:55,2026-05-10 04:30:55
RES102227,CHA001,CNF102227,GUEST102227,2026-07-01,2026-07-03,KING,CORP,CORP_STD,MODIFIED,1,14544,INR,2026-05-10 08:29:44,2026-05-10 11:19:44
RES102228,MUM002,CNF102228,GUEST102228,2026-06-06,2026-06-08,STE,PREPAY,PPR_STD,CANCELLED,2,0,INR,2026-05-10 21:19:27,2026-05-10 23:01:27
RES102229,MUM002,CNF102229,GUEST102229,2026-06-09,2026-06-12,DLX,PKG,PKG_DLX,MODIFIED,3,35505,INR,2026-05-10 20:43:47,2026-05-10 20:53:47
RES102230,KER001,CNF102230,GUEST102230,2026-05-27,2026-05-28,KING,MEMBER,MEM_STD,MODIFIED,2,27092,INR,2026-05-10 00:45:52,2026-05-10 03:01:52
RES102231,CHA001,CNF102231,GUEST102231,2026-05-14,2026-05-18,DLX,MEMBER,MEM_DLX,CANCELLED,2,0,INR,2026-05-10 17:35:59,2026-05-10 17:51:59
RES102232,MUM001,CNF102232,GUEST102232,2026-06-17,2026-06-18,STE,CORP,CORP_STD,BOOKED,4,57208,INR,2026-05-10 23:39:59,2026-05-11 00:09:59
RES102233,BLR001,CNF102233,GUEST102233,2026-06-28,2026-07-03,QUEEN,PREPAY,PPR_STD,BOOKED,2,131910,INR,2026-05-10 14:05:03,2026-05-10 17:03:03
RES102234,CHA001,CNF102234,GUEST102234,2026-07-03,2026-07-07,QUEEN,MEMBER,MEM_DLX,CANCELLED,4,0,INR,2026-05-10 21:05:23,2026-05-10 22:23:23
RES102235,DEL001,CNF102235,GUEST102235,2026-07-06,2026-07-11,STE,PKG,PKG_DLX,CANCELLED,3,0,INR,2026-05-10 00:35:50,2026-05-10 03:21:50
RES102236,DEL002,CNF102236,GUEST102236,2026-07-04,2026-07-06,DLX,PREPAY,PPR_DLX,MODIFIED,2,55420,INR,2026-05-10 15:58:46,2026-05-10 18:01:46
RES102237,MUM001,CNF102237,GUEST102237,2026-05-31,2026-06-01,STE,PKG,PKG_DLX,CANCELLED,1,0,INR,2026-05-10 09:09:32,2026-05-10 11:40:32
RES102238,MUM001,CNF102238,GUEST102238,2026-06-18,2026-06-21,STE,CORP,CORP_STD,MODIFIED,3,68085,INR,2026-05-10 22:47:01,2026-05-11 00:47:01
RES102239,KOL001,CNF102239,GUEST102239,2026-07-05,2026-07-06,STE,BAR,BAR_DLX,CANCELLED,4,0,INR,2026-05-10 09:24:09,2026-05-10 09:51:09
RES102240,BLR001,CNF102240,GUEST102240,2026-06-25,2026-06-29,STE,BAR,BAR_DLX,CANCELLED,2,0,INR,2026-05-10 15:59:51,2026-05-10 18:11:51
RES102241,KER001,CNF102241,GUEST102241,2026-06-05,2026-06-08,STE,CORP,CORP_DLX,MODIFIED,3,65322,INR,2026-05-10 00:25:57,2026-05-10 01:24:57
RES102242,CHA001,CNF102242,GUEST102242,2026-06-30,2026-07-02,KING,PREPAY,PPR_STD,CANCELLED,4,0,INR,2026-05-10 16:21:02,2026-05-10 18:25:02
RES102243,KER001,CNF102243,GUEST102243,2026-05-16,2026-05-21,DLX,PREPAY,PPR_STD,CANCELLED,4,0,INR,2026-05-10 22:23:53,2026-05-10 23:05:53
RES102244,CHN001,CNF102244,GUEST102244,2026-06-29,2026-07-02,KING,BAR,BAR_DLX,MODIFIED,4,64500,INR,2026-05-10 15:07:01,2026-05-10 15:59:01
RES102245,BLR002,CNF102245,GUEST102245,2026-05-12,2026-05-14,STE,BAR,BAR_STD,CANCELLED,4,0,INR,2026-05-10 11:04:57,2026-05-10 11:05:57
RES102246,DEL002,CNF102246,GUEST102246,2026-05-13,2026-05-15,STD,PKG,PKG_DLX,BOOKED,3,69090,INR,2026-05-10 15:06:40,2026-05-10 17:41:40
RES102247,KER001,CNF102247,GUEST102247,2026-07-04,2026-07-07,STE,PREPAY,PPR_STD,MODIFIED,3,47061,INR,2026-05-10 11:23:15,2026-05-10 13:41:15
RES102248,CHA001,CNF102248,GUEST102248,2026-06-22,2026-06-23,KING,BAR,BAR_STD,CANCELLED,1,0,INR,2026-05-10 17:17:30,2026-05-10 18:51:30
RES102249,KER001,CNF102249,GUEST102249,2026-06-05,2026-06-06,QUEEN,BAR,BAR_STD,BOOKED,1,7649,INR,2026-05-10 09:43:23,2026-05-10 10:27:23
RES102250,CHA001,CNF102250,GUEST102250,2026-06-07,2026-06-12,DLX,BAR,BAR_DLX,BOOKED,3,65265,INR,2026-05-10 13:26:48,2026-05-10 15:50:48
RES102251,BLR002,CNF102251,GUEST102251,2026-05-21,2026-05-25,DLX,MEMBER,MEM_DLX,BOOKED,4,195888,INR,2026-05-10 14:48:56,2026-05-10 15:18:56
RES102252,BLR001,CNF102252,GUEST102252,2026-06-28,2026-07-03,KING,CORP,CORP_STD,CANCELLED,2,0,INR,2026-05-10 19:49:49,2026-05-10 20:50:49
RES102253,BLR002,CNF102253,GUEST102253,2026-06-29,2026-06-30,STE,BAR,BAR_STD,MODIFIED,3,38397,INR,2026-05-10 03:01:32,2026-05-10 03:18:32
RES102254,BLR001,CNF102254,GUEST102254,2026-05-27,2026-05-29,KING,CORP,CORP_STD,BOOKED,4,43024,INR,2026-05-10 14:46:00,2026-05-10 14:51:00
RES102255,KOL001,CNF102255,GUEST102255,2026-07-03,2026-07-06,DLX,BAR,BAR_DLX,CANCELLED,1,0,INR,2026-05-10 23:42:00,2026-05-11 02:30:00
RES102256,DEL002,CNF102256,GUEST102256,2026-05-26,2026-05-31,QUEEN,BAR,BAR_DLX,BOOKED,1,45060,INR,2026-05-10 20:46:01,2026-05-10 22:06:01
RES102257,CHN001,CNF102257,GUEST102257,2026-06-09,2026-06-14,STE,CORP,CORP_DLX,CANCELLED,1,0,INR,2026-05-10 11:29:40,2026-05-10 12:04:40
RES102258,BLR001,CNF102258,GUEST102258,2026-05-12,2026-05-14,QUEEN,PREPAY,PPR_DLX,MODIFIED,4,76400,INR,2026-05-10 21:04:20,2026-05-10 21:37:20
RES102259,MUM001,CNF102259,GUEST102259,2026-06-05,2026-06-08,STD,CORP,CORP_DLX,BOOKED,2,61788,INR,2026-05-10 12:38:03,2026-05-10 13:46:03
RES102260,MUM002,CNF102260,GUEST102260,2026-06-19,2026-06-22,DLX,PKG,PKG_DLX,CANCELLED,2,0,INR,2026-05-10 08:32:16,2026-05-10 11:27:16
RES102261,CHA001,CNF102261,GUEST102261,2026-06-02,2026-06-07,KING,MEMBER,MEM_DLX,BOOKED,2,67970,INR,2026-05-10 17:18:26,2026-05-10 18:14:26
RES102262,CHN001,CNF102262,GUEST102262,2026-05-24,2026-05-28,STE,PKG,PKG_DLX,MODIFIED,3,61848,INR,2026-05-10 11:22:34,2026-05-10 13:21:34
RES102263,DEL001,CNF102263,GUEST102263,2026-06-23,2026-06-26,STD,BAR,BAR_DLX,BOOKED,3,124677,INR,2026-05-10 03:05:51,2026-05-10 05:34:51
RES102264,HYD001,CNF102264,GUEST102264,2026-05-16,2026-05-21,KING,PKG,PKG_DLX,CANCELLED,1,0,INR,2026-05-10 18:06:22,2026-05-10 18:56:22
RES102265,DEL001,CNF102265,GUEST102265,2026-05-30,2026-06-02,DLX,PREPAY,PPR_DLX,BOOKED,4,124056,INR,2026-05-10 12:14:30,2026-05-10 14:07:30
RES102266,MUM002,CNF102266,GUEST102266,2026-06-27,2026-07-02,KING,BAR,BAR_DLX,MODIFIED,3,105510,INR,2026-05-10 05:17:30,2026-05-10 06:04:30
RES102267,MUM002,CNF102267,GUEST102267,2026-06-10,2026-06-12,QUEEN,BAR,BAR_STD,CANCELLED,2,0,INR,2026-05-10 15:53:54,2026-05-10 16:03:54
RES102268,CHA001,CNF102268,GUEST102268,2026-06-10,2026-06-15,STD,BAR,BAR_STD,CANCELLED,1,0,INR,2026-05-10 03:04:01,2026-05-10 04:20:01
RES102269,BLR001,CNF102269,GUEST102269,2026-05-18,2026-05-21,STD,PREPAY,PPR_DLX,MODIFIED,3,132444,INR,2026-05-10 21:10:12,2026-05-10 22:39:12
RES102270,BLR002,CNF102270,GUEST102270,2026-06-23,2026-06-28,STD,PKG,PKG_STD,BOOKED,4,112220,INR,2026-05-10 08:53:32,2026-05-10 09:06:32
RES102271,DEL002,CNF102271,GUEST102271,2026-07-01,2026-07-04,STD,PKG,PKG_STD,MODIFIED,3,99927,INR,2026-05-10 21:02:50,2026-05-10 23:06:50
RES102272,MUM001,CNF102272,GUEST102272,2026-05-29,2026-06-02,KING,CORP,CORP_STD,BOOKED,2,48264,INR,2026-05-10 01:37:03,2026-05-10 02:46:03
RES102273,CHN001,CNF102273,GUEST102273,2026-05-19,2026-05-20,STD,PKG,PKG_DLX,CANCELLED,4,0,INR,2026-05-10 21:14:37,2026-05-10 23:02:37
RES102274,KOL001,CNF102274,GUEST102274,2026-05-26,2026-05-27,STD,PREPAY,PPR_DLX,CANCELLED,4,0,INR,2026-05-10 11:37:00,2026-05-10 11:54:00
RES102275,MUM001,CNF102275,GUEST102275,2026-05-15,2026-05-19,STE,MEMBER,MEM_STD,BOOKED,3,112344,INR,2026-05-10 10:55:25,2026-05-10 13:16:25
RES102276,MUM001,CNF102276,GUEST102276,2026-07-07,2026-07-08,QUEEN,BAR,BAR_STD,MODIFIED,2,8256,INR,2026-05-10 05:53:23,2026-05-10 08:38:23
RES102277,BLR002,CNF102277,GUEST102277,2026-05-26,2026-05-27,DLX,PKG,PKG_DLX,CANCELLED,3,0,INR,2026-05-10 04:01:18,2026-05-10 05:06:18
RES102278,MUM002,CNF102278,GUEST102278,2026-06-15,2026-06-18,QUEEN,PKG,PKG_STD,MODIFIED,2,64650,INR,2026-05-10 11:25:01,2026-05-10 12:02:01
RES102279,HYD001,CNF102279,GUEST102279,2026-06-19,2026-06-21,KING,BAR,BAR_STD,BOOKED,4,61120,INR,2026-05-10 14:31:30,2026-05-10 16:55:30
RES102280,CHA001,CNF102280,GUEST102280,2026-06-23,2026-06-24,STE,PREPAY,PPR_DLX,BOOKED,4,37496,INR,2026-05-10 10:15:01,2026-05-10 12:38:01
RES102281,BLR002,CNF102281,GUEST102281,2026-05-11,2026-05-16,KING,MEMBER,MEM_DLX,BOOKED,4,231540,INR,2026-05-10 13:20:21,2026-05-10 13:41:21
RES102282,BLR001,CNF102282,GUEST102282,2026-06-11,2026-06-12,STD,MEMBER,MEM_DLX,CANCELLED,1,0,INR,2026-05-10 19:04:24,2026-05-10 20:59:24
RES102283,KER001,CNF102283,GUEST102283,2026-05-18,2026-05-23,QUEEN,PKG,PKG_DLX,BOOKED,4,175480,INR,2026-05-10 22:46:09,2026-05-11 01:26:09
RES102284,MUM001,CNF102284,GUEST102284,2026-07-05,2026-07-06,KING,MEMBER,MEM_DLX,CANCELLED,1,0,INR,2026-05-10 00:27:36,2026-05-10 02:14:36
RES102285,BLR002,CNF102285,GUEST102285,2026-05-18,2026-05-22,STE,PKG,PKG_DLX,BOOKED,1,55144,INR,2026-05-10 22:11:31,2026-05-11 00:14:31
RES102286,DEL002,CNF102286,GUEST102286,2026-05-31,2026-06-04,QUEEN,PREPAY,PPR_DLX,BOOKED,4,91936,INR,2026-05-10 14:13:35,2026-05-10 16:10:35
RES102287,CHA001,CNF102287,GUEST102287,2026-06-14,2026-06-18,KING,MEMBER,MEM_STD,MODIFIED,3,135528,INR,2026-05-10 15:46:10,2026-05-10 16:12:10
RES102288,DEL002,CNF102288,GUEST102288,2026-06-20,2026-06-25,QUEEN,CORP,CORP_DLX,CANCELLED,3,0,INR,2026-05-10 20:16:40,2026-05-10 21:05:40
RES102289,CHN001,CNF102289,GUEST102289,2026-06-17,2026-06-22,DLX,PREPAY,PPR_STD,CANCELLED,1,0,INR,2026-05-10 19:22:33,2026-05-10 20:16:33
RES102290,KOL001,CNF102290,GUEST102290,2026-05-25,2026-05-28,STE,PKG,PKG_DLX,MODIFIED,2,67866,INR,2026-05-10 16:56:09,2026-05-10 17:20:09
RES102291,CHN001,CNF102291,GUEST102291,2026-05-25,2026-05-30,STD,MEMBER,MEM_DLX,BOOKED,2,142680,INR,2026-05-10 17:51:46,2026-05-10 18:50:46
RES102292,CHA001,CNF102292,GUEST102292,2026-05-29,2026-05-31,STE,MEMBER,MEM_DLX,CANCELLED,3,0,INR,2026-05-10 03:20:47,2026-05-10 05:29:47
RES102293,MUM001,CNF102293,GUEST102293,2026-06-29,2026-07-03,STE,PREPAY,PPR_STD,BOOKED,3,97596,INR,2026-05-10 15:14:14,2026-05-10 16:04:14
RES102294,HYD001,CNF102294,GUEST102294,2026-05-24,2026-05-27,QUEEN,PKG,PKG_STD,CANCELLED,1,0,INR,2026-05-10 07:15:44,2026-05-10 08:42:44
RES102295,MUM001,CNF102295,GUEST102295,2026-07-03,2026-07-04,KING,PREPAY,PPR_DLX,MODIFIED,3,39945,INR,2026-05-10 01:57:15,2026-05-10 04:54:15
RES102296,MUM001,CNF102296,GUEST102296,2026-06-07,2026-06-12,STE,PREPAY,PPR_STD,MODIFIED,3,209580,INR,2026-05-10 09:46:57,2026-05-10 10:04:57
RES102297,HYD001,CNF102297,GUEST102297,2026-07-02,2026-07-03,KING,MEMBER,MEM_DLX,MODIFIED,4,14592,INR,2026-05-10 20:00:43,2026-05-10 21:25:43
RES102298,KOL001,CNF102298,GUEST102298,2026-06-07,2026-06-09,STD,BAR,BAR_DLX,CANCELLED,3,0,INR,2026-05-10 16:54:48,2026-05-10 17:14:48
RES102299,HYD001,CNF102299,GUEST102299,2026-06-27,2026-06-28,KING,PKG,PKG_STD,MODIFIED,1,12653,INR,2026-05-10 09:30:34,2026-05-10 11:38:34
RES102300,KOL001,CNF102300,GUEST102300,2026-06-12,2026-06-15,DLX,PREPAY,PPR_DLX,MODIFIED,1,37068,INR,2026-05-10 11:21:00,2026-05-10 12:32:00
RES102301,CHA001,CNF102301,GUEST102301,2026-06-21,2026-06-23,STD,PKG,PKG_STD,MODIFIED,3,25722,INR,2026-05-10 19:52:56,2026-05-10 21:51:56
RES102302,KOL001,CNF102302,GUEST102302,2026-05-29,2026-05-31,STD,PKG,PKG_DLX,BOOKED,2,37756,INR,2026-05-10 01:21:04,2026-05-10 02:30:04
RES102303,KOL001,CNF102303,GUEST102303,2026-06-29,2026-07-02,STD,PKG,PKG_STD,MODIFIED,4,148044,INR,2026-05-10 09:35:58,2026-05-10 10:03:58
RES102304,MUM001,CNF102304,GUEST102304,2026-05-19,2026-05-22,KING,BAR,BAR_STD,BOOKED,2,21834,INR,2026-05-10 06:19:08,2026-05-10 08:05:08
RES102305,MUM002,CNF102305,GUEST102305,2026-06-02,2026-06-05,QUEEN,MEMBER,MEM_STD,CANCELLED,3,0,INR,2026-05-10 23:23:24,2026-05-11 00:53:24
RES102306,MUM001,CNF102306,GUEST102306,2026-05-31,2026-06-03,KING,MEMBER,MEM_DLX,CANCELLED,3,0,INR,2026-05-10 03:18:26,2026-05-10 03:24:26
RES102307,MUM001,CNF102307,GUEST102307,2026-07-09,2026-07-13,STD,BAR,BAR_DLX,CANCELLED,4,0,INR,2026-05-10 02:43:06,2026-05-10 03:36:06
RES102308,BLR001,CNF102308,GUEST102308,2026-05-11,2026-05-14,STD,CORP,CORP_DLX,MODIFIED,3,68148,INR,2026-05-10 05:01:43,2026-05-10 07:53:43
RES102309,KER001,CNF102309,GUEST102309,2026-06-10,2026-06-12,STD,MEMBER,MEM_STD,BOOKED,2,35900,INR,2026-05-10 15:39:26,2026-05-10 17:29:26
RES102310,KOL001,CNF102310,GUEST102310,2026-05-29,2026-05-30,STD,BAR,BAR_STD,CANCELLED,1,0,INR,2026-05-10 05:44:21,2026-05-10 06:28:21
RES102311,DEL001,CNF102311,GUEST102311,2026-06-27,2026-06-29,QUEEN,BAR,BAR_DLX,CANCELLED,2,0,INR,2026-05-10 07:32:10,2026-05-10 08:27:10
RES102312,KER001,CNF102312,GUEST102312,2026-07-08,2026-07-13,QUEEN,PKG,PKG_STD,CANCELLED,2,0,INR,2026-05-10 03:50:36,2026-05-10 04:44:36
RES102313,MUM001,CNF102313,GUEST102313,2026-05-27,2026-05-31,KING,PREPAY,PPR_STD,CANCELLED,2,0,INR,2026-05-10 13:52:03,2026-05-10 16:00:03
RES102314,DEL002,CNF102314,GUEST102314,2026-06-15,2026-06-20,STE,BAR,BAR_DLX,MODIFIED,4,185480,INR,2026-05-10 16:17:29,2026-05-10 18:58:29
RES102315,CHN001,CNF102315,GUEST102315,2026-07-03,2026-07-07,STE,BAR,BAR_STD,BOOKED,4,85056,INR,2026-05-10 11:50:36,2026-05-10 13:53:36
RES102316,MUM002,CNF102316,GUEST102316,2026-06-15,2026-06-16,STE,MEMBER,MEM_STD,CANCELLED,3,0,INR,2026-05-10 19:59:13,2026-05-10 21:08:13
RES102317,BLR001,CNF102317,GUEST102317,2026-05-23,2026-05-24,KING,BAR,BAR_STD,CANCELLED,2,0,INR,2026-05-10 03:20:23,2026-05-10 03:24:23
RES102318,BLR002,CNF102318,GUEST102318,2026-06-30,2026-07-01,STD,MEMBER,MEM_STD,BOOKED,3,43911,INR,2026-05-10 02:02:45,2026-05-10 02:09:45
RES102319,BLR002,CNF102319,GUEST102319,2026-07-05,2026-07-07,KING,MEMBER,MEM_DLX,CANCELLED,3,0,INR,2026-05-10 13:55:45,2026-05-10 14:40:45
RES102320,DEL002,CNF102320,GUEST102320,2026-05-27,2026-05-29,KING,PREPAY,PPR_STD,BOOKED,1,27202,INR,2026-05-10 05:25:10,2026-05-10 07:12:10
RES102321,DEL002,CNF102321,GUEST102321,2026-05-25,2026-05-26,DLX,PREPAY,PPR_DLX,BOOKED,1,13743,INR,2026-05-10 04:30:26,2026-05-10 05:57:26
RES102322,BLR002,CNF102322,GUEST102322,2026-05-23,2026-05-28,QUEEN,MEMBER,MEM_DLX,CANCELLED,1,0,INR,2026-05-10 00:47:50,2026-05-10 02:31:50
RES102323,DEL001,CNF102323,GUEST102323,2026-05-14,2026-05-15,STE,BAR,BAR_STD,CANCELLED,1,0,INR,2026-05-10 19:53:57,2026-05-10 20:31:57
RES102324,DEL001,CNF102324,GUEST102324,2026-06-03,2026-06-08,KING,MEMBER,MEM_DLX,CANCELLED,4,0,INR,2026-05-10 21:44:49,2026-05-11 00:18:49
RES102325,MUM001,CNF102325,GUEST102325,2026-06-19,2026-06-22,KING,BAR,BAR_STD,BOOKED,3,91818,INR,2026-05-10 16:34:25,2026-05-10 18:45:25
RES102326,MUM002,CNF102326,GUEST102326,2026-06-29,2026-07-03,QUEEN,MEMBER,MEM_DLX,CANCELLED,4,0,INR,2026-05-10 17:45:30,2026-05-10 18:39:30
RES102327,CHN001,CNF102327,GUEST102327,2026-06-12,2026-06-13,STE,PKG,PKG_STD,BOOKED,2,11884,INR,2026-05-10 17:54:53,2026-05-10 19:12:53
RES102328,DEL002,CNF102328,GUEST102328,2026-06-02,2026-06-04,STD,MEMBER,MEM_STD,MODIFIED,1,14790,INR,2026-05-10 13:36:06,2026-05-10 14:18:06
RES102329,CHN001,CNF102329,GUEST102329,2026-06-15,2026-06-16,KING,BAR,BAR_STD,MODIFIED,4,23708,INR,2026-05-10 16:27:23,2026-05-10 19:04:23
RES102330,CHN001,CNF102330,GUEST102330,2026-05-13,2026-05-15,STD,CORP,CORP_DLX,MODIFIED,3,28344,INR,2026-05-10 14:18:59,2026-05-10 17:15:59
RES102331,HYD001,CNF102331,GUEST102331,2026-07-02,2026-07-03,DLX,MEMBER,MEM_DLX,BOOKED,4,59532,INR,2026-05-10 18:12:02,2026-05-10 18:27:02
RES102332,BLR001,CNF102332,GUEST102332,2026-05-23,2026-05-27,STE,PKG,PKG_STD,MODIFIED,4,225232,INR,2026-05-10 02:29:52,2026-05-10 03:08:52
RES102333,CHA001,CNF102333,GUEST102333,2026-05-30,2026-06-01,DLX,PREPAY,PPR_DLX,BOOKED,2,55596,INR,2026-05-10 17:57:54,2026-05-10 19:56:54
RES102334,KOL001,CNF102334,GUEST102334,2026-06-02,2026-06-05,QUEEN,PREPAY,PPR_STD,CANCELLED,4,0,INR,2026-05-10 16:06:13,2026-05-10 18:51:13
RES102335,KER001,CNF102335,GUEST102335,2026-05-15,2026-05-18,DLX,CORP,CORP_DLX,CANCELLED,1,0,INR,2026-05-10 11:04:29,2026-05-10 11:17:29
RES102336,BLR001,CNF102336,GUEST102336,2026-07-09,2026-07-11,STD,PKG,PKG_STD,CANCELLED,1,0,INR,2026-05-10 22:18:20,2026-05-10 22:32:20
RES102337,CHA001,CNF102337,GUEST102337,2026-06-19,2026-06-23,KING,MEMBER,MEM_STD,BOOKED,1,56140,INR,2026-05-10 02:15:10,2026-05-10 04:43:10
RES102338,MUM002,CNF102338,GUEST102338,2026-05-30,2026-06-01,QUEEN,MEMBER,MEM_STD,BOOKED,4,80688,INR,2026-05-10 00:12:01,2026-05-10 03:08:01
RES102339,KOL001,CNF102339,GUEST102339,2026-05-21,2026-05-23,STD,PKG,PKG_DLX,MODIFIED,3,44784,INR,2026-05-10 02:25:00,2026-05-10 03:03:00
RES102340,KOL001,CNF102340,GUEST102340,2026-06-17,2026-06-20,STD,PREPAY,PPR_STD,BOOKED,3,89325,INR,2026-05-10 02:46:28,2026-05-10 04:05:28
RES102341,KER001,CNF102341,GUEST102341,2026-06-07,2026-06-12,DLX,PREPAY,PPR_DLX,BOOKED,4,259520,INR,2026-05-10 06:31:34,2026-05-10 07:42:34
RES102342,DEL002,CNF102342,GUEST102342,2026-07-05,2026-07-06,KING,CORP,CORP_DLX,BOOKED,1,6666,INR,2026-05-10 06:54:01,2026-05-10 07:45:01
RES102343,MUM002,CNF102343,GUEST102343,2026-05-31,2026-06-05,STD,CORP,CORP_DLX,BOOKED,4,70920,INR,2026-05-10 16:14:14,2026-05-10 19:02:14
RES102344,KOL001,CNF102344,GUEST102344,2026-05-18,2026-05-21,KING,BAR,BAR_STD,BOOKED,2,51348,INR,2026-05-10 04:28:39,2026-05-10 04:49:39
RES102345,BLR002,CNF102345,GUEST102345,2026-07-05,2026-07-10,STD,CORP,CORP_DLX,CANCELLED,2,0,INR,2026-05-10 07:56:25,2026-05-10 08:33:25
RES102346,DEL001,CNF102346,GUEST102346,2026-06-26,2026-06-28,QUEEN,PREPAY,PPR_DLX,CANCELLED,1,0,INR,2026-05-10 23:12:17,2026-05-11 00:52:17
RES102347,MUM001,CNF102347,GUEST102347,2026-06-14,2026-06-19,STD,PKG,PKG_STD,MODIFIED,1,31230,INR,2026-05-10 15:31:16,2026-05-10 17:28:16
RES102348,KER001,CNF102348,GUEST102348,2026-05-23,2026-05-26,KING,BAR,BAR_DLX,CANCELLED,4,0,INR,2026-05-10 04:18:48,2026-05-10 04:58:48
RES102349,MUM002,CNF102349,GUEST102349,2026-05-12,2026-05-17,STE,CORP,CORP_STD,MODIFIED,4,150160,INR,2026-05-10 03:41:30,2026-05-10 06:07:30
RES102350,DEL001,CNF102350,GUEST102350,2026-05-12,2026-05-13,KING,BAR,BAR_STD,BOOKED,3,19185,INR,2026-05-10 12:45:34,2026-05-10 14:57:34
RES102351,MUM001,CNF102351,GUEST102351,2026-06-30,2026-07-01,KING,BAR,BAR_DLX,BOOKED,3,36891,INR,2026-05-10 04:46:30,2026-05-10 05:47:30
RES102352,MUM002,CNF102352,GUEST102352,2026-06-13,2026-06-17,STE,PKG,PKG_STD,CANCELLED,1,0,INR,2026-05-10 08:49:28,2026-05-10 11:24:28
RES102353,KOL001,CNF102353,GUEST102353,2026-05-11,2026-05-14,STD,CORP,CORP_DLX,CANCELLED,2,0,INR,2026-05-10 12:08:58,2026-05-10 13:22:58
RES102354,KER001,CNF102354,GUEST102354,2026-06-14,2026-06-16,STE,BAR,BAR_STD,CANCELLED,1,0,INR,2026-05-10 21:29:40,2026-05-10 22:19:40
RES102355,DEL001,CNF102355,GUEST102355,2026-05-14,2026-05-16,DLX,PKG,PKG_DLX,MODIFIED,4,81896,INR,2026-05-10 10:48:17,2026-05-10 12:54:17
RES102356,KER001,CNF102356,GUEST102356,2026-06-30,2026-07-02,QUEEN,BAR,BAR_DLX,MODIFIED,2,52292,INR,2026-05-10 21:53:58,2026-05-11 00:52:58
RES102357,BLR002,CNF102357,GUEST102357,2026-06-20,2026-06-23,QUEEN,MEMBER,MEM_STD,CANCELLED,3,0,INR,2026-05-10 05:12:12,2026-05-10 05:45:12
RES102358,BLR001,CNF102358,GUEST102358,2026-06-23,2026-06-25,STE,BAR,BAR_DLX,CANCELLED,1,0,INR,2026-05-10 22:46:54,2026-05-11 01:06:54
RES102359,DEL002,CNF102359,GUEST102359,2026-05-12,2026-05-14,STE,PREPAY,PPR_DLX,BOOKED,2,37776,INR,2026-05-10 04:54:59,2026-05-10 07:08:59
RES102360,KOL001,CNF102360,GUEST102360,2026-06-05,2026-06-09,QUEEN,CORP,CORP_STD,BOOKED,3,168180,INR,2026-05-10 23:21:39,2026-05-11 01:32:39
RES102361,CHN001,CNF102361,GUEST102361,2026-07-09,2026-07-13,STE,CORP,CORP_DLX,CANCELLED,3,0,INR,2026-05-10 19:05:30,2026-05-10 19:32:30
RES102362,CHA001,CNF102362,GUEST102362,2026-05-17,2026-05-19,KING,PKG,PKG_STD,CANCELLED,4,0,INR,2026-05-10 13:03:38,2026-05-10 16:03:38
RES102363,MUM001,CNF102363,GUEST102363,2026-06-11,2026-06-12,KING,PREPAY,PPR_STD,MODIFIED,2,11774,INR,2026-05-10 12:20:16,2026-05-10 12:47:16
RES102364,DEL002,CNF102364,GUEST102364,2026-06-23,2026-06-26,DLX,MEMBER,MEM_STD,MODIFIED,1,42579,INR,2026-05-10 03:56:02,2026-05-10 06:25:02
RES102365,MUM001,CNF102365,GUEST102365,2026-06-02,2026-06-04,STD,MEMBER,MEM_STD,BOOKED,4,75648,INR,2026-05-10 04:25:29,2026-05-10 06:59:29
RES102366,BLR002,CNF102366,GUEST102366,2026-06-21,2026-06-22,QUEEN,PREPAY,PPR_STD,CANCELLED,1,0,INR,2026-05-10 12:53:59,2026-05-10 13:46:59
RES102367,KER001,CNF102367,GUEST102367,2026-06-21,2026-06-25,KING,MEMBER,MEM_DLX,CANCELLED,1,0,INR,2026-05-10 18:52:33,2026-05-10 20:52:33
RES102368,MUM002,CNF102368,GUEST102368,2026-05-22,2026-05-26,KING,PREPAY,PPR_STD,BOOKED,3,91992,INR,2026-05-10 18:38:13,2026-05-10 20:25:13
RES102369,DEL001,CNF102369,GUEST102369,2026-06-21,2026-06-22,DLX,BAR,BAR_STD,BOOKED,2,23512,INR,2026-05-10 16:01:50,2026-05-10 17:24:50
RES102370,KOL001,CNF102370,GUEST102370,2026-07-09,2026-07-11,QUEEN,BAR,BAR_STD,BOOKED,3,85608,INR,2026-05-10 06:13:14,2026-05-10 07:15:14
RES102371,DEL002,CNF102371,GUEST102371,2026-07-03,2026-07-07,STE,PKG,PKG_STD,MODIFIED,4,104608,INR,2026-05-10 01:34:03,2026-05-10 02:07:03
RES102372,BLR002,CNF102372,GUEST102372,2026-06-22,2026-06-27,STE,CORP,CORP_STD,MODIFIED,1,49435,INR,2026-05-10 01:07:39,2026-05-10 04:05:39
RES102373,DEL001,CNF102373,GUEST102373,2026-06-14,2026-06-19,QUEEN,BAR,BAR_DLX,CANCELLED,1,0,INR,2026-05-10 22:00:49,2026-05-10 22:19:49
RES102374,KOL001,CNF102374,GUEST102374,2026-07-05,2026-07-09,DLX,PREPAY,PPR_STD,CANCELLED,4,0,INR,2026-05-10 21:43:46,2026-05-11 00:12:46
RES102375,DEL001,CNF102375,GUEST102375,2026-06-17,2026-06-19,STD,PKG,PKG_DLX,CANCELLED,3,0,INR,2026-05-10 09:18:39,2026-05-10 11:07:39
RES102376,BLR002,CNF102376,GUEST102376,2026-06-22,2026-06-26,DLX,PREPAY,PPR_STD,CANCELLED,4,0,INR,2026-05-10 06:54:00,2026-05-10 09:41:00
RES102377,KOL001,CNF102377,GUEST102377,2026-06-20,2026-06-24,QUEEN,BAR,BAR_STD,CANCELLED,4,0,INR,2026-05-10 20:47:28,2026-05-10 21:45:28
RES102378,KOL001,CNF102378,GUEST102378,2026-06-30,2026-07-04,KING,CORP,CORP_DLX,CANCELLED,2,0,INR,2026-05-10 04:43:55,2026-05-10 07:40:55
RES102379,KOL001,CNF102379,GUEST102379,2026-05-27,2026-05-31,QUEEN,CORP,CORP_DLX,CANCELLED,4,0,INR,2026-05-10 02:28:07,2026-05-10 02:36:07
RES102380,BLR002,CNF102380,GUEST102380,2026-07-05,2026-07-08,STD,MEMBER,MEM_STD,CANCELLED,3,0,INR,2026-05-10 20:07:09,2026-05-10 22:45:09
RES102381,BLR002,CNF102381,GUEST102381,2026-06-06,2026-06-09,KING,BAR,BAR_DLX,MODIFIED,4,118248,INR,2026-05-10 07:12:24,2026-05-10 09:39:24
RES102382,BLR002,CNF102382,GUEST102382,2026-05-31,2026-06-02,QUEEN,CORP,CORP_DLX,CANCELLED,3,0,INR,2026-05-10 12:25:43,2026-05-10 14:47:43
RES102383,MUM002,CNF102383,GUEST102383,2026-05-29,2026-05-30,DLX,BAR,BAR_STD,BOOKED,4,40504,INR,2026-05-10 16:04:06,2026-05-10 16:11:06
RES102384,BLR001,CNF102384,GUEST102384,2026-07-01,2026-07-06,STE,CORP,CORP_STD,BOOKED,4,216960,INR,2026-05-10 05:49:49,2026-05-10 08:14:49
RES102385,KOL001,CNF102385,GUEST102385,2026-07-03,2026-07-05,KING,PKG,PKG_DLX,CANCELLED,4,0,INR,2026-05-10 07:19:26,2026-05-10 09:29:26
RES102386,MUM001,CNF102386,GUEST102386,2026-06-16,2026-06-17,QUEEN,BAR,BAR_STD,CANCELLED,1,0,INR,2026-05-10 20:46:50,2026-05-10 21:11:50
RES102387,HYD001,CNF102387,GUEST102387,2026-05-11,2026-05-15,STE,BAR,BAR_STD,BOOKED,4,141680,INR,2026-05-10 12:52:28,2026-05-10 14:35:28
RES102388,KOL001,CNF102388,GUEST102388,2026-05-22,2026-05-24,KING,BAR,BAR_DLX,BOOKED,4,81352,INR,2026-05-10 14:03:16,2026-05-10 15:25:16
RES102389,BLR002,CNF102389,GUEST102389,2026-05-29,2026-05-31,STD,BAR,BAR_STD,CANCELLED,3,0,INR,2026-05-10 06:06:28,2026-05-10 09:02:28
RES102390,KOL001,CNF102390,GUEST102390,2026-07-03,2026-07-05,KING,MEMBER,MEM_STD,BOOKED,4,28984,INR,2026-05-10 04:35:29,2026-05-10 06:21:29
RES102391,KER001,CNF102391,GUEST102391,2026-05-11,2026-05-15,STD,PKG,PKG_DLX,BOOKED,3,97248,INR,2026-05-10 07:25:42,2026-05-10 08:34:42
RES102392,KOL001,CNF102392,GUEST102392,2026-07-08,2026-07-11,STE,BAR,BAR_STD,BOOKED,3,92502,INR,2026-05-10 15:55:54,2026-05-10 18:41:54
RES102393,KOL001,CNF102393,GUEST102393,2026-06-23,2026-06-25,STE,PREPAY,PPR_STD,BOOKED,2,42072,INR,2026-05-10 08:44:21,2026-05-10 09:57:21
RES102394,MUM001,CNF102394,GUEST102394,2026-06-27,2026-06-28,DLX,PKG,PKG_STD,CANCELLED,4,0,INR,2026-05-10 06:37:41,2026-05-10 08:09:41
RES102395,MUM002,CNF102395,GUEST102395,2026-06-20,2026-06-23,DLX,CORP,CORP_STD,MODIFIED,1,17694,INR,2026-05-10 01:18:23,2026-05-10 02:21:23
RES102396,DEL002,CNF102396,GUEST102396,2026-07-06,2026-07-08,DLX,PREPAY,PPR_STD,BOOKED,1,25068,INR,2026-05-10 21:55:08,2026-05-10 23:24:08
RES102397,DEL001,CNF102397,GUEST102397,2026-07-08,2026-07-13,QUEEN,BAR,BAR_DLX,CANCELLED,2,0,INR,2026-05-10 13:40:16,2026-05-10 14:33:16
RES102398,CHN001,CNF102398,GUEST102398,2026-06-06,2026-06-09,KING,PKG,PKG_STD,CANCELLED,1,0,INR,2026-05-10 21:53:30,2026-05-10 23:22:30
RES102399,CHA001,CNF102399,GUEST102399,2026-06-04,2026-06-06,KING,BAR,BAR_DLX,MODIFIED,2,29848,INR,2026-05-10 01:52:40,2026-05-10 03:32:40
RES102400,BLR002,CNF102400,GUEST102400,2026-07-07,2026-07-08,DLX,BAR,BAR_STD,BOOKED,3,36909,INR,2026-05-10 15:51:50,2026-05-10 17:46:50
RES102401,DEL001,CNF102401,GUEST102401,2026-05-24,2026-05-25,QUEEN,BAR,BAR_STD,CANCELLED,2,0,INR,2026-05-10 12:26:12,2026-05-10 15:14:12
RES102402,MUM002,CNF102402,GUEST102402,2026-06-06,2026-06-11,KING,BAR,BAR_DLX,MODIFIED,2,99300,INR,2026-05-10 07:02:10,2026-05-10 08:12:10
RES102403,BLR002,CNF102403,GUEST102403,2026-06-15,2026-06-18,QUEEN,CORP,CORP_STD,CANCELLED,3,0,INR,2026-05-10 22:40:04,2026-05-10 23:56:04
RES102404,MUM001,CNF102404,GUEST102404,2026-05-26,2026-05-29,KING,PREPAY,PPR_STD,BOOKED,1,23448,INR,2026-05-10 11:25:08,2026-05-10 13:49:08
RES102405,DEL002,CNF102405,GUEST102405,2026-07-06,2026-07-09,DLX,BAR,BAR_STD,MODIFIED,3,67617,INR,2026-05-10 09:06:01,2026-05-10 11:12:01
RES102406,CHA001,CNF102406,GUEST102406,2026-06-11,2026-06-15,QUEEN,MEMBER,MEM_STD,MODIFIED,1,18944,INR,2026-05-10 15:18:09,2026-05-10 16:45:09
RES102407,KER001,CNF102407,GUEST102407,2026-07-09,2026-07-14,QUEEN,CORP,CORP_STD,MODIFIED,4,246320,INR,2026-05-10 07:16:06,2026-05-10 07:52:06
RES102408,KOL001,CNF102408,GUEST102408,2026-06-15,2026-06-19,KING,CORP,CORP_DLX,MODIFIED,2,38976,INR,2026-05-10 21:28:42,2026-05-10 23:13:42
RES102409,MUM001,CNF102409,GUEST102409,2026-06-15,2026-06-17,KING,PREPAY,PPR_DLX,BOOKED,2,49224,INR,2026-05-10 16:59:42,2026-05-10 18:16:42
RES102410,CHN001,CNF102410,GUEST102410,2026-06-16,2026-06-20,DLX,PKG,PKG_DLX,BOOKED,2,77656,INR,2026-05-10 07:33:22,2026-05-10 10:06:22
RES102411,CHN001,CNF102411,GUEST102411,2026-07-07,2026-07-11,STD,PREPAY,PPR_STD,MODIFIED,4,63648,INR,2026-05-10 09:41:02,2026-05-10 09:58:02
RES102412,BLR001,CNF102412,GUEST102412,2026-06-02,2026-06-06,STD,MEMBER,MEM_STD,MODIFIED,4,61472,INR,2026-05-10 12:12:34,2026-05-10 13:27:34
RES102413,MUM002,CNF102413,GUEST102413,2026-05-12,2026-05-16,QUEEN,PREPAY,PPR_DLX,MODIFIED,4,120032,INR,2026-05-10 01:24:46,2026-05-10 02:12:46
RES102414,DEL002,CNF102414,GUEST102414,2026-06-24,2026-06-25,QUEEN,BAR,BAR_STD,CANCELLED,2,0,INR,2026-05-10 21:21:25,2026-05-11 00:20:25
RES102415,BLR002,CNF102415,GUEST102415,2026-06-20,2026-06-21,KING,PKG,PKG_DLX,BOOKED,2,19332,INR,2026-05-10 03:31:20,2026-05-10 04:02:20
RES102416,BLR002,CNF102416,GUEST102416,2026-05-13,2026-05-14,KING,CORP,CORP_DLX,CANCELLED,1,0,INR,2026-05-10 09:07:12,2026-05-10 10:08:12
RES102417,MUM002,CNF102417,GUEST102417,2026-07-04,2026-07-09,STE,MEMBER,MEM_STD,BOOKED,3,154365,INR,2026-05-10 18:42:00,2026-05-10 18:44:00
RES102418,KOL001,CNF102418,GUEST102418,2026-07-01,2026-07-04,QUEEN,CORP,CORP_DLX,CANCELLED,4,0,INR,2026-05-10 07:19:59,2026-05-10 09:06:59
RES102419,MUM002,CNF102419,GUEST102419,2026-05-16,2026-05-17,KING,MEMBER,MEM_DLX,MODIFIED,3,23667,INR,2026-05-10 00:43:10,2026-05-10 02:37:10
RES102420,KER001,CNF102420,GUEST102420,2026-05-30,2026-06-04,DLX,CORP,CORP_STD,MODIFIED,1,58965,INR,2026-05-10 12:06:56,2026-05-10 13:01:56
RES102421,MUM001,CNF102421,GUEST102421,2026-06-05,2026-06-08,DLX,BAR,BAR_DLX,MODIFIED,4,148644,INR,2026-05-10 23:07:55,2026-05-11 01:37:55
RES102422,CHA001,CNF102422,GUEST102422,2026-05-11,2026-05-15,STE,BAR,BAR_DLX,BOOKED,2,39144,INR,2026-05-10 03:34:09,2026-05-10 04:44:09
RES102423,KER001,CNF102423,GUEST102423,2026-06-21,2026-06-23,KING,CORP,CORP_DLX,MODIFIED,1,17234,INR,2026-05-10 17:42:11,2026-05-10 19:18:11
RES102424,MUM002,CNF102424,GUEST102424,2026-05-16,2026-05-18,DLX,PKG,PKG_STD,BOOKED,1,16882,INR,2026-05-10 17:43:56,2026-05-10 19:28:56
RES102425,CHA001,CNF102425,GUEST102425,2026-05-12,2026-05-13,DLX,MEMBER,MEM_DLX,MODIFIED,4,23296,INR,2026-05-10 05:04:50,2026-05-10 05:14:50
RES102426,DEL002,CNF102426,GUEST102426,2026-06-23,2026-06-27,STE,BAR,BAR_STD,BOOKED,1,22624,INR,2026-05-10 17:02:54,2026-05-10 17:16:54
RES102427,HYD001,CNF102427,GUEST102427,2026-05-13,2026-05-17,DLX,MEMBER,MEM_STD,MODIFIED,3,93924,INR,2026-05-10 12:55:47,2026-05-10 14:24:47
RES102428,KOL001,CNF102428,GUEST102428,2026-06-01,2026-06-03,STD,BAR,BAR_DLX,MODIFIED,1,15160,INR,2026-05-10 02:06:29,2026-05-10 03:53:29
RES102429,KOL001,CNF102429,GUEST102429,2026-06-07,2026-06-09,QUEEN,PREPAY,PPR_STD,BOOKED,3,47694,INR,2026-05-10 15:09:42,2026-05-10 17:19:42
RES102430,BLR002,CNF102430,GUEST102430,2026-06-13,2026-06-17,KING,PKG,PKG_DLX,BOOKED,4,228576,INR,2026-05-10 06:43:27,2026-05-10 09:07:27
RES102431,KER001,CNF102431,GUEST102431,2026-06-07,2026-06-08,QUEEN,CORP,CORP_STD,CANCELLED,3,0,INR,2026-05-10 14:32:34,2026-05-10 16:12:34
RES102432,MUM001,CNF102432,GUEST102432,2026-05-25,2026-05-26,STD,PREPAY,PPR_STD,MODIFIED,2,19828,INR,2026-05-10 03:43:26,2026-05-10 05:58:26
RES102433,KOL001,CNF102433,GUEST102433,2026-05-13,2026-05-18,QUEEN,MEMBER,MEM_DLX,BOOKED,4,190280,INR,2026-05-10 23:21:43,2026-05-11 00:14:43
RES102434,DEL001,CNF102434,GUEST102434,2026-05-17,2026-05-22,STD,PKG,PKG_DLX,CANCELLED,3,0,INR,2026-05-10 19:59:48,2026-05-10 20:53:48
RES102435,DEL002,CNF102435,GUEST102435,2026-05-23,2026-05-26,STD,CORP,CORP_DLX,CANCELLED,4,0,INR,2026-05-10 17:25:22,2026-05-10 20:18:22
RES102436,MUM002,CNF102436,GUEST102436,2026-06-14,2026-06-19,QUEEN,BAR,BAR_DLX,MODIFIED,4,281540,INR,2026-05-10 13:11:34,2026-05-10 14:47:34
RES102437,DEL002,CNF102437,GUEST102437,2026-06-14,2026-06-18,DLX,PREPAY,PPR_STD,BOOKED,2,47288,INR,2026-05-10 16:43:04,2026-05-10 19:25:04
RES102438,CHA001,CNF102438,GUEST102438,2026-05-20,2026-05-21,STE,MEMBER,MEM_STD,MODIFIED,1,6694,INR,2026-05-10 23:40:52,2026-05-11 01:28:52
RES102439,KER001,CNF102439,GUEST102439,2026-06-26,2026-06-27,DLX,PKG,PKG_DLX,CANCELLED,3,0,INR,2026-05-10 07:22:02,2026-05-10 10:13:02
RES102440,MUM001,CNF102440,GUEST102440,2026-06-17,2026-06-18,STD,MEMBER,MEM_STD,CANCELLED,4,0,INR,2026-05-10 16:11:23,2026-05-10 16:31:23
RES102441,HYD001,CNF102441,GUEST102441,2026-07-02,2026-07-07,KING,PKG,PKG_STD,BOOKED,4,124040,INR,2026-05-10 22:25:48,2026-05-11 00:33:48
RES102442,KOL001,CNF102442,GUEST102442,2026-07-04,2026-07-09,KING,MEMBER,MEM_STD,CANCELLED,4,0,INR,2026-05-10 04:52:44,2026-05-10 05:19:44
RES102443,CHA001,CNF102443,GUEST102443,2026-05-26,2026-05-31,QUEEN,CORP,CORP_DLX,BOOKED,1,56305,INR,2026-05-10 16:42:49,2026-05-10 17:24:49
RES102444,DEL001,CNF102444,GUEST102444,2026-06-28,2026-06-30,KING,PKG,PKG_STD,CANCELLED,1,0,INR,2026-05-10 03:00:26,2026-05-10 05:00:26
RES102445,HYD001,CNF102445,GUEST102445,2026-06-22,2026-06-25,STE,CORP,CORP_STD,CANCELLED,3,0,INR,2026-05-10 10:59:23,2026-05-10 13:04:23
RES102446,BLR002,CNF102446,GUEST102446,2026-05-12,2026-05-17,STE,PREPAY,PPR_DLX,BOOKED,2,124610,INR,2026-05-10 05:04:02,2026-05-10 07:54:02
RES102447,DEL001,CNF102447,GUEST102447,2026-07-08,2026-07-12,DLX,PREPAY,PPR_STD,MODIFIED,4,169856,INR,2026-05-10 13:07:06,2026-05-10 15:40:06
RES102448,CHA001,CNF102448,GUEST102448,2026-07-03,2026-07-04,STD,MEMBER,MEM_STD,MODIFIED,2,27630,INR,2026-05-10 07:59:37,2026-05-10 09:54:37
RES102449,MUM002,CNF102449,GUEST102449,2026-05-15,2026-05-16,STE,PKG,PKG_DLX,BOOKED,3,13041,INR,2026-05-10 20:13:15,2026-05-10 20:28:15
RES102450,DEL002,CNF102450,GUEST102450,2026-07-04,2026-07-07,STD,MEMBER,MEM_STD,MODIFIED,3,78615,INR,2026-05-10 10:44:03,2026-05-10 11:14:03
RES102451,BLR001,CNF102451,GUEST102451,2026-06-16,2026-06-17,STD,MEMBER,MEM_DLX,BOOKED,4,17800,INR,2026-05-10 02:27:18,2026-05-10 04:15:18
RES102452,BLR001,CNF102452,GUEST102452,2026-05-18,2026-05-22,STD,MEMBER,MEM_DLX,MODIFIED,4,225840,INR,2026-05-10 18:12:38,2026-05-10 20:44:38
RES102453,KOL001,CNF102453,GUEST102453,2026-06-18,2026-06-22,STE,PKG,PKG_DLX,CANCELLED,3,0,INR,2026-05-10 03:10:40,2026-05-10 03:41:40
RES102454,DEL002,CNF102454,GUEST102454,2026-06-21,2026-06-25,KING,MEMBER,MEM_STD,CANCELLED,2,0,INR,2026-05-10 21:59:12,2026-05-10 22:09:12
RES102455,MUM001,CNF102455,GUEST102455,2026-05-14,2026-05-18,DLX,BAR,BAR_STD,BOOKED,3,157032,INR,2026-05-10 19:14:39,2026-05-10 20:15:39
RES102456,MUM001,CNF102456,GUEST102456,2026-06-20,2026-06-25,KING,PKG,PKG_DLX,BOOKED,4,98800,INR,2026-05-10 08:23:17,2026-05-10 09:57:17
RES102457,MUM002,CNF102457,GUEST102457,2026-05-13,2026-05-18,KING,PREPAY,PPR_DLX,MODIFIED,4,292000,INR,2026-05-10 14:02:37,2026-05-10 16:42:37
RES102458,BLR002,CNF102458,GUEST102458,2026-05-30,2026-06-01,STD,PREPAY,PPR_STD,CANCELLED,2,0,INR,2026-05-10 11:32:19,2026-05-10 12:06:19
RES102459,MUM002,CNF102459,GUEST102459,2026-05-30,2026-06-03,DLX,PKG,PKG_DLX,BOOKED,2,94208,INR,2026-05-10 09:07:42,2026-05-10 10:58:42
RES102460,DEL001,CNF102460,GUEST102460,2026-05-23,2026-05-27,KING,CORP,CORP_DLX,BOOKED,2,109968,INR,2026-05-10 13:55:59,2026-05-10 15:26:59
RES102461,MUM001,CNF102461,GUEST102461,2026-06-29,2026-07-01,STD,PKG,PKG_DLX,MODIFIED,2,44452,INR,2026-05-10 19:59:02,2026-05-10 21:38:02
RES102462,DEL001,CNF102462,GUEST102462,2026-06-27,2026-07-02,STE,MEMBER,MEM_DLX,CANCELLED,3,0,INR,2026-05-10 12:19:06,2026-05-10 13:18:06
RES102463,DEL002,CNF102463,GUEST102463,2026-05-15,2026-05-20,DLX,BAR,BAR_STD,CANCELLED,1,0,INR,2026-05-10 01:33:09,2026-05-10 02:44:09
RES102464,CHA001,CNF102464,GUEST102464,2026-06-09,2026-06-10,STD,PREPAY,PPR_DLX,MODIFIED,4,20340,INR,2026-05-10 09:42:54,2026-05-10 10:17:54
RES102465,BLR002,CNF102465,GUEST102465,2026-05-25,2026-05-28,STD,PKG,PKG_DLX,CANCELLED,4,0,INR,2026-05-10 04:27:36,2026-05-10 04:38:36
RES102466,DEL002,CNF102466,GUEST102466,2026-05-25,2026-05-27,KING,BAR,BAR_STD,MODIFIED,1,28244,INR,2026-05-10 10:31:11,2026-05-10 10:45:11
RES102467,KOL001,CNF102467,GUEST102467,2026-06-13,2026-06-15,KING,MEMBER,MEM_STD,BOOKED,2,33844,INR,2026-05-10 01:14:06,2026-05-10 03:48:06
RES102468,KER001,CNF102468,GUEST102468,2026-06-10,2026-06-13,STE,MEMBER,MEM_DLX,BOOKED,2,64854,INR,2026-05-10 09:11:05,2026-05-10 12:08:05
RES102469,HYD001,CNF102469,GUEST102469,2026-05-11,2026-05-16,QUEEN,PKG,PKG_STD,CANCELLED,3,0,INR,2026-05-10 03:33:07,2026-05-10 04:45:07
RES102470,BLR002,CNF102470,GUEST102470,2026-06-16,2026-06-19,KING,BAR,BAR_DLX,MODIFIED,3,110979,INR,2026-05-10 14:40:40,2026-05-10 16:41:40
RES102471,CHN001,CNF102471,GUEST102471,2026-05-25,2026-05-28,QUEEN,PREPAY,PPR_STD,MODIFIED,4,116784,INR,2026-05-10 10:28:07,2026-05-10 11:11:07
RES102472,BLR002,CNF102472,GUEST102472,2026-07-04,2026-07-06,STD,PREPAY,PPR_STD,MODIFIED,2,14528,INR,2026-05-10 21:51:49,2026-05-10 22:42:49
RES102473,KER001,CNF102473,GUEST102473,2026-06-18,2026-06-23,DLX,CORP,CORP_DLX,MODIFIED,2,52520,INR,2026-05-10 01:45:26,2026-05-10 04:02:26
RES102474,BLR002,CNF102474,GUEST102474,2026-06-10,2026-06-11,STD,CORP,CORP_STD,BOOKED,3,28956,INR,2026-05-10 06:07:25,2026-05-10 08:34:25
RES102475,MUM001,CNF102475,GUEST102475,2026-06-02,2026-06-03,DLX,BAR,BAR_STD,MODIFIED,2,23566,INR,2026-05-10 08:31:22,2026-05-10 11:11:22
RES102476,HYD001,CNF102476,GUEST102476,2026-06-12,2026-06-15,QUEEN,MEMBER,MEM_STD,CANCELLED,4,0,INR,2026-05-10 16:56:43,2026-05-10 19:22:43
RES102477,KOL001,CNF102477,GUEST102477,2026-05-26,2026-05-31,DLX,PKG,PKG_STD,BOOKED,2,117540,INR,2026-05-10 23:48:01,2026-05-11 00:18:01
RES102478,MUM002,CNF102478,GUEST102478,2026-05-27,2026-05-30,KING,PREPAY,PPR_DLX,CANCELLED,1,0,INR,2026-05-10 05:16:08,2026-05-10 07:38:08
RES102479,MUM001,CNF102479,GUEST102479,2026-05-27,2026-05-30,DLX,MEMBER,MEM_DLX,MODIFIED,3,62235,INR,2026-05-10 13:01:20,2026-05-10 13:08:20
RES102480,DEL002,CNF102480,GUEST102480,2026-06-06,2026-06-09,STD,PREPAY,PPR_DLX,BOOKED,2,81858,INR,2026-05-10 07:20:42,2026-05-10 10:16:42
RES102481,BLR002,CNF102481,GUEST102481,2026-06-10,2026-06-11,DLX,CORP,CORP_DLX,MODIFIED,3,17850,INR,2026-05-10 10:49:00,2026-05-10 12:51:00
RES102482,BLR002,CNF102482,GUEST102482,2026-06-18,2026-06-20,DLX,MEMBER,MEM_STD,BOOKED,1,27486,INR,2026-05-10 00:31:59,2026-05-10 00:49:59
RES102483,BLR002,CNF102483,GUEST102483,2026-06-07,2026-06-11,QUEEN,PKG,PKG_DLX,MODIFIED,1,41484,INR,2026-05-10 08:02:00,2026-05-10 10:13:00
RES102484,CHN001,CNF102484,GUEST102484,2026-07-02,2026-07-04,KING,PREPAY,PPR_DLX,CANCELLED,2,0,INR,2026-05-10 05:11:26,2026-05-10 07:38:26
RES102485,BLR001,CNF102485,GUEST102485,2026-06-27,2026-06-30,STD,PKG,PKG_STD,BOOKED,3,107541,INR,2026-05-10 01:13:58,2026-05-10 02:52:58
RES102486,MUM002,CNF102486,GUEST102486,2026-05-19,2026-05-21,DLX,PREPAY,PPR_STD,CANCELLED,2,0,INR,2026-05-10 10:08:01,2026-05-10 12:04:01
RES102487,DEL002,CNF102487,GUEST102487,2026-06-27,2026-06-28,KING,MEMBER,MEM_STD,MODIFIED,1,12192,INR,2026-05-10 13:17:37,2026-05-10 14:48:37
RES102488,KER001,CNF102488,GUEST102488,2026-06-22,2026-06-25,DLX,PREPAY,PPR_DLX,BOOKED,2,49632,INR,2026-05-10 13:18:07,2026-05-10 13:31:07
RES102489,MUM002,CNF102489,GUEST102489,2026-06-22,2026-06-26,KING,PKG,PKG_DLX,CANCELLED,3,0,INR,2026-05-10 03:39:35,2026-05-10 03:41:35
RES102490,DEL001,CNF102490,GUEST102490,2026-05-17,2026-05-20,DLX,PREPAY,PPR_DLX,MODIFIED,1,26106,INR,2026-05-10 23:53:42,2026-05-11 02:48:42
RES102491,DEL001,CNF102491,GUEST102491,2026-06-15,2026-06-18,QUEEN,CORP,CORP_DLX,BOOKED,4,155532,INR,2026-05-10 23:11:45,2026-05-11 00:13:45
RES102492,MUM002,CNF102492,GUEST102492,2026-05-30,2026-06-01,QUEEN,PREPAY,PPR_STD,MODIFIED,1,11424,INR,2026-05-10 18:01:54,2026-05-10 20:54:54
RES102493,DEL001,CNF102493,GUEST102493,2026-07-07,2026-07-08,KING,BAR,BAR_DLX,CANCELLED,3,0,INR,2026-05-10 07:13:35,2026-05-10 07:55:35
RES102494,CHN001,CNF102494,GUEST102494,2026-07-04,2026-07-06,QUEEN,MEMBER,MEM_STD,MODIFIED,2,37248,INR,2026-05-10 08:51:53,2026-05-10 10:29:53
RES102495,BLR002,CNF102495,GUEST102495,2026-06-17,2026-06-19,QUEEN,PREPAY,PPR_DLX,CANCELLED,3,0,INR,2026-05-10 03:35:38,2026-05-10 05:55:38
RES102496,DEL002,CNF102496,GUEST102496,2026-06-13,2026-06-14,STD,MEMBER,MEM_STD,MODIFIED,1,6891,INR,2026-05-10 21:53:22,2026-05-10 23:23:22
RES102497,HYD001,CNF102497,GUEST102497,2026-07-01,2026-07-06,STE,MEMBER,MEM_DLX,MODIFIED,4,252020,INR,2026-05-10 02:50:36,2026-05-10 05:12:36
RES102498,KOL001,CNF102498,GUEST102498,2026-05-29,2026-06-03,QUEEN,CORP,CORP_DLX,MODIFIED,1,53285,INR,2026-05-10 11:29:12,2026-05-10 13:04:12
RES102499,CHN001,CNF102499,GUEST102499,2026-05-28,2026-06-01,STD,PKG,PKG_STD,CANCELLED,2,0,INR,2026-05-10 17:04:28,2026-05-10 19:05:28
RES102500,DEL002,CNF102500,GUEST102500,2026-07-04,2026-07-06,DLX,PKG,PKG_DLX,CANCELLED,2,0,INR,2026-05-10 15:29:38,2026-05-10 17:54:38
RES102501,CHN001,CNF102501,GUEST102501,2026-06-06,2026-06-10,STD,PREPAY,PPR_STD,CANCELLED,1,0,INR,2026-05-10 14:15:29,2026-05-10 15:32:29
RES102502,BLR002,CNF102502,GUEST102502,2026-05-13,2026-05-15,DLX,PKG,PKG_DLX,CANCELLED,3,0,INR,2026-05-10 19:29:07,2026-05-10 20:33:07
RES102503,KER001,CNF102503,GUEST102503,2026-06-24,2026-06-26,STE,PREPAY,PPR_DLX,CANCELLED,4,0,INR,2026-05-10 17:59:46,2026-05-10 18:06:46
RES102504,MUM002,CNF102504,GUEST102504,2026-05-20,2026-05-22,DLX,MEMBER,MEM_DLX,CANCELLED,1,0,INR,2026-05-10 01:13:49,2026-05-10 03:23:49
RES102505,CHA001,CNF102505,GUEST102505,2026-05-26,2026-05-31,DLX,BAR,BAR_DLX,MODIFIED,2,46950,INR,2026-05-10 17:16:59,2026-05-10 17:38:59
RES102506,DEL002,CNF102506,GUEST102506,2026-07-07,2026-07-09,KING,CORP,CORP_DLX,BOOKED,4,42976,INR,2026-05-10 14:12:08,2026-05-10 15:50:08
RES102507,KER001,CNF102507,GUEST102507,2026-06-10,2026-06-12,QUEEN,BAR,BAR_STD,BOOKED,4,44552,INR,2026-05-10 00:05:17,2026-05-10 02:18:17
RES102508,BLR002,CNF102508,GUEST102508,2026-06-17,2026-06-18,STD,MEMBER,MEM_DLX,MODIFIED,4,59120,INR,2026-05-10 02:44:35,2026-05-10 03:40:35
RES102509,CHA001,CNF102509,GUEST102509,2026-05-28,2026-06-02,QUEEN,PREPAY,PPR_STD,MODIFIED,1,50355,INR,2026-05-10 15:56:38,2026-05-10 17:33:38
RES102510,DEL002,CNF102510,GUEST102510,2026-06-05,2026-06-09,QUEEN,PKG,PKG_DLX,BOOKED,4,86400,INR,2026-05-10 05:25:25,2026-05-10 08:10:25
RES102511,MUM001,CNF102511,GUEST102511,2026-06-11,2026-06-14,STE,CORP,CORP_DLX,BOOKED,1,23859,INR,2026-05-10 18:52:46,2026-05-10 19:39:46
RES102512,CHA001,CNF102512,GUEST102512,2026-05-13,2026-05-16,KING,MEMBER,MEM_STD,MODIFIED,4,149208,INR,2026-05-10 12:21:57,2026-05-10 14:10:57
RES102513,CHA001,CNF102513,GUEST102513,2026-07-08,2026-07-09,DLX,BAR,BAR_DLX,BOOKED,3,41286,INR,2026-05-10 06:22:43,2026-05-10 06:59:43
RES102514,KER001,CNF102514,GUEST102514,2026-05-15,2026-05-19,KING,PKG,PKG_STD,BOOKED,1,51096,INR,2026-05-10 22:53:12,2026-05-10 23:39:12
RES102515,DEL002,CNF102515,GUEST102515,2026-06-18,2026-06-22,KING,MEMBER,MEM_STD,MODIFIED,1,37672,INR,2026-05-10 06:50:52,2026-05-10 08:53:52
RES102516,HYD001,CNF102516,GUEST102516,2026-07-09,2026-07-14,KING,PREPAY,PPR_DLX,BOOKED,4,158260,INR,2026-05-10 23:15:41,2026-05-11 02:02:41
RES102517,MUM001,CNF102517,GUEST102517,2026-06-18,2026-06-19,STD,PREPAY,PPR_STD,CANCELLED,4,0,INR,2026-05-10 15:40:47,2026-05-10 16:36:47
RES102518,HYD001,CNF102518,GUEST102518,2026-05-19,2026-05-24,STE,BAR,BAR_STD,CANCELLED,2,0,INR,2026-05-10 11:21:57,2026-05-10 11:41:57
RES102519,BLR001,CNF102519,GUEST102519,2026-05-13,2026-05-18,QUEEN,PREPAY,PPR_STD,MODIFIED,4,114680,INR,2026-05-10 03:25:34,2026-05-10 06:25:34
RES102520,MUM001,CNF102520,GUEST102520,2026-05-22,2026-05-25,QUEEN,BAR,BAR_STD,BOOKED,4,66888,INR,2026-05-10 11:37:27,2026-05-10 12:32:27
RES102521,BLR002,CNF102521,GUEST102521,2026-07-05,2026-07-08,KING,PREPAY,PPR_DLX,BOOKED,4,116784,INR,2026-05-10 06:11:09,2026-05-10 07:59:09
RES102522,MUM002,CNF102522,GUEST102522,2026-06-21,2026-06-26,STE,BAR,BAR_STD,BOOKED,1,73825,INR,2026-05-10 00:36:27,2026-05-10 02:28:27
RES102523,KOL001,CNF102523,GUEST102523,2026-06-14,2026-06-17,STD,BAR,BAR_DLX,BOOKED,3,37260,INR,2026-05-10 21:12:14,2026-05-10 21:37:14
RES102524,DEL002,CNF102524,GUEST102524,2026-05-18,2026-05-19,DLX,CORP,CORP_STD,CANCELLED,3,0,INR,2026-05-10 07:32:05,2026-05-10 09:06:05
RES102525,HYD001,CNF102525,GUEST102525,2026-06-05,2026-06-06,STD,PKG,PKG_STD,BOOKED,1,6395,INR,2026-05-10 13:24:54,2026-05-10 14:57:54
RES102526,BLR001,CNF102526,GUEST102526,2026-05-26,2026-05-27,STD,MEMBER,MEM_DLX,CANCELLED,1,0,INR,2026-05-10 13:28:10,2026-05-10 16:09:10
RES102527,MUM001,CNF102527,GUEST102527,2026-05-26,2026-05-28,DLX,PKG,PKG_DLX,BOOKED,2,54256,INR,2026-05-10 13:59:19,2026-05-10 15:22:19
RES102528,KOL001,CNF102528,GUEST102528,2026-05-15,2026-05-19,DLX,MEMBER,MEM_STD,BOOKED,1,25956,INR,2026-05-10 11:05:18,2026-05-10 13:50:18
RES102529,MUM001,CNF102529,GUEST102529,2026-07-09,2026-07-13,QUEEN,CORP,CORP_STD,MODIFIED,2,118992,INR,2026-05-10 06:37:19,2026-05-10 07:08:19
RES102530,KER001,CNF102530,GUEST102530,2026-06-27,2026-06-30,STD,MEMBER,MEM_DLX,BOOKED,3,122157,INR,2026-05-10 19:41:38,2026-05-10 20:25:38
RES102531,DEL001,CNF102531,GUEST102531,2026-05-18,2026-05-21,DLX,CORP,CORP_DLX,MODIFIED,3,131985,INR,2026-05-10 02:23:19,2026-05-10 02:53:19
RES102532,CHA001,CNF102532,GUEST102532,2026-06-12,2026-06-15,KING,PREPAY,PPR_DLX,CANCELLED,2,0,INR,2026-05-10 01:41:28,2026-05-10 03:27:28
RES102533,BLR002,CNF102533,GUEST102533,2026-07-07,2026-07-12,STD,PKG,PKG_DLX,CANCELLED,2,0,INR,2026-05-10 17:53:28,2026-05-10 18:37:28
RES102534,BLR001,CNF102534,GUEST102534,2026-05-14,2026-05-19,KING,PREPAY,PPR_DLX,BOOKED,1,56670,INR,2026-05-10 00:18:48,2026-05-10 02:18:48
RES102535,HYD001,CNF102535,GUEST102535,2026-05-22,2026-05-26,QUEEN,CORP,CORP_DLX,MODIFIED,2,90024,INR,2026-05-10 03:07:15,2026-05-10 03:48:15
RES102536,DEL001,CNF102536,GUEST102536,2026-06-04,2026-06-08,KING,CORP,CORP_DLX,CANCELLED,3,0,INR,2026-05-10 05:54:26,2026-05-10 07:29:26
RES102537,MUM001,CNF102537,GUEST102537,2026-06-25,2026-06-27,DLX,MEMBER,MEM_STD,MODIFIED,4,60672,INR,2026-05-10 11:51:18,2026-05-10 14:02:18
RES102538,MUM002,CNF102538,GUEST102538,2026-06-14,2026-06-16,DLX,MEMBER,MEM_STD,CANCELLED,3,0,INR,2026-05-10 04:27:57,2026-05-10 06:52:57
RES102539,HYD001,CNF102539,GUEST102539,2026-05-15,2026-05-20,DLX,MEMBER,MEM_DLX,CANCELLED,4,0,INR,2026-05-10 07:41:04,2026-05-10 09:40:04
RES102540,BLR001,CNF102540,GUEST102540,2026-05-25,2026-05-30,STE,MEMBER,MEM_STD,BOOKED,2,70310,INR,2026-05-10 22:05:38,2026-05-11 00:46:38
RES102541,MUM002,CNF102541,GUEST102541,2026-06-20,2026-06-23,STE,PREPAY,PPR_STD,MODIFIED,2,30228,INR,2026-05-10 05:49:28,2026-05-10 08:26:28
RES102542,MUM001,CNF102542,GUEST102542,2026-06-21,2026-06-23,DLX,PKG,PKG_DLX,MODIFIED,3,51450,INR,2026-05-10 17:21:49,2026-05-10 18:41:49
RES102543,CHN001,CNF102543,GUEST102543,2026-05-29,2026-06-02,DLX,PKG,PKG_STD,BOOKED,2,40592,INR,2026-05-10 01:52:05,2026-05-10 04:38:05
RES102544,MUM002,CNF102544,GUEST102544,2026-07-06,2026-07-07,DLX,CORP,CORP_STD,CANCELLED,2,0,INR,2026-05-10 03:39:06,2026-05-10 06:03:06
RES102545,CHA001,CNF102545,GUEST102545,2026-05-25,2026-05-28,KING,PKG,PKG_DLX,CANCELLED,1,0,INR,2026-05-10 23:36:39,2026-05-11 01:05:39
RES102546,DEL001,CNF102546,GUEST102546,2026-06-12,2026-06-17,QUEEN,PKG,PKG_STD,BOOKED,3,73815,INR,2026-05-10 22:03:25,2026-05-11 00:26:25
RES102547,DEL002,CNF102547,GUEST102547,2026-05-15,2026-05-16,STD,BAR,BAR_DLX,BOOKED,3,24207,INR,2026-05-10 07:13:08,2026-05-10 07:21:08
RES102548,BLR001,CNF102548,GUEST102548,2026-05-24,2026-05-29,DLX,PREPAY,PPR_STD,MODIFIED,2,59640,INR,2026-05-10 15:01:14,2026-05-10 15:57:14
RES102549,MUM001,CNF102549,GUEST102549,2026-05-12,2026-05-16,DLX,BAR,BAR_DLX,CANCELLED,1,0,INR,2026-05-10 18:49:58,2026-05-10 19:30:58
RES102550,BLR001,CNF102550,GUEST102550,2026-07-06,2026-07-08,KING,CORP,CORP_STD,CANCELLED,4,0,INR,2026-05-10 08:45:36,2026-05-10 09:57:36
RES102551,CHN001,CNF102551,GUEST102551,2026-05-13,2026-05-15,STD,BAR,BAR_STD,BOOKED,3,25302,INR,2026-05-10 00:08:42,2026-05-10 03:00:42
RES102552,CHN001,CNF102552,GUEST102552,2026-06-03,2026-06-08,STD,BAR,BAR_STD,BOOKED,2,82750,INR,2026-05-10 00:12:06,2026-05-10 02:28:06
RES102553,DEL002,CNF102553,GUEST102553,2026-06-10,2026-06-15,QUEEN,BAR,BAR_STD,CANCELLED,3,0,INR,2026-05-10 13:04:05,2026-05-10 15:21:05
RES102554,HYD001,CNF102554,GUEST102554,2026-05-20,2026-05-21,DLX,PREPAY,PPR_STD,BOOKED,4,58428,INR,2026-05-10 16:51:52,2026-05-10 18:24:52
RES102555,CHN001,CNF102555,GUEST102555,2026-05-29,2026-06-02,STE,BAR,BAR_STD,BOOKED,4,104320,INR,2026-05-10 06:36:51,2026-05-10 07:25:51
RES102556,MUM002,CNF102556,GUEST102556,2026-05-27,2026-05-29,DLX,MEMBER,MEM_STD,BOOKED,4,66088,INR,2026-05-10 14:04:16,2026-05-10 15:32:16
RES102557,CHN001,CNF102557,GUEST102557,2026-06-26,2026-06-28,DLX,CORP,CORP_DLX,MODIFIED,2,54628,INR,2026-05-10 20:08:05,2026-05-10 20:47:05
RES102558,KOL001,CNF102558,GUEST102558,2026-06-07,2026-06-12,DLX,PKG,PKG_DLX,MODIFIED,2,86620,INR,2026-05-10 02:09:59,2026-05-10 03:42:59
RES102559,DEL002,CNF102559,GUEST102559,2026-06-16,2026-06-19,STE,BAR,BAR_STD,BOOKED,4,133236,INR,2026-05-10 16:54:42,2026-05-10 18:45:42
RES102560,MUM001,CNF102560,GUEST102560,2026-05-19,2026-05-21,QUEEN,MEMBER,MEM_DLX,CANCELLED,4,0,INR,2026-05-10 21:20:27,2026-05-10 23:54:27
RES102561,KER001,CNF102561,GUEST102561,2026-05-27,2026-05-31,QUEEN,BAR,BAR_DLX,CANCELLED,2,0,INR,2026-05-10 20:54:43,2026-05-10 23:22:43
RES102562,HYD001,CNF102562,GUEST102562,2026-06-23,2026-06-28,KING,BAR,BAR_STD,BOOKED,4,220120,INR,2026-05-10 05:06:15,2026-05-10 07:51:15
RES102563,CHN001,CNF102563,GUEST102563,2026-06-09,2026-06-11,KING,PKG,PKG_STD,BOOKED,3,23058,INR,2026-05-10 22:52:44,2026-05-11 01:48:44
RES102564,DEL002,CNF102564,GUEST102564,2026-05-22,2026-05-26,QUEEN,MEMBER,MEM_DLX,CANCELLED,1,0,INR,2026-05-10 23:32:07,2026-05-11 00:21:07
RES102565,CHA001,CNF102565,GUEST102565,2026-06-28,2026-07-01,STD,CORP,CORP_STD,MODIFIED,4,113328,INR,2026-05-10 02:10:15,2026-05-10 03:59:15
RES102566,MUM001,CNF102566,GUEST102566,2026-06-20,2026-06-25,QUEEN,CORP,CORP_STD,BOOKED,1,25130,INR,2026-05-10 12:23:04,2026-05-10 12:33:04
RES102567,CHA001,CNF102567,GUEST102567,2026-07-07,2026-07-10,STD,PREPAY,PPR_DLX,CANCELLED,1,0,INR,2026-05-10 07:54:45,2026-05-10 09:05:45
RES102568,KER001,CNF102568,GUEST102568,2026-06-08,2026-06-09,STE,BAR,BAR_STD,BOOKED,3,13893,INR,2026-05-10 19:38:41,2026-05-10 20:05:41
RES102569,MUM002,CNF102569,GUEST102569,2026-05-25,2026-05-26,KING,BAR,BAR_STD,MODIFIED,1,13815,INR,2026-05-10 22:56:21,2026-05-11 01:08:21
RES102570,MUM001,CNF102570,GUEST102570,2026-06-14,2026-06-18,KING,CORP,CORP_DLX,CANCELLED,2,0,INR,2026-05-10 02:45:00,2026-05-10 04:25:00
RES102571,KER001,CNF102571,GUEST102571,2026-05-13,2026-05-16,QUEEN,CORP,CORP_DLX,BOOKED,4,57444,INR,2026-05-10 04:49:18,2026-05-10 05:34:18
RES102572,KOL001,CNF102572,GUEST102572,2026-07-06,2026-07-08,KING,PREPAY,PPR_DLX,BOOKED,2,20112,INR,2026-05-10 18:18:50,2026-05-10 19:49:50
RES102573,BLR002,CNF102573,GUEST102573,2026-07-07,2026-07-10,STD,PKG,PKG_DLX,MODIFIED,4,177180,INR,2026-05-10 06:16:35,2026-05-10 06:46:35
RES102574,CHA001,CNF102574,GUEST102574,2026-06-14,2026-06-16,STD,PKG,PKG_STD,CANCELLED,2,0,INR,2026-05-10 01:08:48,2026-05-10 02:53:48
RES102575,KER001,CNF102575,GUEST102575,2026-05-16,2026-05-17,STD,MEMBER,MEM_STD,CANCELLED,2,0,INR,2026-05-10 09:39:31,2026-05-10 11:14:31
RES102576,MUM001,CNF102576,GUEST102576,2026-05-29,2026-05-31,STD,PKG,PKG_STD,BOOKED,4,61096,INR,2026-05-10 00:47:32,2026-05-10 03:27:32
RES102577,DEL002,CNF102577,GUEST102577,2026-06-15,2026-06-19,STE,PREPAY,PPR_STD,BOOKED,1,37324,INR,2026-05-10 05:51:17,2026-05-10 07:28:17
RES102578,KOL001,CNF102578,GUEST102578,2026-06-12,2026-06-17,STD,PREPAY,PPR_STD,MODIFIED,2,97830,INR,2026-05-10 02:46:16,2026-05-10 05:16:16
RES102579,DEL002,CNF102579,GUEST102579,2026-05-13,2026-05-16,STD,PREPAY,PPR_DLX,BOOKED,4,162612,INR,2026-05-10 07:43:05,2026-05-10 09:52:05
RES102580,HYD001,CNF102580,GUEST102580,2026-06-06,2026-06-09,QUEEN,PKG,PKG_STD,CANCELLED,3,0,INR,2026-05-10 15:43:04,2026-05-10 17:28:04
RES102581,KOL001,CNF102581,GUEST102581,2026-06-22,2026-06-23,QUEEN,PKG,PKG_DLX,BOOKED,2,12200,INR,2026-05-10 15:51:17,2026-05-10 18:07:17
RES102582,KOL001,CNF102582,GUEST102582,2026-05-17,2026-05-18,KING,MEMBER,MEM_DLX,MODIFIED,2,22220,INR,2026-05-10 14:47:43,2026-05-10 15:21:43
RES102583,CHA001,CNF102583,GUEST102583,2026-07-06,2026-07-07,QUEEN,PREPAY,PPR_DLX,CANCELLED,1,0,INR,2026-05-10 05:16:56,2026-05-10 06:11:56
RES102584,KOL001,CNF102584,GUEST102584,2026-05-24,2026-05-28,QUEEN,CORP,CORP_STD,MODIFIED,3,72636,INR,2026-05-10 05:52:43,2026-05-10 07:10:43
RES102585,CHN001,CNF102585,GUEST102585,2026-06-01,2026-06-02,KING,BAR,BAR_DLX,BOOKED,3,22446,INR,2026-05-10 07:44:14,2026-05-10 07:45:14
RES102586,BLR002,CNF102586,GUEST102586,2026-06-02,2026-06-05,QUEEN,PREPAY,PPR_DLX,CANCELLED,4,0,INR,2026-05-10 13:46:44,2026-05-10 13:51:44
RES102587,MUM002,CNF102587,GUEST102587,2026-06-25,2026-06-30,KING,PREPAY,PPR_STD,MODIFIED,1,68065,INR,2026-05-10 15:28:02,2026-05-10 17:37:02
RES102588,CHA001,CNF102588,GUEST102588,2026-05-13,2026-05-17,STE,PREPAY,PPR_STD,CANCELLED,2,0,INR,2026-05-10 16:03:26,2026-05-10 18:29:26
RES102589,KOL001,CNF102589,GUEST102589,2026-06-06,2026-06-08,STD,PREPAY,PPR_STD,CANCELLED,2,0,INR,2026-05-10 03:24:34,2026-05-10 03:40:34
RES102590,KOL001,CNF102590,GUEST102590,2026-06-11,2026-06-13,STD,PKG,PKG_STD,MODIFIED,1,29796,INR,2026-05-10 19:50:46,2026-05-10 20:18:46
RES102591,CHA001,CNF102591,GUEST102591,2026-07-07,2026-07-10,QUEEN,PKG,PKG_DLX,CANCELLED,2,0,INR,2026-05-10 16:33:24,2026-05-10 17:33:24
RES102592,BLR002,CNF102592,GUEST102592,2026-07-08,2026-07-12,STD,MEMBER,MEM_DLX,MODIFIED,1,21392,INR,2026-05-10 22:54:34,2026-05-11 00:40:34
RES102593,MUM001,CNF102593,GUEST102593,2026-06-19,2026-06-24,QUEEN,CORP,CORP_STD,BOOKED,4,229160,INR,2026-05-10 20:35:38,2026-05-10 22:18:38
RES102594,BLR001,CNF102594,GUEST102594,2026-07-04,2026-07-09,DLX,MEMBER,MEM_DLX,MODIFIED,4,130420,INR,2026-05-10 09:13:15,2026-05-10 11:56:15
RES102595,KOL001,CNF102595,GUEST102595,2026-06-08,2026-06-13,KING,MEMBER,MEM_DLX,MODIFIED,1,32635,INR,2026-05-10 20:17:29,2026-05-10 20:32:29
RES102596,KOL001,CNF102596,GUEST102596,2026-07-06,2026-07-08,KING,PKG,PKG_DLX,CANCELLED,4,0,INR,2026-05-10 05:39:31,2026-05-10 08:28:31
RES102597,CHA001,CNF102597,GUEST102597,2026-05-18,2026-05-20,STD,MEMBER,MEM_DLX,CANCELLED,3,0,INR,2026-05-10 19:57:18,2026-05-10 20:28:18
RES102598,KER001,CNF102598,GUEST102598,2026-07-09,2026-07-11,DLX,CORP,CORP_STD,CANCELLED,4,0,INR,2026-05-10 16:39:57,2026-05-10 16:55:57
RES102599,DEL002,CNF102599,GUEST102599,2026-05-30,2026-06-03,DLX,PREPAY,PPR_DLX,MODIFIED,3,118704,INR,2026-05-10 22:33:32,2026-05-11 00:54:32
RES102600,DEL002,CNF102600,GUEST102600,2026-06-04,2026-06-09,STE,PKG,PKG_STD,MODIFIED,1,55235,INR,2026-05-10 22:18:40,2026-05-10 22:56:40
RES102601,MUM001,CNF102601,GUEST102601,2026-05-21,2026-05-23,STD,PREPAY,PPR_DLX,CANCELLED,4,0,INR,2026-05-10 15:00:56,2026-05-10 17:36:56
RES102602,MUM001,CNF102602,GUEST102602,2026-05-11,2026-05-14,STD,CORP,CORP_DLX,BOOKED,1,17796,INR,2026-05-10 05:37:34,2026-05-10 07:07:34
RES102603,HYD001,CNF102603,GUEST102603,2026-05-23,2026-05-28,STD,BAR,BAR_STD,CANCELLED,4,0,INR,2026-05-10 10:52:22,2026-05-10 12:09:22
RES102604,KOL001,CNF102604,GUEST102604,2026-05-29,2026-06-02,STE,BAR,BAR_STD,CANCELLED,3,0,INR,2026-05-10 07:28:34,2026-05-10 08:31:34
RES102605,DEL001,CNF102605,GUEST102605,2026-06-25,2026-06-28,STD,MEMBER,MEM_DLX,MODIFIED,1,14658,INR,2026-05-10 11:28:36,2026-05-10 12:38:36
RES102606,KOL001,CNF102606,GUEST102606,2026-06-01,2026-06-02,STE,CORP,CORP_STD,CANCELLED,2,0,INR,2026-05-10 07:28:31,2026-05-10 08:20:31
RES102607,BLR001,CNF102607,GUEST102607,2026-06-02,2026-06-04,KING,PREPAY,PPR_DLX,CANCELLED,4,0,INR,2026-05-10 23:03:34,2026-05-11 01:07:34
RES102608,MUM002,CNF102608,GUEST102608,2026-05-21,2026-05-25,QUEEN,PKG,PKG_DLX,BOOKED,3,108072,INR,2026-05-10 07:16:14,2026-05-10 07:27:14
RES102609,DEL001,CNF102609,GUEST102609,2026-05-27,2026-05-30,KING,PREPAY,PPR_STD,MODIFIED,4,138192,INR,2026-05-10 15:52:15,2026-05-10 16:00:15
RES102610,HYD001,CNF102610,GUEST102610,2026-06-06,2026-06-07,DLX,PKG,PKG_STD,MODIFIED,1,8294,INR,2026-05-10 02:18:02,2026-05-10 02:46:02
RES102611,MUM002,CNF102611,GUEST102611,2026-06-21,2026-06-26,STE,MEMBER,MEM_STD,CANCELLED,3,0,INR,2026-05-10 14:17:44,2026-05-10 14:36:44
RES102612,DEL002,CNF102612,GUEST102612,2026-05-29,2026-05-30,QUEEN,PKG,PKG_STD,MODIFIED,1,9260,INR,2026-05-10 17:04:57,2026-05-10 17:15:57
RES102613,CHN001,CNF102613,GUEST102613,2026-06-27,2026-06-30,STD,PREPAY,PPR_DLX,CANCELLED,2,0,INR,2026-05-10 15:18:13,2026-05-10 17:41:13
RES102614,BLR001,CNF102614,GUEST102614,2026-05-21,2026-05-23,KING,PKG,PKG_STD,MODIFIED,4,73904,INR,2026-05-10 08:08:28,2026-05-10 08:22:28
RES102615,KOL001,CNF102615,GUEST102615,2026-05-31,2026-06-04,STE,CORP,CORP_STD,CANCELLED,2,0,INR,2026-05-10 01:22:51,2026-05-10 03:15:51
RES102616,BLR002,CNF102616,GUEST102616,2026-07-04,2026-07-05,KING,MEMBER,MEM_DLX,CANCELLED,3,0,INR,2026-05-10 04:38:41,2026-05-10 06:45:41
RES102617,HYD001,CNF102617,GUEST102617,2026-06-24,2026-06-28,STD,CORP,CORP_STD,MODIFIED,2,108264,INR,2026-05-10 09:35:54,2026-05-10 10:33:54
RES102618,HYD001,CNF102618,GUEST102618,2026-05-18,2026-05-19,STD,PKG,PKG_DLX,BOOKED,2,22526,INR,2026-05-10 07:59:55,2026-05-10 09:08:55
RES102619,MUM001,CNF102619,GUEST102619,2026-07-08,2026-07-09,KING,PKG,PKG_STD,MODIFIED,2,9908,INR,2026-05-10 00:04:07,2026-05-10 02:15:07
RES102620,KOL001,CNF102620,GUEST102620,2026-05-19,2026-05-21,QUEEN,BAR,BAR_STD,CANCELLED,1,0,INR,2026-05-10 09:11:08,2026-05-10 10:20:08
RES102621,DEL001,CNF102621,GUEST102621,2026-06-14,2026-06-17,STD,PREPAY,PPR_DLX,CANCELLED,2,0,INR,2026-05-10 18:57:05,2026-05-10 21:08:05
RES102622,BLR001,CNF102622,GUEST102622,2026-06-04,2026-06-09,STD,BAR,BAR_STD,CANCELLED,3,0,INR,2026-05-10 02:31:35,2026-05-10 02:40:35
RES102623,KOL001,CNF102623,GUEST102623,2026-05-31,2026-06-01,QUEEN,PKG,PKG_DLX,MODIFIED,4,22544,INR,2026-05-10 04:51:25,2026-05-10 04:56:25
RES102624,CHA001,CNF102624,GUEST102624,2026-06-01,2026-06-06,STE,CORP,CORP_DLX,BOOKED,1,70485,INR,2026-05-10 23:02:00,2026-05-11 00:27:00
RES102625,DEL002,CNF102625,GUEST102625,2026-05-13,2026-05-14,KING,BAR,BAR_DLX,CANCELLED,2,0,INR,2026-05-10 14:48:28,2026-05-10 16:37:28
RES102626,MUM001,CNF102626,GUEST102626,2026-05-26,2026-05-30,KING,CORP,CORP_DLX,MODIFIED,3,71448,INR,2026-05-10 18:46:37,2026-05-10 19:00:37
RES102627,MUM002,CNF102627,GUEST102627,2026-06-28,2026-07-03,DLX,MEMBER,MEM_STD,BOOKED,4,226680,INR,2026-05-10 10:43:52,2026-05-10 11:42:52
RES102628,HYD001,CNF102628,GUEST102628,2026-06-15,2026-06-17,KING,PKG,PKG_STD,CANCELLED,2,0,INR,2026-05-10 04:20:34,2026-05-10 05:02:34
RES102629,DEL002,CNF102629,GUEST102629,2026-05-11,2026-05-15,QUEEN,PKG,PKG_DLX,CANCELLED,4,0,INR,2026-05-10 20:54:10,2026-05-10 23:18:10
RES102630,MUM001,CNF102630,GUEST102630,2026-05-20,2026-05-24,QUEEN,BAR,BAR_STD,CANCELLED,1,0,INR,2026-05-10 06:08:29,2026-05-10 09:06:29
RES102631,DEL002,CNF102631,GUEST102631,2026-06-14,2026-06-15,QUEEN,PKG,PKG_DLX,BOOKED,2,21416,INR,2026-05-10 15:01:34,2026-05-10 17:45:34
RES102632,CHN001,CNF102632,GUEST102632,2026-05-19,2026-05-22,DLX,PKG,PKG_STD,CANCELLED,3,0,INR,2026-05-10 00:15:44,2026-05-10 00:45:44
RES102633,HYD001,CNF102633,GUEST102633,2026-06-25,2026-06-28,DLX,BAR,BAR_DLX,BOOKED,3,42750,INR,2026-05-10 01:01:49,2026-05-10 02:55:49
RES102634,KER001,CNF102634,GUEST102634,2026-05-16,2026-05-19,KING,PKG,PKG_STD,CANCELLED,3,0,INR,2026-05-10 04:37:43,2026-05-10 05:38:43
RES102635,DEL001,CNF102635,GUEST102635,2026-07-04,2026-07-08,STE,PREPAY,PPR_STD,MODIFIED,3,143064,INR,2026-05-10 10:26:48,2026-05-10 12:30:48
RES102636,CHN001,CNF102636,GUEST102636,2026-05-30,2026-06-02,KING,PKG,PKG_STD,BOOKED,3,54162,INR,2026-05-10 07:55:59,2026-05-10 09:45:59
RES102637,CHA001,CNF102637,GUEST102637,2026-05-31,2026-06-05,DLX,PKG,PKG_STD,CANCELLED,1,0,INR,2026-05-10 12:09:08,2026-05-10 12:20:08
RES102638,HYD001,CNF102638,GUEST102638,2026-06-07,2026-06-11,STE,PREPAY,PPR_STD,BOOKED,2,42016,INR,2026-05-10 06:32:07,2026-05-10 08:36:07
RES102639,HYD001,CNF102639,GUEST102639,2026-06-05,2026-06-08,STE,PREPAY,PPR_STD,CANCELLED,3,0,INR,2026-05-10 01:53:13,2026-05-10 03:05:13
RES102640,CHN001,CNF102640,GUEST102640,2026-07-07,2026-07-08,DLX,CORP,CORP_STD,MODIFIED,3,42375,INR,2026-05-10 15:23:15,2026-05-10 16:23:15
RES102641,DEL001,CNF102641,GUEST102641,2026-06-05,2026-06-07,STD,CORP,CORP_STD,BOOKED,1,19570,INR,2026-05-10 12:57:41,2026-05-10 15:42:41
RES102642,CHA001,CNF102642,GUEST102642,2026-05-16,2026-05-18,STE,BAR,BAR_DLX,MODIFIED,3,33126,INR,2026-05-10 11:39:11,2026-05-10 13:49:11
RES102643,DEL001,CNF102643,GUEST102643,2026-06-26,2026-06-28,QUEEN,PREPAY,PPR_DLX,MODIFIED,4,110496,INR,2026-05-10 07:08:54,2026-05-10 07:55:54
RES102644,DEL002,CNF102644,GUEST102644,2026-06-28,2026-06-29,QUEEN,PKG,PKG_STD,MODIFIED,3,16593,INR,2026-05-10 10:35:42,2026-05-10 12:13:42
RES102645,DEL002,CNF102645,GUEST102645,2026-05-22,2026-05-23,STD,PREPAY,PPR_DLX,BOOKED,1,4306,INR,2026-05-10 21:53:29,2026-05-10 23:26:29
RES102646,MUM002,CNF102646,GUEST102646,2026-05-31,2026-06-03,DLX,BAR,BAR_STD,MODIFIED,4,103356,INR,2026-05-10 20:05:14,2026-05-10 21:17:14
RES102647,KER001,CNF102647,GUEST102647,2026-06-20,2026-06-25,STE,PREPAY,PPR_STD,MODIFIED,1,18190,INR,2026-05-10 21:08:15,2026-05-10 23:02:15
RES102648,MUM002,CNF102648,GUEST102648,2026-06-29,2026-06-30,STE,BAR,BAR_DLX,MODIFIED,4,18236,INR,2026-05-10 11:41:39,2026-05-10 13:46:39
RES102649,BLR002,CNF102649,GUEST102649,2026-06-15,2026-06-16,KING,PREPAY,PPR_DLX,CANCELLED,4,0,INR,2026-05-10 07:17:04,2026-05-10 10:08:04
RES102650,MUM002,CNF102650,GUEST102650,2026-05-28,2026-05-31,DLX,PREPAY,PPR_STD,MODIFIED,2,27954,INR,2026-05-10 22:07:02,2026-05-10 22:58:02
RES102651,CHA001,CNF102651,GUEST102651,2026-05-17,2026-05-19,QUEEN,PREPAY,PPR_DLX,CANCELLED,3,0,INR,2026-05-10 11:17:07,2026-05-10 12:52:07
RES102652,CHA001,CNF102652,GUEST102652,2026-06-26,2026-07-01,KING,PREPAY,PPR_STD,MODIFIED,1,61055,INR,2026-05-10 13:03:08,2026-05-10 14:35:08
RES102653,DEL002,CNF102653,GUEST102653,2026-07-03,2026-07-07,STE,PKG,PKG_STD,CANCELLED,1,0,INR,2026-05-10 14:25:34,2026-05-10 14:43:34
RES102654,KER001,CNF102654,GUEST102654,2026-06-01,2026-06-04,STD,MEMBER,MEM_DLX,CANCELLED,3,0,INR,2026-05-10 17:11:36,2026-05-10 17:47:36
RES102655,HYD001,CNF102655,GUEST102655,2026-05-19,2026-05-24,DLX,CORP,CORP_STD,BOOKED,2,140710,INR,2026-05-10 19:11:56,2026-05-10 20:11:56
RES102656,DEL002,CNF102656,GUEST102656,2026-07-08,2026-07-09,QUEEN,CORP,CORP_DLX,BOOKED,2,18096,INR,2026-05-10 22:52:46,2026-05-11 00:06:46
RES102657,CHA001,CNF102657,GUEST102657,2026-05-23,2026-05-25,DLX,CORP,CORP_STD,CANCELLED,1,0,INR,2026-05-10 12:37:50,2026-05-10 15:16:50
RES102658,CHA001,CNF102658,GUEST102658,2026-06-12,2026-06-13,STD,MEMBER,MEM_DLX,MODIFIED,4,49748,INR,2026-05-10 20:59:59,2026-05-10 23:08:59
RES102659,MUM001,CNF102659,GUEST102659,2026-07-09,2026-07-13,STD,MEMBER,MEM_DLX,CANCELLED,2,0,INR,2026-05-10 14:51:01,2026-05-10 14:52:01
RES102660,CHA001,CNF102660,GUEST102660,2026-06-05,2026-06-06,QUEEN,CORP,CORP_STD,MODIFIED,2,26182,INR,2026-05-10 19:45:12,2026-05-10 20:42:12
RES102661,DEL001,CNF102661,GUEST102661,2026-07-04,2026-07-06,QUEEN,BAR,BAR_DLX,MODIFIED,3,38778,INR,2026-05-10 06:47:01,2026-05-10 09:45:01
RES102662,MUM002,CNF102662,GUEST102662,2026-06-11,2026-06-12,KING,CORP,CORP_STD,MODIFIED,4,14380,INR,2026-05-10 22:12:43,2026-05-10 23:50:43
RES102663,HYD001,CNF102663,GUEST102663,2026-07-04,2026-07-08,STD,BAR,BAR_DLX,BOOKED,4,182048,INR,2026-05-10 15:12:18,2026-05-10 16:03:18
RES102664,CHN001,CNF102664,GUEST102664,2026-05-18,2026-05-21,STE,CORP,CORP_DLX,MODIFIED,1,33891,INR,2026-05-10 06:12:54,2026-05-10 07:48:54
RES102665,DEL001,CNF102665,GUEST102665,2026-07-01,2026-07-04,QUEEN,CORP,CORP_DLX,BOOKED,3,79029,INR,2026-05-10 02:22:00,2026-05-10 03:28:00
RES102666,BLR001,CNF102666,GUEST102666,2026-06-11,2026-06-15,STE,CORP,CORP_STD,MODIFIED,1,59432,INR,2026-05-10 11:11:00,2026-05-10 13:38:00
RES102667,BLR002,CNF102667,GUEST102667,2026-06-18,2026-06-22,STE,PKG,PKG_STD,MODIFIED,3,79188,INR,2026-05-10 14:37:21,2026-05-10 15:30:21
RES102668,CHN001,CNF102668,GUEST102668,2026-06-06,2026-06-07,DLX,CORP,CORP_STD,CANCELLED,4,0,INR,2026-05-10 14:49:39,2026-05-10 15:39:39
RES102669,HYD001,CNF102669,GUEST102669,2026-06-15,2026-06-18,DLX,BAR,BAR_DLX,MODIFIED,3,89901,INR,2026-05-10 22:27:07,2026-05-11 00:16:07
RES102670,MUM002,CNF102670,GUEST102670,2026-06-18,2026-06-20,STD,MEMBER,MEM_DLX,CANCELLED,3,0,INR,2026-05-10 21:28:23,2026-05-10 23:08:23
RES102671,HYD001,CNF102671,GUEST102671,2026-06-25,2026-06-27,DLX,CORP,CORP_DLX,MODIFIED,1,22432,INR,2026-05-10 08:03:37,2026-05-10 09:17:37
RES102672,DEL001,CNF102672,GUEST102672,2026-06-19,2026-06-22,KING,BAR,BAR_DLX,BOOKED,4,113064,INR,2026-05-10 08:16:51,2026-05-10 10:37:51
RES102673,HYD001,CNF102673,GUEST102673,2026-07-09,2026-07-10,KING,PKG,PKG_DLX,BOOKED,3,23838,INR,2026-05-10 14:34:24,2026-05-10 16:13:24
RES102674,CHN001,CNF102674,GUEST102674,2026-06-16,2026-06-19,KING,PKG,PKG_STD,MODIFIED,1,19602,INR,2026-05-10 21:54:18,2026-05-10 22:14:18
RES102675,KER001,CNF102675,GUEST102675,2026-05-27,2026-05-30,DLX,PKG,PKG_STD,BOOKED,1,21624,INR,2026-05-10 01:20:11,2026-05-10 02:51:11
RES102676,CHA001,CNF102676,GUEST102676,2026-06-22,2026-06-24,DLX,BAR,BAR_DLX,BOOKED,1,17340,INR,2026-05-10 15:41:59,2026-05-10 16:07:59
RES102677,KOL001,CNF102677,GUEST102677,2026-06-23,2026-06-26,QUEEN,BAR,BAR_DLX,CANCELLED,4,0,INR,2026-05-10 06:33:06,2026-05-10 08:55:06
RES102678,MUM002,CNF102678,GUEST102678,2026-06-23,2026-06-27,DLX,MEMBER,MEM_DLX,MODIFIED,1,23216,INR,2026-05-10 12:35:15,2026-05-10 12:54:15
RES102679,DEL002,CNF102679,GUEST102679,2026-05-14,2026-05-15,DLX,BAR,BAR_DLX,MODIFIED,1,13933,INR,2026-05-10 15:35:58,2026-05-10 15:54:58
RES102680,HYD001,CNF102680,GUEST102680,2026-05-16,2026-05-17,DLX,PKG,PKG_STD,MODIFIED,3,22134,INR,2026-05-10 21:28:24,2026-05-10 23:22:24
RES102681,KOL001,CNF102681,GUEST102681,2026-06-17,2026-06-21,QUEEN,PKG,PKG_DLX,BOOKED,2,90664,INR,2026-05-10 04:51:47,2026-05-10 06:11:47
RES102682,MUM002,CNF102682,GUEST102682,2026-05-28,2026-05-31,STE,MEMBER,MEM_STD,MODIFIED,2,38664,INR,2026-05-10 01:23:47,2026-05-10 03:50:47
RES102683,CHA001,CNF102683,GUEST102683,2026-06-03,2026-06-06,DLX,CORP,CORP_STD,MODIFIED,3,113751,INR,2026-05-10 06:00:32,2026-05-10 08:18:32
RES102684,KER001,CNF102684,GUEST102684,2026-06-25,2026-06-29,KING,CORP,CORP_DLX,CANCELLED,1,0,INR,2026-05-10 02:48:13,2026-05-10 05:33:13
RES102685,MUM002,CNF102685,GUEST102685,2026-05-22,2026-05-24,DLX,PKG,PKG_DLX,MODIFIED,4,92320,INR,2026-05-10 23:18:49,2026-05-10 23:55:49
RES102686,KER001,CNF102686,GUEST102686,2026-05-18,2026-05-21,DLX,PREPAY,PPR_DLX,BOOKED,2,42174,INR,2026-05-10 17:07:12,2026-05-10 18:14:12
RES102687,KOL001,CNF102687,GUEST102687,2026-06-14,2026-06-16,DLX,PKG,PKG_DLX,MODIFIED,1,20150,INR,2026-05-10 01:02:56,2026-05-10 03:27:56
RES102688,DEL001,CNF102688,GUEST102688,2026-06-24,2026-06-28,STE,PKG,PKG_DLX,CANCELLED,4,0,INR,2026-05-10 14:59:23,2026-05-10 16:59:23
RES102689,BLR002,CNF102689,GUEST102689,2026-05-28,2026-06-02,STD,BAR,BAR_STD,CANCELLED,3,0,INR,2026-05-10 07:43:05,2026-05-10 08:55:05
RES102690,MUM001,CNF102690,GUEST102690,2026-05-23,2026-05-27,DLX,MEMBER,MEM_STD,CANCELLED,1,0,INR,2026-05-10 05:59:01,2026-05-10 06:08:01
RES102691,BLR002,CNF102691,GUEST102691,2026-05-11,2026-05-14,KING,MEMBER,MEM_STD,BOOKED,1,33222,INR,2026-05-10 22:13:31,2026-05-10 22:32:31
RES102692,DEL001,CNF102692,GUEST102692,2026-05-18,2026-05-20,KING,PREPAY,PPR_DLX,CANCELLED,3,0,INR,2026-05-10 04:40:22,2026-05-10 04:40:22
RES102693,DEL002,CNF102693,GUEST102693,2026-05-12,2026-05-15,KING,PKG,PKG_DLX,CANCELLED,1,0,INR,2026-05-10 08:15:46,2026-05-10 08:40:46
RES102694,CHA001,CNF102694,GUEST102694,2026-06-25,2026-06-28,DLX,CORP,CORP_DLX,CANCELLED,2,0,INR,2026-05-10 23:46:23,2026-05-11 00:27:23
RES102695,CHA001,CNF102695,GUEST102695,2026-05-11,2026-05-14,DLX,PKG,PKG_DLX,CANCELLED,3,0,INR,2026-05-10 15:13:07,2026-05-10 16:21:07
RES102696,KER001,CNF102696,GUEST102696,2026-06-16,2026-06-21,STE,PREPAY,PPR_DLX,BOOKED,3,76005,INR,2026-05-10 12:09:39,2026-05-10 13:49:39
RES102697,DEL002,CNF102697,GUEST102697,2026-05-12,2026-05-13,STE,CORP,CORP_DLX,BOOKED,1,7753,INR,2026-05-10 08:34:24,2026-05-10 09:13:24
RES102698,CHA001,CNF102698,GUEST102698,2026-06-06,2026-06-10,STE,CORP,CORP_DLX,MODIFIED,1,15196,INR,2026-05-10 20:59:57,2026-05-10 22:07:57
RES102699,CHA001,CNF102699,GUEST102699,2026-05-27,2026-05-31,STD,PREPAY,PPR_DLX,MODIFIED,1,51216,INR,2026-05-10 05:26:23,2026-05-10 08:04:23
RES102700,MUM002,CNF102700,GUEST102700,2026-05-16,2026-05-20,KING,MEMBER,MEM_STD,CANCELLED,4,0,INR,2026-05-10 14:20:13,2026-05-10 17:00:13
RES102701,CHA001,CNF102701,GUEST102701,2026-05-30,2026-06-01,DLX,CORP,CORP_STD,BOOKED,1,25266,INR,2026-05-10 02:23:52,2026-05-10 04:19:52
RES102702,HYD001,CNF102702,GUEST102702,2026-05-12,2026-05-13,STE,PKG,PKG_STD,CANCELLED,2,0,INR,2026-05-10 18:17:34,2026-05-10 20:01:34
RES102703,DEL001,CNF102703,GUEST102703,2026-07-03,2026-07-04,KING,PREPAY,PPR_STD,MODIFIED,4,48296,INR,2026-05-10 19:18:08,2026-05-10 20:41:08
RES102704,BLR001,CNF102704,GUEST102704,2026-06-27,2026-07-01,DLX,PREPAY,PPR_STD,MODIFIED,4,212480,INR,2026-05-10 11:05:28,2026-05-10 12:10:28
RES102705,MUM001,CNF102705,GUEST102705,2026-06-12,2026-06-14,STD,PREPAY,PPR_DLX,CANCELLED,2,0,INR,2026-05-10 09:53:50,2026-05-10 11:28:50
RES102706,DEL002,CNF102706,GUEST102706,2026-07-06,2026-07-09,QUEEN,BAR,BAR_DLX,BOOKED,4,152916,INR,2026-05-10 20:00:49,2026-05-10 22:58:49
RES102707,HYD001,CNF102707,GUEST102707,2026-06-07,2026-06-09,STD,BAR,BAR_DLX,MODIFIED,3,63834,INR,2026-05-10 17:07:30,2026-05-10 19:57:30
RES102708,DEL002,CNF102708,GUEST102708,2026-07-08,2026-07-13,STE,PREPAY,PPR_DLX,BOOKED,3,61590,INR,2026-05-10 23:13:08,2026-05-10 23:43:08
RES102709,KOL001,CNF102709,GUEST102709,2026-06-05,2026-06-08,QUEEN,BAR,BAR_STD,MODIFIED,3,52524,INR,2026-05-10 06:20:36,2026-05-10 06:54:36
RES102710,HYD001,CNF102710,GUEST102710,2026-05-21,2026-05-23,DLX,PREPAY,PPR_DLX,BOOKED,4,60496,INR,2026-05-10 23:05:29,2026-05-11 00:53:29
RES102711,CHN001,CNF102711,GUEST102711,2026-06-21,2026-06-26,STE,PKG,PKG_DLX,MODIFIED,4,162480,INR,2026-05-10 18:29:09,2026-05-10 21:24:09
RES102712,CHN001,CNF102712,GUEST102712,2026-05-23,2026-05-27,STE,MEMBER,MEM_STD,BOOKED,4,197200,INR,2026-05-10 04:16:31,2026-05-10 05:56:31
RES102713,KOL001,CNF102713,GUEST102713,2026-06-05,2026-06-07,DLX,PREPAY,PPR_DLX,BOOKED,1,9054,INR,2026-05-10 00:46:50,2026-05-10 03:05:50
RES102714,BLR002,CNF102714,GUEST102714,2026-06-04,2026-06-08,STE,CORP,CORP_DLX,MODIFIED,3,169164,INR,2026-05-10 08:04:09,2026-05-10 10:34:09
RES102715,MUM002,CNF102715,GUEST102715,2026-06-29,2026-06-30,QUEEN,PKG,PKG_STD,CANCELLED,2,0,INR,2026-05-10 11:01:27,2026-05-10 13:08:27
RES102716,KER001,CNF102716,GUEST102716,2026-06-30,2026-07-03,KING,PKG,PKG_STD,BOOKED,3,75024,INR,2026-05-10 13:05:29,2026-05-10 15:32:29
RES102717,MUM001,CNF102717,GUEST102717,2026-06-23,2026-06-25,STD,PKG,PKG_DLX,MODIFIED,2,15352,INR,2026-05-10 04:19:32,2026-05-10 04:26:32
RES102718,DEL001,CNF102718,GUEST102718,2026-05-26,2026-05-30,DLX,BAR,BAR_DLX,BOOKED,4,77040,INR,2026-05-10 07:39:22,2026-05-10 10:02:22
RES102719,BLR002,CNF102719,GUEST102719,2026-06-22,2026-06-27,STD,BAR,BAR_STD,BOOKED,3,74355,INR,2026-05-10 03:54:56,2026-05-10 05:39:56
RES102720,CHA001,CNF102720,GUEST102720,2026-05-14,2026-05-17,KING,MEMBER,MEM_DLX,MODIFIED,1,21789,INR,2026-05-10 14:04:40,2026-05-10 15:35:40
RES102721,HYD001,CNF102721,GUEST102721,2026-06-15,2026-06-19,KING,CORP,CORP_STD,MODIFIED,3,86568,INR,2026-05-10 03:00:43,2026-05-10 05:23:43
RES102722,MUM001,CNF102722,GUEST102722,2026-07-09,2026-07-13,QUEEN,PREPAY,PPR_DLX,MODIFIED,2,79120,INR,2026-05-10 07:55:43,2026-05-10 07:59:43
RES102723,CHA001,CNF102723,GUEST102723,2026-05-19,2026-05-23,KING,PREPAY,PPR_STD,CANCELLED,4,0,INR,2026-05-10 07:59:45,2026-05-10 10:19:45
RES102724,BLR001,CNF102724,GUEST102724,2026-06-25,2026-06-29,DLX,PKG,PKG_STD,CANCELLED,2,0,INR,2026-05-10 00:18:54,2026-05-10 03:08:54
RES102725,KER001,CNF102725,GUEST102725,2026-07-06,2026-07-09,DLX,PKG,PKG_STD,BOOKED,2,50898,INR,2026-05-10 06:13:02,2026-05-10 08:53:02
RES102726,DEL002,CNF102726,GUEST102726,2026-06-23,2026-06-28,QUEEN,CORP,CORP_DLX,CANCELLED,1,0,INR,2026-05-10 17:46:23,2026-05-10 20:04:23
RES102727,KOL001,CNF102727,GUEST102727,2026-06-22,2026-06-27,QUEEN,MEMBER,MEM_DLX,CANCELLED,3,0,INR,2026-05-10 09:10:14,2026-05-10 11:16:14
RES102728,CHN001,CNF102728,GUEST102728,2026-05-17,2026-05-20,KING,PKG,PKG_DLX,MODIFIED,1,24879,INR,2026-05-10 00:49:53,2026-05-10 01:17:53
RES102729,BLR001,CNF102729,GUEST102729,2026-06-22,2026-06-25,QUEEN,PREPAY,PPR_STD,BOOKED,1,27630,INR,2026-05-10 17:31:22,2026-05-10 18:57:22
RES102730,KOL001,CNF102730,GUEST102730,2026-06-11,2026-06-13,STE,PKG,PKG_DLX,BOOKED,2,23204,INR,2026-05-10 12:56:20,2026-05-10 14:25:20
RES102731,HYD001,CNF102731,GUEST102731,2026-05-14,2026-05-17,STE,PREPAY,PPR_STD,BOOKED,3,133110,INR,2026-05-10 01:59:57,2026-05-10 04:14:57
RES102732,CHA001,CNF102732,GUEST102732,2026-06-10,2026-06-11,STE,BAR,BAR_STD,CANCELLED,1,0,INR,2026-05-10 17:19:46,2026-05-10 19:47:46
RES102733,CHA001,CNF102733,GUEST102733,2026-06-07,2026-06-10,STD,MEMBER,MEM_STD,MODIFIED,1,16404,INR,2026-05-10 11:37:20,2026-05-10 12:39:20
RES102734,BLR001,CNF102734,GUEST102734,2026-06-28,2026-07-02,QUEEN,BAR,BAR_DLX,BOOKED,1,46048,INR,2026-05-10 02:43:49,2026-05-10 03:17:49
RES102735,KER001,CNF102735,GUEST102735,2026-07-05,2026-07-08,DLX,PKG,PKG_DLX,CANCELLED,4,0,INR,2026-05-10 19:55:58,2026-05-10 21:25:58
RES102736,HYD001,CNF102736,GUEST102736,2026-06-25,2026-06-28,QUEEN,CORP,CORP_DLX,MODIFIED,1,42018,INR,2026-05-10 06:10:55,2026-05-10 07:32:55
RES102737,BLR001,CNF102737,GUEST102737,2026-06-20,2026-06-22,DLX,PREPAY,PPR_DLX,BOOKED,3,56934,INR,2026-05-10 12:06:36,2026-05-10 12:07:36
RES102738,DEL001,CNF102738,GUEST102738,2026-06-02,2026-06-05,QUEEN,MEMBER,MEM_STD,MODIFIED,2,65952,INR,2026-05-10 10:11:27,2026-05-10 12:44:27
RES102739,BLR002,CNF102739,GUEST102739,2026-05-30,2026-05-31,KING,BAR,BAR_DLX,BOOKED,4,33552,INR,2026-05-10 08:53:38,2026-05-10 09:38:38
RES102740,HYD001,CNF102740,GUEST102740,2026-05-29,2026-06-01,STE,PKG,PKG_DLX,MODIFIED,2,48786,INR,2026-05-10 23:43:44,2026-05-11 01:53:44
RES102741,BLR002,CNF102741,GUEST102741,2026-05-12,2026-05-16,STD,BAR,BAR_STD,BOOKED,2,115528,INR,2026-05-10 09:25:02,2026-05-10 11:25:02
RES102742,MUM001,CNF102742,GUEST102742,2026-05-15,2026-05-20,STE,BAR,BAR_STD,MODIFIED,1,26930,INR,2026-05-10 16:32:51,2026-05-10 17:09:51
RES102743,DEL001,CNF102743,GUEST102743,2026-07-03,2026-07-08,STE,PREPAY,PPR_DLX,CANCELLED,4,0,INR,2026-05-10 17:38:05,2026-05-10 19:43:05
RES102744,KER001,CNF102744,GUEST102744,2026-06-05,2026-06-09,STD,PREPAY,PPR_STD,MODIFIED,4,96144,INR,2026-05-10 06:37:06,2026-05-10 08:14:06
RES102745,DEL002,CNF102745,GUEST102745,2026-05-14,2026-05-17,KING,BAR,BAR_DLX,BOOKED,3,77688,INR,2026-05-10 09:24:15,2026-05-10 10:15:15
RES102746,BLR002,CNF102746,GUEST102746,2026-05-25,2026-05-30,STD,CORP,CORP_STD,CANCELLED,3,0,INR,2026-05-10 16:58:28,2026-05-10 19:00:28
RES102747,MUM001,CNF102747,GUEST102747,2026-05-31,2026-06-01,STE,PREPAY,PPR_DLX,MODIFIED,3,27291,INR,2026-05-10 21:16:41,2026-05-10 22:01:41
RES102748,DEL002,CNF102748,GUEST102748,2026-07-02,2026-07-05,STE,MEMBER,MEM_DLX,BOOKED,2,50280,INR,2026-05-10 10:05:27,2026-05-10 11:39:27
RES102749,DEL002,CNF102749,GUEST102749,2026-05-28,2026-05-29,QUEEN,CORP,CORP_STD,CANCELLED,3,0,INR,2026-05-10 16:50:56,2026-05-10 18:19:56
RES102750,CHN001,CNF102750,GUEST102750,2026-07-07,2026-07-09,STD,BAR,BAR_STD,BOOKED,1,8318,INR,2026-05-10 07:48:10,2026-05-10 09:02:10
RES102751,BLR002,CNF102751,GUEST102751,2026-06-18,2026-06-22,DLX,PREPAY,PPR_STD,CANCELLED,1,0,INR,2026-05-10 03:33:40,2026-05-10 06:07:40
RES102752,MUM002,CNF102752,GUEST102752,2026-06-15,2026-06-18,STD,PKG,PKG_DLX,CANCELLED,4,0,INR,2026-05-10 00:56:30,2026-05-10 01:34:30
RES102753,CHA001,CNF102753,GUEST102753,2026-07-02,2026-07-04,KING,CORP,CORP_STD,BOOKED,3,65250,INR,2026-05-10 01:41:45,2026-05-10 03:49:45
RES102754,KER001,CNF102754,GUEST102754,2026-05-24,2026-05-28,STD,MEMBER,MEM_DLX,BOOKED,2,73464,INR,2026-05-10 10:14:39,2026-05-10 11:34:39
RES102755,BLR002,CNF102755,GUEST102755,2026-06-11,2026-06-15,KING,PKG,PKG_DLX,MODIFIED,1,23312,INR,2026-05-10 02:27:42,2026-05-10 03:00:42
RES102756,KER001,CNF102756,GUEST102756,2026-06-16,2026-06-17,STD,MEMBER,MEM_STD,MODIFIED,2,7922,INR,2026-05-10 01:09:33,2026-05-10 03:44:33
RES102757,BLR002,CNF102757,GUEST102757,2026-05-25,2026-05-26,STE,PKG,PKG_STD,CANCELLED,1,0,INR,2026-05-10 06:03:30,2026-05-10 06:06:30
RES102758,KOL001,CNF102758,GUEST102758,2026-06-30,2026-07-05,STD,PREPAY,PPR_DLX,BOOKED,3,197145,INR,2026-05-10 00:02:20,2026-05-10 01:28:20
RES102759,HYD001,CNF102759,GUEST102759,2026-05-18,2026-05-22,DLX,PKG,PKG_DLX,BOOKED,3,56904,INR,2026-05-10 09:12:19,2026-05-10 09:23:19
RES102760,DEL002,CNF102760,GUEST102760,2026-06-07,2026-06-09,QUEEN,MEMBER,MEM_STD,MODIFIED,3,30804,INR,2026-05-10 00:24:29,2026-05-10 02:08:29
RES102761,BLR001,CNF102761,GUEST102761,2026-06-03,2026-06-08,STE,BAR,BAR_DLX,MODIFIED,2,93510,INR,2026-05-10 14:59:21,2026-05-10 15:00:21
RES102762,MUM001,CNF102762,GUEST102762,2026-06-07,2026-06-12,KING,MEMBER,MEM_STD,CANCELLED,2,0,INR,2026-05-10 09:12:06,2026-05-10 09:17:06
RES102763,DEL002,CNF102763,GUEST102763,2026-06-04,2026-06-09,STE,CORP,CORP_DLX,BOOKED,3,87960,INR,2026-05-10 23:22:20,2026-05-11 01:24:20
RES102764,HYD001,CNF102764,GUEST102764,2026-06-07,2026-06-09,DLX,BAR,BAR_DLX,MODIFIED,4,100928,INR,2026-05-10 17:56:51,2026-05-10 20:01:51
RES102765,HYD001,CNF102765,GUEST102765,2026-06-13,2026-06-17,KING,MEMBER,MEM_DLX,BOOKED,1,16984,INR,2026-05-10 20:45:32,2026-05-10 23:15:32
RES102766,CHN001,CNF102766,GUEST102766,2026-07-05,2026-07-07,STD,BAR,BAR_STD,MODIFIED,4,91016,INR,2026-05-10 06:46:12,2026-05-10 07:41:12
RES102767,MUM001,CNF102767,GUEST102767,2026-05-13,2026-05-16,QUEEN,PREPAY,PPR_DLX,BOOKED,2,45126,INR,2026-05-10 14:23:09,2026-05-10 14:32:09
RES102768,KOL001,CNF102768,GUEST102768,2026-07-09,2026-07-10,STE,PREPAY,PPR_STD,CANCELLED,3,0,INR,2026-05-10 17:26:39,2026-05-10 18:12:39
RES102769,BLR002,CNF102769,GUEST102769,2026-05-12,2026-05-13,QUEEN,BAR,BAR_STD,CANCELLED,3,0,INR,2026-05-10 14:23:37,2026-05-10 16:07:37
RES102770,BLR002,CNF102770,GUEST102770,2026-06-29,2026-07-04,DLX,PREPAY,PPR_STD,BOOKED,2,76660,INR,2026-05-10 09:06:58,2026-05-10 09:21:58
RES102771,MUM002,CNF102771,GUEST102771,2026-06-22,2026-06-24,STE,PREPAY,PPR_DLX,MODIFIED,2,40460,INR,2026-05-10 18:03:10,2026-05-10 18:22:10
RES102772,MUM002,CNF102772,GUEST102772,2026-07-08,2026-07-10,QUEEN,PKG,PKG_DLX,CANCELLED,4,0,INR,2026-05-10 21:47:09,2026-05-10 22:59:09
RES102773,CHA001,CNF102773,GUEST102773,2026-06-19,2026-06-23,STD,MEMBER,MEM_STD,MODIFIED,4,188336,INR,2026-05-10 11:01:32,2026-05-10 11:35:32
RES102774,MUM002,CNF102774,GUEST102774,2026-06-21,2026-06-25,QUEEN,PREPAY,PPR_STD,MODIFIED,1,57060,INR,2026-05-10 11:35:34,2026-05-10 14:33:34
RES102775,HYD001,CNF102775,GUEST102775,2026-05-26,2026-05-27,DLX,PKG,PKG_DLX,BOOKED,3,23520,INR,2026-05-10 02:46:35,2026-05-10 04:25:35
RES102776,KER001,CNF102776,GUEST102776,2026-05-24,2026-05-28,DLX,BAR,BAR_DLX,CANCELLED,4,0,INR,2026-05-10 16:34:55,2026-05-10 19:22:55
RES102777,HYD001,CNF102777,GUEST102777,2026-05-22,2026-05-23,DLX,CORP,CORP_STD,CANCELLED,2,0,INR,2026-05-10 11:47:29,2026-05-10 14:32:29
RES102778,CHN001,CNF102778,GUEST102778,2026-06-30,2026-07-05,STE,BAR,BAR_STD,CANCELLED,3,0,INR,2026-05-10 14:31:09,2026-05-10 17:09:09
RES102779,HYD001,CNF102779,GUEST102779,2026-05-20,2026-05-22,STD,BAR,BAR_DLX,BOOKED,2,33276,INR,2026-05-10 20:45:22,2026-05-10 22:42:22
RES102780,HYD001,CNF102780,GUEST102780,2026-06-20,2026-06-24,STD,PREPAY,PPR_DLX,MODIFIED,2,87928,INR,2026-05-10 15:42:09,2026-05-10 17:09:09
RES102781,CHA001,CNF102781,GUEST102781,2026-06-04,2026-06-07,STE,BAR,BAR_STD,BOOKED,1,18018,INR,2026-05-10 16:10:05,2026-05-10 17:55:05
RES102782,KER001,CNF102782,GUEST102782,2026-06-27,2026-07-02,STE,PREPAY,PPR_STD,MODIFIED,3,54360,INR,2026-05-10 20:00:49,2026-05-10 21:18:49
RES102783,DEL001,CNF102783,GUEST102783,2026-06-15,2026-06-16,KING,BAR,BAR_DLX,MODIFIED,2,15772,INR,2026-05-10 11:01:45,2026-05-10 12:38:45
RES102784,DEL002,CNF102784,GUEST102784,2026-06-19,2026-06-20,STE,PKG,PKG_DLX,CANCELLED,2,0,INR,2026-05-10 23:45:23,2026-05-10 23:46:23
RES102785,CHA001,CNF102785,GUEST102785,2026-07-08,2026-07-13,QUEEN,CORP,CORP_STD,BOOKED,3,150330,INR,2026-05-10 20:34:51,2026-05-10 23:07:51
RES102786,MUM001,CNF102786,GUEST102786,2026-05-30,2026-06-02,QUEEN,BAR,BAR_STD,CANCELLED,1,0,INR,2026-05-10 19:43:29,2026-05-10 20:19:29
RES102787,MUM001,CNF102787,GUEST102787,2026-06-02,2026-06-07,STD,PREPAY,PPR_STD,BOOKED,4,145340,INR,2026-05-10 16:15:23,2026-05-10 16:20:23
RES102788,MUM001,CNF102788,GUEST102788,2026-05-11,2026-05-12,KING,PREPAY,PPR_DLX,CANCELLED,2,0,INR,2026-05-10 16:29:02,2026-05-10 18:05:02
RES102789,KOL001,CNF102789,GUEST102789,2026-06-06,2026-06-07,STE,PREPAY,PPR_STD,BOOKED,1,9977,INR,2026-05-10 02:06:36,2026-05-10 02:18:36
RES102790,HYD001,CNF102790,GUEST102790,2026-06-30,2026-07-03,DLX,MEMBER,MEM_DLX,BOOKED,1,16335,INR,2026-05-10 18:38:49,2026-05-10 21:34:49
RES102791,HYD001,CNF102791,GUEST102791,2026-05-19,2026-05-23,DLX,BAR,BAR_DLX,CANCELLED,2,0,INR,2026-05-10 09:07:44,2026-05-10 11:08:44
RES102792,BLR001,CNF102792,GUEST102792,2026-07-06,2026-07-09,KING,CORP,CORP_STD,CANCELLED,1,0,INR,2026-05-10 05:17:08,2026-05-10 08:13:08
RES102793,BLR002,CNF102793,GUEST102793,2026-05-23,2026-05-24,STE,PKG,PKG_STD,CANCELLED,1,0,INR,2026-05-10 19:35:49,2026-05-10 21:54:49
RES102794,BLR002,CNF102794,GUEST102794,2026-05-14,2026-05-16,QUEEN,CORP,CORP_STD,MODIFIED,1,24344,INR,2026-05-10 16:47:42,2026-05-10 17:28:42
RES102795,KER001,CNF102795,GUEST102795,2026-07-02,2026-07-05,QUEEN,MEMBER,MEM_STD,MODIFIED,2,78228,INR,2026-05-10 10:59:00,2026-05-10 11:14:00
RES102796,BLR002,CNF102796,GUEST102796,2026-05-12,2026-05-15,DLX,BAR,BAR_DLX,MODIFIED,3,58644,INR,2026-05-10 05:45:29,2026-05-10 07:48:29
RES102797,CHN001,CNF102797,GUEST102797,2026-05-23,2026-05-24,QUEEN,BAR,BAR_DLX,MODIFIED,2,18164,INR,2026-05-10 03:28:16,2026-05-10 05:51:16
RES102798,BLR002,CNF102798,GUEST102798,2026-06-22,2026-06-26,QUEEN,PREPAY,PPR_DLX,MODIFIED,1,49104,INR,2026-05-10 08:26:17,2026-05-10 08:59:17
RES102799,KER001,CNF102799,GUEST102799,2026-05-31,2026-06-05,KING,CORP,CORP_DLX,CANCELLED,1,0,INR,2026-05-10 21:10:26,2026-05-10 21:35:26
RES102800,HYD001,CNF102800,GUEST102800,2026-05-21,2026-05-24,QUEEN,PKG,PKG_DLX,CANCELLED,3,0,INR,2026-05-10 19:52:25,2026-05-10 21:28:25
RES102801,CHA001,CNF102801,GUEST102801,2026-06-14,2026-06-18,STE,PREPAY,PPR_STD,CANCELLED,1,0,INR,2026-05-10 17:01:37,2026-05-10 19:38:37
RES102802,KOL001,CNF102802,GUEST102802,2026-06-07,2026-06-09,STE,MEMBER,MEM_STD,BOOKED,3,89628,INR,2026-05-10 00:56:14,2026-05-10 01:13:14
RES102803,KER001,CNF102803,GUEST102803,2026-06-10,2026-06-15,STD,BAR,BAR_STD,BOOKED,3,217005,INR,2026-05-10 17:57:22,2026-05-10 18:40:22
RES102804,DEL002,CNF102804,GUEST102804,2026-05-16,2026-05-20,STD,BAR,BAR_STD,BOOKED,4,182288,INR,2026-05-10 01:31:02,2026-05-10 03:08:02
RES102805,DEL001,CNF102805,GUEST102805,2026-07-03,2026-07-06,QUEEN,MEMBER,MEM_STD,BOOKED,4,80448,INR,2026-05-10 14:09:51,2026-05-10 16:41:51
RES102806,CHA001,CNF102806,GUEST102806,2026-07-02,2026-07-03,QUEEN,CORP,CORP_STD,MODIFIED,3,41592,INR,2026-05-10 15:06:09,2026-05-10 17:07:09
RES102807,DEL002,CNF102807,GUEST102807,2026-05-27,2026-06-01,KING,PKG,PKG_STD,MODIFIED,3,76170,INR,2026-05-10 22:19:42,2026-05-10 23:06:42
RES102808,CHN001,CNF102808,GUEST102808,2026-05-29,2026-06-02,KING,CORP,CORP_STD,BOOKED,2,66744,INR,2026-05-10 10:29:47,2026-05-10 12:50:47
RES102809,KER001,CNF102809,GUEST102809,2026-06-13,2026-06-16,QUEEN,MEMBER,MEM_DLX,CANCELLED,3,0,INR,2026-05-10 19:16:07,2026-05-10 19:54:07
RES102810,MUM001,CNF102810,GUEST102810,2026-07-05,2026-07-08,STE,PREPAY,PPR_STD,MODIFIED,3,88254,INR,2026-05-10 06:23:47,2026-05-10 06:46:47
RES102811,DEL002,CNF102811,GUEST102811,2026-05-23,2026-05-25,KING,MEMBER,MEM_DLX,MODIFIED,2,54008,INR,2026-05-10 19:17:02,2026-05-10 21:37:02
RES102812,BLR002,CNF102812,GUEST102812,2026-06-25,2026-06-27,QUEEN,PREPAY,PPR_DLX,CANCELLED,4,0,INR,2026-05-10 02:57:36,2026-05-10 04:06:36
RES102813,MUM002,CNF102813,GUEST102813,2026-06-26,2026-06-27,STD,BAR,BAR_STD,MODIFIED,3,23943,INR,2026-05-10 15:03:00,2026-05-10 16:49:00
RES102814,HYD001,CNF102814,GUEST102814,2026-07-06,2026-07-07,STD,MEMBER,MEM_STD,MODIFIED,2,24998,INR,2026-05-10 04:34:29,2026-05-10 06:23:29
RES102815,DEL001,CNF102815,GUEST102815,2026-06-14,2026-06-18,DLX,MEMBER,MEM_STD,CANCELLED,3,0,INR,2026-05-10 08:25:47,2026-05-10 09:24:47
RES102816,MUM002,CNF102816,GUEST102816,2026-05-12,2026-05-14,DLX,CORP,CORP_STD,CANCELLED,3,0,INR,2026-05-10 23:09:37,2026-05-11 00:04:37
RES102817,BLR001,CNF102817,GUEST102817,2026-06-02,2026-06-07,STD,CORP,CORP_DLX,BOOKED,1,63515,INR,2026-05-10 22:25:01,2026-05-11 00:19:01
RES102818,DEL001,CNF102818,GUEST102818,2026-05-31,2026-06-02,STD,MEMBER,MEM_STD,MODIFIED,4,48952,INR,2026-05-10 03:21:50,2026-05-10 04:02:50
RES102819,HYD001,CNF102819,GUEST102819,2026-05-24,2026-05-28,STD,PREPAY,PPR_DLX,MODIFIED,4,232048,INR,2026-05-10 20:10:59,2026-05-10 23:10:59
RES102820,KER001,CNF102820,GUEST102820,2026-05-27,2026-05-29,DLX,PKG,PKG_DLX,MODIFIED,1,16692,INR,2026-05-10 08:32:01,2026-05-10 10:32:01
RES102821,CHA001,CNF102821,GUEST102821,2026-06-01,2026-06-02,STD,BAR,BAR_STD,BOOKED,3,33663,INR,2026-05-10 21:24:37,2026-05-10 22:17:37
RES102822,MUM001,CNF102822,GUEST102822,2026-06-17,2026-06-19,KING,PKG,PKG_STD,CANCELLED,2,0,INR,2026-05-10 04:02:23,2026-05-10 06:03:23
RES102823,DEL001,CNF102823,GUEST102823,2026-07-05,2026-07-06,KING,PKG,PKG_DLX,MODIFIED,1,11610,INR,2026-05-10 18:54:59,2026-05-10 20:24:59
RES102824,MUM001,CNF102824,GUEST102824,2026-06-08,2026-06-13,QUEEN,PKG,PKG_DLX,BOOKED,3,111975,INR,2026-05-10 02:49:11,2026-05-10 05:46:11
RES102825,CHN001,CNF102825,GUEST102825,2026-06-24,2026-06-26,QUEEN,CORP,CORP_DLX,CANCELLED,4,0,INR,2026-05-10 16:39:08,2026-05-10 18:19:08
RES102826,DEL002,CNF102826,GUEST102826,2026-05-13,2026-05-15,DLX,BAR,BAR_DLX,MODIFIED,3,65790,INR,2026-05-10 10:11:12,2026-05-10 10:28:12
RES102827,BLR002,CNF102827,GUEST102827,2026-05-29,2026-05-31,STD,PKG,PKG_STD,CANCELLED,1,0,INR,2026-05-10 00:37:42,2026-05-10 01:07:42
RES102828,HYD001,CNF102828,GUEST102828,2026-05-21,2026-05-25,KING,PREPAY,PPR_DLX,MODIFIED,3,158844,INR,2026-05-10 12:41:14,2026-05-10 13:52:14
RES102829,DEL002,CNF102829,GUEST102829,2026-06-23,2026-06-24,STE,CORP,CORP_STD,CANCELLED,2,0,INR,2026-05-10 08:57:36,2026-05-10 11:14:36
RES102830,KER001,CNF102830,GUEST102830,2026-05-20,2026-05-21,STE,MEMBER,MEM_STD,BOOKED,1,10106,INR,2026-05-10 02:46:07,2026-05-10 03:07:07
RES102831,DEL002,CNF102831,GUEST102831,2026-06-02,2026-06-06,QUEEN,CORP,CORP_DLX,BOOKED,1,32032,INR,2026-05-10 00:49:20,2026-05-10 01:31:20
RES102832,CHA001,CNF102832,GUEST102832,2026-06-01,2026-06-04,DLX,MEMBER,MEM_STD,CANCELLED,1,0,INR,2026-05-10 06:02:54,2026-05-10 07:41:54
RES102833,BLR002,CNF102833,GUEST102833,2026-06-02,2026-06-04,STD,MEMBER,MEM_DLX,CANCELLED,4,0,INR,2026-05-10 04:41:33,2026-05-10 05:34:33
RES102834,BLR001,CNF102834,GUEST102834,2026-05-17,2026-05-19,STD,PKG,PKG_STD,BOOKED,4,43256,INR,2026-05-10 11:49:20,2026-05-10 12:52:20
RES102835,CHA001,CNF102835,GUEST102835,2026-06-11,2026-06-15,STD,PKG,PKG_DLX,MODIFIED,1,54768,INR,2026-05-10 02:15:10,2026-05-10 04:43:10
RES102836,KOL001,CNF102836,GUEST102836,2026-06-05,2026-06-10,STD,CORP,CORP_STD,MODIFIED,2,118170,INR,2026-05-10 16:53:22,2026-05-10 19:45:22
RES102837,CHA001,CNF102837,GUEST102837,2026-06-15,2026-06-20,STE,PKG,PKG_STD,MODIFIED,3,151410,INR,2026-05-10 09:34:47,2026-05-10 11:27:47
RES102838,KOL001,CNF102838,GUEST102838,2026-06-27,2026-07-02,KING,BAR,BAR_STD,BOOKED,2,106760,INR,2026-05-10 18:02:48,2026-05-10 20:22:48
RES102839,KOL001,CNF102839,GUEST102839,2026-05-25,2026-05-30,QUEEN,MEMBER,MEM_STD,MODIFIED,3,170130,INR,2026-05-10 23:08:27,2026-05-11 01:34:27
RES102840,DEL002,CNF102840,GUEST102840,2026-05-13,2026-05-16,KING,CORP,CORP_DLX,MODIFIED,2,41328,INR,2026-05-10 16:53:53,2026-05-10 17:50:53
RES102841,BLR001,CNF102841,GUEST102841,2026-05-15,2026-05-19,STD,MEMBER,MEM_DLX,MODIFIED,4,79264,INR,2026-05-10 17:45:11,2026-05-10 18:46:11
RES102842,KER001,CNF102842,GUEST102842,2026-07-01,2026-07-03,QUEEN,CORP,CORP_STD,CANCELLED,4,0,INR,2026-05-10 00:43:50,2026-05-10 03:16:50
RES102843,DEL001,CNF102843,GUEST102843,2026-06-19,2026-06-21,STD,MEMBER,MEM_STD,CANCELLED,1,0,INR,2026-05-10 13:42:44,2026-05-10 14:48:44
RES102844,MUM001,CNF102844,GUEST102844,2026-07-09,2026-07-11,QUEEN,PREPAY,PPR_STD,BOOKED,2,21176,INR,2026-05-10 03:19:27,2026-05-10 04:22:27
RES102845,BLR002,CNF102845,GUEST102845,2026-06-07,2026-06-12,STE,MEMBER,MEM_DLX,BOOKED,1,49865,INR,2026-05-10 15:34:10,2026-05-10 15:42:10
RES102846,KOL001,CNF102846,GUEST102846,2026-07-06,2026-07-10,KING,PKG,PKG_STD,MODIFIED,3,42252,INR,2026-05-10 22:15:52,2026-05-10 22:34:52
RES102847,BLR002,CNF102847,GUEST102847,2026-07-01,2026-07-05,STD,PKG,PKG_DLX,BOOKED,2,84080,INR,2026-05-10 07:33:15,2026-05-10 09:41:15
RES102848,HYD001,CNF102848,GUEST102848,2026-05-26,2026-05-30,STD,PREPAY,PPR_STD,MODIFIED,3,110604,INR,2026-05-10 05:56:03,2026-05-10 08:20:03
RES102849,KER001,CNF102849,GUEST102849,2026-05-20,2026-05-21,STD,PKG,PKG_STD,MODIFIED,4,33308,INR,2026-05-10 18:45:55,2026-05-10 19:55:55
RES102850,DEL002,CNF102850,GUEST102850,2026-06-17,2026-06-21,KING,MEMBER,MEM_DLX,BOOKED,2,46256,INR,2026-05-10 02:27:05,2026-05-10 03:58:05
RES102851,DEL002,CNF102851,GUEST102851,2026-05-17,2026-05-22,KING,PKG,PKG_STD,CANCELLED,3,0,INR,2026-05-10 14:44:13,2026-05-10 15:39:13
RES102852,MUM002,CNF102852,GUEST102852,2026-06-20,2026-06-22,STE,MEMBER,MEM_STD,MODIFIED,2,47472,INR,2026-05-10 22:24:23,2026-05-10 22:28:23
RES102853,KER001,CNF102853,GUEST102853,2026-07-02,2026-07-05,QUEEN,MEMBER,MEM_STD,CANCELLED,4,0,INR,2026-05-10 10:00:12,2026-05-10 11:34:12
RES102854,MUM002,CNF102854,GUEST102854,2026-07-08,2026-07-09,DLX,CORP,CORP_DLX,BOOKED,2,16078,INR,2026-05-10 03:55:37,2026-05-10 06:46:37
RES102855,MUM002,CNF102855,GUEST102855,2026-05-31,2026-06-04,STE,CORP,CORP_DLX,CANCELLED,3,0,INR,2026-05-10 00:07:25,2026-05-10 01:44:25
RES102856,MUM001,CNF102856,GUEST102856,2026-05-14,2026-05-16,STE,MEMBER,MEM_DLX,CANCELLED,3,0,INR,2026-05-10 03:03:06,2026-05-10 05:03:06
RES102857,KER001,CNF102857,GUEST102857,2026-06-15,2026-06-19,QUEEN,MEMBER,MEM_STD,MODIFIED,3,168588,INR,2026-05-10 17:45:28,2026-05-10 20:35:28
RES102858,DEL002,CNF102858,GUEST102858,2026-05-27,2026-05-31,QUEEN,MEMBER,MEM_STD,CANCELLED,3,0,INR,2026-05-10 09:51:50,2026-05-10 11:15:50
RES102859,MUM001,CNF102859,GUEST102859,2026-07-01,2026-07-04,DLX,PREPAY,PPR_STD,CANCELLED,1,0,INR,2026-05-10 07:02:09,2026-05-10 07:16:09
RES102860,BLR002,CNF102860,GUEST102860,2026-05-31,2026-06-04,QUEEN,MEMBER,MEM_STD,CANCELLED,4,0,INR,2026-05-10 18:12:58,2026-05-10 19:01:58
RES102861,CHN001,CNF102861,GUEST102861,2026-05-27,2026-05-29,STD,CORP,CORP_DLX,CANCELLED,1,0,INR,2026-05-10 18:23:07,2026-05-10 18:51:07
RES102862,BLR001,CNF102862,GUEST102862,2026-06-27,2026-07-02,STE,CORP,CORP_STD,CANCELLED,3,0,INR,2026-05-10 18:18:07,2026-05-10 18:50:07
RES102863,BLR001,CNF102863,GUEST102863,2026-06-30,2026-07-05,STD,PREPAY,PPR_DLX,CANCELLED,2,0,INR,2026-05-10 21:26:11,2026-05-10 23:37:11
RES102864,HYD001,CNF102864,GUEST102864,2026-06-19,2026-06-24,KING,CORP,CORP_DLX,BOOKED,4,215640,INR,2026-05-10 08:12:58,2026-05-10 08:41:58
RES102865,DEL001,CNF102865,GUEST102865,2026-06-23,2026-06-24,QUEEN,BAR,BAR_DLX,BOOKED,1,6061,INR,2026-05-10 12:16:21,2026-05-10 15:13:21
RES102866,BLR001,CNF102866,GUEST102866,2026-06-04,2026-06-06,DLX,CORP,CORP_STD,MODIFIED,4,95736,INR,2026-05-10 07:29:30,2026-05-10 07:53:30
RES102867,DEL001,CNF102867,GUEST102867,2026-06-23,2026-06-25,STE,PREPAY,PPR_STD,CANCELLED,1,0,INR,2026-05-10 02:14:56,2026-05-10 04:11:56
RES102868,HYD001,CNF102868,GUEST102868,2026-06-07,2026-06-08,STD,PKG,PKG_STD,BOOKED,1,9860,INR,2026-05-10 07:48:43,2026-05-10 08:18:43
RES102869,CHN001,CNF102869,GUEST102869,2026-06-15,2026-06-20,STD,BAR,BAR_DLX,BOOKED,1,44985,INR,2026-05-10 09:48:14,2026-05-10 11:49:14
RES102870,BLR001,CNF102870,GUEST102870,2026-05-15,2026-05-17,KING,PREPAY,PPR_DLX,BOOKED,3,81912,INR,2026-05-10 12:15:40,2026-05-10 14:25:40
RES102871,KOL001,CNF102871,GUEST102871,2026-05-17,2026-05-22,STD,BAR,BAR_STD,BOOKED,4,283940,INR,2026-05-10 13:49:19,2026-05-10 15:17:19
RES102872,BLR002,CNF102872,GUEST102872,2026-06-08,2026-06-10,STD,BAR,BAR_DLX,CANCELLED,2,0,INR,2026-05-10 09:13:42,2026-05-10 10:49:42
RES102873,MUM002,CNF102873,GUEST102873,2026-06-18,2026-06-21,KING,CORP,CORP_STD,CANCELLED,3,0,INR,2026-05-10 08:25:12,2026-05-10 08:51:12
RES102874,MUM002,CNF102874,GUEST102874,2026-06-11,2026-06-15,STD,PKG,PKG_DLX,BOOKED,3,103440,INR,2026-05-10 10:27:09,2026-05-10 11:18:09
RES102875,BLR002,CNF102875,GUEST102875,2026-06-29,2026-07-04,QUEEN,PKG,PKG_DLX,CANCELLED,3,0,INR,2026-05-10 23:18:59,2026-05-11 01:32:59
RES102876,MUM001,CNF102876,GUEST102876,2026-06-04,2026-06-06,STE,PKG,PKG_STD,MODIFIED,1,22004,INR,2026-05-10 14:18:56,2026-05-10 16:34:56
RES102877,CHN001,CNF102877,GUEST102877,2026-05-29,2026-06-01,DLX,PKG,PKG_DLX,CANCELLED,1,0,INR,2026-05-10 23:25:52,2026-05-11 02:20:52
RES102878,HYD001,CNF102878,GUEST102878,2026-06-05,2026-06-10,KING,PREPAY,PPR_DLX,MODIFIED,4,88620,INR,2026-05-10 10:31:30,2026-05-10 11:16:30
RES102879,MUM002,CNF102879,GUEST102879,2026-06-20,2026-06-25,KING,CORP,CORP_DLX,BOOKED,4,280320,INR,2026-05-10 14:48:25,2026-05-10 17:10:25
RES102880,CHN001,CNF102880,GUEST102880,2026-06-10,2026-06-15,QUEEN,BAR,BAR_DLX,MODIFIED,4,229420,INR,2026-05-10 20:09:25,2026-05-10 22:23:25
RES102881,MUM001,CNF102881,GUEST102881,2026-05-29,2026-06-01,STD,PREPAY,PPR_STD,MODIFIED,1,19572,INR,2026-05-10 18:37:28,2026-05-10 18:41:28
RES102882,DEL002,CNF102882,GUEST102882,2026-05-28,2026-05-31,QUEEN,CORP,CORP_STD,MODIFIED,1,17733,INR,2026-05-10 05:14:07,2026-05-10 05:16:07
RES102883,MUM002,CNF102883,GUEST102883,2026-05-24,2026-05-25,QUEEN,CORP,CORP_STD,BOOKED,1,12202,INR,2026-05-10 14:58:27,2026-05-10 16:10:27
RES102884,DEL001,CNF102884,GUEST102884,2026-06-29,2026-07-03,QUEEN,PKG,PKG_DLX,MODIFIED,3,151896,INR,2026-05-10 14:41:45,2026-05-10 16:35:45
RES102885,DEL001,CNF102885,GUEST102885,2026-05-12,2026-05-17,STE,MEMBER,MEM_DLX,MODIFIED,4,228660,INR,2026-05-10 05:14:53,2026-05-10 05:34:53
RES102886,DEL002,CNF102886,GUEST102886,2026-05-25,2026-05-30,DLX,BAR,BAR_DLX,BOOKED,4,280540,INR,2026-05-10 16:25:02,2026-05-10 18:27:02
RES102887,BLR002,CNF102887,GUEST102887,2026-05-14,2026-05-15,QUEEN,PREPAY,PPR_DLX,BOOKED,1,4633,INR,2026-05-10 13:18:04,2026-05-10 14:10:04
RES102888,CHA001,CNF102888,GUEST102888,2026-05-23,2026-05-24,STE,MEMBER,MEM_STD,BOOKED,4,46452,INR,2026-05-10 04:11:40,2026-05-10 04:34:40
RES102889,DEL001,CNF102889,GUEST102889,2026-07-07,2026-07-11,STE,CORP,CORP_DLX,MODIFIED,3,104184,INR,2026-05-10 05:21:39,2026-05-10 07:44:39
RES102890,KOL001,CNF102890,GUEST102890,2026-05-18,2026-05-23,QUEEN,CORP,CORP_DLX,CANCELLED,2,0,INR,2026-05-10 14:35:43,2026-05-10 16:09:43
RES102891,MUM001,CNF102891,GUEST102891,2026-06-04,2026-06-09,STD,CORP,CORP_DLX,MODIFIED,2,114710,INR,2026-05-10 10:46:18,2026-05-10 10:50:18
RES102892,DEL001,CNF102892,GUEST102892,2026-05-12,2026-05-13,DLX,PKG,PKG_STD,CANCELLED,2,0,INR,2026-05-10 07:08:25,2026-05-10 09:17:25
RES102893,DEL002,CNF102893,GUEST102893,2026-05-30,2026-05-31,DLX,PKG,PKG_DLX,MODIFIED,2,16168,INR,2026-05-10 12:51:46,2026-05-10 14:18:46
RES102894,CHA001,CNF102894,GUEST102894,2026-06-12,2026-06-17,KING,MEMBER,MEM_DLX,CANCELLED,2,0,INR,2026-05-10 16:00:43,2026-05-10 17:20:43
RES102895,HYD001,CNF102895,GUEST102895,2026-06-06,2026-06-10,DLX,CORP,CORP_STD,CANCELLED,4,0,INR,2026-05-10 11:39:54,2026-05-10 13:36:54
RES102896,BLR001,CNF102896,GUEST102896,2026-06-04,2026-06-08,DLX,PKG,PKG_STD,CANCELLED,4,0,INR,2026-05-10 06:54:53,2026-05-10 07:43:53
RES102897,BLR001,CNF102897,GUEST102897,2026-06-28,2026-07-03,QUEEN,BAR,BAR_STD,CANCELLED,1,0,INR,2026-05-10 20:01:25,2026-05-10 22:34:25
RES102898,CHA001,CNF102898,GUEST102898,2026-07-09,2026-07-10,STE,MEMBER,MEM_STD,MODIFIED,1,11633,INR,2026-05-10 12:56:49,2026-05-10 14:40:49
RES102899,BLR001,CNF102899,GUEST102899,2026-06-01,2026-06-03,DLX,CORP,CORP_STD,MODIFIED,2,27212,INR,2026-05-10 16:40:39,2026-05-10 18:34:39
RES102900,MUM001,CNF102900,GUEST102900,2026-06-13,2026-06-15,KING,CORP,CORP_DLX,CANCELLED,3,0,INR,2026-05-10 15:45:16,2026-05-10 18:05:16
RES102901,DEL002,CNF102901,GUEST102901,2026-05-19,2026-05-23,DLX,MEMBER,MEM_STD,BOOKED,3,53208,INR,2026-05-10 08:04:16,2026-05-10 10:31:16
RES102902,KER001,CNF102902,GUEST102902,2026-06-14,2026-06-15,STE,CORP,CORP_STD,BOOKED,3,32949,INR,2026-05-10 11:44:46,2026-05-10 13:24:46
RES102903,HYD001,CNF102903,GUEST102903,2026-06-17,2026-06-18,STE,PKG,PKG_STD,MODIFIED,1,7999,INR,2026-05-10 16:05:54,2026-05-10 16:35:54
RES102904,BLR002,CNF102904,GUEST102904,2026-05-24,2026-05-28,STE,BAR,BAR_STD,CANCELLED,3,0,INR,2026-05-10 04:00:09,2026-05-10 06:52:09
RES102905,BLR001,CNF102905,GUEST102905,2026-06-14,2026-06-17,DLX,CORP,CORP_STD,CANCELLED,1,0,INR,2026-05-10 10:28:05,2026-05-10 12:47:05
RES102906,HYD001,CNF102906,GUEST102906,2026-05-17,2026-05-20,STD,CORP,CORP_DLX,MODIFIED,2,80046,INR,2026-05-10 18:41:27,2026-05-10 20:04:27
RES102907,DEL002,CNF102907,GUEST102907,2026-05-22,2026-05-27,KING,BAR,BAR_STD,BOOKED,4,233280,INR,2026-05-10 04:58:29,2026-05-10 05:46:29
RES102908,BLR002,CNF102908,GUEST102908,2026-06-16,2026-06-21,DLX,PKG,PKG_DLX,MODIFIED,2,56760,INR,2026-05-10 03:49:07,2026-05-10 03:56:07
RES102909,KER001,CNF102909,GUEST102909,2026-06-14,2026-06-15,QUEEN,PKG,PKG_DLX,BOOKED,3,26661,INR,2026-05-10 22:17:54,2026-05-10 22:29:54
RES102910,BLR002,CNF102910,GUEST102910,2026-07-02,2026-07-03,STE,BAR,BAR_STD,CANCELLED,1,0,INR,2026-05-10 07:36:51,2026-05-10 07:43:51
RES102911,KOL001,CNF102911,GUEST102911,2026-06-18,2026-06-20,QUEEN,PKG,PKG_DLX,CANCELLED,2,0,INR,2026-05-10 02:20:14,2026-05-10 05:11:14
RES102912,CHN001,CNF102912,GUEST102912,2026-06-22,2026-06-26,DLX,PKG,PKG_DLX,MODIFIED,1,31728,INR,2026-05-10 14:34:55,2026-05-10 15:10:55
RES102913,MUM002,CNF102913,GUEST102913,2026-06-28,2026-06-30,DLX,BAR,BAR_STD,BOOKED,3,81756,INR,2026-05-10 12:15:18,2026-05-10 12:21:18
RES102914,KER001,CNF102914,GUEST102914,2026-06-05,2026-06-06,STE,CORP,CORP_STD,MODIFIED,2,20302,INR,2026-05-10 13:18:10,2026-05-10 14:31:10
RES102915,KER001,CNF102915,GUEST102915,2026-07-05,2026-07-09,QUEEN,PKG,PKG_DLX,MODIFIED,3,94896,INR,2026-05-10 05:52:17,2026-05-10 06:25:17
RES102916,CHN001,CNF102916,GUEST102916,2026-06-15,2026-06-16,STD,PKG,PKG_STD,MODIFIED,4,20536,INR,2026-05-10 18:39:27,2026-05-10 20:00:27
RES102917,CHA001,CNF102917,GUEST102917,2026-06-22,2026-06-27,KING,PKG,PKG_STD,CANCELLED,2,0,INR,2026-05-10 21:28:25,2026-05-11 00:22:25
RES102918,MUM001,CNF102918,GUEST102918,2026-06-24,2026-06-26,KING,PKG,PKG_STD,MODIFIED,2,55428,INR,2026-05-10 13:24:27,2026-05-10 15:39:27
RES102919,BLR001,CNF102919,GUEST102919,2026-05-29,2026-05-30,STD,BAR,BAR_STD,CANCELLED,4,0,INR,2026-05-10 12:08:23,2026-05-10 14:12:23
RES102920,BLR002,CNF102920,GUEST102920,2026-07-08,2026-07-09,KING,PKG,PKG_DLX,MODIFIED,4,31048,INR,2026-05-10 13:29:14,2026-05-10 15:41:14
RES102921,MUM002,CNF102921,GUEST102921,2026-05-27,2026-05-28,DLX,MEMBER,MEM_STD,CANCELLED,4,0,INR,2026-05-10 19:43:05,2026-05-10 20:10:05
RES102922,BLR001,CNF102922,GUEST102922,2026-05-27,2026-05-28,STD,PREPAY,PPR_DLX,CANCELLED,3,0,INR,2026-05-10 17:21:49,2026-05-10 18:56:49
RES102923,KER001,CNF102923,GUEST102923,2026-07-09,2026-07-11,KING,MEMBER,MEM_DLX,CANCELLED,3,0,INR,2026-05-10 00:35:17,2026-05-10 01:48:17
RES102924,BLR001,CNF102924,GUEST102924,2026-05-21,2026-05-25,STD,CORP,CORP_DLX,CANCELLED,3,0,INR,2026-05-10 22:57:47,2026-05-10 23:36:47
RES102925,DEL002,CNF102925,GUEST102925,2026-05-31,2026-06-02,DLX,CORP,CORP_STD,BOOKED,4,92032,INR,2026-05-10 13:36:06,2026-05-10 16:31:06
RES102926,DEL002,CNF102926,GUEST102926,2026-06-11,2026-06-15,STE,BAR,BAR_DLX,BOOKED,4,83920,INR,2026-05-10 02:54:03,2026-05-10 04:40:03
RES102927,BLR002,CNF102927,GUEST102927,2026-06-08,2026-06-13,QUEEN,PKG,PKG_DLX,MODIFIED,2,70060,INR,2026-05-10 09:31:44,2026-05-10 12:13:44
RES102928,CHA001,CNF102928,GUEST102928,2026-06-28,2026-07-02,KING,MEMBER,MEM_STD,CANCELLED,2,0,INR,2026-05-10 20:10:53,2026-05-10 22:54:53
RES102929,MUM002,CNF102929,GUEST102929,2026-06-05,2026-06-10,STD,PREPAY,PPR_STD,CANCELLED,4,0,INR,2026-05-10 02:53:12,2026-05-10 05:49:12
RES102930,MUM001,CNF102930,GUEST102930,2026-05-19,2026-05-20,KING,CORP,CORP_DLX,CANCELLED,4,0,INR,2026-05-10 22:19:10,2026-05-10 23:08:10
RES102931,DEL002,CNF102931,GUEST102931,2026-05-15,2026-05-16,DLX,PREPAY,PPR_DLX,MODIFIED,2,13808,INR,2026-05-10 21:33:27,2026-05-11 00:33:27
RES102932,DEL002,CNF102932,GUEST102932,2026-05-13,2026-05-17,KING,BAR,BAR_STD,CANCELLED,3,0,INR,2026-05-10 15:06:39,2026-05-10 15:11:39
RES102933,DEL002,CNF102933,GUEST102933,2026-06-20,2026-06-21,STE,CORP,CORP_STD,BOOKED,3,18807,INR,2026-05-10 19:00:41,2026-05-10 20:47:41
RES102934,CHN001,CNF102934,GUEST102934,2026-05-23,2026-05-26,QUEEN,BAR,BAR_STD,MODIFIED,2,69678,INR,2026-05-10 16:08:25,2026-05-10 18:37:25
RES102935,CHN001,CNF102935,GUEST102935,2026-06-30,2026-07-05,STD,BAR,BAR_STD,BOOKED,4,150200,INR,2026-05-10 18:07:42,2026-05-10 19:39:42
RES102936,DEL001,CNF102936,GUEST102936,2026-06-30,2026-07-01,STD,BAR,BAR_STD,CANCELLED,2,0,INR,2026-05-10 18:17:52,2026-05-10 19:10:52
RES102937,DEL001,CNF102937,GUEST102937,2026-06-05,2026-06-10,KING,BAR,BAR_STD,MODIFIED,4,120480,INR,2026-05-10 01:30:44,2026-05-10 01:41:44
RES102938,DEL002,CNF102938,GUEST102938,2026-05-27,2026-06-01,STE,BAR,BAR_STD,CANCELLED,1,0,INR,2026-05-10 08:40:16,2026-05-10 10:20:16
RES102939,CHN001,CNF102939,GUEST102939,2026-07-08,2026-07-10,DLX,PKG,PKG_DLX,MODIFIED,3,79548,INR,2026-05-10 00:56:01,2026-05-10 03:00:01
RES102940,BLR002,CNF102940,GUEST102940,2026-06-30,2026-07-03,QUEEN,BAR,BAR_STD,MODIFIED,4,126360,INR,2026-05-10 20:39:46,2026-05-10 20:55:46
RES102941,DEL001,CNF102941,GUEST102941,2026-05-20,2026-05-24,KING,PREPAY,PPR_STD,CANCELLED,3,0,INR,2026-05-10 18:03:53,2026-05-10 18:46:53
RES102942,MUM002,CNF102942,GUEST102942,2026-06-02,2026-06-03,QUEEN,MEMBER,MEM_DLX,BOOKED,2,21966,INR,2026-05-10 07:38:46,2026-05-10 10:22:46
RES102943,HYD001,CNF102943,GUEST102943,2026-05-17,2026-05-22,DLX,BAR,BAR_DLX,BOOKED,2,115740,INR,2026-05-10 01:58:36,2026-05-10 04:47:36
RES102944,MUM002,CNF102944,GUEST102944,2026-06-24,2026-06-27,DLX,PREPAY,PPR_STD,CANCELLED,3,0,INR,2026-05-10 20:33:43,2026-05-10 20:45:43
RES102945,DEL001,CNF102945,GUEST102945,2026-05-28,2026-05-30,DLX,PREPAY,PPR_DLX,MODIFIED,1,7674,INR,2026-05-10 02:10:40,2026-05-10 02:56:40
RES102946,MUM002,CNF102946,GUEST102946,2026-06-29,2026-07-01,STE,BAR,BAR_DLX,MODIFIED,3,47574,INR,2026-05-10 16:14:38,2026-05-10 18:43:38
RES102947,MUM001,CNF102947,GUEST102947,2026-05-16,2026-05-18,KING,PKG,PKG_DLX,CANCELLED,1,0,INR,2026-05-10 10:03:51,2026-05-10 10:03:51
RES102948,DEL001,CNF102948,GUEST102948,2026-06-12,2026-06-14,STD,BAR,BAR_STD,CANCELLED,1,0,INR,2026-05-10 03:23:25,2026-05-10 04:11:25
RES102949,BLR002,CNF102949,GUEST102949,2026-06-28,2026-06-30,DLX,PREPAY,PPR_STD,BOOKED,3,43554,INR,2026-05-10 18:45:45,2026-05-10 20:12:45
RES102950,HYD001,CNF102950,GUEST102950,2026-07-09,2026-07-12,QUEEN,CORP,CORP_DLX,MODIFIED,3,123876,INR,2026-05-10 02:40:08,2026-05-10 03:06:08
RES102951,BLR001,CNF102951,GUEST102951,2026-05-17,2026-05-20,QUEEN,PREPAY,PPR_STD,BOOKED,2,68670,INR,2026-05-10 20:30:37,2026-05-10 21:51:37
RES102952,HYD001,CNF102952,GUEST102952,2026-05-15,2026-05-16,KING,MEMBER,MEM_DLX,CANCELLED,2,0,INR,2026-05-10 17:26:23,2026-05-10 18:12:23
RES102953,DEL002,CNF102953,GUEST102953,2026-07-01,2026-07-05,QUEEN,PREPAY,PPR_DLX,BOOKED,3,112752,INR,2026-05-10 18:30:58,2026-05-10 19:08:58
RES102954,KER001,CNF102954,GUEST102954,2026-06-12,2026-06-17,STE,BAR,BAR_STD,MODIFIED,1,25795,INR,2026-05-10 02:24:09,2026-05-10 04:21:09
RES102955,CHA001,CNF102955,GUEST102955,2026-05-25,2026-05-26,STE,PKG,PKG_DLX,CANCELLED,2,0,INR,2026-05-10 11:15:22,2026-05-10 12:48:22
RES102956,CHN001,CNF102956,GUEST102956,2026-05-24,2026-05-26,QUEEN,PREPAY,PPR_DLX,CANCELLED,1,0,INR,2026-05-10 12:26:53,2026-05-10 15:22:53
RES102957,BLR001,CNF102957,GUEST102957,2026-06-21,2026-06-25,KING,PREPAY,PPR_STD,CANCELLED,3,0,INR,2026-05-10 23:13:48,2026-05-11 01:30:48
RES102958,DEL001,CNF102958,GUEST102958,2026-07-03,2026-07-06,STE,PKG,PKG_STD,BOOKED,2,68106,INR,2026-05-10 13:52:12,2026-05-10 15:52:12
RES102959,DEL001,CNF102959,GUEST102959,2026-06-17,2026-06-21,STD,BAR,BAR_STD,MODIFIED,1,22788,INR,2026-05-10 00:00:07,2026-05-10 01:56:07
RES102960,BLR001,CNF102960,GUEST102960,2026-06-09,2026-06-10,STE,PREPAY,PPR_STD,MODIFIED,2,29092,INR,2026-05-10 07:22:28,2026-05-10 08:29:28
RES102961,CHN001,CNF102961,GUEST102961,2026-07-04,2026-07-06,STD,CORP,CORP_DLX,BOOKED,1,9388,INR,2026-05-10 16:34:13,2026-05-10 17:18:13
RES102962,MUM002,CNF102962,GUEST102962,2026-06-19,2026-06-22,KING,CORP,CORP_DLX,BOOKED,3,77184,INR,2026-05-10 18:10:18,2026-05-10 20:13:18
RES102963,BLR001,CNF102963,GUEST102963,2026-05-19,2026-05-24,QUEEN,PKG,PKG_STD,BOOKED,2,136320,INR,2026-05-10 03:46:22,2026-05-10 04:38:22
RES102964,DEL002,CNF102964,GUEST102964,2026-06-04,2026-06-05,STE,CORP,CORP_DLX,BOOKED,1,9140,INR,2026-05-10 01:42:39,2026-05-10 01:51:39
RES102965,MUM001,CNF102965,GUEST102965,2026-05-16,2026-05-19,KING,PREPAY,PPR_STD,CANCELLED,1,0,INR,2026-05-10 04:34:54,2026-05-10 05:50:54
RES102966,BLR002,CNF102966,GUEST102966,2026-06-16,2026-06-21,DLX,BAR,BAR_DLX,MODIFIED,2,38770,INR,2026-05-10 00:49:10,2026-05-10 03:40:10
RES102967,DEL002,CNF102967,GUEST102967,2026-07-07,2026-07-10,STE,PKG,PKG_STD,BOOKED,1,15651,INR,2026-05-10 07:57:47,2026-05-10 09:23:47
RES102968,DEL001,CNF102968,GUEST102968,2026-05-24,2026-05-26,QUEEN,CORP,CORP_STD,CANCELLED,4,0,INR,2026-05-10 10:58:26,2026-05-10 12:09:26
RES102969,DEL001,CNF102969,GUEST102969,2026-07-03,2026-07-06,STD,PREPAY,PPR_DLX,CANCELLED,2,0,INR,2026-05-10 18:10:37,2026-05-10 19:57:37
RES102970,KER001,CNF102970,GUEST102970,2026-06-29,2026-06-30,STD,BAR,BAR_DLX,BOOKED,4,30112,INR,2026-05-10 19:00:39,2026-05-10 21:47:39
RES102971,MUM002,CNF102971,GUEST102971,2026-06-14,2026-06-15,STE,MEMBER,MEM_STD,MODIFIED,2,21288,INR,2026-05-10 06:33:57,2026-05-10 07:17:57
RES102972,DEL002,CNF102972,GUEST102972,2026-06-15,2026-06-19,KING,MEMBER,MEM_STD,CANCELLED,4,0,INR,2026-05-10 01:08:20,2026-05-10 02:16:20
RES102973,DEL001,CNF102973,GUEST102973,2026-07-05,2026-07-08,STD,BAR,BAR_STD,CANCELLED,1,0,INR,2026-05-10 00:42:16,2026-05-10 01:16:16
RES102974,BLR001,CNF102974,GUEST102974,2026-06-15,2026-06-18,STE,PKG,PKG_STD,CANCELLED,1,0,INR,2026-05-10 11:19:12,2026-05-10 12:00:12
RES102975,KOL001,CNF102975,GUEST102975,2026-06-15,2026-06-20,QUEEN,PREPAY,PPR_DLX,CANCELLED,4,0,INR,2026-05-10 07:49:10,2026-05-10 08:15:10
RES102976,BLR001,CNF102976,GUEST102976,2026-05-29,2026-06-02,STE,BAR,BAR_STD,BOOKED,1,53428,INR,2026-05-10 09:02:02,2026-05-10 10:56:02
RES102977,BLR002,CNF102977,GUEST102977,2026-06-11,2026-06-14,STD,BAR,BAR_STD,BOOKED,2,56046,INR,2026-05-10 10:29:00,2026-05-10 13:19:00
RES102978,KOL001,CNF102978,GUEST102978,2026-06-23,2026-06-25,KING,MEMBER,MEM_STD,MODIFIED,4,52360,INR,2026-05-10 22:52:52,2026-05-11 00:25:52
RES102979,KER001,CNF102979,GUEST102979,2026-05-27,2026-05-30,DLX,MEMBER,MEM_DLX,BOOKED,3,66681,INR,2026-05-10 14:00:36,2026-05-10 14:16:36
RES102980,HYD001,CNF102980,GUEST102980,2026-06-28,2026-07-03,QUEEN,PKG,PKG_STD,CANCELLED,3,0,INR,2026-05-10 03:14:41,2026-05-10 03:35:41
RES102981,BLR001,CNF102981,GUEST102981,2026-06-06,2026-06-07,QUEEN,PREPAY,PPR_STD,CANCELLED,4,0,INR,2026-05-10 11:20:35,2026-05-10 14:04:35
RES102982,DEL001,CNF102982,GUEST102982,2026-05-31,2026-06-02,STD,PREPAY,PPR_DLX,CANCELLED,3,0,INR,2026-05-10 13:52:13,2026-05-10 15:49:13
RES102983,CHN001,CNF102983,GUEST102983,2026-06-21,2026-06-23,QUEEN,PREPAY,PPR_STD,MODIFIED,4,53392,INR,2026-05-10 23:12:52,2026-05-11 01:40:52
RES102984,MUM002,CNF102984,GUEST102984,2026-07-06,2026-07-10,DLX,CORP,CORP_STD,CANCELLED,4,0,INR,2026-05-10 14:27:12,2026-05-10 15:07:12
RES102985,MUM002,CNF102985,GUEST102985,2026-07-04,2026-07-06,KING,BAR,BAR_DLX,MODIFIED,3,74448,INR,2026-05-10 10:17:26,2026-05-10 11:46:26
RES102986,BLR002,CNF102986,GUEST102986,2026-06-15,2026-06-18,QUEEN,BAR,BAR_DLX,MODIFIED,2,54264,INR,2026-05-10 11:54:59,2026-05-10 12:46:59
RES102987,BLR001,CNF102987,GUEST102987,2026-07-03,2026-07-04,QUEEN,BAR,BAR_STD,CANCELLED,4,0,INR,2026-05-10 12:53:41,2026-05-10 13:15:41
RES102988,MUM002,CNF102988,GUEST102988,2026-06-07,2026-06-09,KING,BAR,BAR_STD,MODIFIED,3,79944,INR,2026-05-10 14:50:23,2026-05-10 16:05:23
RES102989,BLR002,CNF102989,GUEST102989,2026-05-15,2026-05-16,DLX,MEMBER,MEM_DLX,MODIFIED,4,39624,INR,2026-05-10 17:58:24,2026-05-10 20:12:24
RES102990,KER001,CNF102990,GUEST102990,2026-06-30,2026-07-05,DLX,PREPAY,PPR_DLX,BOOKED,3,73095,INR,2026-05-10 08:43:16,2026-05-10 10:45:16
RES102991,CHN001,CNF102991,GUEST102991,2026-06-17,2026-06-18,STD,BAR,BAR_DLX,BOOKED,2,23620,INR,2026-05-10 19:37:30,2026-05-10 20:35:30
RES102992,CHN001,CNF102992,GUEST102992,2026-06-09,2026-06-10,KING,PREPAY,PPR_STD,MODIFIED,3,25953,INR,2026-05-10 20:34:37,2026-05-10 20:49:37
RES102993,KOL001,CNF102993,GUEST102993,2026-06-30,2026-07-01,DLX,PKG,PKG_STD,CANCELLED,1,0,INR,2026-05-10 05:32:15,2026-05-10 06:21:15
RES102994,KER001,CNF102994,GUEST102994,2026-07-03,2026-07-05,STE,BAR,BAR_DLX,CANCELLED,2,0,INR,2026-05-10 10:20:34,2026-05-10 11:49:34
RES102995,MUM001,CNF102995,GUEST102995,2026-05-14,2026-05-19,QUEEN,PKG,PKG_DLX,MODIFIED,3,184500,INR,2026-05-10 15:04:01,2026-05-10 17:51:01
RES102996,CHN001,CNF102996,GUEST102996,2026-06-05,2026-06-06,KING,CORP,CORP_STD,MODIFIED,3,31401,INR,2026-05-10 08:06:52,2026-05-10 08:07:52
RES102997,BLR002,CNF102997,GUEST102997,2026-06-03,2026-06-06,DLX,MEMBER,MEM_DLX,CANCELLED,2,0,INR,2026-05-10 09:20:01,2026-05-10 09:33:01
RES102998,DEL002,CNF102998,GUEST102998,2026-07-03,2026-07-05,QUEEN,MEMBER,MEM_DLX,MODIFIED,2,57196,INR,2026-05-10 16:20:28,2026-05-10 18:39:28
RES102999,BLR001,CNF102999,GUEST102999,2026-05-30,2026-06-03,KING,MEMBER,MEM_STD,MODIFIED,2,33624,INR,2026-05-10 17:56:44,2026-05-10 20:19:44
RES103000,HYD001,CNF103000,GUEST103000,2026-06-23,2026-06-26,KING,PKG,PKG_DLX,MODIFIED,3,77220,INR,2026-05-10 01:09:50,2026-05-10 02:34:50
RES103001,MUM001,CNF103001,GUEST103001,2026-05-15,2026-05-20,STE,BAR,BAR_DLX,BOOKED,1,36720,INR,2026-05-10 08:32:53,2026-05-10 11:05:53
RES103002,HYD001,CNF103002,GUEST103002,2026-05-23,2026-05-26,STD,MEMBER,MEM_DLX,MODIFIED,3,117180,INR,2026-05-10 03:39:59,2026-05-10 04:30:59
RES103003,HYD001,CNF103003,GUEST103003,2026-06-17,2026-06-19,QUEEN,PREPAY,PPR_STD,BOOKED,4,64528,INR,2026-05-10 04:47:15,2026-05-10 04:55:15
RES103004,CHA001,CNF103004,GUEST103004,2026-06-18,2026-06-22,KING,MEMBER,MEM_DLX,BOOKED,2,107552,INR,2026-05-10 12:40:50,2026-05-10 13:56:50
RES103005,BLR002,CNF103005,GUEST103005,2026-05-28,2026-05-29,STD,PREPAY,PPR_STD,BOOKED,4,45028,INR,2026-05-10 01:32:41,2026-05-10 01:32:41
RES103006,MUM001,CNF103006,GUEST103006,2026-06-05,2026-06-10,QUEEN,PREPAY,PPR_STD,MODIFIED,1,40330,INR,2026-05-10 19:55:23,2026-05-10 20:28:23
RES103007,CHN001,CNF103007,GUEST103007,2026-07-06,2026-07-08,STD,CORP,CORP_DLX,MODIFIED,4,104928,INR,2026-05-10 08:20:46,2026-05-10 09:58:46
RES103008,BLR002,CNF103008,GUEST103008,2026-07-05,2026-07-07,KING,MEMBER,MEM_STD,BOOKED,3,45258,INR,2026-05-10 10:26:50,2026-05-10 11:58:50
RES103009,HYD001,CNF103009,GUEST103009,2026-05-18,2026-05-20,KING,CORP,CORP_STD,CANCELLED,1,0,INR,2026-05-10 05:05:35,2026-05-10 05:13:35
RES103010,CHN001,CNF103010,GUEST103010,2026-06-20,2026-06-21,QUEEN,BAR,BAR_DLX,CANCELLED,2,0,INR,2026-05-10 05:23:05,2026-05-10 08:19:05
RES103011,BLR002,CNF103011,GUEST103011,2026-07-01,2026-07-04,STD,CORP,CORP_DLX,CANCELLED,2,0,INR,2026-05-10 07:58:25,2026-05-10 09:30:25
RES103012,MUM002,CNF103012,GUEST103012,2026-06-01,2026-06-04,DLX,BAR,BAR_DLX,MODIFIED,2,34032,INR,2026-05-10 08:53:19,2026-05-10 10:25:19
RES103013,HYD001,CNF103013,GUEST103013,2026-05-19,2026-05-21,KING,PKG,PKG_DLX,BOOKED,4,42856,INR,2026-05-10 12:08:52,2026-05-10 15:04:52
RES103014,HYD001,CNF103014,GUEST103014,2026-05-31,2026-06-03,KING,MEMBER,MEM_DLX,BOOKED,2,48786,INR,2026-05-10 06:45:13,2026-05-10 07:16:13
RES103015,CHN001,CNF103015,GUEST103015,2026-07-07,2026-07-10,QUEEN,BAR,BAR_STD,MODIFIED,4,45336,INR,2026-05-10 02:15:55,2026-05-10 03:39:55
RES103016,DEL001,CNF103016,GUEST103016,2026-05-13,2026-05-16,DLX,PREPAY,PPR_DLX,MODIFIED,2,38616,INR,2026-05-10 03:30:10,2026-05-10 04:28:10
RES103017,HYD001,CNF103017,GUEST103017,2026-06-29,2026-07-03,STD,PREPAY,PPR_STD,BOOKED,3,97260,INR,2026-05-10 21:19:28,2026-05-10 21:54:28
RES103018,MUM002,CNF103018,GUEST103018,2026-05-30,2026-06-04,STD,PREPAY,PPR_STD,CANCELLED,2,0,INR,2026-05-10 10:10:19,2026-05-10 11:52:19
RES103019,MUM002,CNF103019,GUEST103019,2026-05-13,2026-05-15,STD,CORP,CORP_STD,MODIFIED,3,86112,INR,2026-05-10 08:51:44,2026-05-10 11:09:44
RES103020,MUM001,CNF103020,GUEST103020,2026-05-31,2026-06-03,DLX,CORP,CORP_STD,BOOKED,3,124101,INR,2026-05-10 22:52:57,2026-05-11 00:21:57
RES103021,DEL001,CNF103021,GUEST103021,2026-05-19,2026-05-23,STD,MEMBER,MEM_STD,MODIFIED,4,99232,INR,2026-05-10 21:39:06,2026-05-10 21:39:06
RES103022,HYD001,CNF103022,GUEST103022,2026-05-24,2026-05-28,QUEEN,PREPAY,PPR_STD,MODIFIED,1,20208,INR,2026-05-10 08:41:46,2026-05-10 10:44:46
RES103023,KOL001,CNF103023,GUEST103023,2026-05-13,2026-05-17,STD,CORP,CORP_DLX,MODIFIED,3,81588,INR,2026-05-10 05:38:05,2026-05-10 06:59:05
RES103024,BLR002,CNF103024,GUEST103024,2026-06-14,2026-06-16,QUEEN,CORP,CORP_DLX,BOOKED,3,83628,INR,2026-05-10 22:40:06,2026-05-10 23:40:06
RES103025,BLR001,CNF103025,GUEST103025,2026-06-06,2026-06-07,DLX,PKG,PKG_STD,CANCELLED,3,0,INR,2026-05-10 15:27:09,2026-05-10 17:41:09
RES103026,KER001,CNF103026,GUEST103026,2026-07-05,2026-07-06,QUEEN,PREPAY,PPR_STD,MODIFIED,2,9086,INR,2026-05-10 06:22:22,2026-05-10 09:17:22
RES103027,DEL002,CNF103027,GUEST103027,2026-07-09,2026-07-13,DLX,MEMBER,MEM_STD,BOOKED,2,57968,INR,2026-05-10 08:56:18,2026-05-10 09:34:18
RES103028,KER001,CNF103028,GUEST103028,2026-06-27,2026-07-01,QUEEN,BAR,BAR_STD,BOOKED,4,170096,INR,2026-05-10 11:09:34,2026-05-10 11:20:34
RES103029,HYD001,CNF103029,GUEST103029,2026-07-01,2026-07-04,QUEEN,BAR,BAR_DLX,CANCELLED,1,0,INR,2026-05-10 23:09:01,2026-05-10 23:35:01
RES103030,BLR001,CNF103030,GUEST103030,2026-06-07,2026-06-10,QUEEN,PKG,PKG_STD,CANCELLED,2,0,INR,2026-05-10 13:10:59,2026-05-10 15:46:59
RES103031,BLR002,CNF103031,GUEST103031,2026-05-21,2026-05-25,STE,PREPAY,PPR_STD,MODIFIED,1,49008,INR,2026-05-10 05:38:40,2026-05-10 08:11:40
RES103032,CHN001,CNF103032,GUEST103032,2026-05-18,2026-05-22,QUEEN,PREPAY,PPR_DLX,MODIFIED,3,86832,INR,2026-05-10 17:02:33,2026-05-10 18:48:33
RES103033,DEL002,CNF103033,GUEST103033,2026-07-02,2026-07-05,DLX,BAR,BAR_DLX,BOOKED,2,61830,INR,2026-05-10 19:09:48,2026-05-10 19:36:48
RES103034,DEL002,CNF103034,GUEST103034,2026-06-06,2026-06-11,QUEEN,PREPAY,PPR_DLX,MODIFIED,1,37000,INR,2026-05-10 01:36:34,2026-05-10 02:18:34
RES103035,HYD001,CNF103035,GUEST103035,2026-06-12,2026-06-15,STD,PREPAY,PPR_STD,CANCELLED,2,0,INR,2026-05-10 11:08:45,2026-05-10 12:37:45
RES103036,KER001,CNF103036,GUEST103036,2026-05-27,2026-05-29,KING,BAR,BAR_STD,MODIFIED,3,80316,INR,2026-05-10 04:54:52,2026-05-10 06:14:52
RES103037,CHN001,CNF103037,GUEST103037,2026-06-21,2026-06-25,QUEEN,CORP,CORP_DLX,CANCELLED,3,0,INR,2026-05-10 14:08:16,2026-05-10 15:31:16
RES103038,DEL002,CNF103038,GUEST103038,2026-06-23,2026-06-28,STD,BAR,BAR_DLX,CANCELLED,1,0,INR,2026-05-10 08:06:34,2026-05-10 08:32:34
RES103039,CHA001,CNF103039,GUEST103039,2026-05-23,2026-05-24,STD,BAR,BAR_STD,BOOKED,3,32817,INR,2026-05-10 07:50:18,2026-05-10 10:43:18
RES103040,DEL002,CNF103040,GUEST103040,2026-06-13,2026-06-17,STE,CORP,CORP_DLX,CANCELLED,3,0,INR,2026-05-10 10:29:15,2026-05-10 13:29:15
RES103041,CHN001,CNF103041,GUEST103041,2026-05-14,2026-05-17,QUEEN,PREPAY,PPR_DLX,MODIFIED,2,46170,INR,2026-05-10 05:59:19,2026-05-10 07:15:19
RES103042,KOL001,CNF103042,GUEST103042,2026-05-19,2026-05-22,STE,MEMBER,MEM_STD,BOOKED,1,15930,INR,2026-05-10 05:32:19,2026-05-10 05:34:19
RES103043,KER001,CNF103043,GUEST103043,2026-06-17,2026-06-21,QUEEN,BAR,BAR_STD,MODIFIED,4,126928,INR,2026-05-10 00:19:57,2026-05-10 01:33:57
RES103044,BLR001,CNF103044,GUEST103044,2026-05-14,2026-05-17,DLX,CORP,CORP_DLX,CANCELLED,4,0,INR,2026-05-10 03:13:37,2026-05-10 05:14:37
RES103045,BLR002,CNF103045,GUEST103045,2026-06-05,2026-06-08,QUEEN,MEMBER,MEM_STD,BOOKED,1,43509,INR,2026-05-10 01:59:02,2026-05-10 04:03:02
RES103046,KER001,CNF103046,GUEST103046,2026-07-09,2026-07-10,DLX,PREPAY,PPR_STD,CANCELLED,4,0,INR,2026-05-10 13:52:13,2026-05-10 16:08:13
RES103047,DEL002,CNF103047,GUEST103047,2026-06-08,2026-06-10,DLX,PKG,PKG_STD,CANCELLED,4,0,INR,2026-05-10 07:34:11,2026-05-10 07:55:11
RES103048,BLR002,CNF103048,GUEST103048,2026-06-04,2026-06-05,QUEEN,PREPAY,PPR_DLX,BOOKED,2,21352,INR,2026-05-10 10:30:26,2026-05-10 13:28:26
RES103049,CHN001,CNF103049,GUEST103049,2026-05-28,2026-05-31,STD,BAR,BAR_STD,BOOKED,2,53556,INR,2026-05-10 04:15:26,2026-05-10 06:15:26
RES103050,BLR002,CNF103050,GUEST103050,2026-05-27,2026-05-30,DLX,MEMBER,MEM_STD,CANCELLED,1,0,INR,2026-05-10 05:05:32,2026-05-10 06:20:32
RES103051,KER001,CNF103051,GUEST103051,2026-06-29,2026-07-03,DLX,CORP,CORP_STD,MODIFIED,3,115584,INR,2026-05-10 20:48:42,2026-05-10 20:54:42
RES103052,BLR001,CNF103052,GUEST103052,2026-06-09,2026-06-13,DLX,MEMBER,MEM_STD,CANCELLED,4,0,INR,2026-05-10 01:20:03,2026-05-10 04:14:03
RES103053,BLR002,CNF103053,GUEST103053,2026-06-16,2026-06-20,STE,BAR,BAR_DLX,MODIFIED,4,61792,INR,2026-05-10 21:33:09,2026-05-10 22:27:09
RES103054,HYD001,CNF103054,GUEST103054,2026-05-13,2026-05-16,DLX,BAR,BAR_DLX,BOOKED,4,102192,INR,2026-05-10 20:33:20,2026-05-10 22:46:20
RES103055,MUM001,CNF103055,GUEST103055,2026-05-29,2026-06-03,STE,CORP,CORP_STD,BOOKED,2,66450,INR,2026-05-10 00:09:45,2026-05-10 01:12:45
RES103056,KOL001,CNF103056,GUEST103056,2026-06-15,2026-06-18,QUEEN,BAR,BAR_STD,MODIFIED,1,28470,INR,2026-05-10 11:23:50,2026-05-10 14:16:50
RES103057,DEL002,CNF103057,GUEST103057,2026-05-17,2026-05-21,KING,BAR,BAR_DLX,BOOKED,1,43636,INR,2026-05-10 06:57:39,2026-05-10 07:16:39
RES103058,DEL001,CNF103058,GUEST103058,2026-07-02,2026-07-03,DLX,MEMBER,MEM_STD,BOOKED,2,24474,INR,2026-05-10 03:40:39,2026-05-10 03:43:39
RES103059,DEL002,CNF103059,GUEST103059,2026-07-01,2026-07-06,STE,BAR,BAR_STD,CANCELLED,1,0,INR,2026-05-10 05:38:56,2026-05-10 06:59:56
RES103060,MUM002,CNF103060,GUEST103060,2026-06-10,2026-06-12,STD,PKG,PKG_DLX,CANCELLED,1,0,INR,2026-05-10 22:05:13,2026-05-11 00:53:13
RES103061,KER001,CNF103061,GUEST103061,2026-06-03,2026-06-07,KING,BAR,BAR_STD,BOOKED,1,27740,INR,2026-05-10 08:03:54,2026-05-10 10:30:54
RES103062,DEL001,CNF103062,GUEST103062,2026-06-06,2026-06-11,STE,PKG,PKG_DLX,MODIFIED,1,22800,INR,2026-05-10 06:03:29,2026-05-10 07:54:29
RES103063,CHA001,CNF103063,GUEST103063,2026-05-14,2026-05-19,STD,BAR,BAR_DLX,CANCELLED,4,0,INR,2026-05-10 19:17:21,2026-05-10 22:04:21
RES103064,DEL002,CNF103064,GUEST103064,2026-06-19,2026-06-20,STE,PKG,PKG_DLX,BOOKED,1,8490,INR,2026-05-10 21:24:10,2026-05-10 22:11:10
RES103065,MUM001,CNF103065,GUEST103065,2026-07-02,2026-07-07,DLX,PREPAY,PPR_DLX,BOOKED,2,93210,INR,2026-05-10 22:52:45,2026-05-10 23:04:45
RES103066,DEL002,CNF103066,GUEST103066,2026-07-07,2026-07-12,STE,PKG,PKG_DLX,BOOKED,3,115140,INR,2026-05-10 20:46:50,2026-05-10 23:04:50
RES103067,DEL002,CNF103067,GUEST103067,2026-06-24,2026-06-28,QUEEN,CORP,CORP_STD,BOOKED,3,90444,INR,2026-05-10 04:02:25,2026-05-10 04:29:25
RES103068,BLR002,CNF103068,GUEST103068,2026-05-20,2026-05-22,STE,BAR,BAR_STD,MODIFIED,2,44560,INR,2026-05-10 03:30:30,2026-05-10 03:49:30
RES103069,BLR001,CNF103069,GUEST103069,2026-07-04,2026-07-07,STE,BAR,BAR_DLX,BOOKED,2,43452,INR,2026-05-10 16:44:40,2026-05-10 18:09:40
RES103070,HYD001,CNF103070,GUEST103070,2026-06-02,2026-06-04,QUEEN,PREPAY,PPR_STD,CANCELLED,2,0,INR,2026-05-10 09:24:13,2026-05-10 10:22:13
RES103071,DEL001,CNF103071,GUEST103071,2026-06-09,2026-06-14,STD,PREPAY,PPR_STD,CANCELLED,2,0,INR,2026-05-10 11:42:54,2026-05-10 11:54:54
RES103072,CHN001,CNF103072,GUEST103072,2026-06-11,2026-06-14,KING,BAR,BAR_STD,MODIFIED,2,55128,INR,2026-05-10 11:40:11,2026-05-10 14:04:11
RES103073,MUM001,CNF103073,GUEST103073,2026-05-29,2026-06-02,QUEEN,PKG,PKG_STD,CANCELLED,1,0,INR,2026-05-10 17:11:12,2026-05-10 18:42:12
RES103074,KOL001,CNF103074,GUEST103074,2026-06-17,2026-06-21,QUEEN,MEMBER,MEM_STD,BOOKED,3,119472,INR,2026-05-10 22:28:29,2026-05-11 00:04:29
RES103075,DEL002,CNF103075,GUEST103075,2026-05-30,2026-06-02,STE,MEMBER,MEM_STD,BOOKED,2,49044,INR,2026-05-10 00:02:17,2026-05-10 02:52:17
RES103076,KER001,CNF103076,GUEST103076,2026-06-01,2026-06-04,KING,BAR,BAR_STD,CANCELLED,2,0,INR,2026-05-10 23:18:27,2026-05-11 02:08:27
RES103077,DEL001,CNF103077,GUEST103077,2026-05-31,2026-06-05,KING,PKG,PKG_STD,BOOKED,4,137060,INR,2026-05-10 02:28:42,2026-05-10 04:16:42
RES103078,MUM001,CNF103078,GUEST103078,2026-06-03,2026-06-05,STE,PREPAY,PPR_STD,CANCELLED,2,0,INR,2026-05-10 16:21:31,2026-05-10 18:45:31
RES103079,BLR001,CNF103079,GUEST103079,2026-05-23,2026-05-28,KING,BAR,BAR_STD,BOOKED,1,36615,INR,2026-05-10 15:09:24,2026-05-10 16:29:24
RES103080,HYD001,CNF103080,GUEST103080,2026-05-24,2026-05-27,STD,CORP,CORP_DLX,MODIFIED,4,92628,INR,2026-05-10 23:48:33,2026-05-10 23:54:33
RES103081,DEL002,CNF103081,GUEST103081,2026-06-15,2026-06-18,STD,MEMBER,MEM_DLX,BOOKED,2,84840,INR,2026-05-10 11:13:13,2026-05-10 11:56:13
RES103082,BLR001,CNF103082,GUEST103082,2026-06-08,2026-06-11,KING,CORP,CORP_DLX,MODIFIED,3,83016,INR,2026-05-10 03:20:56,2026-05-10 03:36:56
RES103083,HYD001,CNF103083,GUEST103083,2026-06-30,2026-07-02,KING,CORP,CORP_STD,MODIFIED,1,24496,INR,2026-05-10 16:19:45,2026-05-10 17:20:45
RES103084,MUM001,CNF103084,GUEST103084,2026-06-02,2026-06-04,DLX,CORP,CORP_DLX,CANCELLED,3,0,INR,2026-05-10 21:30:35,2026-05-10 21:59:35
RES103085,KOL001,CNF103085,GUEST103085,2026-05-15,2026-05-17,QUEEN,PREPAY,PPR_DLX,BOOKED,1,23676,INR,2026-05-10 23:31:48,2026-05-10 23:39:48
RES103086,HYD001,CNF103086,GUEST103086,2026-06-13,2026-06-17,DLX,PREPAY,PPR_DLX,BOOKED,2,80248,INR,2026-05-10 05:15:52,2026-05-10 07:22:52
RES103087,MUM001,CNF103087,GUEST103087,2026-05-15,2026-05-16,DLX,BAR,BAR_STD,CANCELLED,1,0,INR,2026-05-10 11:44:41,2026-05-10 11:58:41
RES103088,BLR001,CNF103088,GUEST103088,2026-05-26,2026-05-31,DLX,PREPAY,PPR_STD,MODIFIED,4,115620,INR,2026-05-10 13:19:20,2026-05-10 15:46:20
RES103089,DEL001,CNF103089,GUEST103089,2026-06-27,2026-06-29,STD,PKG,PKG_STD,MODIFIED,3,24798,INR,2026-05-10 12:07:24,2026-05-10 12:33:24
RES103090,MUM001,CNF103090,GUEST103090,2026-07-02,2026-07-05,STD,CORP,CORP_STD,MODIFIED,2,44370,INR,2026-05-10 00:34:48,2026-05-10 00:51:48
RES103091,DEL001,CNF103091,GUEST103091,2026-07-07,2026-07-12,STD,PKG,PKG_DLX,BOOKED,1,38395,INR,2026-05-10 13:24:05,2026-05-10 16:01:05
RES103092,DEL001,CNF103092,GUEST103092,2026-06-12,2026-06-15,QUEEN,CORP,CORP_STD,MODIFIED,4,132852,INR,2026-05-10 01:27:00,2026-05-10 03:41:00
RES103093,CHN001,CNF103093,GUEST103093,2026-06-19,2026-06-23,QUEEN,BAR,BAR_STD,MODIFIED,1,49704,INR,2026-05-10 23:46:03,2026-05-10 23:49:03
RES103094,MUM001,CNF103094,GUEST103094,2026-05-13,2026-05-16,KING,PREPAY,PPR_STD,CANCELLED,2,0,INR,2026-05-10 14:58:44,2026-05-10 15:08:44
RES103095,CHN001,CNF103095,GUEST103095,2026-05-23,2026-05-27,QUEEN,CORP,CORP_DLX,BOOKED,1,56088,INR,2026-05-10 05:11:09,2026-05-10 06:01:09
RES103096,BLR001,CNF103096,GUEST103096,2026-05-21,2026-05-26,DLX,PKG,PKG_STD,MODIFIED,4,272980,INR,2026-05-10 04:12:45,2026-05-10 04:46:45
RES103097,BLR001,CNF103097,GUEST103097,2026-06-01,2026-06-04,STE,CORP,CORP_STD,BOOKED,1,30168,INR,2026-05-10 08:41:13,2026-05-10 09:27:13
RES103098,DEL002,CNF103098,GUEST103098,2026-06-18,2026-06-22,DLX,PREPAY,PPR_DLX,CANCELLED,1,0,INR,2026-05-10 06:15:22,2026-05-10 08:08:22
RES103099,MUM002,CNF103099,GUEST103099,2026-05-12,2026-05-13,DLX,PKG,PKG_DLX,MODIFIED,1,11047,INR,2026-05-10 12:13:50,2026-05-10 14:36:50
RES103100,DEL001,CNF103100,GUEST103100,2026-07-05,2026-07-08,STE,MEMBER,MEM_DLX,MODIFIED,2,62070,INR,2026-05-10 09:51:42,2026-05-10 09:56:42
RES103101,CHN001,CNF103101,GUEST103101,2026-07-04,2026-07-07,QUEEN,MEMBER,MEM_DLX,MODIFIED,4,156264,INR,2026-05-10 16:39:01,2026-05-10 17:37:01
RES103102,CHN001,CNF103102,GUEST103102,2026-06-16,2026-06-17,QUEEN,PKG,PKG_DLX,MODIFIED,3,21150,INR,2026-05-10 09:01:55,2026-05-10 11:31:55
RES103103,BLR002,CNF103103,GUEST103103,2026-05-19,2026-05-23,STE,BAR,BAR_DLX,CANCELLED,1,0,INR,2026-05-10 23:26:48,2026-05-11 01:02:48
RES103104,CHA001,CNF103104,GUEST103104,2026-06-18,2026-06-19,QUEEN,MEMBER,MEM_DLX,MODIFIED,4,14636,INR,2026-05-10 07:45:00,2026-05-10 10:15:00
RES103105,KOL001,CNF103105,GUEST103105,2026-07-01,2026-07-06,KING,CORP,CORP_DLX,CANCELLED,1,0,INR,2026-05-10 12:10:35,2026-05-10 13:03:35
RES103106,BLR001,CNF103106,GUEST103106,2026-06-01,2026-06-06,STD,MEMBER,MEM_STD,BOOKED,1,52460,INR,2026-05-10 08:33:47,2026-05-10 10:45:47
RES103107,HYD001,CNF103107,GUEST103107,2026-06-13,2026-06-14,DLX,MEMBER,MEM_DLX,BOOKED,4,14356,INR,2026-05-10 14:19:17,2026-05-10 14:22:17
RES103108,CHA001,CNF103108,GUEST103108,2026-05-31,2026-06-04,STE,BAR,BAR_DLX,CANCELLED,2,0,INR,2026-05-10 08:57:16,2026-05-10 09:00:16
RES103109,KOL001,CNF103109,GUEST103109,2026-06-19,2026-06-23,STE,MEMBER,MEM_STD,BOOKED,3,114228,INR,2026-05-10 20:42:57,2026-05-10 21:37:57
RES103110,KER001,CNF103110,GUEST103110,2026-06-04,2026-06-05,KING,PREPAY,PPR_DLX,MODIFIED,3,16410,INR,2026-05-10 01:18:27,2026-05-10 03:23:27
RES103111,MUM001,CNF103111,GUEST103111,2026-05-21,2026-05-26,STD,PKG,PKG_STD,CANCELLED,1,0,INR,2026-05-10 08:39:33,2026-05-10 11:05:33
RES103112,BLR002,CNF103112,GUEST103112,2026-06-06,2026-06-07,STD,PKG,PKG_STD,CANCELLED,1,0,INR,2026-05-10 02:39:06,2026-05-10 03:58:06
RES103113,CHA001,CNF103113,GUEST103113,2026-07-03,2026-07-04,STD,CORP,CORP_STD,MODIFIED,2,27870,INR,2026-05-10 00:16:11,2026-05-10 03:00:11
RES103114,CHA001,CNF103114,GUEST103114,2026-06-30,2026-07-04,QUEEN,CORP,CORP_DLX,BOOKED,2,51384,INR,2026-05-10 07:31:48,2026-05-10 10:01:48
RES103115,MUM002,CNF103115,GUEST103115,2026-07-06,2026-07-11,STD,BAR,BAR_DLX,CANCELLED,3,0,INR,2026-05-10 05:54:35,2026-05-10 08:18:35
RES103116,DEL002,CNF103116,GUEST103116,2026-06-10,2026-06-11,KING,PREPAY,PPR_DLX,BOOKED,4,14492,INR,2026-05-10 20:23:49,2026-05-10 20:38:49
RES103117,BLR001,CNF103117,GUEST103117,2026-05-28,2026-05-29,STD,PREPAY,PPR_STD,MODIFIED,2,24030,INR,2026-05-10 08:24:31,2026-05-10 11:20:31
RES103118,HYD001,CNF103118,GUEST103118,2026-06-12,2026-06-17,STE,MEMBER,MEM_DLX,CANCELLED,3,0,INR,2026-05-10 23:33:24,2026-05-11 00:23:24
RES103119,CHN001,CNF103119,GUEST103119,2026-06-21,2026-06-26,STD,BAR,BAR_STD,MODIFIED,3,155940,INR,2026-05-10 06:18:47,2026-05-10 06:55:47
RES103120,KER001,CNF103120,GUEST103120,2026-06-26,2026-07-01,QUEEN,BAR,BAR_DLX,CANCELLED,3,0,INR,2026-05-10 00:38:27,2026-05-10 02:11:27
RES103121,HYD001,CNF103121,GUEST103121,2026-05-23,2026-05-27,KING,CORP,CORP_STD,BOOKED,1,22756,INR,2026-05-10 00:56:42,2026-05-10 02:56:42
RES103122,BLR002,CNF103122,GUEST103122,2026-06-05,2026-06-07,STE,BAR,BAR_STD,MODIFIED,1,23512,INR,2026-05-10 06:33:56,2026-05-10 08:48:56
RES103123,DEL001,CNF103123,GUEST103123,2026-06-10,2026-06-11,DLX,BAR,BAR_DLX,CANCELLED,2,0,INR,2026-05-10 07:49:02,2026-05-10 09:39:02
RES103124,BLR001,CNF103124,GUEST103124,2026-06-24,2026-06-25,QUEEN,BAR,BAR_STD,CANCELLED,4,0,INR,2026-05-10 13:37:27,2026-05-10 16:03:27
RES103125,BLR001,CNF103125,GUEST103125,2026-06-28,2026-07-03,KING,MEMBER,MEM_DLX,CANCELLED,4,0,INR,2026-05-10 05:58:14,2026-05-10 08:31:14
RES103126,HYD001,CNF103126,GUEST103126,2026-06-11,2026-06-14,DLX,CORP,CORP_STD,BOOKED,4,111816,INR,2026-05-10 15:13:59,2026-05-10 15:36:59
RES103127,MUM001,CNF103127,GUEST103127,2026-06-19,2026-06-22,STD,PREPAY,PPR_DLX,CANCELLED,2,0,INR,2026-05-10 20:58:34,2026-05-10 21:50:34
RES103128,BLR001,CNF103128,GUEST103128,2026-05-11,2026-05-12,STE,BAR,BAR_DLX,CANCELLED,2,0,INR,2026-05-10 00:25:59,2026-05-10 01:36:59
RES103129,BLR001,CNF103129,GUEST103129,2026-05-21,2026-05-25,QUEEN,PREPAY,PPR_STD,CANCELLED,3,0,INR,2026-05-10 08:34:12,2026-05-10 10:43:12
RES103130,DEL002,CNF103130,GUEST103130,2026-06-19,2026-06-20,DLX,MEMBER,MEM_DLX,BOOKED,2,24046,INR,2026-05-10 00:48:08,2026-05-10 02:37:08
RES103131,CHA001,CNF103131,GUEST103131,2026-06-28,2026-06-29,KING,MEMBER,MEM_STD,MODIFIED,4,22060,INR,2026-05-10 09:20:08,2026-05-10 11:23:08
RES103132,DEL001,CNF103132,GUEST103132,2026-05-12,2026-05-13,DLX,PKG,PKG_STD,BOOKED,3,22677,INR,2026-05-10 18:38:31,2026-05-10 21:06:31
RES103133,KER001,CNF103133,GUEST103133,2026-07-04,2026-07-07,DLX,PKG,PKG_DLX,BOOKED,1,18783,INR,2026-05-10 07:19:53,2026-05-10 09:25:53
RES103134,DEL001,CNF103134,GUEST103134,2026-05-27,2026-05-30,QUEEN,PKG,PKG_STD,CANCELLED,4,0,INR,2026-05-10 21:35:08,2026-05-11 00:24:08
RES103135,CHN001,CNF103135,GUEST103135,2026-05-27,2026-05-28,DLX,CORP,CORP_DLX,BOOKED,2,29382,INR,2026-05-10 02:38:13,2026-05-10 04:44:13
RES103136,DEL001,CNF103136,GUEST103136,2026-06-05,2026-06-10,DLX,BAR,BAR_DLX,MODIFIED,4,164020,INR,2026-05-10 19:42:37,2026-05-10 22:15:37
RES103137,BLR001,CNF103137,GUEST103137,2026-05-18,2026-05-23,DLX,CORP,CORP_DLX,CANCELLED,2,0,INR,2026-05-10 21:01:17,2026-05-10 22:20:17
RES103138,KER001,CNF103138,GUEST103138,2026-06-28,2026-06-29,STD,CORP,CORP_STD,BOOKED,4,19836,INR,2026-05-10 12:54:36,2026-05-10 14:55:36
RES103139,KOL001,CNF103139,GUEST103139,2026-05-29,2026-06-01,QUEEN,CORP,CORP_DLX,CANCELLED,2,0,INR,2026-05-10 17:36:25,2026-05-10 19:41:25
RES103140,MUM002,CNF103140,GUEST103140,2026-05-23,2026-05-26,QUEEN,CORP,CORP_DLX,CANCELLED,3,0,INR,2026-05-10 02:32:14,2026-05-10 02:53:14
RES103141,HYD001,CNF103141,GUEST103141,2026-06-25,2026-06-27,KING,CORP,CORP_STD,CANCELLED,3,0,INR,2026-05-10 03:20:29,2026-05-10 05:06:29
RES103142,HYD001,CNF103142,GUEST103142,2026-05-13,2026-05-17,STE,CORP,CORP_DLX,CANCELLED,4,0,INR,2026-05-10 11:04:15,2026-05-10 13:53:15
RES103143,HYD001,CNF103143,GUEST103143,2026-06-20,2026-06-21,KING,PKG,PKG_DLX,CANCELLED,3,0,INR,2026-05-10 20:54:53,2026-05-10 21:40:53
RES103144,DEL001,CNF103144,GUEST103144,2026-07-09,2026-07-14,STE,MEMBER,MEM_DLX,BOOKED,1,18510,INR,2026-05-10 18:13:33,2026-05-10 20:06:33
RES103145,HYD001,CNF103145,GUEST103145,2026-05-31,2026-06-01,QUEEN,MEMBER,MEM_STD,BOOKED,2,25670,INR,2026-05-10 12:51:52,2026-05-10 14:11:52
RES103146,BLR002,CNF103146,GUEST103146,2026-05-14,2026-05-15,STE,BAR,BAR_DLX,BOOKED,4,46540,INR,2026-05-10 23:45:36,2026-05-11 01:25:36
RES103147,CHA001,CNF103147,GUEST103147,2026-05-25,2026-05-28,KING,BAR,BAR_STD,BOOKED,1,27027,INR,2026-05-10 19:10:27,2026-05-10 20:08:27
RES103148,DEL001,CNF103148,GUEST103148,2026-06-18,2026-06-20,KING,MEMBER,MEM_STD,BOOKED,4,49176,INR,2026-05-10 08:18:13,2026-05-10 10:28:13
RES103149,MUM002,CNF103149,GUEST103149,2026-06-23,2026-06-24,STE,CORP,CORP_DLX,MODIFIED,2,20554,INR,2026-05-10 14:35:29,2026-05-10 14:37:29
RES103150,KER001,CNF103150,GUEST103150,2026-06-20,2026-06-24,DLX,BAR,BAR_STD,BOOKED,3,50100,INR,2026-05-10 10:25:02,2026-05-10 11:51:02
RES103151,CHA001,CNF103151,GUEST103151,2026-07-02,2026-07-05,STD,CORP,CORP_STD,MODIFIED,1,40569,INR,2026-05-10 20:08:29,2026-05-10 20:53:29
RES103152,DEL001,CNF103152,GUEST103152,2026-05-26,2026-05-30,KING,MEMBER,MEM_STD,CANCELLED,3,0,INR,2026-05-10 00:21:35,2026-05-10 01:52:35
RES103153,KOL001,CNF103153,GUEST103153,2026-05-21,2026-05-25,QUEEN,BAR,BAR_DLX,BOOKED,2,113648,INR,2026-05-10 05:01:23,2026-05-10 05:34:23
RES103154,DEL001,CNF103154,GUEST103154,2026-05-13,2026-05-17,KING,CORP,CORP_DLX,CANCELLED,4,0,INR,2026-05-10 12:17:05,2026-05-10 13:02:05
RES103155,MUM002,CNF103155,GUEST103155,2026-07-07,2026-07-11,STD,PKG,PKG_STD,BOOKED,1,30052,INR,2026-05-10 02:48:49,2026-05-10 03:30:49
RES103156,DEL001,CNF103156,GUEST103156,2026-06-03,2026-06-07,DLX,PREPAY,PPR_DLX,BOOKED,1,19188,INR,2026-05-10 17:37:18,2026-05-10 19:31:18
RES103157,MUM001,CNF103157,GUEST103157,2026-06-23,2026-06-24,DLX,PREPAY,PPR_DLX,MODIFIED,1,11251,INR,2026-05-10 07:07:39,2026-05-10 09:06:39
RES103158,MUM001,CNF103158,GUEST103158,2026-07-08,2026-07-11,STE,MEMBER,MEM_STD,MODIFIED,3,118431,INR,2026-05-10 08:28:59,2026-05-10 11:09:59
RES103159,BLR002,CNF103159,GUEST103159,2026-07-02,2026-07-04,KING,MEMBER,MEM_STD,BOOKED,2,23476,INR,2026-05-10 02:03:06,2026-05-10 04:35:06
RES103160,MUM002,CNF103160,GUEST103160,2026-05-20,2026-05-23,STE,CORP,CORP_DLX,BOOKED,1,24276,INR,2026-05-10 02:20:57,2026-05-10 04:12:57
RES103161,CHN001,CNF103161,GUEST103161,2026-05-22,2026-05-25,KING,BAR,BAR_STD,CANCELLED,3,0,INR,2026-05-10 20:53:14,2026-05-10 21:39:14
RES103162,KOL001,CNF103162,GUEST103162,2026-06-24,2026-06-25,STE,MEMBER,MEM_DLX,BOOKED,2,11584,INR,2026-05-10 19:27:08,2026-05-10 20:09:08
RES103163,HYD001,CNF103163,GUEST103163,2026-07-04,2026-07-07,STD,PREPAY,PPR_STD,BOOKED,3,83871,INR,2026-05-10 12:34:59,2026-05-10 13:40:59
RES103164,BLR001,CNF103164,GUEST103164,2026-06-06,2026-06-07,KING,MEMBER,MEM_DLX,CANCELLED,1,0,INR,2026-05-10 16:03:20,2026-05-10 17:23:20
RES103165,DEL001,CNF103165,GUEST103165,2026-06-23,2026-06-26,DLX,CORP,CORP_DLX,CANCELLED,1,0,INR,2026-05-10 19:26:06,2026-05-10 21:26:06
RES103166,MUM002,CNF103166,GUEST103166,2026-05-25,2026-05-29,STE,CORP,CORP_STD,MODIFIED,3,110640,INR,2026-05-10 17:20:59,2026-05-10 19:22:59
RES103167,CHN001,CNF103167,GUEST103167,2026-07-02,2026-07-03,STE,CORP,CORP_DLX,MODIFIED,1,11672,INR,2026-05-10 00:31:49,2026-05-10 02:06:49
RES103168,DEL002,CNF103168,GUEST103168,2026-05-20,2026-05-21,DLX,PKG,PKG_DLX,BOOKED,3,14508,INR,2026-05-10 07:50:31,2026-05-10 10:20:31
RES103169,MUM002,CNF103169,GUEST103169,2026-06-27,2026-07-02,STE,MEMBER,MEM_STD,CANCELLED,4,0,INR,2026-05-10 14:05:03,2026-05-10 15:14:03
RES103170,KOL001,CNF103170,GUEST103170,2026-06-17,2026-06-18,KING,BAR,BAR_DLX,CANCELLED,1,0,INR,2026-05-10 05:37:16,2026-05-10 08:35:16
RES103171,CHA001,CNF103171,GUEST103171,2026-06-02,2026-06-04,DLX,BAR,BAR_DLX,CANCELLED,2,0,INR,2026-05-10 20:31:17,2026-05-10 22:43:17
RES103172,CHA001,CNF103172,GUEST103172,2026-06-11,2026-06-13,STD,PKG,PKG_STD,CANCELLED,1,0,INR,2026-05-10 11:01:44,2026-05-10 11:33:44
RES103173,BLR001,CNF103173,GUEST103173,2026-05-18,2026-05-21,QUEEN,MEMBER,MEM_STD,MODIFIED,4,46728,INR,2026-05-10 15:32:52,2026-05-10 16:37:52
RES103174,DEL001,CNF103174,GUEST103174,2026-06-22,2026-06-25,STE,CORP,CORP_STD,MODIFIED,1,12087,INR,2026-05-10 13:02:42,2026-05-10 15:41:42
RES103175,MUM001,CNF103175,GUEST103175,2026-06-24,2026-06-26,DLX,BAR,BAR_DLX,CANCELLED,3,0,INR,2026-05-10 23:32:09,2026-05-11 00:39:09
RES103176,CHA001,CNF103176,GUEST103176,2026-06-20,2026-06-22,STD,CORP,CORP_STD,MODIFIED,2,55852,INR,2026-05-10 19:57:39,2026-05-10 22:43:39
RES103177,CHN001,CNF103177,GUEST103177,2026-05-15,2026-05-17,STD,BAR,BAR_STD,CANCELLED,2,0,INR,2026-05-10 05:16:00,2026-05-10 07:57:00
RES103178,CHA001,CNF103178,GUEST103178,2026-06-16,2026-06-18,KING,MEMBER,MEM_DLX,BOOKED,3,38298,INR,2026-05-10 23:39:56,2026-05-11 00:08:56
RES103179,DEL002,CNF103179,GUEST103179,2026-06-01,2026-06-04,STD,MEMBER,MEM_DLX,MODIFIED,4,76560,INR,2026-05-10 14:19:58,2026-05-10 15:00:58
RES103180,BLR002,CNF103180,GUEST103180,2026-07-06,2026-07-10,STE,PREPAY,PPR_DLX,CANCELLED,3,0,INR,2026-05-10 17:41:37,2026-05-10 20:12:37
RES103181,BLR001,CNF103181,GUEST103181,2026-06-07,2026-06-09,STD,PREPAY,PPR_DLX,BOOKED,1,21886,INR,2026-05-10 08:35:20,2026-05-10 09:38:20
RES103182,DEL002,CNF103182,GUEST103182,2026-07-09,2026-07-14,STE,BAR,BAR_DLX,MODIFIED,4,203280,INR,2026-05-10 09:41:44,2026-05-10 10:22:44
RES103183,CHA001,CNF103183,GUEST103183,2026-06-29,2026-07-01,QUEEN,CORP,CORP_STD,CANCELLED,1,0,INR,2026-05-10 21:56:31,2026-05-10 22:26:31
RES103184,KOL001,CNF103184,GUEST103184,2026-06-17,2026-06-20,STD,CORP,CORP_STD,BOOKED,4,62292,INR,2026-05-10 22:38:01,2026-05-11 00:44:01
RES103185,MUM002,CNF103185,GUEST103185,2026-06-20,2026-06-22,STD,CORP,CORP_STD,MODIFIED,4,98384,INR,2026-05-10 23:01:31,2026-05-10 23:08:31
RES103186,CHA001,CNF103186,GUEST103186,2026-06-03,2026-06-07,DLX,PREPAY,PPR_DLX,BOOKED,2,52032,INR,2026-05-10 13:30:31,2026-05-10 15:29:31
RES103187,CHN001,CNF103187,GUEST103187,2026-07-02,2026-07-05,QUEEN,MEMBER,MEM_DLX,MODIFIED,4,126756,INR,2026-05-10 16:25:36,2026-05-10 17:36:36
RES103188,CHA001,CNF103188,GUEST103188,2026-05-18,2026-05-19,KING,CORP,CORP_DLX,BOOKED,2,22134,INR,2026-05-10 17:49:11,2026-05-10 20:20:11
RES103189,DEL002,CNF103189,GUEST103189,2026-05-31,2026-06-04,QUEEN,PREPAY,PPR_DLX,CANCELLED,2,0,INR,2026-05-10 02:19:09,2026-05-10 05:08:09
RES103190,KOL001,CNF103190,GUEST103190,2026-06-24,2026-06-27,KING,MEMBER,MEM_STD,BOOKED,3,40824,INR,2026-05-10 02:45:02,2026-05-10 04:10:02
RES103191,MUM002,CNF103191,GUEST103191,2026-06-07,2026-06-09,QUEEN,PKG,PKG_STD,CANCELLED,4,0,INR,2026-05-10 07:48:33,2026-05-10 10:07:33
RES103192,CHA001,CNF103192,GUEST103192,2026-07-09,2026-07-13,KING,CORP,CORP_STD,BOOKED,4,90288,INR,2026-05-10 05:01:31,2026-05-10 07:28:31
RES103193,DEL002,CNF103193,GUEST103193,2026-05-22,2026-05-23,STE,PREPAY,PPR_DLX,BOOKED,4,39004,INR,2026-05-10 11:37:22,2026-05-10 11:55:22
RES103194,KER001,CNF103194,GUEST103194,2026-06-26,2026-06-28,STE,MEMBER,MEM_STD,CANCELLED,1,0,INR,2026-05-10 18:48:57,2026-05-10 20:47:57
RES103195,DEL001,CNF103195,GUEST103195,2026-07-05,2026-07-10,KING,PREPAY,PPR_DLX,BOOKED,3,199065,INR,2026-05-10 23:44:02,2026-05-11 02:09:02
RES103196,DEL001,CNF103196,GUEST103196,2026-07-01,2026-07-04,STD,BAR,BAR_STD,BOOKED,2,43878,INR,2026-05-10 03:05:04,2026-05-10 04:46:04
RES103197,HYD001,CNF103197,GUEST103197,2026-06-17,2026-06-21,STD,CORP,CORP_DLX,MODIFIED,3,98016,INR,2026-05-10 04:29:25,2026-05-10 07:08:25
RES103198,DEL002,CNF103198,GUEST103198,2026-07-08,2026-07-11,KING,MEMBER,MEM_STD,BOOKED,3,120105,INR,2026-05-10 16:17:00,2026-05-10 18:20:00
RES103199,BLR002,CNF103199,GUEST103199,2026-06-24,2026-06-28,STD,CORP,CORP_DLX,MODIFIED,3,179868,INR,2026-05-10 01:59:13,2026-05-10 04:16:13
RES103200,KER001,CNF103200,GUEST103200,2026-05-12,2026-05-17,STE,CORP,CORP_DLX,BOOKED,3,75645,INR,2026-05-10 08:06:39,2026-05-10 08:15:39
RES103201,KOL001,CNF103201,GUEST103201,2026-06-07,2026-06-09,QUEEN,BAR,BAR_DLX,MODIFIED,2,24904,INR,2026-05-10 23:30:33,2026-05-10 23:30:33
RES103202,CHA001,CNF103202,GUEST103202,2026-06-29,2026-07-02,STD,PKG,PKG_DLX,MODIFIED,4,137028,INR,2026-05-10 09:07:18,2026-05-10 10:23:18
RES103203,KOL001,CNF103203,GUEST103203,2026-06-21,2026-06-26,STD,PKG,PKG_STD,BOOKED,2,126770,INR,2026-05-10 18:18:36,2026-05-10 19:45:36
RES103204,CHA001,CNF103204,GUEST103204,2026-05-14,2026-05-19,DLX,PKG,PKG_STD,CANCELLED,3,0,INR,2026-05-10 17:32:24,2026-05-10 19:55:24
RES103205,CHN001,CNF103205,GUEST103205,2026-07-04,2026-07-08,KING,BAR,BAR_STD,BOOKED,2,76680,INR,2026-05-10 06:50:04,2026-05-10 07:17:04
RES103206,CHN001,CNF103206,GUEST103206,2026-05-24,2026-05-28,STE,MEMBER,MEM_STD,MODIFIED,1,14344,INR,2026-05-10 00:36:22,2026-05-10 02:51:22
RES103207,KOL001,CNF103207,GUEST103207,2026-06-15,2026-06-19,STD,BAR,BAR_DLX,MODIFIED,2,99168,INR,2026-05-10 23:46:46,2026-05-11 00:14:46
RES103208,MUM002,CNF103208,GUEST103208,2026-06-26,2026-06-27,DLX,CORP,CORP_DLX,BOOKED,1,10030,INR,2026-05-10 04:37:32,2026-05-10 07:24:32
RES103209,BLR002,CNF103209,GUEST103209,2026-06-02,2026-06-03,QUEEN,PREPAY,PPR_DLX,BOOKED,1,4722,INR,2026-05-10 21:31:09,2026-05-10 21:56:09
RES103210,KER001,CNF103210,GUEST103210,2026-06-16,2026-06-21,STE,PREPAY,PPR_STD,MODIFIED,2,145650,INR,2026-05-10 22:51:34,2026-05-11 00:41:34
RES103211,HYD001,CNF103211,GUEST103211,2026-07-01,2026-07-03,STE,MEMBER,MEM_STD,CANCELLED,4,0,INR,2026-05-10 23:55:45,2026-05-11 01:34:45
RES103212,CHN001,CNF103212,GUEST103212,2026-07-02,2026-07-05,STE,MEMBER,MEM_DLX,MODIFIED,4,117036,INR,2026-05-10 17:42:43,2026-05-10 20:00:43
RES103213,BLR001,CNF103213,GUEST103213,2026-07-02,2026-07-06,STE,CORP,CORP_DLX,BOOKED,3,85236,INR,2026-05-10 21:22:02,2026-05-10 23:48:02
RES103214,BLR001,CNF103214,GUEST103214,2026-06-09,2026-06-10,STE,PKG,PKG_DLX,MODIFIED,4,31056,INR,2026-05-10 20:04:38,2026-05-10 20:38:38
RES103215,DEL001,CNF103215,GUEST103215,2026-06-09,2026-06-11,STD,PKG,PKG_STD,CANCELLED,3,0,INR,2026-05-10 09:26:26,2026-05-10 10:40:26
RES103216,KER001,CNF103216,GUEST103216,2026-05-19,2026-05-21,STD,PKG,PKG_DLX,BOOKED,3,46002,INR,2026-05-10 19:14:12,2026-05-10 21:08:12
RES103217,MUM002,CNF103217,GUEST103217,2026-05-16,2026-05-18,QUEEN,PKG,PKG_STD,MODIFIED,1,10912,INR,2026-05-10 01:04:04,2026-05-10 01:17:04
RES103218,KER001,CNF103218,GUEST103218,2026-07-08,2026-07-10,KING,BAR,BAR_DLX,BOOKED,4,35912,INR,2026-05-10 16:42:10,2026-05-10 16:42:10
RES103219,CHA001,CNF103219,GUEST103219,2026-06-22,2026-06-26,QUEEN,MEMBER,MEM_STD,BOOKED,2,49232,INR,2026-05-10 21:10:06,2026-05-10 21:50:06
RES103220,BLR002,CNF103220,GUEST103220,2026-06-08,2026-06-13,KING,CORP,CORP_STD,CANCELLED,4,0,INR,2026-05-10 07:44:44,2026-05-10 09:49:44
RES103221,HYD001,CNF103221,GUEST103221,2026-05-16,2026-05-21,STE,CORP,CORP_DLX,BOOKED,2,90570,INR,2026-05-10 17:31:05,2026-05-10 19:26:05
RES103222,BLR001,CNF103222,GUEST103222,2026-06-30,2026-07-04,QUEEN,CORP,CORP_DLX,MODIFIED,1,43736,INR,2026-05-10 20:37:33,2026-05-10 22:56:33
RES103223,HYD001,CNF103223,GUEST103223,2026-06-22,2026-06-26,KING,PREPAY,PPR_STD,BOOKED,2,105720,INR,2026-05-10 10:37:38,2026-05-10 11:03:38
RES103224,CHN001,CNF103224,GUEST103224,2026-06-18,2026-06-22,DLX,BAR,BAR_STD,CANCELLED,3,0,INR,2026-05-10 19:48:50,2026-05-10 22:28:50
RES103225,KER001,CNF103225,GUEST103225,2026-06-07,2026-06-08,KING,BAR,BAR_DLX,CANCELLED,4,0,INR,2026-05-10 06:05:07,2026-05-10 08:36:07
RES103226,CHA001,CNF103226,GUEST103226,2026-06-18,2026-06-19,STE,BAR,BAR_STD,CANCELLED,4,0,INR,2026-05-10 04:57:50,2026-05-10 07:55:50
RES103227,HYD001,CNF103227,GUEST103227,2026-06-20,2026-06-23,QUEEN,MEMBER,MEM_DLX,BOOKED,4,123444,INR,2026-05-10 10:44:43,2026-05-10 13:43:43
RES103228,CHN001,CNF103228,GUEST103228,2026-05-25,2026-05-28,STD,MEMBER,MEM_STD,MODIFIED,4,106176,INR,2026-05-10 12:47:13,2026-05-10 13:08:13
RES103229,MUM002,CNF103229,GUEST103229,2026-05-23,2026-05-26,KING,PREPAY,PPR_STD,MODIFIED,4,96432,INR,2026-05-10 03:03:28,2026-05-10 05:02:28
RES103230,BLR002,CNF103230,GUEST103230,2026-05-21,2026-05-24,STD,PREPAY,PPR_DLX,CANCELLED,4,0,INR,2026-05-10 06:45:22,2026-05-10 08:27:22
RES103231,DEL002,CNF103231,GUEST103231,2026-06-02,2026-06-06,DLX,CORP,CORP_STD,MODIFIED,3,159984,INR,2026-05-10 16:18:06,2026-05-10 17:57:06
RES103232,DEL002,CNF103232,GUEST103232,2026-06-20,2026-06-23,STD,MEMBER,MEM_DLX,BOOKED,3,87759,INR,2026-05-10 22:29:57,2026-05-11 00:14:57
RES103233,MUM002,CNF103233,GUEST103233,2026-06-15,2026-06-16,DLX,PREPAY,PPR_STD,BOOKED,2,18422,INR,2026-05-10 09:10:55,2026-05-10 11:53:55
RES103234,BLR002,CNF103234,GUEST103234,2026-06-23,2026-06-28,DLX,BAR,BAR_DLX,BOOKED,2,135200,INR,2026-05-10 00:45:10,2026-05-10 01:05:10
RES103235,MUM001,CNF103235,GUEST103235,2026-07-01,2026-07-05,QUEEN,PREPAY,PPR_DLX,BOOKED,4,195408,INR,2026-05-10 21:59:02,2026-05-11 00:41:02
RES103236,DEL002,CNF103236,GUEST103236,2026-05-17,2026-05-20,QUEEN,PKG,PKG_DLX,CANCELLED,3,0,INR,2026-05-10 08:21:47,2026-05-10 09:31:47
RES103237,BLR001,CNF103237,GUEST103237,2026-07-08,2026-07-10,KING,PREPAY,PPR_STD,CANCELLED,2,0,INR,2026-05-10 12:59:13,2026-05-10 14:20:13
RES103238,HYD001,CNF103238,GUEST103238,2026-06-04,2026-06-06,DLX,MEMBER,MEM_DLX,BOOKED,1,15840,INR,2026-05-10 12:48:42,2026-05-10 15:11:42
RES103239,MUM002,CNF103239,GUEST103239,2026-06-26,2026-06-29,QUEEN,PKG,PKG_DLX,MODIFIED,1,44835,INR,2026-05-10 15:05:42,2026-05-10 16:26:42
RES103240,CHA001,CNF103240,GUEST103240,2026-06-20,2026-06-23,QUEEN,PKG,PKG_DLX,BOOKED,1,25065,INR,2026-05-10 19:13:59,2026-05-10 19:50:59
RES103241,MUM001,CNF103241,GUEST103241,2026-05-15,2026-05-18,KING,CORP,CORP_DLX,BOOKED,3,58185,INR,2026-05-10 10:46:35,2026-05-10 12:34:35
RES103242,MUM002,CNF103242,GUEST103242,2026-06-14,2026-06-19,KING,BAR,BAR_STD,MODIFIED,1,70670,INR,2026-05-10 05:08:18,2026-05-10 06:38:18
RES103243,KER001,CNF103243,GUEST103243,2026-06-02,2026-06-04,QUEEN,BAR,BAR_DLX,MODIFIED,1,15556,INR,2026-05-10 19:30:16,2026-05-10 21:34:16
RES103244,CHA001,CNF103244,GUEST103244,2026-06-06,2026-06-07,STE,BAR,BAR_DLX,BOOKED,2,9302,INR,2026-05-10 04:52:15,2026-05-10 05:55:15
RES103245,DEL002,CNF103245,GUEST103245,2026-05-28,2026-05-31,DLX,PREPAY,PPR_DLX,MODIFIED,2,72066,INR,2026-05-10 20:33:51,2026-05-10 22:02:51
RES103246,CHA001,CNF103246,GUEST103246,2026-06-10,2026-06-12,DLX,PREPAY,PPR_STD,CANCELLED,2,0,INR,2026-05-10 13:45:02,2026-05-10 15:00:02
RES103247,KER001,CNF103247,GUEST103247,2026-05-29,2026-06-02,DLX,CORP,CORP_STD,BOOKED,4,148912,INR,2026-05-10 09:09:02,2026-05-10 09:17:02
RES103248,HYD001,CNF103248,GUEST103248,2026-06-05,2026-06-09,STE,BAR,BAR_DLX,BOOKED,3,148428,INR,2026-05-10 05:06:38,2026-05-10 06:29:38
RES103249,BLR001,CNF103249,GUEST103249,2026-06-23,2026-06-28,STD,BAR,BAR_STD,BOOKED,3,114345,INR,2026-05-10 02:23:34,2026-05-10 04:22:34
RES103250,BLR001,CNF103250,GUEST103250,2026-06-24,2026-06-28,KING,MEMBER,MEM_DLX,BOOKED,2,72144,INR,2026-05-10 15:25:17,2026-05-10 17:57:17
RES103251,KER001,CNF103251,GUEST103251,2026-05-13,2026-05-17,KING,PKG,PKG_STD,CANCELLED,1,0,INR,2026-05-10 02:50:56,2026-05-10 05:04:56
RES103252,CHN001,CNF103252,GUEST103252,2026-05-23,2026-05-25,STD,CORP,CORP_DLX,CANCELLED,2,0,INR,2026-05-10 06:50:56,2026-05-10 08:13:56
RES103253,CHA001,CNF103253,GUEST103253,2026-05-20,2026-05-21,STD,PREPAY,PPR_DLX,CANCELLED,1,0,INR,2026-05-10 04:09:02,2026-05-10 05:20:02
RES103254,CHN001,CNF103254,GUEST103254,2026-06-30,2026-07-04,QUEEN,CORP,CORP_DLX,MODIFIED,4,117008,INR,2026-05-10 03:41:15,2026-05-10 05:32:15
RES103255,DEL001,CNF103255,GUEST103255,2026-07-06,2026-07-09,KING,MEMBER,MEM_DLX,CANCELLED,3,0,INR,2026-05-10 23:17:56,2026-05-11 00:28:56
RES103256,KER001,CNF103256,GUEST103256,2026-06-15,2026-06-18,QUEEN,MEMBER,MEM_STD,BOOKED,1,29478,INR,2026-05-10 20:47:55,2026-05-10 21:11:55
RES103257,MUM002,CNF103257,GUEST103257,2026-05-23,2026-05-27,STE,MEMBER,MEM_DLX,BOOKED,3,92592,INR,2026-05-10 02:40:38,2026-05-10 02:54:38
RES103258,MUM001,CNF103258,GUEST103258,2026-06-11,2026-06-13,QUEEN,CORP,CORP_STD,BOOKED,1,9338,INR,2026-05-10 19:01:06,2026-05-10 21:33:06
RES103259,KER001,CNF103259,GUEST103259,2026-05-30,2026-06-04,STD,PREPAY,PPR_STD,MODIFIED,1,37830,INR,2026-05-10 17:33:27,2026-05-10 20:30:27
RES103260,KOL001,CNF103260,GUEST103260,2026-07-01,2026-07-05,DLX,BAR,BAR_STD,BOOKED,3,117912,INR,2026-05-10 04:16:04,2026-05-10 07:13:04
RES103261,MUM001,CNF103261,GUEST103261,2026-06-08,2026-06-11,KING,CORP,CORP_DLX,MODIFIED,4,48264,INR,2026-05-10 08:43:40,2026-05-10 09:22:40
RES103262,DEL002,CNF103262,GUEST103262,2026-06-09,2026-06-12,STE,CORP,CORP_STD,CANCELLED,3,0,INR,2026-05-10 19:23:09,2026-05-10 19:28:09
RES103263,MUM002,CNF103263,GUEST103263,2026-06-07,2026-06-10,STD,BAR,BAR_STD,BOOKED,1,23973,INR,2026-05-10 11:14:04,2026-05-10 14:03:04
RES103264,DEL001,CNF103264,GUEST103264,2026-05-16,2026-05-17,STD,MEMBER,MEM_DLX,MODIFIED,4,42428,INR,2026-05-10 07:07:44,2026-05-10 08:10:44
RES103265,DEL002,CNF103265,GUEST103265,2026-05-14,2026-05-18,DLX,BAR,BAR_STD,BOOKED,1,35296,INR,2026-05-10 12:05:44,2026-05-10 13:00:44
RES103266,KOL001,CNF103266,GUEST103266,2026-05-19,2026-05-24,KING,PKG,PKG_STD,MODIFIED,2,42350,INR,2026-05-10 21:59:04,2026-05-10 23:28:04
RES103267,KER001,CNF103267,GUEST103267,2026-06-24,2026-06-28,STD,MEMBER,MEM_DLX,MODIFIED,3,43644,INR,2026-05-10 05:06:58,2026-05-10 07:45:58
RES103268,DEL001,CNF103268,GUEST103268,2026-07-08,2026-07-10,DLX,BAR,BAR_DLX,BOOKED,4,69424,INR,2026-05-10 08:42:34,2026-05-10 10:16:34
RES103269,HYD001,CNF103269,GUEST103269,2026-06-09,2026-06-14,STD,PREPAY,PPR_DLX,CANCELLED,4,0,INR,2026-05-10 07:56:40,2026-05-10 09:59:40
RES103270,BLR002,CNF103270,GUEST103270,2026-06-06,2026-06-09,QUEEN,CORP,CORP_DLX,CANCELLED,3,0,INR,2026-05-10 20:48:22,2026-05-10 20:52:22
RES103271,MUM001,CNF103271,GUEST103271,2026-05-24,2026-05-25,DLX,CORP,CORP_DLX,CANCELLED,3,0,INR,2026-05-10 10:43:56,2026-05-10 11:33:56
RES103272,KOL001,CNF103272,GUEST103272,2026-06-13,2026-06-14,STD,CORP,CORP_DLX,MODIFIED,4,41016,INR,2026-05-10 07:42:41,2026-05-10 09:30:41
RES103273,CHN001,CNF103273,GUEST103273,2026-06-30,2026-07-03,KING,MEMBER,MEM_DLX,BOOKED,3,125973,INR,2026-05-10 19:44:52,2026-05-10 21:06:52
RES103274,MUM002,CNF103274,GUEST103274,2026-06-23,2026-06-24,STD,PKG,PKG_DLX,BOOKED,4,57236,INR,2026-05-10 22:10:25,2026-05-10 22:34:25
RES103275,MUM002,CNF103275,GUEST103275,2026-05-18,2026-05-19,QUEEN,PREPAY,PPR_STD,BOOKED,2,28278,INR,2026-05-10 14:53:15,2026-05-10 17:22:15
RES103276,MUM001,CNF103276,GUEST103276,2026-05-19,2026-05-23,QUEEN,PREPAY,PPR_DLX,BOOKED,3,72624,INR,2026-05-10 16:38:48,2026-05-10 19:05:48
RES103277,KER001,CNF103277,GUEST103277,2026-06-22,2026-06-26,KING,PKG,PKG_STD,MODIFIED,4,141280,INR,2026-05-10 15:13:01,2026-05-10 16:52:01
RES103278,BLR001,CNF103278,GUEST103278,2026-06-04,2026-06-09,STE,CORP,CORP_STD,CANCELLED,3,0,INR,2026-05-10 08:43:07,2026-05-10 10:16:07
RES103279,CHA001,CNF103279,GUEST103279,2026-05-15,2026-05-20,KING,CORP,CORP_DLX,CANCELLED,1,0,INR,2026-05-10 06:10:53,2026-05-10 06:50:53
RES103280,DEL001,CNF103280,GUEST103280,2026-06-06,2026-06-10,KING,MEMBER,MEM_DLX,BOOKED,1,31268,INR,2026-05-10 13:03:52,2026-05-10 14:34:52
RES103281,DEL002,CNF103281,GUEST103281,2026-07-06,2026-07-07,QUEEN,PKG,PKG_STD,CANCELLED,4,0,INR,2026-05-10 12:01:23,2026-05-10 13:19:23
RES103282,KER001,CNF103282,GUEST103282,2026-05-11,2026-05-15,KING,PREPAY,PPR_STD,CANCELLED,2,0,INR,2026-05-10 20:40:20,2026-05-10 21:20:20
RES103283,MUM001,CNF103283,GUEST103283,2026-07-03,2026-07-06,QUEEN,BAR,BAR_STD,BOOKED,4,76956,INR,2026-05-10 09:22:03,2026-05-10 11:54:03
RES103284,DEL001,CNF103284,GUEST103284,2026-06-29,2026-07-04,STD,CORP,CORP_STD,BOOKED,4,86600,INR,2026-05-10 12:02:23,2026-05-10 14:46:23
RES103285,CHN001,CNF103285,GUEST103285,2026-06-13,2026-06-15,STD,PKG,PKG_STD,BOOKED,3,42402,INR,2026-05-10 12:26:38,2026-05-10 12:29:38
RES103286,DEL001,CNF103286,GUEST103286,2026-07-07,2026-07-12,DLX,PREPAY,PPR_DLX,MODIFIED,1,44780,INR,2026-05-10 18:34:30,2026-05-10 18:53:30
RES103287,HYD001,CNF103287,GUEST103287,2026-06-09,2026-06-11,KING,BAR,BAR_DLX,BOOKED,1,28752,INR,2026-05-10 12:08:05,2026-05-10 13:14:05
RES103288,CHA001,CNF103288,GUEST103288,2026-06-06,2026-06-08,QUEEN,BAR,BAR_DLX,MODIFIED,4,80848,INR,2026-05-10 21:29:49,2026-05-10 23:24:49
RES103289,HYD001,CNF103289,GUEST103289,2026-07-07,2026-07-11,STE,CORP,CORP_DLX,MODIFIED,2,75760,INR,2026-05-10 08:00:54,2026-05-10 09:34:54
RES103290,BLR001,CNF103290,GUEST103290,2026-06-08,2026-06-10,DLX,CORP,CORP_DLX,CANCELLED,4,0,INR,2026-05-10 01:34:09,2026-05-10 03:35:09
RES103291,MUM001,CNF103291,GUEST103291,2026-05-31,2026-06-01,KING,CORP,CORP_DLX,MODIFIED,4,40092,INR,2026-05-10 19:00:31,2026-05-10 20:46:31
RES103292,CHA001,CNF103292,GUEST103292,2026-06-13,2026-06-15,KING,PREPAY,PPR_DLX,CANCELLED,2,0,INR,2026-05-10 23:03:47,2026-05-11 01:45:47
RES103293,DEL001,CNF103293,GUEST103293,2026-06-01,2026-06-05,KING,PKG,PKG_STD,BOOKED,3,131976,INR,2026-05-10 18:05:13,2026-05-10 18:17:13
RES103294,DEL002,CNF103294,GUEST103294,2026-06-28,2026-07-01,QUEEN,CORP,CORP_DLX,CANCELLED,3,0,INR,2026-05-10 14:47:53,2026-05-10 17:30:53
RES103295,DEL002,CNF103295,GUEST103295,2026-05-17,2026-05-20,STD,CORP,CORP_STD,BOOKED,4,83064,INR,2026-05-10 01:11:34,2026-05-10 04:02:34
RES103296,CHN001,CNF103296,GUEST103296,2026-06-18,2026-06-21,DLX,BAR,BAR_DLX,BOOKED,2,84528,INR,2026-05-10 14:44:19,2026-05-10 15:02:19
RES103297,CHN001,CNF103297,GUEST103297,2026-05-23,2026-05-25,STD,PKG,PKG_DLX,MODIFIED,4,84328,INR,2026-05-10 01:04:56,2026-05-10 02:39:56
RES103298,HYD001,CNF103298,GUEST103298,2026-06-15,2026-06-19,QUEEN,BAR,BAR_DLX,MODIFIED,1,31096,INR,2026-05-10 14:03:01,2026-05-10 16:15:01
RES103299,DEL002,CNF103299,GUEST103299,2026-06-06,2026-06-08,STD,CORP,CORP_DLX,MODIFIED,4,80976,INR,2026-05-10 21:42:23,2026-05-11 00:10:23
RES103300,CHN001,CNF103300,GUEST103300,2026-05-24,2026-05-26,STD,PKG,PKG_DLX,MODIFIED,2,42708,INR,2026-05-10 09:49:32,2026-05-10 10:39:32
RES103301,HYD001,CNF103301,GUEST103301,2026-05-22,2026-05-25,QUEEN,PKG,PKG_DLX,BOOKED,2,32388,INR,2026-05-10 01:36:30,2026-05-10 03:52:30
RES103302,MUM002,CNF103302,GUEST103302,2026-06-19,2026-06-24,KING,PREPAY,PPR_DLX,BOOKED,4,105700,INR,2026-05-10 16:27:30,2026-05-10 16:56:30
RES103303,DEL001,CNF103303,GUEST103303,2026-06-13,2026-06-16,STE,PREPAY,PPR_DLX,CANCELLED,2,0,INR,2026-05-10 15:33:26,2026-05-10 15:55:26
RES103304,MUM001,CNF103304,GUEST103304,2026-06-07,2026-06-11,STE,PREPAY,PPR_DLX,BOOKED,1,40772,INR,2026-05-10 20:43:34,2026-05-10 22:20:34
RES103305,KER001,CNF103305,GUEST103305,2026-06-03,2026-06-04,DLX,PKG,PKG_DLX,CANCELLED,3,0,INR,2026-05-10 12:46:13,2026-05-10 13:20:13
RES103306,BLR002,CNF103306,GUEST103306,2026-05-22,2026-05-24,KING,BAR,BAR_STD,MODIFIED,1,22724,INR,2026-05-10 17:21:19,2026-05-10 19:54:19
RES103307,DEL001,CNF103307,GUEST103307,2026-05-23,2026-05-26,STE,MEMBER,MEM_DLX,CANCELLED,3,0,INR,2026-05-10 17:13:30,2026-05-10 19:19:30
RES103308,MUM002,CNF103308,GUEST103308,2026-06-12,2026-06-16,KING,MEMBER,MEM_STD,CANCELLED,4,0,INR,2026-05-10 02:20:52,2026-05-10 02:32:52
RES103309,KOL001,CNF103309,GUEST103309,2026-05-15,2026-05-19,STE,BAR,BAR_STD,CANCELLED,4,0,INR,2026-05-10 08:59:16,2026-05-10 09:52:16
RES103310,MUM002,CNF103310,GUEST103310,2026-06-15,2026-06-16,STE,CORP,CORP_DLX,CANCELLED,2,0,INR,2026-05-10 04:01:05,2026-05-10 05:45:05
RES103311,CHA001,CNF103311,GUEST103311,2026-06-02,2026-06-03,QUEEN,PREPAY,PPR_STD,BOOKED,1,5939,INR,2026-05-10 14:55:11,2026-05-10 15:04:11
RES103312,KOL001,CNF103312,GUEST103312,2026-06-04,2026-06-08,KING,BAR,BAR_STD,CANCELLED,4,0,INR,2026-05-10 10:09:28,2026-05-10 12:36:28
RES103313,BLR002,CNF103313,GUEST103313,2026-06-12,2026-06-15,QUEEN,CORP,CORP_DLX,BOOKED,1,12801,INR,2026-05-10 12:04:05,2026-05-10 14:51:05
RES103314,DEL002,CNF103314,GUEST103314,2026-05-15,2026-05-20,QUEEN,PKG,PKG_STD,MODIFIED,1,38285,INR,2026-05-10 17:37:42,2026-05-10 18:49:42
RES103315,BLR002,CNF103315,GUEST103315,2026-05-29,2026-06-03,DLX,MEMBER,MEM_STD,MODIFIED,2,64340,INR,2026-05-10 19:43:39,2026-05-10 19:43:39
RES103316,MUM001,CNF103316,GUEST103316,2026-07-04,2026-07-06,STE,BAR,BAR_DLX,CANCELLED,1,0,INR,2026-05-10 13:38:01,2026-05-10 15:09:01
RES103317,DEL001,CNF103317,GUEST103317,2026-06-10,2026-06-13,DLX,PKG,PKG_STD,BOOKED,3,87894,INR,2026-05-10 06:34:02,2026-05-10 09:16:02
RES103318,CHN001,CNF103318,GUEST103318,2026-05-18,2026-05-23,QUEEN,CORP,CORP_STD,CANCELLED,3,0,INR,2026-05-10 02:49:47,2026-05-10 03:38:47
RES103319,DEL001,CNF103319,GUEST103319,2026-06-29,2026-07-04,QUEEN,PREPAY,PPR_DLX,MODIFIED,2,53100,INR,2026-05-10 00:57:50,2026-05-10 02:34:50
RES103320,KOL001,CNF103320,GUEST103320,2026-05-21,2026-05-23,QUEEN,BAR,BAR_STD,BOOKED,3,40086,INR,2026-05-10 03:27:05,2026-05-10 04:37:05
RES103321,KOL001,CNF103321,GUEST103321,2026-05-19,2026-05-24,STD,MEMBER,MEM_STD,BOOKED,3,220020,INR,2026-05-10 14:18:01,2026-05-10 14:41:01
RES103322,KER001,CNF103322,GUEST103322,2026-07-08,2026-07-09,QUEEN,PKG,PKG_STD,BOOKED,2,16448,INR,2026-05-10 15:53:42,2026-05-10 18:00:42
RES103323,KOL001,CNF103323,GUEST103323,2026-06-23,2026-06-27,STE,BAR,BAR_DLX,MODIFIED,2,84312,INR,2026-05-10 14:09:28,2026-05-10 15:40:28
RES103324,KER001,CNF103324,GUEST103324,2026-06-21,2026-06-24,QUEEN,CORP,CORP_STD,CANCELLED,3,0,INR,2026-05-10 14:19:20,2026-05-10 14:36:20
RES103325,MUM001,CNF103325,GUEST103325,2026-06-08,2026-06-13,STD,CORP,CORP_DLX,CANCELLED,3,0,INR,2026-05-10 18:09:15,2026-05-10 18:55:15
RES103326,CHA001,CNF103326,GUEST103326,2026-06-28,2026-06-30,KING,CORP,CORP_DLX,CANCELLED,1,0,INR,2026-05-10 03:37:55,2026-05-10 04:14:55
RES103327,MUM002,CNF103327,GUEST103327,2026-06-21,2026-06-22,DLX,BAR,BAR_STD,BOOKED,4,55984,INR,2026-05-10 05:48:44,2026-05-10 08:45:44
RES103328,BLR002,CNF103328,GUEST103328,2026-05-25,2026-05-29,STD,CORP,CORP_DLX,MODIFIED,2,82936,INR,2026-05-10 15:41:48,2026-05-10 18:01:48
RES103329,KOL001,CNF103329,GUEST103329,2026-05-11,2026-05-14,DLX,BAR,BAR_DLX,BOOKED,2,52266,INR,2026-05-10 00:48:07,2026-05-10 01:19:07
RES103330,KER001,CNF103330,GUEST103330,2026-05-22,2026-05-23,STE,MEMBER,MEM_DLX,BOOKED,2,21498,INR,2026-05-10 16:02:04,2026-05-10 18:00:04
RES103331,BLR001,CNF103331,GUEST103331,2026-05-27,2026-05-30,KING,PKG,PKG_STD,MODIFIED,4,158256,INR,2026-05-10 17:16:36,2026-05-10 19:04:36
RES103332,DEL001,CNF103332,GUEST103332,2026-05-21,2026-05-25,QUEEN,PREPAY,PPR_STD,CANCELLED,3,0,INR,2026-05-10 22:43:33,2026-05-11 00:07:33
RES103333,CHA001,CNF103333,GUEST103333,2026-06-14,2026-06-16,STD,MEMBER,MEM_DLX,MODIFIED,4,110568,INR,2026-05-10 11:53:42,2026-05-10 12:04:42
RES103334,CHN001,CNF103334,GUEST103334,2026-05-13,2026-05-15,QUEEN,CORP,CORP_STD,CANCELLED,2,0,INR,2026-05-10 10:06:04,2026-05-10 11:22:04
RES103335,MUM001,CNF103335,GUEST103335,2026-06-28,2026-07-02,KING,CORP,CORP_DLX,MODIFIED,4,230128,INR,2026-05-10 19:25:51,2026-05-10 22:25:51
RES103336,DEL002,CNF103336,GUEST103336,2026-07-02,2026-07-07,KING,PREPAY,PPR_DLX,CANCELLED,1,0,INR,2026-05-10 03:47:23,2026-05-10 04:18:23
RES103337,CHA001,CNF103337,GUEST103337,2026-06-13,2026-06-18,DLX,CORP,CORP_STD,MODIFIED,1,65655,INR,2026-05-10 19:05:05,2026-05-10 19:19:05
RES103338,KOL001,CNF103338,GUEST103338,2026-07-05,2026-07-08,STE,PREPAY,PPR_STD,BOOKED,1,43293,INR,2026-05-10 00:47:35,2026-05-10 02:05:35
RES103339,MUM002,CNF103339,GUEST103339,2026-07-06,2026-07-11,QUEEN,PREPAY,PPR_DLX,MODIFIED,3,66735,INR,2026-05-10 17:41:35,2026-05-10 18:20:35
RES103340,CHN001,CNF103340,GUEST103340,2026-05-24,2026-05-28,DLX,MEMBER,MEM_STD,CANCELLED,3,0,INR,2026-05-10 15:44:42,2026-05-10 16:59:42
RES103341,DEL001,CNF103341,GUEST103341,2026-07-02,2026-07-06,KING,CORP,CORP_STD,CANCELLED,2,0,INR,2026-05-10 00:18:16,2026-05-10 00:33:16
RES103342,BLR002,CNF103342,GUEST103342,2026-07-01,2026-07-02,QUEEN,MEMBER,MEM_STD,BOOKED,4,38732,INR,2026-05-10 23:27:09,2026-05-11 01:37:09
RES103343,CHA001,CNF103343,GUEST103343,2026-05-30,2026-06-03,DLX,PREPAY,PPR_DLX,BOOKED,3,128568,INR,2026-05-10 06:19:49,2026-05-10 07:19:49
RES103344,CHA001,CNF103344,GUEST103344,2026-05-13,2026-05-14,QUEEN,MEMBER,MEM_DLX,CANCELLED,3,0,INR,2026-05-10 12:26:09,2026-05-10 14:03:09
RES103345,BLR002,CNF103345,GUEST103345,2026-05-17,2026-05-21,QUEEN,CORP,CORP_DLX,BOOKED,3,90768,INR,2026-05-10 17:47:10,2026-05-10 19:38:10
RES103346,KOL001,CNF103346,GUEST103346,2026-06-13,2026-06-18,STD,PREPAY,PPR_STD,BOOKED,2,49510,INR,2026-05-10 16:00:39,2026-05-10 18:22:39
RES103347,DEL002,CNF103347,GUEST103347,2026-07-06,2026-07-08,STD,MEMBER,MEM_DLX,BOOKED,3,66312,INR,2026-05-10 14:31:24,2026-05-10 14:44:24
RES103348,CHN001,CNF103348,GUEST103348,2026-06-29,2026-07-03,KING,PKG,PKG_STD,CANCELLED,4,0,INR,2026-05-10 18:40:17,2026-05-10 20:47:17
RES103349,HYD001,CNF103349,GUEST103349,2026-07-02,2026-07-07,KING,CORP,CORP_DLX,CANCELLED,4,0,INR,2026-05-10 19:13:57,2026-05-10 21:40:57
RES103350,DEL002,CNF103350,GUEST103350,2026-06-15,2026-06-19,STD,MEMBER,MEM_STD,BOOKED,4,144192,INR,2026-05-10 05:58:24,2026-05-10 06:41:24
RES103351,DEL001,CNF103351,GUEST103351,2026-06-23,2026-06-24,KING,MEMBER,MEM_DLX,BOOKED,2,17578,INR,2026-05-10 01:20:58,2026-05-10 03:58:58
RES103352,DEL002,CNF103352,GUEST103352,2026-06-23,2026-06-27,DLX,MEMBER,MEM_STD,CANCELLED,4,0,INR,2026-05-10 05:26:21,2026-05-10 06:33:21
RES103353,DEL001,CNF103353,GUEST103353,2026-06-11,2026-06-16,QUEEN,MEMBER,MEM_STD,MODIFIED,3,62085,INR,2026-05-10 07:18:03,2026-05-10 08:43:03
RES103354,BLR002,CNF103354,GUEST103354,2026-05-16,2026-05-17,DLX,BAR,BAR_STD,CANCELLED,2,0,INR,2026-05-10 23:25:56,2026-05-11 00:27:56
RES103355,KOL001,CNF103355,GUEST103355,2026-06-25,2026-06-30,QUEEN,PREPAY,PPR_DLX,BOOKED,4,111960,INR,2026-05-10 16:28:57,2026-05-10 18:49:57
RES103356,HYD001,CNF103356,GUEST103356,2026-06-08,2026-06-12,STE,PKG,PKG_DLX,BOOKED,4,138992,INR,2026-05-10 19:18:15,2026-05-10 20:10:15
RES103357,KER001,CNF103357,GUEST103357,2026-05-22,2026-05-27,STD,MEMBER,MEM_DLX,BOOKED,4,140680,INR,2026-05-10 22:20:45,2026-05-11 00:26:45
RES103358,KER001,CNF103358,GUEST103358,2026-05-28,2026-05-29,QUEEN,PREPAY,PPR_DLX,MODIFIED,1,11086,INR,2026-05-10 07:22:10,2026-05-10 09:35:10
RES103359,DEL002,CNF103359,GUEST103359,2026-05-13,2026-05-14,KING,BAR,BAR_DLX,CANCELLED,4,0,INR,2026-05-10 00:22:27,2026-05-10 02:13:27
RES103360,BLR001,CNF103360,GUEST103360,2026-05-18,2026-05-19,DLX,PKG,PKG_STD,BOOKED,1,8966,INR,2026-05-10 09:51:18,2026-05-10 11:55:18
RES103361,MUM001,CNF103361,GUEST103361,2026-06-04,2026-06-09,QUEEN,MEMBER,MEM_STD,MODIFIED,2,52300,INR,2026-05-10 10:52:57,2026-05-10 12:59:57
RES103362,MUM002,CNF103362,GUEST103362,2026-05-26,2026-05-29,KING,BAR,BAR_DLX,BOOKED,2,63060,INR,2026-05-10 07:14:02,2026-05-10 10:10:02
RES103363,DEL001,CNF103363,GUEST103363,2026-07-03,2026-07-08,KING,CORP,CORP_STD,MODIFIED,2,68510,INR,2026-05-10 21:45:44,2026-05-10 23:11:44
RES103364,KER001,CNF103364,GUEST103364,2026-06-15,2026-06-18,STE,MEMBER,MEM_DLX,MODIFIED,2,83694,INR,2026-05-10 04:15:46,2026-05-10 06:41:46
RES103365,BLR002,CNF103365,GUEST103365,2026-05-12,2026-05-16,STE,PREPAY,PPR_STD,MODIFIED,1,16140,INR,2026-05-10 17:29:52,2026-05-10 17:57:52
RES103366,BLR002,CNF103366,GUEST103366,2026-06-05,2026-06-06,STE,PKG,PKG_DLX,CANCELLED,4,0,INR,2026-05-10 00:06:46,2026-05-10 02:27:46
RES103367,BLR002,CNF103367,GUEST103367,2026-05-25,2026-05-30,QUEEN,CORP,CORP_DLX,CANCELLED,1,0,INR,2026-05-10 02:49:53,2026-05-10 04:10:53
RES103368,KOL001,CNF103368,GUEST103368,2026-06-02,2026-06-06,STD,MEMBER,MEM_DLX,CANCELLED,1,0,INR,2026-05-10 19:31:27,2026-05-10 22:26:27
RES103369,BLR002,CNF103369,GUEST103369,2026-05-15,2026-05-17,KING,PKG,PKG_DLX,BOOKED,2,20884,INR,2026-05-10 07:32:13,2026-05-10 07:45:13
RES103370,MUM002,CNF103370,GUEST103370,2026-06-22,2026-06-27,STE,BAR,BAR_STD,BOOKED,3,208110,INR,2026-05-10 17:59:17,2026-05-10 18:47:17
RES103371,KOL001,CNF103371,GUEST103371,2026-05-18,2026-05-19,STE,PREPAY,PPR_DLX,MODIFIED,1,7402,INR,2026-05-10 15:19:31,2026-05-10 17:17:31
RES103372,CHN001,CNF103372,GUEST103372,2026-06-23,2026-06-25,DLX,MEMBER,MEM_DLX,MODIFIED,1,29178,INR,2026-05-10 11:23:35,2026-05-10 13:18:35
RES103373,BLR002,CNF103373,GUEST103373,2026-05-15,2026-05-17,STE,PKG,PKG_STD,CANCELLED,4,0,INR,2026-05-10 09:07:02,2026-05-10 11:13:02
RES103374,HYD001,CNF103374,GUEST103374,2026-07-03,2026-07-07,KING,MEMBER,MEM_STD,BOOKED,4,200016,INR,2026-05-10 17:18:06,2026-05-10 18:48:06
RES103375,CHA001,CNF103375,GUEST103375,2026-06-22,2026-06-24,QUEEN,BAR,BAR_DLX,BOOKED,2,26056,INR,2026-05-10 05:16:39,2026-05-10 06:15:39
RES103376,MUM002,CNF103376,GUEST103376,2026-05-15,2026-05-16,QUEEN,CORP,CORP_STD,CANCELLED,4,0,INR,2026-05-10 09:19:42,2026-05-10 12:12:42
RES103377,KER001,CNF103377,GUEST103377,2026-05-12,2026-05-17,STD,BAR,BAR_DLX,CANCELLED,4,0,INR,2026-05-10 07:20:16,2026-05-10 08:22:16
RES103378,CHN001,CNF103378,GUEST103378,2026-05-25,2026-05-26,DLX,MEMBER,MEM_STD,BOOKED,3,37296,INR,2026-05-10 12:30:43,2026-05-10 14:26:43
RES103379,BLR002,CNF103379,GUEST103379,2026-06-25,2026-06-30,DLX,CORP,CORP_DLX,MODIFIED,1,22665,INR,2026-05-10 14:30:21,2026-05-10 16:26:21
RES103380,DEL001,CNF103380,GUEST103380,2026-05-20,2026-05-22,QUEEN,PREPAY,PPR_STD,MODIFIED,2,25532,INR,2026-05-10 15:37:29,2026-05-10 16:09:29
RES103381,DEL001,CNF103381,GUEST103381,2026-06-19,2026-06-22,KING,PKG,PKG_DLX,BOOKED,2,47250,INR,2026-05-10 23:46:03,2026-05-11 02:30:03
RES103382,BLR001,CNF103382,GUEST103382,2026-05-31,2026-06-03,DLX,MEMBER,MEM_STD,MODIFIED,4,143016,INR,2026-05-10 17:28:48,2026-05-10 20:13:48
RES103383,CHN001,CNF103383,GUEST103383,2026-07-03,2026-07-05,KING,CORP,CORP_STD,BOOKED,1,27462,INR,2026-05-10 19:49:25,2026-05-10 21:34:25
RES103384,KER001,CNF103384,GUEST103384,2026-05-17,2026-05-20,QUEEN,PKG,PKG_STD,CANCELLED,3,0,INR,2026-05-10 17:30:02,2026-05-10 17:56:02
RES103385,BLR001,CNF103385,GUEST103385,2026-06-29,2026-07-03,KING,MEMBER,MEM_DLX,MODIFIED,3,74592,INR,2026-05-10 06:16:35,2026-05-10 08:57:35
RES103386,MUM001,CNF103386,GUEST103386,2026-06-26,2026-07-01,STE,PREPAY,PPR_DLX,BOOKED,1,54590,INR,2026-05-10 07:59:26,2026-05-10 10:29:26
RES103387,HYD001,CNF103387,GUEST103387,2026-05-21,2026-05-25,STD,CORP,CORP_DLX,CANCELLED,3,0,INR,2026-05-10 01:22:02,2026-05-10 02:39:02
RES103388,CHN001,CNF103388,GUEST103388,2026-06-20,2026-06-24,KING,PKG,PKG_STD,MODIFIED,3,160260,INR,2026-05-10 22:17:20,2026-05-11 00:13:20
RES103389,MUM002,CNF103389,GUEST103389,2026-06-13,2026-06-16,KING,BAR,BAR_STD,BOOKED,2,34536,INR,2026-05-10 06:46:03,2026-05-10 08:41:03
RES103390,KER001,CNF103390,GUEST103390,2026-07-02,2026-07-04,STD,PREPAY,PPR_STD,CANCELLED,2,0,INR,2026-05-10 23:42:03,2026-05-11 02:20:03
RES103391,CHN001,CNF103391,GUEST103391,2026-07-09,2026-07-10,STD,PKG,PKG_DLX,MODIFIED,4,14884,INR,2026-05-10 20:20:22,2026-05-10 22:18:22
RES103392,BLR002,CNF103392,GUEST103392,2026-06-20,2026-06-23,STD,BAR,BAR_DLX,BOOKED,4,105900,INR,2026-05-10 06:55:21,2026-05-10 09:39:21
RES103393,KOL001,CNF103393,GUEST103393,2026-05-16,2026-05-21,KING,PKG,PKG_DLX,MODIFIED,3,209655,INR,2026-05-10 11:20:31,2026-05-10 11:44:31
RES103394,KOL001,CNF103394,GUEST103394,2026-06-08,2026-06-11,QUEEN,BAR,BAR_STD,CANCELLED,3,0,INR,2026-05-10 04:42:39,2026-05-10 06:52:39
RES103395,BLR001,CNF103395,GUEST103395,2026-05-15,2026-05-17,DLX,BAR,BAR_DLX,CANCELLED,2,0,INR,2026-05-10 11:35:24,2026-05-10 11:48:24
RES103396,BLR001,CNF103396,GUEST103396,2026-05-22,2026-05-23,DLX,PREPAY,PPR_DLX,CANCELLED,3,0,INR,2026-05-10 09:04:41,2026-05-10 10:36:41
RES103397,KOL001,CNF103397,GUEST103397,2026-06-05,2026-06-10,STD,MEMBER,MEM_STD,BOOKED,3,80400,INR,2026-05-10 17:33:05,2026-05-10 19:17:05
RES103398,CHA001,CNF103398,GUEST103398,2026-05-17,2026-05-20,KING,MEMBER,MEM_STD,MODIFIED,4,46368,INR,2026-05-10 09:56:22,2026-05-10 10:42:22
RES103399,CHN001,CNF103399,GUEST103399,2026-05-30,2026-06-01,QUEEN,BAR,BAR_STD,CANCELLED,2,0,INR,2026-05-10 08:48:17,2026-05-10 09:32:17
RES103400,HYD001,CNF103400,GUEST103400,2026-06-26,2026-06-29,KING,PKG,PKG_STD,BOOKED,2,52968,INR,2026-05-10 08:29:54,2026-05-10 11:22:54
RES103401,DEL002,CNF103401,GUEST103401,2026-06-14,2026-06-18,STD,MEMBER,MEM_STD,MODIFIED,1,41380,INR,2026-05-10 11:02:52,2026-05-10 11:53:52
RES103402,KOL001,CNF103402,GUEST103402,2026-05-30,2026-06-03,DLX,CORP,CORP_DLX,BOOKED,1,47236,INR,2026-05-10 02:52:24,2026-05-10 05:24:24
RES103403,CHN001,CNF103403,GUEST103403,2026-06-27,2026-07-01,DLX,CORP,CORP_DLX,MODIFIED,3,146400,INR,2026-05-10 18:24:36,2026-05-10 18:49:36
RES103404,CHN001,CNF103404,GUEST103404,2026-06-05,2026-06-09,STD,CORP,CORP_STD,CANCELLED,1,0,INR,2026-05-10 15:24:34,2026-05-10 16:08:34
RES103405,MUM001,CNF103405,GUEST103405,2026-06-06,2026-06-08,KING,PREPAY,PPR_DLX,CANCELLED,1,0,INR,2026-05-10 23:32:33,2026-05-10 23:39:33
RES103406,CHN001,CNF103406,GUEST103406,2026-05-24,2026-05-28,STD,PREPAY,PPR_DLX,CANCELLED,2,0,INR,2026-05-10 17:23:31,2026-05-10 17:45:31
RES103407,BLR001,CNF103407,GUEST103407,2026-07-02,2026-07-06,DLX,PREPAY,PPR_STD,MODIFIED,2,69304,INR,2026-05-10 04:04:31,2026-05-10 06:32:31
RES103408,BLR001,CNF103408,GUEST103408,2026-05-20,2026-05-25,QUEEN,PREPAY,PPR_DLX,MODIFIED,4,218900,INR,2026-05-10 11:36:57,2026-05-10 12:56:57
RES103409,DEL002,CNF103409,GUEST103409,2026-05-23,2026-05-24,QUEEN,PREPAY,PPR_STD,BOOKED,2,26598,INR,2026-05-10 11:34:58,2026-05-10 14:16:58
RES103410,BLR002,CNF103410,GUEST103410,2026-05-13,2026-05-15,KING,MEMBER,MEM_DLX,CANCELLED,4,0,INR,2026-05-10 15:27:58,2026-05-10 17:22:58
RES103411,KOL001,CNF103411,GUEST103411,2026-05-13,2026-05-18,DLX,MEMBER,MEM_STD,CANCELLED,1,0,INR,2026-05-10 17:58:01,2026-05-10 19:07:01
RES103412,MUM002,CNF103412,GUEST103412,2026-07-04,2026-07-05,QUEEN,MEMBER,MEM_STD,CANCELLED,2,0,INR,2026-05-10 22:20:31,2026-05-10 23:18:31
RES103413,KER001,CNF103413,GUEST103413,2026-06-16,2026-06-21,STD,BAR,BAR_DLX,MODIFIED,3,67725,INR,2026-05-10 02:28:58,2026-05-10 03:26:58
RES103414,KOL001,CNF103414,GUEST103414,2026-05-28,2026-06-02,DLX,MEMBER,MEM_DLX,CANCELLED,3,0,INR,2026-05-10 02:08:25,2026-05-10 04:50:25
RES103415,BLR001,CNF103415,GUEST103415,2026-05-19,2026-05-22,STE,PREPAY,PPR_STD,BOOKED,3,95139,INR,2026-05-10 22:23:02,2026-05-10 22:56:02
RES103416,KOL001,CNF103416,GUEST103416,2026-06-27,2026-06-29,KING,BAR,BAR_DLX,CANCELLED,2,0,INR,2026-05-10 16:55:36,2026-05-10 17:26:36
RES103417,MUM002,CNF103417,GUEST103417,2026-05-31,2026-06-02,QUEEN,PKG,PKG_STD,BOOKED,1,14526,INR,2026-05-10 17:39:20,2026-05-10 19:27:20
RES103418,MUM002,CNF103418,GUEST103418,2026-05-27,2026-05-29,KING,MEMBER,MEM_STD,MODIFIED,3,54966,INR,2026-05-10 19:37:45,2026-05-10 21:37:45
RES103419,DEL001,CNF103419,GUEST103419,2026-07-05,2026-07-06,DLX,MEMBER,MEM_DLX,MODIFIED,3,24147,INR,2026-05-10 03:59:39,2026-05-10 04:23:39
RES103420,KER001,CNF103420,GUEST103420,2026-05-12,2026-05-14,KING,PKG,PKG_DLX,MODIFIED,2,31316,INR,2026-05-10 00:53:08,2026-05-10 03:13:08
RES103421,CHN001,CNF103421,GUEST103421,2026-06-24,2026-06-27,KING,PREPAY,PPR_STD,CANCELLED,4,0,INR,2026-05-10 15:35:17,2026-05-10 18:08:17
RES103422,CHN001,CNF103422,GUEST103422,2026-05-11,2026-05-13,STE,PKG,PKG_DLX,BOOKED,4,42592,INR,2026-05-10 20:43:49,2026-05-10 22:23:49
RES103423,BLR002,CNF103423,GUEST103423,2026-06-28,2026-07-03,KING,PREPAY,PPR_DLX,CANCELLED,2,0,INR,2026-05-10 13:00:20,2026-05-10 14:57:20
RES103424,MUM001,CNF103424,GUEST103424,2026-05-24,2026-05-29,QUEEN,PREPAY,PPR_DLX,CANCELLED,1,0,INR,2026-05-10 18:08:12,2026-05-10 20:20:12
RES103425,CHA001,CNF103425,GUEST103425,2026-05-25,2026-05-28,STE,PREPAY,PPR_DLX,MODIFIED,2,26016,INR,2026-05-10 20:30:26,2026-05-10 20:37:26
RES103426,HYD001,CNF103426,GUEST103426,2026-06-18,2026-06-22,KING,MEMBER,MEM_STD,CANCELLED,2,0,INR,2026-05-10 02:30:31,2026-05-10 05:25:31
RES103427,CHN001,CNF103427,GUEST103427,2026-06-03,2026-06-08,KING,CORP,CORP_DLX,CANCELLED,4,0,INR,2026-05-10 08:42:41,2026-05-10 09:13:41
RES103428,MUM002,CNF103428,GUEST103428,2026-07-01,2026-07-04,QUEEN,PKG,PKG_STD,BOOKED,4,86892,INR,2026-05-10 22:43:46,2026-05-11 00:34:46
RES103429,MUM002,CNF103429,GUEST103429,2026-06-23,2026-06-25,STD,PREPAY,PPR_DLX,MODIFIED,2,39820,INR,2026-05-10 13:11:25,2026-05-10 14:46:25
RES103430,MUM002,CNF103430,GUEST103430,2026-06-20,2026-06-24,STD,MEMBER,MEM_DLX,MODIFIED,3,70512,INR,2026-05-10 10:29:29,2026-05-10 10:39:29
RES103431,MUM001,CNF103431,GUEST103431,2026-06-18,2026-06-19,QUEEN,BAR,BAR_DLX,CANCELLED,1,0,INR,2026-05-10 14:43:41,2026-05-10 15:53:41
RES103432,DEL001,CNF103432,GUEST103432,2026-05-21,2026-05-24,DLX,BAR,BAR_DLX,MODIFIED,2,79992,INR,2026-05-10 18:00:35,2026-05-10 18:02:35
RES103433,CHA001,CNF103433,GUEST103433,2026-06-18,2026-06-23,STD,BAR,BAR_STD,CANCELLED,3,0,INR,2026-05-10 09:01:42,2026-05-10 09:49:42
RES103434,MUM002,CNF103434,GUEST103434,2026-07-01,2026-07-06,QUEEN,CORP,CORP_DLX,CANCELLED,1,0,INR,2026-05-10 20:12:26,2026-05-10 20:39:26
RES103435,BLR002,CNF103435,GUEST103435,2026-06-06,2026-06-11,DLX,BAR,BAR_STD,BOOKED,4,70100,INR,2026-05-10 02:19:26,2026-05-10 04:40:26
RES103436,MUM002,CNF103436,GUEST103436,2026-05-29,2026-06-02,DLX,CORP,CORP_STD,CANCELLED,2,0,INR,2026-05-10 01:54:10,2026-05-10 02:29:10
RES103437,DEL002,CNF103437,GUEST103437,2026-06-11,2026-06-14,STD,CORP,CORP_DLX,BOOKED,3,107550,INR,2026-05-10 00:40:31,2026-05-10 00:55:31
RES103438,DEL001,CNF103438,GUEST103438,2026-06-26,2026-06-29,STD,MEMBER,MEM_DLX,BOOKED,2,65016,INR,2026-05-10 17:37:35,2026-05-10 18:29:35
RES103439,HYD001,CNF103439,GUEST103439,2026-06-24,2026-06-25,DLX,MEMBER,MEM_DLX,MODIFIED,4,50644,INR,2026-05-10 15:20:07,2026-05-10 16:31:07
RES103440,CHA001,CNF103440,GUEST103440,2026-06-10,2026-06-12,DLX,MEMBER,MEM_STD,MODIFIED,3,27510,INR,2026-05-10 04:40:07,2026-05-10 06:23:07
RES103441,MUM002,CNF103441,GUEST103441,2026-06-28,2026-07-01,DLX,BAR,BAR_DLX,MODIFIED,4,138192,INR,2026-05-10 05:38:11,2026-05-10 05:48:11
RES103442,DEL002,CNF103442,GUEST103442,2026-05-28,2026-06-01,STD,PREPAY,PPR_STD,BOOKED,4,81328,INR,2026-05-10 21:11:32,2026-05-10 22:15:32
RES103443,KER001,CNF103443,GUEST103443,2026-06-25,2026-06-29,STD,CORP,CORP_DLX,BOOKED,2,41600,INR,2026-05-10 19:54:17,2026-05-10 22:31:17
RES103444,DEL001,CNF103444,GUEST103444,2026-06-11,2026-06-15,DLX,CORP,CORP_STD,MODIFIED,2,93664,INR,2026-05-10 17:19:03,2026-05-10 19:16:03
RES103445,CHN001,CNF103445,GUEST103445,2026-07-04,2026-07-08,DLX,PKG,PKG_STD,CANCELLED,2,0,INR,2026-05-10 07:14:31,2026-05-10 07:22:31
RES103446,BLR001,CNF103446,GUEST103446,2026-05-29,2026-05-30,KING,MEMBER,MEM_DLX,CANCELLED,3,0,INR,2026-05-10 09:44:08,2026-05-10 09:46:08
RES103447,HYD001,CNF103447,GUEST103447,2026-06-24,2026-06-29,STE,PREPAY,PPR_DLX,MODIFIED,2,103250,INR,2026-05-10 10:24:06,2026-05-10 11:53:06
RES103448,BLR001,CNF103448,GUEST103448,2026-07-01,2026-07-04,STD,CORP,CORP_STD,BOOKED,1,18036,INR,2026-05-10 06:57:56,2026-05-10 08:52:56
RES103449,CHN001,CNF103449,GUEST103449,2026-06-25,2026-06-28,KING,CORP,CORP_DLX,MODIFIED,2,82008,INR,2026-05-10 21:48:46,2026-05-10 23:29:46
RES103450,BLR002,CNF103450,GUEST103450,2026-07-07,2026-07-11,STD,PREPAY,PPR_DLX,CANCELLED,1,0,INR,2026-05-10 16:57:20,2026-05-10 17:18:20
RES103451,CHA001,CNF103451,GUEST103451,2026-05-14,2026-05-15,KING,CORP,CORP_DLX,BOOKED,2,25296,INR,2026-05-10 20:14:48,2026-05-10 22:58:48
RES103452,HYD001,CNF103452,GUEST103452,2026-06-19,2026-06-21,KING,PREPAY,PPR_STD,CANCELLED,3,0,INR,2026-05-10 09:41:14,2026-05-10 10:53:14
RES103453,DEL001,CNF103453,GUEST103453,2026-05-24,2026-05-25,STD,CORP,CORP_STD,BOOKED,3,17493,INR,2026-05-10 20:29:08,2026-05-10 22:06:08
RES103454,KOL001,CNF103454,GUEST103454,2026-06-05,2026-06-08,STD,PREPAY,PPR_DLX,CANCELLED,2,0,INR,2026-05-10 18:04:16,2026-05-10 19:30:16
RES103455,CHN001,CNF103455,GUEST103455,2026-06-24,2026-06-25,DLX,CORP,CORP_STD,MODIFIED,3,30675,INR,2026-05-10 14:43:04,2026-05-10 15:54:04
RES103456,KOL001,CNF103456,GUEST103456,2026-05-22,2026-05-27,DLX,BAR,BAR_DLX,BOOKED,4,288560,INR,2026-05-10 19:31:26,2026-05-10 22:10:26
RES103457,CHN001,CNF103457,GUEST103457,2026-06-11,2026-06-15,STE,PREPAY,PPR_DLX,BOOKED,2,110352,INR,2026-05-10 21:45:58,2026-05-10 22:34:58
RES103458,MUM001,CNF103458,GUEST103458,2026-05-19,2026-05-21,DLX,PREPAY,PPR_STD,MODIFIED,2,34100,INR,2026-05-10 21:59:55,2026-05-10 23:30:55
RES103459,CHN001,CNF103459,GUEST103459,2026-07-02,2026-07-06,DLX,CORP,CORP_STD,MODIFIED,4,148496,INR,2026-05-10 03:39:53,2026-05-10 03:59:53
RES103460,BLR002,CNF103460,GUEST103460,2026-05-23,2026-05-25,STD,PKG,PKG_STD,CANCELLED,3,0,INR,2026-05-10 17:09:15,2026-05-10 19:31:15
RES103461,BLR002,CNF103461,GUEST103461,2026-06-19,2026-06-20,STD,PREPAY,PPR_DLX,BOOKED,2,11784,INR,2026-05-10 09:53:41,2026-05-10 12:26:41
RES103462,CHN001,CNF103462,GUEST103462,2026-06-18,2026-06-20,KING,PKG,PKG_STD,MODIFIED,3,39540,INR,2026-05-10 01:03:39,2026-05-10 04:03:39
RES103463,BLR001,CNF103463,GUEST103463,2026-05-27,2026-05-29,KING,BAR,BAR_DLX,MODIFIED,1,14716,INR,2026-05-10 03:55:17,2026-05-10 05:06:17
RES103464,MUM001,CNF103464,GUEST103464,2026-06-03,2026-06-04,STD,MEMBER,MEM_DLX,MODIFIED,2,10746,INR,2026-05-10 18:17:43,2026-05-10 21:13:43
RES103465,DEL001,CNF103465,GUEST103465,2026-06-27,2026-06-28,STD,MEMBER,MEM_DLX,BOOKED,2,21920,INR,2026-05-10 04:57:21,2026-05-10 05:59:21
RES103466,MUM002,CNF103466,GUEST103466,2026-05-30,2026-06-04,STE,PKG,PKG_DLX,CANCELLED,1,0,INR,2026-05-10 03:03:49,2026-05-10 05:27:49
RES103467,DEL001,CNF103467,GUEST103467,2026-06-27,2026-06-30,DLX,BAR,BAR_DLX,CANCELLED,2,0,INR,2026-05-10 16:24:27,2026-05-10 18:00:27
RES103468,DEL001,CNF103468,GUEST103468,2026-07-05,2026-07-06,KING,CORP,CORP_STD,BOOKED,1,12558,INR,2026-05-10 04:33:44,2026-05-10 07:05:44
RES103469,MUM002,CNF103469,GUEST103469,2026-05-24,2026-05-28,DLX,PREPAY,PPR_DLX,BOOKED,4,168816,INR,2026-05-10 11:58:51,2026-05-10 14:35:51
RES103470,BLR001,CNF103470,GUEST103470,2026-06-02,2026-06-04,KING,CORP,CORP_STD,MODIFIED,3,45120,INR,2026-05-10 11:47:20,2026-05-10 12:24:20
RES103471,DEL001,CNF103471,GUEST103471,2026-05-19,2026-05-21,STE,PREPAY,PPR_STD,MODIFIED,3,82614,INR,2026-05-10 05:41:37,2026-05-10 05:48:37
RES103472,BLR002,CNF103472,GUEST103472,2026-06-07,2026-06-09,STE,MEMBER,MEM_DLX,CANCELLED,3,0,INR,2026-05-10 17:12:19,2026-05-10 20:07:19
RES103473,HYD001,CNF103473,GUEST103473,2026-05-24,2026-05-25,STE,BAR,BAR_DLX,MODIFIED,1,5587,INR,2026-05-10 01:52:19,2026-05-10 02:52:19
RES103474,KER001,CNF103474,GUEST103474,2026-06-20,2026-06-22,QUEEN,BAR,BAR_STD,BOOKED,4,116664,INR,2026-05-10 16:36:15,2026-05-10 18:39:15
RES103475,MUM002,CNF103475,GUEST103475,2026-07-03,2026-07-07,QUEEN,PKG,PKG_STD,CANCELLED,4,0,INR,2026-05-10 13:49:37,2026-05-10 15:09:37
RES103476,DEL001,CNF103476,GUEST103476,2026-06-25,2026-06-26,STD,PKG,PKG_STD,BOOKED,4,50072,INR,2026-05-10 03:32:27,2026-05-10 04:05:27
RES103477,BLR002,CNF103477,GUEST103477,2026-05-19,2026-05-21,STE,CORP,CORP_DLX,BOOKED,1,17990,INR,2026-05-10 10:47:32,2026-05-10 13:13:32
RES103478,HYD001,CNF103478,GUEST103478,2026-05-20,2026-05-22,STD,PKG,PKG_STD,CANCELLED,4,0,INR,2026-05-10 02:52:02,2026-05-10 03:05:02
RES103479,KER001,CNF103479,GUEST103479,2026-06-08,2026-06-13,QUEEN,BAR,BAR_DLX,BOOKED,3,223245,INR,2026-05-10 21:07:07,2026-05-10 23:12:07
RES103480,KOL001,CNF103480,GUEST103480,2026-06-20,2026-06-22,DLX,CORP,CORP_STD,CANCELLED,3,0,INR,2026-05-10 18:18:58,2026-05-10 20:52:58
RES103481,MUM001,CNF103481,GUEST103481,2026-06-24,2026-06-26,QUEEN,PREPAY,PPR_DLX,CANCELLED,4,0,INR,2026-05-10 08:44:52,2026-05-10 11:03:52
RES103482,KER001,CNF103482,GUEST103482,2026-06-08,2026-06-09,STE,PREPAY,PPR_STD,BOOKED,4,54624,INR,2026-05-10 01:32:06,2026-05-10 01:50:06
RES103483,MUM002,CNF103483,GUEST103483,2026-05-15,2026-05-20,QUEEN,MEMBER,MEM_DLX,MODIFIED,4,172120,INR,2026-05-10 10:27:57,2026-05-10 10:55:57
RES103484,MUM001,CNF103484,GUEST103484,2026-06-20,2026-06-21,STD,BAR,BAR_STD,MODIFIED,3,22104,INR,2026-05-10 06:08:26,2026-05-10 08:41:26
RES103485,BLR001,CNF103485,GUEST103485,2026-06-21,2026-06-22,KING,BAR,BAR_STD,CANCELLED,2,0,INR,2026-05-10 10:52:49,2026-05-10 13:10:49
RES103486,DEL001,CNF103486,GUEST103486,2026-05-26,2026-05-27,STE,CORP,CORP_DLX,MODIFIED,3,33216,INR,2026-05-10 18:28:47,2026-05-10 18:34:47
RES103487,MUM001,CNF103487,GUEST103487,2026-06-24,2026-06-25,KING,MEMBER,MEM_DLX,MODIFIED,2,22872,INR,2026-05-10 13:31:44,2026-05-10 16:30:44
RES103488,HYD001,CNF103488,GUEST103488,2026-05-25,2026-05-27,STD,CORP,CORP_DLX,MODIFIED,1,13746,INR,2026-05-10 01:39:46,2026-05-10 04:05:46
RES103489,BLR002,CNF103489,GUEST103489,2026-05-27,2026-05-31,STD,MEMBER,MEM_DLX,CANCELLED,3,0,INR,2026-05-10 20:46:20,2026-05-10 23:12:20
RES103490,DEL001,CNF103490,GUEST103490,2026-06-23,2026-06-25,QUEEN,MEMBER,MEM_STD,BOOKED,4,90848,INR,2026-05-10 19:08:07,2026-05-10 19:52:07
RES103491,MUM001,CNF103491,GUEST103491,2026-05-19,2026-05-23,KING,MEMBER,MEM_DLX,MODIFIED,2,37008,INR,2026-05-10 17:28:42,2026-05-10 20:04:42
RES103492,BLR001,CNF103492,GUEST103492,2026-06-13,2026-06-16,STD,CORP,CORP_DLX,MODIFIED,4,165300,INR,2026-05-10 23:34:30,2026-05-11 00:22:30
RES103493,CHA001,CNF103493,GUEST103493,2026-05-19,2026-05-20,STE,MEMBER,MEM_STD,CANCELLED,4,0,INR,2026-05-10 11:04:01,2026-05-10 12:29:01
RES103494,BLR002,CNF103494,GUEST103494,2026-05-15,2026-05-18,QUEEN,MEMBER,MEM_DLX,CANCELLED,1,0,INR,2026-05-10 22:57:35,2026-05-11 00:12:35
RES103495,BLR001,CNF103495,GUEST103495,2026-07-06,2026-07-09,STD,CORP,CORP_STD,MODIFIED,3,121941,INR,2026-05-10 18:08:28,2026-05-10 19:00:28
RES103496,MUM002,CNF103496,GUEST103496,2026-06-20,2026-06-24,KING,PREPAY,PPR_STD,MODIFIED,2,95552,INR,2026-05-10 00:33:03,2026-05-10 02:13:03
RES103497,BLR002,CNF103497,GUEST103497,2026-06-15,2026-06-20,STE,PREPAY,PPR_STD,CANCELLED,2,0,INR,2026-05-10 16:09:11,2026-05-10 16:13:11
RES103498,BLR002,CNF103498,GUEST103498,2026-07-09,2026-07-12,DLX,MEMBER,MEM_STD,MODIFIED,3,114057,INR,2026-05-10 01:11:49,2026-05-10 02:35:49
RES103499,KOL001,CNF103499,GUEST103499,2026-05-17,2026-05-19,STD,PKG,PKG_DLX,CANCELLED,3,0,INR,2026-05-10 20:35:37,2026-05-10 20:41:37
RES103500,KOL001,CNF103500,GUEST103500,2026-06-25,2026-06-26,KING,PREPAY,PPR_STD,MODIFIED,3,19578,INR,2026-05-10 17:16:32,2026-05-10 18:37:32
RES103501,BLR001,CNF103501,GUEST103501,2026-06-30,2026-07-02,DLX,PREPAY,PPR_STD,CANCELLED,2,0,INR,2026-05-10 05:48:48,2026-05-10 06:19:48
RES103502,CHA001,CNF103502,GUEST103502,2026-05-17,2026-05-22,KING,PKG,PKG_STD,CANCELLED,4,0,INR,2026-05-10 00:01:44,2026-05-10 01:42:44
RES103503,CHN001,CNF103503,GUEST103503,2026-05-19,2026-05-22,DLX,MEMBER,MEM_STD,BOOKED,1,19383,INR,2026-05-10 01:46:19,2026-05-10 04:15:19
RES103504,DEL001,CNF103504,GUEST103504,2026-06-27,2026-06-28,DLX,BAR,BAR_STD,MODIFIED,4,52916,INR,2026-05-10 17:43:19,2026-05-10 18:43:19
RES103505,CHN001,CNF103505,GUEST103505,2026-06-03,2026-06-04,DLX,CORP,CORP_STD,BOOKED,2,27956,INR,2026-05-10 13:35:21,2026-05-10 14:53:21
RES103506,KER001,CNF103506,GUEST103506,2026-05-16,2026-05-18,QUEEN,PREPAY,PPR_STD,BOOKED,1,21408,INR,2026-05-10 23:35:25,2026-05-10 23:41:25
RES103507,KER001,CNF103507,GUEST103507,2026-06-07,2026-06-12,QUEEN,BAR,BAR_STD,CANCELLED,3,0,INR,2026-05-10 07:22:09,2026-05-10 09:22:09
RES103508,HYD001,CNF103508,GUEST103508,2026-06-27,2026-06-29,DLX,CORP,CORP_STD,CANCELLED,4,0,INR,2026-05-10 18:46:13,2026-05-10 20:43:13
RES103509,CHA001,CNF103509,GUEST103509,2026-05-12,2026-05-17,KING,BAR,BAR_DLX,CANCELLED,3,0,INR,2026-05-10 01:28:24,2026-05-10 02:25:24
RES103510,CHN001,CNF103510,GUEST103510,2026-05-18,2026-05-22,DLX,CORP,CORP_STD,MODIFIED,4,98992,INR,2026-05-10 07:14:51,2026-05-10 08:28:51
RES103511,KER001,CNF103511,GUEST103511,2026-06-28,2026-07-01,STD,PKG,PKG_DLX,MODIFIED,3,107370,INR,2026-05-10 11:34:17,2026-05-10 13:31:17
RES103512,HYD001,CNF103512,GUEST103512,2026-07-02,2026-07-03,QUEEN,PREPAY,PPR_STD,MODIFIED,2,28262,INR,2026-05-10 23:19:08,2026-05-11 00:09:08
RES103513,DEL001,CNF103513,GUEST103513,2026-06-02,2026-06-05,QUEEN,BAR,BAR_DLX,BOOKED,3,90585,INR,2026-05-10 09:37:20,2026-05-10 12:02:20
RES103514,HYD001,CNF103514,GUEST103514,2026-05-11,2026-05-15,STE,CORP,CORP_STD,BOOKED,3,165276,INR,2026-05-10 13:54:17,2026-05-10 14:17:17
RES103515,KER001,CNF103515,GUEST103515,2026-05-24,2026-05-27,QUEEN,PREPAY,PPR_STD,CANCELLED,2,0,INR,2026-05-10 16:29:52,2026-05-10 17:14:52
RES103516,KOL001,CNF103516,GUEST103516,2026-07-05,2026-07-06,QUEEN,PKG,PKG_STD,CANCELLED,4,0,INR,2026-05-10 12:15:13,2026-05-10 12:54:13
RES103517,DEL001,CNF103517,GUEST103517,2026-06-18,2026-06-21,DLX,PKG,PKG_DLX,CANCELLED,1,0,INR,2026-05-10 21:00:30,2026-05-10 23:38:30
RES103518,KOL001,CNF103518,GUEST103518,2026-05-18,2026-05-22,KING,PREPAY,PPR_STD,CANCELLED,1,0,INR,2026-05-10 04:22:44,2026-05-10 05:59:44
RES103519,HYD001,CNF103519,GUEST103519,2026-05-13,2026-05-14,DLX,PKG,PKG_DLX,CANCELLED,2,0,INR,2026-05-10 18:37:42,2026-05-10 18:39:42
RES103520,MUM001,CNF103520,GUEST103520,2026-05-27,2026-05-30,STE,PKG,PKG_DLX,MODIFIED,3,130932,INR,2026-05-10 09:05:50,2026-05-10 10:23:50
RES103521,KER001,CNF103521,GUEST103521,2026-05-17,2026-05-18,DLX,MEMBER,MEM_STD,CANCELLED,3,0,INR,2026-05-10 14:18:41,2026-05-10 14:24:41
RES103522,HYD001,CNF103522,GUEST103522,2026-05-31,2026-06-04,STE,BAR,BAR_DLX,CANCELLED,4,0,INR,2026-05-10 23:35:40,2026-05-11 01:08:40
RES103523,MUM001,CNF103523,GUEST103523,2026-06-07,2026-06-10,DLX,PKG,PKG_STD,CANCELLED,2,0,INR,2026-05-10 08:28:12,2026-05-10 10:06:12
RES103524,CHA001,CNF103524,GUEST103524,2026-06-23,2026-06-28,STD,MEMBER,MEM_DLX,CANCELLED,2,0,INR,2026-05-10 19:07:31,2026-05-10 19:55:31
RES103525,HYD001,CNF103525,GUEST103525,2026-05-13,2026-05-15,STE,PKG,PKG_STD,BOOKED,4,109760,INR,2026-05-10 20:18:06,2026-05-10 22:51:06
RES103526,DEL001,CNF103526,GUEST103526,2026-05-12,2026-05-13,STD,BAR,BAR_STD,CANCELLED,4,0,INR,2026-05-10 15:07:50,2026-05-10 17:02:50
RES103527,CHA001,CNF103527,GUEST103527,2026-06-07,2026-06-10,KING,MEMBER,MEM_DLX,MODIFIED,2,53808,INR,2026-05-10 10:11:53,2026-05-10 11:53:53
RES103528,DEL002,CNF103528,GUEST103528,2026-06-30,2026-07-03,KING,PKG,PKG_DLX,CANCELLED,3,0,INR,2026-05-10 15:35:54,2026-05-10 16:30:54
RES103529,HYD001,CNF103529,GUEST103529,2026-07-02,2026-07-04,STD,PREPAY,PPR_DLX,CANCELLED,1,0,INR,2026-05-10 16:06:41,2026-05-10 18:55:41
RES103530,CHA001,CNF103530,GUEST103530,2026-07-04,2026-07-09,STE,MEMBER,MEM_DLX,MODIFIED,1,70690,INR,2026-05-10 18:01:45,2026-05-10 19:46:45
RES103531,DEL001,CNF103531,GUEST103531,2026-06-20,2026-06-24,STE,PKG,PKG_STD,CANCELLED,4,0,INR,2026-05-10 14:12:44,2026-05-10 16:45:44
RES103532,BLR002,CNF103532,GUEST103532,2026-07-05,2026-07-06,STD,BAR,BAR_DLX,BOOKED,3,32577,INR,2026-05-10 17:16:26,2026-05-10 18:05:26
RES103533,CHN001,CNF103533,GUEST103533,2026-07-01,2026-07-03,QUEEN,BAR,BAR_DLX,MODIFIED,1,26718,INR,2026-05-10 11:59:09,2026-05-10 13:37:09
RES103534,BLR001,CNF103534,GUEST103534,2026-06-11,2026-06-12,STD,MEMBER,MEM_DLX,CANCELLED,1,0,INR,2026-05-10 03:22:20,2026-05-10 05:19:20
RES103535,BLR001,CNF103535,GUEST103535,2026-05-14,2026-05-15,STE,PKG,PKG_STD,MODIFIED,1,14907,INR,2026-05-10 22:53:55,2026-05-10 23:44:55
RES103536,KER001,CNF103536,GUEST103536,2026-05-23,2026-05-26,QUEEN,MEMBER,MEM_STD,CANCELLED,3,0,INR,2026-05-10 00:02:14,2026-05-10 01:19:14
RES103537,KER001,CNF103537,GUEST103537,2026-07-01,2026-07-06,QUEEN,CORP,CORP_DLX,BOOKED,2,144600,INR,2026-05-10 07:33:39,2026-05-10 07:49:39
RES103538,HYD001,CNF103538,GUEST103538,2026-06-07,2026-06-08,QUEEN,MEMBER,MEM_DLX,CANCELLED,3,0,INR,2026-05-10 07:00:38,2026-05-10 07:44:38
RES103539,DEL002,CNF103539,GUEST103539,2026-07-06,2026-07-09,KING,BAR,BAR_DLX,MODIFIED,4,82344,INR,2026-05-10 10:57:55,2026-05-10 11:59:55
RES103540,BLR002,CNF103540,GUEST103540,2026-05-18,2026-05-20,STE,CORP,CORP_DLX,MODIFIED,3,38388,INR,2026-05-10 10:56:24,2026-05-10 12:17:24
RES103541,BLR001,CNF103541,GUEST103541,2026-06-28,2026-06-29,KING,MEMBER,MEM_DLX,MODIFIED,1,3835,INR,2026-05-10 13:33:36,2026-05-10 15:02:36
RES103542,CHA001,CNF103542,GUEST103542,2026-05-18,2026-05-22,DLX,PREPAY,PPR_STD,CANCELLED,1,0,INR,2026-05-10 02:40:55,2026-05-10 03:32:55
RES103543,KOL001,CNF103543,GUEST103543,2026-05-29,2026-06-02,KING,BAR,BAR_STD,MODIFIED,1,57960,INR,2026-05-10 15:31:13,2026-05-10 16:57:13
RES103544,CHN001,CNF103544,GUEST103544,2026-05-31,2026-06-03,KING,PREPAY,PPR_STD,CANCELLED,1,0,INR,2026-05-10 10:19:03,2026-05-10 10:36:03
RES103545,DEL002,CNF103545,GUEST103545,2026-05-27,2026-06-01,STD,CORP,CORP_STD,CANCELLED,2,0,INR,2026-05-10 19:33:59,2026-05-10 21:02:59
RES103546,HYD001,CNF103546,GUEST103546,2026-05-21,2026-05-25,DLX,CORP,CORP_STD,CANCELLED,2,0,INR,2026-05-10 20:36:56,2026-05-10 21:06:56
RES103547,KER001,CNF103547,GUEST103547,2026-06-25,2026-06-30,STD,PKG,PKG_STD,BOOKED,2,55310,INR,2026-05-10 06:01:20,2026-05-10 07:16:20
RES103548,HYD001,CNF103548,GUEST103548,2026-06-24,2026-06-29,STD,BAR,BAR_STD,CANCELLED,1,0,INR,2026-05-10 14:04:18,2026-05-10 14:17:18
RES103549,DEL002,CNF103549,GUEST103549,2026-05-24,2026-05-25,DLX,PKG,PKG_DLX,BOOKED,1,5604,INR,2026-05-10 03:57:05,2026-05-10 06:43:05
RES103550,HYD001,CNF103550,GUEST103550,2026-07-07,2026-07-08,QUEEN,MEMBER,MEM_STD,BOOKED,3,14118,INR,2026-05-10 19:16:57,2026-05-10 22:14:57
RES103551,DEL001,CNF103551,GUEST103551,2026-06-06,2026-06-09,QUEEN,BAR,BAR_STD,CANCELLED,1,0,INR,2026-05-10 06:43:02,2026-05-10 09:06:02
RES103552,BLR001,CNF103552,GUEST103552,2026-06-01,2026-06-03,STD,MEMBER,MEM_STD,BOOKED,1,19454,INR,2026-05-10 08:51:48,2026-05-10 11:34:48
RES103553,KER001,CNF103553,GUEST103553,2026-05-18,2026-05-22,DLX,PREPAY,PPR_STD,CANCELLED,1,0,INR,2026-05-10 02:10:08,2026-05-10 03:32:08
RES103554,CHN001,CNF103554,GUEST103554,2026-05-18,2026-05-23,KING,CORP,CORP_DLX,BOOKED,4,264840,INR,2026-05-10 11:48:36,2026-05-10 14:25:36
RES103555,BLR002,CNF103555,GUEST103555,2026-05-28,2026-06-02,QUEEN,PREPAY,PPR_STD,CANCELLED,3,0,INR,2026-05-10 18:04:15,2026-05-10 20:08:15
RES103556,DEL002,CNF103556,GUEST103556,2026-06-14,2026-06-15,DLX,BAR,BAR_STD,CANCELLED,4,0,INR,2026-05-10 21:06:02,2026-05-10 21:49:02
RES103557,DEL002,CNF103557,GUEST103557,2026-07-05,2026-07-07,DLX,MEMBER,MEM_STD,BOOKED,2,51736,INR,2026-05-10 12:47:26,2026-05-10 13:54:26
RES103558,CHA001,CNF103558,GUEST103558,2026-05-18,2026-05-20,STE,PREPAY,PPR_STD,CANCELLED,1,0,INR,2026-05-10 04:41:39,2026-05-10 04:54:39
RES103559,KOL001,CNF103559,GUEST103559,2026-05-23,2026-05-25,STD,MEMBER,MEM_DLX,BOOKED,4,55408,INR,2026-05-10 21:02:37,2026-05-10 22:29:37
RES103560,MUM002,CNF103560,GUEST103560,2026-06-11,2026-06-12,STE,PREPAY,PPR_STD,CANCELLED,2,0,INR,2026-05-10 13:38:10,2026-05-10 15:23:10
RES103561,CHA001,CNF103561,GUEST103561,2026-05-12,2026-05-14,STE,CORP,CORP_STD,CANCELLED,1,0,INR,2026-05-10 07:23:49,2026-05-10 08:40:49
RES103562,KER001,CNF103562,GUEST103562,2026-06-03,2026-06-06,STE,MEMBER,MEM_STD,CANCELLED,2,0,INR,2026-05-10 08:03:57,2026-05-10 08:21:57
RES103563,BLR002,CNF103563,GUEST103563,2026-05-23,2026-05-27,KING,PREPAY,PPR_STD,BOOKED,1,20216,INR,2026-05-10 18:45:48,2026-05-10 19:41:48
RES103564,DEL002,CNF103564,GUEST103564,2026-05-11,2026-05-12,STE,PREPAY,PPR_DLX,CANCELLED,3,0,INR,2026-05-10 04:09:27,2026-05-10 04:16:27
RES103565,DEL002,CNF103565,GUEST103565,2026-06-08,2026-06-11,DLX,MEMBER,MEM_DLX,CANCELLED,2,0,INR,2026-05-10 01:09:32,2026-05-10 03:35:32
RES103566,KOL001,CNF103566,GUEST103566,2026-06-17,2026-06-19,DLX,PREPAY,PPR_DLX,CANCELLED,1,0,INR,2026-05-10 03:02:28,2026-05-10 04:28:28
RES103567,MUM002,CNF103567,GUEST103567,2026-06-07,2026-06-08,STE,PREPAY,PPR_STD,BOOKED,1,10523,INR,2026-05-10 10:40:37,2026-05-10 12:22:37
RES103568,DEL001,CNF103568,GUEST103568,2026-06-24,2026-06-29,QUEEN,BAR,BAR_DLX,BOOKED,3,141405,INR,2026-05-10 02:45:41,2026-05-10 03:29:41
RES103569,KOL001,CNF103569,GUEST103569,2026-06-20,2026-06-24,DLX,CORP,CORP_STD,MODIFIED,3,148632,INR,2026-05-10 16:40:35,2026-05-10 19:10:35
RES103570,MUM002,CNF103570,GUEST103570,2026-05-21,2026-05-25,STD,PREPAY,PPR_STD,BOOKED,2,97416,INR,2026-05-10 16:28:22,2026-05-10 19:06:22
RES103571,KER001,CNF103571,GUEST103571,2026-05-13,2026-05-14,DLX,PREPAY,PPR_DLX,CANCELLED,1,0,INR,2026-05-10 00:47:05,2026-05-10 02:42:05
RES103572,DEL001,CNF103572,GUEST103572,2026-05-14,2026-05-16,QUEEN,CORP,CORP_STD,MODIFIED,2,39192,INR,2026-05-10 04:35:52,2026-05-10 07:27:52
RES103573,KER001,CNF103573,GUEST103573,2026-05-21,2026-05-23,STE,PREPAY,PPR_DLX,MODIFIED,3,36216,INR,2026-05-10 18:08:00,2026-05-10 18:53:00
RES103574,BLR001,CNF103574,GUEST103574,2026-06-14,2026-06-16,STD,CORP,CORP_STD,BOOKED,1,12246,INR,2026-05-10 16:38:53,2026-05-10 19:29:53
RES103575,KER001,CNF103575,GUEST103575,2026-07-01,2026-07-04,DLX,PKG,PKG_DLX,BOOKED,1,24558,INR,2026-05-10 04:59:01,2026-05-10 05:57:01
RES103576,CHN001,CNF103576,GUEST103576,2026-06-11,2026-06-16,STE,BAR,BAR_STD,MODIFIED,2,52270,INR,2026-05-10 21:02:41,2026-05-10 21:52:41
RES103577,KOL001,CNF103577,GUEST103577,2026-06-05,2026-06-09,STD,CORP,CORP_DLX,MODIFIED,2,112224,INR,2026-05-10 19:37:39,2026-05-10 21:20:39
RES103578,KER001,CNF103578,GUEST103578,2026-07-08,2026-07-13,STE,PKG,PKG_STD,MODIFIED,3,134970,INR,2026-05-10 01:07:22,2026-05-10 01:20:22
RES103579,BLR001,CNF103579,GUEST103579,2026-06-24,2026-06-27,STD,PKG,PKG_DLX,BOOKED,4,94104,INR,2026-05-10 13:59:51,2026-05-10 15:40:51
RES103580,DEL001,CNF103580,GUEST103580,2026-06-21,2026-06-24,QUEEN,MEMBER,MEM_DLX,MODIFIED,3,52614,INR,2026-05-10 06:14:53,2026-05-10 07:57:53
RES103581,DEL001,CNF103581,GUEST103581,2026-06-29,2026-07-01,KING,BAR,BAR_STD,MODIFIED,1,8738,INR,2026-05-10 21:18:25,2026-05-10 23:32:25
RES103582,DEL002,CNF103582,GUEST103582,2026-07-06,2026-07-07,QUEEN,BAR,BAR_STD,MODIFIED,2,22166,INR,2026-05-10 04:16:31,2026-05-10 05:57:31
RES103583,KER001,CNF103583,GUEST103583,2026-06-21,2026-06-23,KING,BAR,BAR_DLX,CANCELLED,2,0,INR,2026-05-10 03:06:29,2026-05-10 05:41:29
RES103584,MUM001,CNF103584,GUEST103584,2026-05-18,2026-05-23,KING,PREPAY,PPR_STD,CANCELLED,2,0,INR,2026-05-10 06:56:50,2026-05-10 09:01:50
RES103585,KER001,CNF103585,GUEST103585,2026-07-02,2026-07-03,STE,PREPAY,PPR_STD,BOOKED,1,11394,INR,2026-05-10 23:59:22,2026-05-11 00:56:22
RES103586,BLR001,CNF103586,GUEST103586,2026-06-20,2026-06-24,STE,PREPAY,PPR_DLX,CANCELLED,3,0,INR,2026-05-10 02:34:17,2026-05-10 03:52:17
RES103587,BLR002,CNF103587,GUEST103587,2026-05-26,2026-05-28,STD,PREPAY,PPR_DLX,MODIFIED,3,70920,INR,2026-05-10 09:17:01,2026-05-10 11:20:01
RES103588,KER001,CNF103588,GUEST103588,2026-06-19,2026-06-23,STD,BAR,BAR_DLX,MODIFIED,4,89248,INR,2026-05-10 00:59:04,2026-05-10 02:49:04
RES103589,MUM002,CNF103589,GUEST103589,2026-07-05,2026-07-07,STE,PREPAY,PPR_DLX,BOOKED,4,81096,INR,2026-05-10 16:21:11,2026-05-10 18:33:11
RES103590,CHN001,CNF103590,GUEST103590,2026-06-03,2026-06-08,DLX,PREPAY,PPR_STD,MODIFIED,4,258420,INR,2026-05-10 17:37:10,2026-05-10 19:57:10
RES103591,MUM001,CNF103591,GUEST103591,2026-06-27,2026-06-29,KING,PREPAY,PPR_STD,MODIFIED,1,28302,INR,2026-05-10 02:31:53,2026-05-10 03:52:53
RES103592,KER001,CNF103592,GUEST103592,2026-06-21,2026-06-24,DLX,PKG,PKG_STD,BOOKED,2,46188,INR,2026-05-10 15:39:39,2026-05-10 15:59:39
RES103593,BLR001,CNF103593,GUEST103593,2026-06-25,2026-06-29,STE,PKG,PKG_STD,MODIFIED,3,171552,INR,2026-05-10 05:55:57,2026-05-10 06:22:57
RES103594,DEL001,CNF103594,GUEST103594,2026-06-17,2026-06-20,STD,PKG,PKG_STD,CANCELLED,4,0,INR,2026-05-10 21:07:37,2026-05-10 22:08:37
RES103595,DEL002,CNF103595,GUEST103595,2026-06-23,2026-06-28,STD,MEMBER,MEM_STD,MODIFIED,1,54505,INR,2026-05-10 10:51:15,2026-05-10 11:52:15
RES103596,MUM002,CNF103596,GUEST103596,2026-06-28,2026-07-02,QUEEN,CORP,CORP_STD,CANCELLED,1,0,INR,2026-05-10 07:43:10,2026-05-10 09:05:10
RES103597,HYD001,CNF103597,GUEST103597,2026-05-13,2026-05-17,DLX,PKG,PKG_DLX,MODIFIED,1,37264,INR,2026-05-10 04:08:27,2026-05-10 04:46:27
RES103598,BLR002,CNF103598,GUEST103598,2026-07-01,2026-07-04,STD,PREPAY,PPR_DLX,BOOKED,2,80838,INR,2026-05-10 04:30:38,2026-05-10 06:46:38
RES103599,HYD001,CNF103599,GUEST103599,2026-06-26,2026-07-01,QUEEN,BAR,BAR_DLX,MODIFIED,4,188260,INR,2026-05-10 05:50:20,2026-05-10 06:14:20
RES103600,HYD001,CNF103600,GUEST103600,2026-06-27,2026-06-30,DLX,BAR,BAR_DLX,MODIFIED,2,31980,INR,2026-05-10 02:42:02,2026-05-10 03:56:02
RES103601,MUM001,CNF103601,GUEST103601,2026-06-30,2026-07-01,QUEEN,MEMBER,MEM_STD,MODIFIED,2,22360,INR,2026-05-10 05:54:48,2026-05-10 06:00:48
RES103602,KER001,CNF103602,GUEST103602,2026-06-02,2026-06-05,STD,MEMBER,MEM_DLX,CANCELLED,1,0,INR,2026-05-10 01:14:51,2026-05-10 01:31:51
RES103603,MUM002,CNF103603,GUEST103603,2026-06-08,2026-06-11,KING,PREPAY,PPR_DLX,BOOKED,2,46992,INR,2026-05-10 05:19:52,2026-05-10 08:03:52
RES103604,CHN001,CNF103604,GUEST103604,2026-06-14,2026-06-18,DLX,PKG,PKG_DLX,CANCELLED,4,0,INR,2026-05-10 13:07:35,2026-05-10 15:31:35
RES103605,MUM002,CNF103605,GUEST103605,2026-06-29,2026-07-03,QUEEN,MEMBER,MEM_STD,CANCELLED,1,0,INR,2026-05-10 09:55:49,2026-05-10 11:27:49
RES103606,KOL001,CNF103606,GUEST103606,2026-06-04,2026-06-07,DLX,CORP,CORP_DLX,CANCELLED,1,0,INR,2026-05-10 23:24:20,2026-05-11 00:36:20
RES103607,BLR002,CNF103607,GUEST103607,2026-06-27,2026-07-02,KING,PKG,PKG_STD,CANCELLED,2,0,INR,2026-05-10 15:36:27,2026-05-10 17:27:27
RES103608,BLR001,CNF103608,GUEST103608,2026-06-03,2026-06-08,STD,PREPAY,PPR_STD,BOOKED,1,23190,INR,2026-05-10 12:35:27,2026-05-10 14:24:27
RES103609,DEL001,CNF103609,GUEST103609,2026-06-21,2026-06-25,STD,PREPAY,PPR_STD,MODIFIED,3,179364,INR,2026-05-10 18:28:10,2026-05-10 21:14:10
RES103610,KER001,CNF103610,GUEST103610,2026-06-08,2026-06-11,DLX,PKG,PKG_DLX,CANCELLED,2,0,INR,2026-05-10 06:14:08,2026-05-10 07:37:08
RES103611,DEL001,CNF103611,GUEST103611,2026-05-20,2026-05-22,QUEEN,CORP,CORP_DLX,BOOKED,3,39042,INR,2026-05-10 21:49:53,2026-05-10 23:48:53
RES103612,DEL001,CNF103612,GUEST103612,2026-05-31,2026-06-05,KING,CORP,CORP_DLX,MODIFIED,1,45260,INR,2026-05-10 13:42:32,2026-05-10 14:39:32
RES103613,KOL001,CNF103613,GUEST103613,2026-07-02,2026-07-04,DLX,BAR,BAR_DLX,CANCELLED,4,0,INR,2026-05-10 17:57:29,2026-05-10 20:31:29
RES103614,DEL001,CNF103614,GUEST103614,2026-06-02,2026-06-05,STE,MEMBER,MEM_STD,BOOKED,1,12069,INR,2026-05-10 03:43:15,2026-05-10 05:49:15
RES103615,KER001,CNF103615,GUEST103615,2026-05-12,2026-05-16,KING,PREPAY,PPR_STD,CANCELLED,1,0,INR,2026-05-10 01:29:54,2026-05-10 02:37:54
RES103616,HYD001,CNF103616,GUEST103616,2026-07-02,2026-07-03,DLX,CORP,CORP_DLX,MODIFIED,1,8369,INR,2026-05-10 04:55:54,2026-05-10 05:26:54
RES103617,BLR002,CNF103617,GUEST103617,2026-05-29,2026-06-01,KING,PREPAY,PPR_DLX,CANCELLED,4,0,INR,2026-05-10 04:59:00,2026-05-10 07:19:00
RES103618,KOL001,CNF103618,GUEST103618,2026-05-23,2026-05-25,DLX,CORP,CORP_STD,BOOKED,4,90328,INR,2026-05-10 13:20:43,2026-05-10 15:53:43
RES103619,CHN001,CNF103619,GUEST103619,2026-06-24,2026-06-29,KING,MEMBER,MEM_STD,MODIFIED,1,42590,INR,2026-05-10 06:48:01,2026-05-10 08:52:01
RES103620,BLR001,CNF103620,GUEST103620,2026-06-23,2026-06-26,STD,MEMBER,MEM_STD,MODIFIED,3,33723,INR,2026-05-10 22:05:36,2026-05-11 00:29:36
RES103621,CHA001,CNF103621,GUEST103621,2026-06-07,2026-06-12,STD,MEMBER,MEM_DLX,CANCELLED,3,0,INR,2026-05-10 18:33:00,2026-05-10 20:32:00
RES103622,KOL001,CNF103622,GUEST103622,2026-05-29,2026-06-01,STD,MEMBER,MEM_DLX,BOOKED,1,24498,INR,2026-05-10 14:21:14,2026-05-10 16:39:14
RES103623,KER001,CNF103623,GUEST103623,2026-05-19,2026-05-22,QUEEN,CORP,CORP_DLX,CANCELLED,2,0,INR,2026-05-10 04:26:07,2026-05-10 05:27:07
RES103624,BLR002,CNF103624,GUEST103624,2026-05-20,2026-05-21,STD,PREPAY,PPR_DLX,MODIFIED,3,42825,INR,2026-05-10 09:13:46,2026-05-10 10:44:46
RES103625,BLR002,CNF103625,GUEST103625,2026-05-15,2026-05-17,DLX,CORP,CORP_DLX,BOOKED,1,19110,INR,2026-05-10 02:45:54,2026-05-10 05:06:54
RES103626,KER001,CNF103626,GUEST103626,2026-07-03,2026-07-07,STD,BAR,BAR_DLX,MODIFIED,4,136432,INR,2026-05-10 01:41:40,2026-05-10 03:32:40
RES103627,CHA001,CNF103627,GUEST103627,2026-06-13,2026-06-15,KING,CORP,CORP_DLX,BOOKED,1,29374,INR,2026-05-10 11:53:50,2026-05-10 12:59:50
RES103628,MUM001,CNF103628,GUEST103628,2026-06-21,2026-06-25,QUEEN,BAR,BAR_STD,MODIFIED,2,113248,INR,2026-05-10 19:37:09,2026-05-10 20:24:09
RES103629,BLR002,CNF103629,GUEST103629,2026-07-04,2026-07-05,KING,CORP,CORP_DLX,BOOKED,3,28635,INR,2026-05-10 07:35:23,2026-05-10 10:27:23
RES103630,MUM001,CNF103630,GUEST103630,2026-05-14,2026-05-15,QUEEN,PKG,PKG_DLX,MODIFIED,1,10700,INR,2026-05-10 21:20:06,2026-05-10 22:06:06
RES103631,KER001,CNF103631,GUEST103631,2026-06-03,2026-06-05,STD,CORP,CORP_STD,CANCELLED,4,0,INR,2026-05-10 00:34:44,2026-05-10 00:50:44
RES103632,DEL002,CNF103632,GUEST103632,2026-06-21,2026-06-23,DLX,PREPAY,PPR_STD,BOOKED,3,83304,INR,2026-05-10 04:46:18,2026-05-10 05:05:18
RES103633,DEL001,CNF103633,GUEST103633,2026-06-02,2026-06-05,QUEEN,MEMBER,MEM_DLX,CANCELLED,1,0,INR,2026-05-10 11:37:06,2026-05-10 12:40:06
RES103634,DEL002,CNF103634,GUEST103634,2026-06-01,2026-06-02,KING,PKG,PKG_STD,CANCELLED,3,0,INR,2026-05-10 03:42:07,2026-05-10 05:52:07
RES103635,KOL001,CNF103635,GUEST103635,2026-05-28,2026-05-29,QUEEN,MEMBER,MEM_STD,CANCELLED,1,0,INR,2026-05-10 04:16:43,2026-05-10 04:32:43
RES103636,DEL001,CNF103636,GUEST103636,2026-05-20,2026-05-21,DLX,BAR,BAR_STD,MODIFIED,3,38373,INR,2026-05-10 08:54:06,2026-05-10 08:59:06
RES103637,MUM001,CNF103637,GUEST103637,2026-05-14,2026-05-19,STE,MEMBER,MEM_STD,CANCELLED,3,0,INR,2026-05-10 20:21:01,2026-05-10 22:34:01
RES103638,MUM001,CNF103638,GUEST103638,2026-06-24,2026-06-26,KING,MEMBER,MEM_STD,MODIFIED,2,48800,INR,2026-05-10 03:50:11,2026-05-10 05:31:11
RES103639,KOL001,CNF103639,GUEST103639,2026-05-25,2026-05-27,STE,MEMBER,MEM_STD,CANCELLED,3,0,INR,2026-05-10 02:25:13,2026-05-10 02:44:13
RES103640,MUM002,CNF103640,GUEST103640,2026-05-19,2026-05-23,STD,MEMBER,MEM_DLX,CANCELLED,2,0,INR,2026-05-10 01:26:36,2026-05-10 03:53:36
RES103641,CHA001,CNF103641,GUEST103641,2026-05-21,2026-05-23,KING,BAR,BAR_STD,BOOKED,4,30488,INR,2026-05-10 05:07:37,2026-05-10 07:58:37
RES103642,BLR002,CNF103642,GUEST103642,2026-06-28,2026-07-01,STE,MEMBER,MEM_DLX,MODIFIED,2,68766,INR,2026-05-10 19:25:13,2026-05-10 19:46:13
RES103643,HYD001,CNF103643,GUEST103643,2026-06-12,2026-06-16,STD,PREPAY,PPR_STD,CANCELLED,4,0,INR,2026-05-10 16:48:43,2026-05-10 16:53:43
RES103644,MUM001,CNF103644,GUEST103644,2026-07-07,2026-07-08,DLX,BAR,BAR_STD,CANCELLED,4,0,INR,2026-05-10 15:28:01,2026-05-10 17:03:01
RES103645,BLR002,CNF103645,GUEST103645,2026-05-12,2026-05-17,DLX,PREPAY,PPR_STD,BOOKED,2,99410,INR,2026-05-10 10:13:59,2026-05-10 11:24:59
RES103646,DEL001,CNF103646,GUEST103646,2026-05-13,2026-05-18,QUEEN,PKG,PKG_DLX,BOOKED,1,59070,INR,2026-05-10 03:41:36,2026-05-10 05:04:36
RES103647,MUM001,CNF103647,GUEST103647,2026-06-08,2026-06-11,STD,BAR,BAR_STD,CANCELLED,2,0,INR,2026-05-10 03:50:03,2026-05-10 05:07:03
RES103648,MUM001,CNF103648,GUEST103648,2026-05-26,2026-05-30,DLX,BAR,BAR_DLX,BOOKED,1,53152,INR,2026-05-10 00:00:34,2026-05-10 01:56:34
RES103649,BLR001,CNF103649,GUEST103649,2026-06-16,2026-06-17,KING,MEMBER,MEM_STD,BOOKED,1,7893,INR,2026-05-10 03:14:40,2026-05-10 03:47:40
RES103650,BLR002,CNF103650,GUEST103650,2026-05-18,2026-05-22,QUEEN,CORP,CORP_STD,MODIFIED,3,120264,INR,2026-05-10 20:05:36,2026-05-10 20:58:36
RES103651,BLR001,CNF103651,GUEST103651,2026-06-24,2026-06-26,DLX,PREPAY,PPR_DLX,MODIFIED,3,63618,INR,2026-05-10 18:13:36,2026-05-10 19:11:36
RES103652,KER001,CNF103652,GUEST103652,2026-05-26,2026-05-30,STE,PREPAY,PPR_STD,BOOKED,3,156108,INR,2026-05-10 01:44:42,2026-05-10 03:32:42
RES103653,BLR002,CNF103653,GUEST103653,2026-06-13,2026-06-17,DLX,PKG,PKG_STD,BOOKED,2,60136,INR,2026-05-10 08:32:23,2026-05-10 10:11:23
RES103654,CHN001,CNF103654,GUEST103654,2026-07-07,2026-07-08,DLX,MEMBER,MEM_DLX,MODIFIED,1,11583,INR,2026-05-10 03:12:11,2026-05-10 03:29:11
RES103655,CHN001,CNF103655,GUEST103655,2026-05-17,2026-05-22,DLX,MEMBER,MEM_DLX,BOOKED,2,129310,INR,2026-05-10 15:46:25,2026-05-10 16:59:25
RES103656,BLR002,CNF103656,GUEST103656,2026-07-06,2026-07-11,STE,PKG,PKG_STD,CANCELLED,1,0,INR,2026-05-10 15:35:25,2026-05-10 16:46:25
RES103657,KER001,CNF103657,GUEST103657,2026-06-05,2026-06-08,DLX,MEMBER,MEM_DLX,MODIFIED,3,46854,INR,2026-05-10 03:18:06,2026-05-10 03:28:06
RES103658,DEL002,CNF103658,GUEST103658,2026-06-09,2026-06-11,STE,MEMBER,MEM_DLX,CANCELLED,4,0,INR,2026-05-10 07:01:31,2026-05-10 08:47:31
RES103659,HYD001,CNF103659,GUEST103659,2026-06-19,2026-06-21,STD,PREPAY,PPR_STD,CANCELLED,3,0,INR,2026-05-10 07:35:58,2026-05-10 07:55:58
RES103660,KER001,CNF103660,GUEST103660,2026-06-02,2026-06-06,DLX,PREPAY,PPR_STD,CANCELLED,4,0,INR,2026-05-10 22:02:59,2026-05-10 23:56:59
RES103661,CHN001,CNF103661,GUEST103661,2026-07-02,2026-07-04,STD,CORP,CORP_DLX,CANCELLED,3,0,INR,2026-05-10 00:59:51,2026-05-10 03:42:51
RES103662,MUM001,CNF103662,GUEST103662,2026-05-31,2026-06-01,STD,MEMBER,MEM_DLX,BOOKED,2,18816,INR,2026-05-10 15:14:28,2026-05-10 15:29:28
RES103663,KOL001,CNF103663,GUEST103663,2026-05-29,2026-06-02,KING,BAR,BAR_STD,BOOKED,3,138300,INR,2026-05-10 08:50:18,2026-05-10 10:16:18
RES103664,DEL001,CNF103664,GUEST103664,2026-06-03,2026-06-06,KING,BAR,BAR_DLX,BOOKED,3,107757,INR,2026-05-10 00:38:29,2026-05-10 02:57:29
RES103665,DEL002,CNF103665,GUEST103665,2026-06-06,2026-06-09,STE,CORP,CORP_DLX,MODIFIED,4,97632,INR,2026-05-10 11:58:59,2026-05-10 14:05:59
RES103666,DEL002,CNF103666,GUEST103666,2026-06-06,2026-06-11,QUEEN,BAR,BAR_STD,CANCELLED,4,0,INR,2026-05-10 09:18:08,2026-05-10 11:09:08
RES103667,MUM001,CNF103667,GUEST103667,2026-07-01,2026-07-04,DLX,CORP,CORP_DLX,MODIFIED,4,81600,INR,2026-05-10 03:19:20,2026-05-10 04:30:20
RES103668,BLR001,CNF103668,GUEST103668,2026-05-25,2026-05-26,KING,CORP,CORP_DLX,BOOKED,1,12359,INR,2026-05-10 11:19:19,2026-05-10 12:41:19
RES103669,KOL001,CNF103669,GUEST103669,2026-05-29,2026-06-02,QUEEN,PREPAY,PPR_DLX,CANCELLED,2,0,INR,2026-05-10 04:50:14,2026-05-10 05:32:14
RES103670,CHN001,CNF103670,GUEST103670,2026-06-07,2026-06-11,STD,BAR,BAR_DLX,MODIFIED,2,71488,INR,2026-05-10 18:40:13,2026-05-10 21:12:13
RES103671,CHN001,CNF103671,GUEST103671,2026-05-25,2026-05-30,DLX,PKG,PKG_DLX,BOOKED,4,234240,INR,2026-05-10 16:04:11,2026-05-10 16:15:11
RES103672,MUM001,CNF103672,GUEST103672,2026-06-18,2026-06-23,KING,MEMBER,MEM_STD,BOOKED,2,139460,INR,2026-05-10 15:37:43,2026-05-10 17:41:43
RES103673,DEL002,CNF103673,GUEST103673,2026-05-15,2026-05-19,KING,PKG,PKG_STD,BOOKED,3,138576,INR,2026-05-10 04:32:43,2026-05-10 05:32:43
RES103674,MUM001,CNF103674,GUEST103674,2026-05-17,2026-05-19,QUEEN,PKG,PKG_DLX,CANCELLED,2,0,INR,2026-05-10 10:19:33,2026-05-10 13:19:33
RES103675,BLR001,CNF103675,GUEST103675,2026-05-30,2026-06-04,DLX,PKG,PKG_STD,BOOKED,4,244220,INR,2026-05-10 19:15:43,2026-05-10 21:54:43
RES103676,KER001,CNF103676,GUEST103676,2026-06-05,2026-06-06,QUEEN,BAR,BAR_DLX,BOOKED,1,9396,INR,2026-05-10 11:18:09,2026-05-10 12:37:09
RES103677,BLR002,CNF103677,GUEST103677,2026-06-04,2026-06-05,QUEEN,MEMBER,MEM_DLX,BOOKED,3,32223,INR,2026-05-10 00:44:25,2026-05-10 02:29:25
RES103678,CHN001,CNF103678,GUEST103678,2026-06-08,2026-06-10,KING,BAR,BAR_STD,CANCELLED,4,0,INR,2026-05-10 15:17:43,2026-05-10 17:43:43
RES103679,KER001,CNF103679,GUEST103679,2026-06-26,2026-06-28,STE,CORP,CORP_STD,CANCELLED,1,0,INR,2026-05-10 00:35:44,2026-05-10 02:28:44
RES103680,DEL001,CNF103680,GUEST103680,2026-06-04,2026-06-07,KING,CORP,CORP_STD,MODIFIED,3,36549,INR,2026-05-10 05:43:46,2026-05-10 06:16:46
RES103681,CHN001,CNF103681,GUEST103681,2026-06-20,2026-06-22,STE,CORP,CORP_DLX,MODIFIED,1,7582,INR,2026-05-10 16:06:37,2026-05-10 16:32:37
RES103682,DEL002,CNF103682,GUEST103682,2026-05-29,2026-05-31,QUEEN,PREPAY,PPR_DLX,MODIFIED,3,72756,INR,2026-05-10 20:45:25,2026-05-10 23:27:25
RES103683,MUM001,CNF103683,GUEST103683,2026-06-17,2026-06-20,DLX,BAR,BAR_STD,BOOKED,4,124740,INR,2026-05-10 20:53:29,2026-05-10 23:47:29
RES103684,MUM002,CNF103684,GUEST103684,2026-07-03,2026-07-08,STD,PREPAY,PPR_STD,MODIFIED,1,63685,INR,2026-05-10 05:22:50,2026-05-10 07:09:50
RES103685,BLR002,CNF103685,GUEST103685,2026-07-04,2026-07-09,STE,PKG,PKG_STD,BOOKED,2,148170,INR,2026-05-10 02:38:39,2026-05-10 05:08:39
RES103686,BLR002,CNF103686,GUEST103686,2026-06-29,2026-06-30,STD,PREPAY,PPR_STD,CANCELLED,1,0,INR,2026-05-10 13:39:45,2026-05-10 13:44:45
RES103687,CHA001,CNF103687,GUEST103687,2026-05-19,2026-05-22,QUEEN,MEMBER,MEM_STD,CANCELLED,3,0,INR,2026-05-10 13:29:34,2026-05-10 14:18:34
RES103688,DEL002,CNF103688,GUEST103688,2026-06-18,2026-06-21,DLX,BAR,BAR_STD,MODIFIED,2,25362,INR,2026-05-10 00:51:35,2026-05-10 02:45:35
RES103689,DEL001,CNF103689,GUEST103689,2026-06-04,2026-06-09,QUEEN,CORP,CORP_DLX,MODIFIED,1,17850,INR,2026-05-10 23:15:24,2026-05-11 01:39:24
RES103690,KER001,CNF103690,GUEST103690,2026-05-12,2026-05-13,QUEEN,PREPAY,PPR_STD,BOOKED,3,14154,INR,2026-05-10 07:49:51,2026-05-10 10:43:51
RES103691,HYD001,CNF103691,GUEST103691,2026-06-20,2026-06-25,STE,PKG,PKG_STD,CANCELLED,3,0,INR,2026-05-10 07:44:31,2026-05-10 07:46:31
RES103692,BLR001,CNF103692,GUEST103692,2026-06-23,2026-06-25,STE,BAR,BAR_STD,CANCELLED,4,0,INR,2026-05-10 21:03:55,2026-05-10 21:55:55
RES103693,DEL002,CNF103693,GUEST103693,2026-06-16,2026-06-17,STD,PREPAY,PPR_DLX,MODIFIED,4,59492,INR,2026-05-10 12:00:44,2026-05-10 13:55:44
RES103694,KER001,CNF103694,GUEST103694,2026-05-21,2026-05-23,DLX,MEMBER,MEM_STD,MODIFIED,1,9108,INR,2026-05-10 12:06:16,2026-05-10 12:23:16
RES103695,KER001,CNF103695,GUEST103695,2026-05-29,2026-06-03,KING,MEMBER,MEM_STD,MODIFIED,1,67175,INR,2026-05-10 20:21:36,2026-05-10 20:50:36
RES103696,HYD001,CNF103696,GUEST103696,2026-06-24,2026-06-29,STE,BAR,BAR_DLX,BOOKED,4,296420,INR,2026-05-10 04:30:05,2026-05-10 06:25:05
RES103697,DEL002,CNF103697,GUEST103697,2026-07-08,2026-07-13,STE,BAR,BAR_DLX,MODIFIED,2,142680,INR,2026-05-10 21:57:22,2026-05-10 22:48:22
RES103698,MUM002,CNF103698,GUEST103698,2026-06-03,2026-06-07,STE,MEMBER,MEM_DLX,MODIFIED,3,99492,INR,2026-05-10 12:30:47,2026-05-10 13:58:47
RES103699,KER001,CNF103699,GUEST103699,2026-06-23,2026-06-26,DLX,PKG,PKG_DLX,CANCELLED,1,0,INR,2026-05-10 16:42:56,2026-05-10 18:00:56
RES103700,KER001,CNF103700,GUEST103700,2026-06-18,2026-06-19,DLX,CORP,CORP_STD,MODIFIED,2,26616,INR,2026-05-10 14:27:25,2026-05-10 14:34:25
RES103701,CHN001,CNF103701,GUEST103701,2026-06-26,2026-06-29,QUEEN,CORP,CORP_STD,MODIFIED,3,36135,INR,2026-05-10 23:06:41,2026-05-11 00:32:41
RES103702,MUM001,CNF103702,GUEST103702,2026-05-13,2026-05-17,STE,BAR,BAR_STD,CANCELLED,2,0,INR,2026-05-10 01:57:14,2026-05-10 02:00:14
RES103703,MUM002,CNF103703,GUEST103703,2026-06-25,2026-06-26,KING,MEMBER,MEM_STD,MODIFIED,2,9126,INR,2026-05-10 08:27:54,2026-05-10 10:04:54
RES103704,DEL001,CNF103704,GUEST103704,2026-06-19,2026-06-24,QUEEN,BAR,BAR_STD,BOOKED,3,58890,INR,2026-05-10 17:45:48,2026-05-10 18:55:48
RES103705,MUM001,CNF103705,GUEST103705,2026-06-26,2026-07-01,DLX,BAR,BAR_DLX,CANCELLED,4,0,INR,2026-05-10 17:35:41,2026-05-10 20:27:41
RES103706,DEL002,CNF103706,GUEST103706,2026-07-05,2026-07-06,STD,BAR,BAR_STD,BOOKED,2,22568,INR,2026-05-10 16:47:08,2026-05-10 19:34:08
RES103707,BLR001,CNF103707,GUEST103707,2026-05-29,2026-06-02,KING,PKG,PKG_DLX,MODIFIED,4,179968,INR,2026-05-10 17:57:25,2026-05-10 20:01:25
RES103708,DEL001,CNF103708,GUEST103708,2026-05-21,2026-05-26,DLX,CORP,CORP_DLX,CANCELLED,3,0,INR,2026-05-10 11:26:12,2026-05-10 14:16:12
RES103709,DEL001,CNF103709,GUEST103709,2026-06-23,2026-06-27,DLX,CORP,CORP_DLX,CANCELLED,1,0,INR,2026-05-10 01:06:54,2026-05-10 02:34:54
RES103710,DEL002,CNF103710,GUEST103710,2026-05-12,2026-05-13,KING,PREPAY,PPR_DLX,MODIFIED,4,15680,INR,2026-05-10 17:10:35,2026-05-10 19:47:35
RES103711,CHN001,CNF103711,GUEST103711,2026-05-18,2026-05-20,STE,CORP,CORP_DLX,CANCELLED,4,0,INR,2026-05-10 14:20:50,2026-05-10 14:43:50
RES103712,BLR001,CNF103712,GUEST103712,2026-06-04,2026-06-08,KING,CORP,CORP_DLX,BOOKED,2,45432,INR,2026-05-10 14:37:28,2026-05-10 14:46:28
RES103713,BLR002,CNF103713,GUEST103713,2026-06-01,2026-06-03,STD,PKG,PKG_DLX,CANCELLED,2,0,INR,2026-05-10 15:51:12,2026-05-10 18:46:12
RES103714,KOL001,CNF103714,GUEST103714,2026-07-09,2026-07-11,STE,PREPAY,PPR_STD,BOOKED,4,40096,INR,2026-05-10 03:52:45,2026-05-10 05:46:45
RES103715,HYD001,CNF103715,GUEST103715,2026-07-05,2026-07-09,DLX,MEMBER,MEM_DLX,BOOKED,3,115764,INR,2026-05-10 11:49:43,2026-05-10 14:35:43
RES103716,BLR001,CNF103716,GUEST103716,2026-06-11,2026-06-16,QUEEN,MEMBER,MEM_STD,BOOKED,2,134040,INR,2026-05-10 01:09:06,2026-05-10 01:29:06
RES103717,BLR002,CNF103717,GUEST103717,2026-06-25,2026-06-29,KING,MEMBER,MEM_DLX,CANCELLED,1,0,INR,2026-05-10 11:59:27,2026-05-10 12:12:27
RES103718,MUM001,CNF103718,GUEST103718,2026-05-19,2026-05-22,STE,BAR,BAR_DLX,BOOKED,4,115524,INR,2026-05-10 18:40:03,2026-05-10 18:52:03
RES103719,DEL002,CNF103719,GUEST103719,2026-05-13,2026-05-14,KING,BAR,BAR_STD,MODIFIED,4,32504,INR,2026-05-10 16:42:57,2026-05-10 16:43:57
RES103720,DEL001,CNF103720,GUEST103720,2026-05-23,2026-05-24,QUEEN,CORP,CORP_STD,CANCELLED,4,0,INR,2026-05-10 15:26:17,2026-05-10 18:17:17
RES103721,MUM001,CNF103721,GUEST103721,2026-07-08,2026-07-09,STD,MEMBER,MEM_STD,MODIFIED,3,11532,INR,2026-05-10 01:29:00,2026-05-10 04:24:00
RES103722,HYD001,CNF103722,GUEST103722,2026-06-30,2026-07-03,STE,MEMBER,MEM_DLX,BOOKED,1,13149,INR,2026-05-10 11:09:41,2026-05-10 13:22:41
RES103723,KOL001,CNF103723,GUEST103723,2026-05-30,2026-05-31,STE,MEMBER,MEM_STD,CANCELLED,4,0,INR,2026-05-10 00:02:52,2026-05-10 01:49:52
RES103724,HYD001,CNF103724,GUEST103724,2026-07-09,2026-07-12,STD,PKG,PKG_DLX,CANCELLED,3,0,INR,2026-05-10 21:04:36,2026-05-10 22:49:36
RES103725,DEL002,CNF103725,GUEST103725,2026-05-13,2026-05-15,STD,MEMBER,MEM_STD,BOOKED,1,15604,INR,2026-05-10 11:09:24,2026-05-10 12:21:24
RES103726,KOL001,CNF103726,GUEST103726,2026-06-14,2026-06-19,KING,MEMBER,MEM_STD,CANCELLED,1,0,INR,2026-05-10 23:34:12,2026-05-10 23:34:12
RES103727,KOL001,CNF103727,GUEST103727,2026-07-01,2026-07-03,STD,BAR,BAR_STD,MODIFIED,4,75632,INR,2026-05-10 13:50:48,2026-05-10 14:09:48
RES103728,KER001,CNF103728,GUEST103728,2026-06-01,2026-06-05,STE,BAR,BAR_DLX,CANCELLED,1,0,INR,2026-05-10 12:17:27,2026-05-10 14:49:27
RES103729,CHN001,CNF103729,GUEST103729,2026-06-25,2026-06-28,DLX,MEMBER,MEM_DLX,MODIFIED,1,29184,INR,2026-05-10 03:50:12,2026-05-10 05:03:12
RES103730,KER001,CNF103730,GUEST103730,2026-07-02,2026-07-03,STE,PKG,PKG_DLX,BOOKED,2,22632,INR,2026-05-10 16:53:13,2026-05-10 17:31:13
RES103731,CHN001,CNF103731,GUEST103731,2026-06-14,2026-06-17,STE,MEMBER,MEM_DLX,CANCELLED,2,0,INR,2026-05-10 22:58:59,2026-05-11 01:40:59
RES103732,MUM002,CNF103732,GUEST103732,2026-05-16,2026-05-19,STE,MEMBER,MEM_DLX,MODIFIED,4,178272,INR,2026-05-10 16:49:29,2026-05-10 18:58:29
RES103733,CHN001,CNF103733,GUEST103733,2026-05-16,2026-05-21,STE,BAR,BAR_STD,CANCELLED,2,0,INR,2026-05-10 16:27:30,2026-05-10 17:33:30
RES103734,DEL001,CNF103734,GUEST103734,2026-06-14,2026-06-15,KING,MEMBER,MEM_STD,MODIFIED,2,24610,INR,2026-05-10 02:50:49,2026-05-10 02:59:49
RES103735,KOL001,CNF103735,GUEST103735,2026-06-17,2026-06-20,STE,BAR,BAR_STD,MODIFIED,4,140892,INR,2026-05-10 08:46:03,2026-05-10 11:08:03
RES103736,HYD001,CNF103736,GUEST103736,2026-07-07,2026-07-09,QUEEN,BAR,BAR_STD,CANCELLED,1,0,INR,2026-05-10 17:07:47,2026-05-10 18:43:47
RES103737,MUM001,CNF103737,GUEST103737,2026-07-08,2026-07-13,DLX,BAR,BAR_DLX,MODIFIED,2,102340,INR,2026-05-10 13:08:58,2026-05-10 13:57:58
RES103738,KER001,CNF103738,GUEST103738,2026-06-17,2026-06-22,STE,BAR,BAR_STD,CANCELLED,1,0,INR,2026-05-10 22:09:39,2026-05-10 22:44:39
RES103739,KOL001,CNF103739,GUEST103739,2026-06-10,2026-06-13,STE,MEMBER,MEM_DLX,CANCELLED,1,0,INR,2026-05-10 21:10:00,2026-05-10 22:33:00
RES103740,KER001,CNF103740,GUEST103740,2026-07-05,2026-07-09,QUEEN,MEMBER,MEM_DLX,BOOKED,3,52548,INR,2026-05-10 16:40:26,2026-05-10 18:05:26
RES103741,MUM002,CNF103741,GUEST103741,2026-06-21,2026-06-24,QUEEN,CORP,CORP_STD,MODIFIED,1,38664,INR,2026-05-10 21:30:25,2026-05-11 00:10:25
RES103742,KOL001,CNF103742,GUEST103742,2026-07-09,2026-07-10,DLX,PKG,PKG_STD,MODIFIED,2,20186,INR,2026-05-10 12:31:12,2026-05-10 13:17:12
RES103743,DEL002,CNF103743,GUEST103743,2026-06-11,2026-06-12,DLX,CORP,CORP_STD,BOOKED,4,36260,INR,2026-05-10 00:09:41,2026-05-10 02:02:41
RES103744,BLR001,CNF103744,GUEST103744,2026-07-08,2026-07-11,STD,MEMBER,MEM_DLX,BOOKED,2,61458,INR,2026-05-10 00:11:36,2026-05-10 00:43:36
RES103745,CHA001,CNF103745,GUEST103745,2026-06-08,2026-06-09,KING,PREPAY,PPR_DLX,MODIFIED,3,31005,INR,2026-05-10 02:01:52,2026-05-10 04:52:52
RES103746,BLR002,CNF103746,GUEST103746,2026-05-28,2026-06-02,QUEEN,BAR,BAR_DLX,CANCELLED,3,0,INR,2026-05-10 12:58:34,2026-05-10 14:59:34
RES103747,MUM002,CNF103747,GUEST103747,2026-05-27,2026-05-28,STE,PKG,PKG_STD,MODIFIED,3,18885,INR,2026-05-10 20:05:19,2026-05-10 21:33:19
RES103748,DEL002,CNF103748,GUEST103748,2026-06-14,2026-06-15,QUEEN,BAR,BAR_DLX,MODIFIED,1,5459,INR,2026-05-10 04:25:52,2026-05-10 06:38:52
RES103749,BLR001,CNF103749,GUEST103749,2026-06-30,2026-07-02,QUEEN,PREPAY,PPR_DLX,CANCELLED,2,0,INR,2026-05-10 09:49:02,2026-05-10 11:53:02
RES103750,BLR002,CNF103750,GUEST103750,2026-05-30,2026-06-01,DLX,PREPAY,PPR_DLX,BOOKED,2,20584,INR,2026-05-10 03:05:56,2026-05-10 05:49:56
RES103751,MUM001,CNF103751,GUEST103751,2026-06-24,2026-06-29,QUEEN,BAR,BAR_STD,CANCELLED,2,0,INR,2026-05-10 12:05:38,2026-05-10 13:19:38
RES103752,MUM002,CNF103752,GUEST103752,2026-06-13,2026-06-17,KING,PREPAY,PPR_STD,CANCELLED,1,0,INR,2026-05-10 15:20:20,2026-05-10 15:35:20
RES103753,MUM002,CNF103753,GUEST103753,2026-05-22,2026-05-26,STE,CORP,CORP_DLX,MODIFIED,2,62424,INR,2026-05-10 11:09:59,2026-05-10 12:01:59
RES103754,BLR002,CNF103754,GUEST103754,2026-05-28,2026-05-31,STE,BAR,BAR_DLX,BOOKED,4,118716,INR,2026-05-10 11:22:59,2026-05-10 12:37:59
RES103755,HYD001,CNF103755,GUEST103755,2026-07-04,2026-07-06,STD,PKG,PKG_STD,MODIFIED,3,30000,INR,2026-05-10 03:06:50,2026-05-10 03:40:50
RES103756,KER001,CNF103756,GUEST103756,2026-05-22,2026-05-26,QUEEN,PREPAY,PPR_STD,BOOKED,1,44424,INR,2026-05-10 19:20:43,2026-05-10 22:01:43
RES103757,MUM002,CNF103757,GUEST103757,2026-06-19,2026-06-22,STD,PREPAY,PPR_STD,MODIFIED,3,94716,INR,2026-05-10 14:17:10,2026-05-10 16:02:10
RES103758,DEL002,CNF103758,GUEST103758,2026-05-23,2026-05-26,DLX,CORP,CORP_STD,CANCELLED,1,0,INR,2026-05-10 04:21:45,2026-05-10 05:53:45
RES103759,BLR001,CNF103759,GUEST103759,2026-07-08,2026-07-10,STD,CORP,CORP_STD,CANCELLED,1,0,INR,2026-05-10 07:32:03,2026-05-10 09:55:03
RES103760,KER001,CNF103760,GUEST103760,2026-06-25,2026-06-30,DLX,BAR,BAR_STD,BOOKED,1,67405,INR,2026-05-10 00:55:12,2026-05-10 01:10:12
RES103761,KOL001,CNF103761,GUEST103761,2026-05-20,2026-05-24,QUEEN,MEMBER,MEM_DLX,CANCELLED,2,0,INR,2026-05-10 03:35:36,2026-05-10 04:20:36
RES103762,KOL001,CNF103762,GUEST103762,2026-06-25,2026-06-29,STE,MEMBER,MEM_STD,BOOKED,3,147144,INR,2026-05-10 09:34:06,2026-05-10 10:51:06
RES103763,BLR001,CNF103763,GUEST103763,2026-06-26,2026-07-01,KING,PKG,PKG_DLX,MODIFIED,4,164480,INR,2026-05-10 19:24:57,2026-05-10 20:30:57
RES103764,CHA001,CNF103764,GUEST103764,2026-06-07,2026-06-09,DLX,PKG,PKG_STD,CANCELLED,1,0,INR,2026-05-10 08:39:06,2026-05-10 10:25:06
RES103765,DEL002,CNF103765,GUEST103765,2026-05-18,2026-05-21,STE,PKG,PKG_STD,MODIFIED,3,81360,INR,2026-05-10 20:35:11,2026-05-10 20:59:11
RES103766,BLR002,CNF103766,GUEST103766,2026-06-25,2026-06-26,KING,PREPAY,PPR_STD,BOOKED,3,28182,INR,2026-05-10 13:04:44,2026-05-10 15:59:44
RES103767,CHA001,CNF103767,GUEST103767,2026-05-17,2026-05-19,STD,PREPAY,PPR_DLX,CANCELLED,4,0,INR,2026-05-10 20:42:36,2026-05-10 20:55:36
RES103768,BLR002,CNF103768,GUEST103768,2026-05-19,2026-05-22,DLX,CORP,CORP_STD,CANCELLED,3,0,INR,2026-05-10 11:23:56,2026-05-10 13:21:56
RES103769,MUM002,CNF103769,GUEST103769,2026-06-15,2026-06-19,STD,PREPAY,PPR_STD,CANCELLED,3,0,INR,2026-05-10 07:53:59,2026-05-10 10:12:59
RES103770,MUM002,CNF103770,GUEST103770,2026-06-14,2026-06-19,QUEEN,CORP,CORP_DLX,MODIFIED,2,124550,INR,2026-05-10 23:59:58,2026-05-11 00:28:58
RES103771,CHN001,CNF103771,GUEST103771,2026-07-04,2026-07-05,QUEEN,MEMBER,MEM_STD,BOOKED,2,28524,INR,2026-05-10 02:43:58,2026-05-10 03:15:58
RES103772,KER001,CNF103772,GUEST103772,2026-05-24,2026-05-25,QUEEN,PKG,PKG_DLX,MODIFIED,3,23949,INR,2026-05-10 20:20:19,2026-05-10 22:52:19
RES103773,KOL001,CNF103773,GUEST103773,2026-05-12,2026-05-15,QUEEN,BAR,BAR_DLX,CANCELLED,3,0,INR,2026-05-10 02:38:34,2026-05-10 02:52:34
RES103774,HYD001,CNF103774,GUEST103774,2026-06-03,2026-06-04,DLX,MEMBER,MEM_STD,BOOKED,2,28956,INR,2026-05-10 11:42:02,2026-05-10 13:40:02
RES103775,CHN001,CNF103775,GUEST103775,2026-06-02,2026-06-06,DLX,CORP,CORP_STD,BOOKED,4,211456,INR,2026-05-10 09:49:39,2026-05-10 11:41:39
RES103776,DEL001,CNF103776,GUEST103776,2026-06-24,2026-06-25,KING,BAR,BAR_DLX,BOOKED,1,3654,INR,2026-05-10 11:49:47,2026-05-10 13:37:47
RES103777,MUM002,CNF103777,GUEST103777,2026-06-08,2026-06-13,DLX,BAR,BAR_STD,CANCELLED,4,0,INR,2026-05-10 09:51:51,2026-05-10 11:32:51
RES103778,MUM002,CNF103778,GUEST103778,2026-06-08,2026-06-12,STE,PREPAY,PPR_DLX,MODIFIED,1,38464,INR,2026-05-10 11:52:53,2026-05-10 14:52:53
RES103779,MUM002,CNF103779,GUEST103779,2026-06-15,2026-06-19,STD,PREPAY,PPR_DLX,MODIFIED,3,168720,INR,2026-05-10 06:00:34,2026-05-10 06:39:34
RES103780,CHA001,CNF103780,GUEST103780,2026-06-20,2026-06-21,STD,MEMBER,MEM_DLX,MODIFIED,4,26176,INR,2026-05-10 12:56:26,2026-05-10 15:00:26
RES103781,BLR002,CNF103781,GUEST103781,2026-05-19,2026-05-20,QUEEN,PREPAY,PPR_STD,BOOKED,3,22839,INR,2026-05-10 06:49:15,2026-05-10 07:55:15
RES103782,HYD001,CNF103782,GUEST103782,2026-05-13,2026-05-15,STD,BAR,BAR_STD,BOOKED,4,66040,INR,2026-05-10 15:11:18,2026-05-10 16:20:18
RES103783,BLR001,CNF103783,GUEST103783,2026-06-24,2026-06-25,QUEEN,BAR,BAR_STD,BOOKED,1,14325,INR,2026-05-10 11:30:33,2026-05-10 13:33:33
RES103784,BLR002,CNF103784,GUEST103784,2026-05-27,2026-05-29,STD,BAR,BAR_STD,BOOKED,2,27424,INR,2026-05-10 17:07:45,2026-05-10 17:52:45
RES103785,MUM001,CNF103785,GUEST103785,2026-06-21,2026-06-26,STD,PKG,PKG_DLX,MODIFIED,4,186620,INR,2026-05-10 18:52:49,2026-05-10 20:31:49
RES103786,KOL001,CNF103786,GUEST103786,2026-05-16,2026-05-21,STD,PREPAY,PPR_STD,BOOKED,2,72510,INR,2026-05-10 02:17:04,2026-05-10 05:13:04
RES103787,CHA001,CNF103787,GUEST103787,2026-05-12,2026-05-13,STE,MEMBER,MEM_STD,BOOKED,1,8049,INR,2026-05-10 19:34:52,2026-05-10 21:44:52
RES103788,MUM002,CNF103788,GUEST103788,2026-06-02,2026-06-03,KING,PREPAY,PPR_DLX,MODIFIED,4,49452,INR,2026-05-10 23:45:40,2026-05-11 01:31:40
RES103789,BLR001,CNF103789,GUEST103789,2026-07-04,2026-07-05,KING,PREPAY,PPR_STD,BOOKED,1,11456,INR,2026-05-10 22:18:02,2026-05-10 23:27:02
RES103790,MUM001,CNF103790,GUEST103790,2026-05-16,2026-05-17,KING,PREPAY,PPR_DLX,MODIFIED,1,5765,INR,2026-05-10 16:32:44,2026-05-10 18:10:44
RES103791,HYD001,CNF103791,GUEST103791,2026-05-27,2026-05-28,DLX,BAR,BAR_DLX,MODIFIED,3,39021,INR,2026-05-10 06:36:47,2026-05-10 06:56:47
RES103792,DEL001,CNF103792,GUEST103792,2026-06-04,2026-06-05,STE,MEMBER,MEM_DLX,CANCELLED,3,0,INR,2026-05-10 01:10:01,2026-05-10 02:22:01
RES103793,MUM001,CNF103793,GUEST103793,2026-05-20,2026-05-22,STE,PKG,PKG_DLX,BOOKED,2,28316,INR,2026-05-10 08:25:49,2026-05-10 09:41:49
RES103794,HYD001,CNF103794,GUEST103794,2026-06-03,2026-06-07,STD,PKG,PKG_DLX,CANCELLED,3,0,INR,2026-05-10 22:30:26,2026-05-10 23:41:26
RES103795,MUM001,CNF103795,GUEST103795,2026-05-17,2026-05-20,QUEEN,BAR,BAR_STD,MODIFIED,1,41097,INR,2026-05-10 13:15:08,2026-05-10 14:40:08
RES103796,KOL001,CNF103796,GUEST103796,2026-06-10,2026-06-12,STD,MEMBER,MEM_DLX,BOOKED,1,22298,INR,2026-05-10 16:29:31,2026-05-10 16:51:31
RES103797,CHN001,CNF103797,GUEST103797,2026-07-07,2026-07-08,STE,CORP,CORP_STD,CANCELLED,2,0,INR,2026-05-10 19:30:40,2026-05-10 19:43:40
RES103798,BLR002,CNF103798,GUEST103798,2026-06-12,2026-06-17,DLX,BAR,BAR_STD,CANCELLED,4,0,INR,2026-05-10 21:30:21,2026-05-10 23:28:21
RES103799,CHA001,CNF103799,GUEST103799,2026-06-19,2026-06-24,DLX,PREPAY,PPR_STD,CANCELLED,4,0,INR,2026-05-10 20:17:51,2026-05-10 22:52:51
RES103800,DEL001,CNF103800,GUEST103800,2026-06-27,2026-06-28,STD,MEMBER,MEM_DLX,BOOKED,4,29492,INR,2026-05-10 03:24:02,2026-05-10 04:11:02
RES103801,CHA001,CNF103801,GUEST103801,2026-06-20,2026-06-24,QUEEN,BAR,BAR_STD,BOOKED,2,53584,INR,2026-05-10 05:58:01,2026-05-10 08:37:01
RES103802,DEL002,CNF103802,GUEST103802,2026-05-15,2026-05-19,QUEEN,PKG,PKG_STD,CANCELLED,2,0,INR,2026-05-10 03:17:40,2026-05-10 05:52:40
RES103803,KOL001,CNF103803,GUEST103803,2026-06-20,2026-06-21,KING,PREPAY,PPR_STD,CANCELLED,3,0,INR,2026-05-10 15:30:35,2026-05-10 17:21:35
RES103804,KOL001,CNF103804,GUEST103804,2026-06-10,2026-06-13,DLX,PKG,PKG_STD,BOOKED,1,18438,INR,2026-05-10 16:06:47,2026-05-10 17:39:47
RES103805,DEL001,CNF103805,GUEST103805,2026-06-03,2026-06-08,STE,BAR,BAR_DLX,CANCELLED,1,0,INR,2026-05-10 07:52:09,2026-05-10 08:03:09
RES103806,CHN001,CNF103806,GUEST103806,2026-06-23,2026-06-25,QUEEN,MEMBER,MEM_DLX,BOOKED,3,78774,INR,2026-05-10 09:41:28,2026-05-10 11:19:28
RES103807,CHN001,CNF103807,GUEST103807,2026-06-10,2026-06-12,STE,PKG,PKG_STD,CANCELLED,3,0,INR,2026-05-10 16:41:37,2026-05-10 17:26:37
RES103808,KER001,CNF103808,GUEST103808,2026-07-03,2026-07-04,KING,CORP,CORP_DLX,CANCELLED,1,0,INR,2026-05-10 10:23:45,2026-05-10 12:47:45
RES103809,MUM002,CNF103809,GUEST103809,2026-06-18,2026-06-20,DLX,BAR,BAR_STD,MODIFIED,1,11012,INR,2026-05-10 18:18:29,2026-05-10 20:47:29
RES103810,MUM001,CNF103810,GUEST103810,2026-05-15,2026-05-17,DLX,MEMBER,MEM_DLX,BOOKED,2,34240,INR,2026-05-10 10:04:57,2026-05-10 12:53:57
RES103811,HYD001,CNF103811,GUEST103811,2026-07-09,2026-07-12,DLX,PREPAY,PPR_STD,MODIFIED,1,17049,INR,2026-05-10 00:56:44,2026-05-10 01:45:44
RES103812,KER001,CNF103812,GUEST103812,2026-06-18,2026-06-22,QUEEN,MEMBER,MEM_DLX,BOOKED,2,118472,INR,2026-05-10 15:10:24,2026-05-10 17:41:24
RES103813,MUM001,CNF103813,GUEST103813,2026-06-02,2026-06-04,QUEEN,BAR,BAR_STD,BOOKED,3,42426,INR,2026-05-10 07:45:07,2026-05-10 10:04:07
RES103814,KER001,CNF103814,GUEST103814,2026-05-18,2026-05-19,QUEEN,PREPAY,PPR_STD,CANCELLED,1,0,INR,2026-05-10 07:33:26,2026-05-10 07:56:26
RES103815,MUM002,CNF103815,GUEST103815,2026-05-12,2026-05-16,DLX,CORP,CORP_DLX,MODIFIED,3,91692,INR,2026-05-10 16:24:38,2026-05-10 16:37:38
RES103816,KER001,CNF103816,GUEST103816,2026-06-12,2026-06-15,KING,CORP,CORP_DLX,CANCELLED,3,0,INR,2026-05-10 21:34:25,2026-05-11 00:34:25
RES103817,KER001,CNF103817,GUEST103817,2026-06-02,2026-06-06,DLX,BAR,BAR_STD,MODIFIED,2,58720,INR,2026-05-10 03:56:01,2026-05-10 05:41:01
RES103818,HYD001,CNF103818,GUEST103818,2026-05-31,2026-06-01,DLX,MEMBER,MEM_STD,CANCELLED,4,0,INR,2026-05-10 12:06:12,2026-05-10 12:18:12
RES103819,KOL001,CNF103819,GUEST103819,2026-06-02,2026-06-06,STD,CORP,CORP_DLX,BOOKED,3,111708,INR,2026-05-10 03:42:56,2026-05-10 04:33:56
RES103820,DEL001,CNF103820,GUEST103820,2026-05-28,2026-05-30,QUEEN,PKG,PKG_DLX,MODIFIED,3,86244,INR,2026-05-10 21:36:06,2026-05-10 23:49:06
RES103821,BLR001,CNF103821,GUEST103821,2026-06-26,2026-07-01,STD,CORP,CORP_DLX,MODIFIED,1,72875,INR,2026-05-10 00:57:54,2026-05-10 03:27:54
RES103822,BLR002,CNF103822,GUEST103822,2026-06-12,2026-06-16,QUEEN,PREPAY,PPR_DLX,CANCELLED,4,0,INR,2026-05-10 21:05:55,2026-05-10 23:25:55
RES103823,MUM002,CNF103823,GUEST103823,2026-05-26,2026-05-30,STE,PREPAY,PPR_DLX,CANCELLED,3,0,INR,2026-05-10 12:50:00,2026-05-10 14:17:00
RES103824,HYD001,CNF103824,GUEST103824,2026-05-13,2026-05-16,QUEEN,PREPAY,PPR_DLX,CANCELLED,4,0,INR,2026-05-10 16:28:37,2026-05-10 16:50:37
RES103825,BLR002,CNF103825,GUEST103825,2026-05-19,2026-05-24,DLX,MEMBER,MEM_DLX,MODIFIED,4,183040,INR,2026-05-10 18:17:14,2026-05-10 20:34:14
RES103826,KOL001,CNF103826,GUEST103826,2026-05-17,2026-05-18,DLX,PREPAY,PPR_STD,MODIFIED,1,7686,INR,2026-05-10 00:02:00,2026-05-10 01:40:00
RES103827,CHA001,CNF103827,GUEST103827,2026-05-31,2026-06-05,STD,PREPAY,PPR_DLX,CANCELLED,3,0,INR,2026-05-10 18:10:02,2026-05-10 20:04:02
RES103828,MUM002,CNF103828,GUEST103828,2026-06-15,2026-06-19,KING,BAR,BAR_DLX,BOOKED,4,204208,INR,2026-05-10 11:56:23,2026-05-10 12:58:23
RES103829,CHA001,CNF103829,GUEST103829,2026-05-20,2026-05-22,STE,BAR,BAR_STD,CANCELLED,1,0,INR,2026-05-10 23:59:26,2026-05-11 00:37:26
RES103830,KER001,CNF103830,GUEST103830,2026-06-18,2026-06-22,STE,PREPAY,PPR_DLX,MODIFIED,2,40056,INR,2026-05-10 16:41:01,2026-05-10 17:26:01
RES103831,DEL001,CNF103831,GUEST103831,2026-06-03,2026-06-04,DLX,PREPAY,PPR_STD,CANCELLED,3,0,INR,2026-05-10 09:29:36,2026-05-10 12:14:36
RES103832,DEL001,CNF103832,GUEST103832,2026-06-28,2026-07-03,STE,MEMBER,MEM_DLX,BOOKED,4,200960,INR,2026-05-10 10:41:14,2026-05-10 12:34:14
RES103833,KOL001,CNF103833,GUEST103833,2026-05-28,2026-05-31,QUEEN,BAR,BAR_DLX,BOOKED,4,126072,INR,2026-05-10 13:22:18,2026-05-10 14:53:18
RES103834,BLR001,CNF103834,GUEST103834,2026-06-21,2026-06-23,STE,MEMBER,MEM_DLX,MODIFIED,4,87872,INR,2026-05-10 05:04:08,2026-05-10 06:29:08
RES103835,MUM002,CNF103835,GUEST103835,2026-05-26,2026-05-30,DLX,CORP,CORP_DLX,MODIFIED,2,67696,INR,2026-05-10 18:42:54,2026-05-10 19:40:54
RES103836,DEL002,CNF103836,GUEST103836,2026-07-02,2026-07-03,STE,MEMBER,MEM_DLX,CANCELLED,4,0,INR,2026-05-10 20:31:08,2026-05-10 22:49:08
RES103837,BLR002,CNF103837,GUEST103837,2026-05-14,2026-05-15,STE,CORP,CORP_DLX,CANCELLED,4,0,INR,2026-05-10 07:48:33,2026-05-10 09:37:33
RES103838,CHA001,CNF103838,GUEST103838,2026-06-25,2026-06-29,KING,BAR,BAR_DLX,MODIFIED,2,40000,INR,2026-05-10 05:25:14,2026-05-10 06:50:14
RES103839,HYD001,CNF103839,GUEST103839,2026-06-21,2026-06-26,STE,MEMBER,MEM_STD,BOOKED,2,127700,INR,2026-05-10 06:15:31,2026-05-10 07:16:31
RES103840,CHA001,CNF103840,GUEST103840,2026-05-16,2026-05-19,KING,PREPAY,PPR_DLX,CANCELLED,4,0,INR,2026-05-10 23:03:06,2026-05-11 01:54:06
RES103841,CHA001,CNF103841,GUEST103841,2026-07-09,2026-07-10,STD,PREPAY,PPR_STD,CANCELLED,4,0,INR,2026-05-10 10:16:46,2026-05-10 12:20:46
RES103842,CHN001,CNF103842,GUEST103842,2026-05-25,2026-05-27,QUEEN,CORP,CORP_STD,CANCELLED,4,0,INR,2026-05-10 04:30:30,2026-05-10 05:02:30
RES103843,DEL001,CNF103843,GUEST103843,2026-06-09,2026-06-13,STD,MEMBER,MEM_DLX,CANCELLED,3,0,INR,2026-05-10 23:46:17,2026-05-11 00:33:17
RES103844,KOL001,CNF103844,GUEST103844,2026-06-02,2026-06-03,QUEEN,PREPAY,PPR_STD,BOOKED,4,35444,INR,2026-05-10 14:51:18,2026-05-10 17:35:18
RES103845,DEL001,CNF103845,GUEST103845,2026-07-01,2026-07-03,QUEEN,PKG,PKG_STD,BOOKED,1,23970,INR,2026-05-10 17:07:00,2026-05-10 19:15:00
RES103846,BLR002,CNF103846,GUEST103846,2026-06-17,2026-06-19,STE,PKG,PKG_STD,MODIFIED,4,77248,INR,2026-05-10 00:39:07,2026-05-10 03:01:07
RES103847,BLR002,CNF103847,GUEST103847,2026-05-20,2026-05-25,STD,PREPAY,PPR_DLX,MODIFIED,1,73500,INR,2026-05-10 20:22:40,2026-05-10 21:24:40
RES103848,HYD001,CNF103848,GUEST103848,2026-06-25,2026-06-28,KING,BAR,BAR_STD,CANCELLED,1,0,INR,2026-05-10 09:26:25,2026-05-10 09:38:25
RES103849,HYD001,CNF103849,GUEST103849,2026-05-24,2026-05-26,QUEEN,MEMBER,MEM_DLX,MODIFIED,4,88640,INR,2026-05-10 05:45:23,2026-05-10 07:05:23
RES103850,KOL001,CNF103850,GUEST103850,2026-06-10,2026-06-12,STE,CORP,CORP_DLX,CANCELLED,3,0,INR,2026-05-10 19:07:24,2026-05-10 21:10:24
RES103851,DEL002,CNF103851,GUEST103851,2026-05-12,2026-05-16,QUEEN,PREPAY,PPR_DLX,MODIFIED,1,45512,INR,2026-05-10 18:21:33,2026-05-10 20:31:33
RES103852,MUM002,CNF103852,GUEST103852,2026-05-12,2026-05-13,QUEEN,PKG,PKG_DLX,BOOKED,2,9354,INR,2026-05-10 09:09:08,2026-05-10 09:46:08
RES103853,BLR002,CNF103853,GUEST103853,2026-06-29,2026-07-01,STD,BAR,BAR_STD,MODIFIED,4,44592,INR,2026-05-10 13:22:50,2026-05-10 14:02:50
RES103854,MUM001,CNF103854,GUEST103854,2026-06-26,2026-07-01,STE,CORP,CORP_DLX,CANCELLED,3,0,INR,2026-05-10 04:38:26,2026-05-10 05:42:26
RES103855,BLR002,CNF103855,GUEST103855,2026-05-30,2026-06-02,STD,CORP,CORP_DLX,CANCELLED,2,0,INR,2026-05-10 08:40:17,2026-05-10 08:40:17
RES103856,MUM001,CNF103856,GUEST103856,2026-06-17,2026-06-18,STD,BAR,BAR_STD,CANCELLED,2,0,INR,2026-05-10 19:48:16,2026-05-10 20:50:16
RES103857,BLR002,CNF103857,GUEST103857,2026-07-05,2026-07-10,QUEEN,PREPAY,PPR_DLX,BOOKED,3,154935,INR,2026-05-10 07:30:33,2026-05-10 09:11:33
RES103858,CHN001,CNF103858,GUEST103858,2026-05-16,2026-05-20,STE,BAR,BAR_STD,CANCELLED,2,0,INR,2026-05-10 23:23:39,2026-05-11 00:36:39
RES103859,HYD001,CNF103859,GUEST103859,2026-06-26,2026-06-29,KING,MEMBER,MEM_DLX,BOOKED,2,75456,INR,2026-05-10 01:26:45,2026-05-10 02:04:45
RES103860,MUM002,CNF103860,GUEST103860,2026-06-12,2026-06-14,KING,CORP,CORP_STD,MODIFIED,3,49530,INR,2026-05-10 14:32:01,2026-05-10 15:46:01
RES103861,MUM001,CNF103861,GUEST103861,2026-07-01,2026-07-05,KING,MEMBER,MEM_STD,MODIFIED,4,122832,INR,2026-05-10 20:28:10,2026-05-10 22:00:10
RES103862,HYD001,CNF103862,GUEST103862,2026-07-02,2026-07-03,STE,MEMBER,MEM_DLX,MODIFIED,4,22208,INR,2026-05-10 19:21:31,2026-05-10 21:35:31
RES103863,BLR002,CNF103863,GUEST103863,2026-05-20,2026-05-25,DLX,PKG,PKG_STD,MODIFIED,2,137180,INR,2026-05-10 18:45:26,2026-05-10 20:39:26
RES103864,DEL001,CNF103864,GUEST103864,2026-06-14,2026-06-17,STD,PREPAY,PPR_STD,BOOKED,2,21666,INR,2026-05-10 06:54:47,2026-05-10 08:21:47
RES103865,MUM002,CNF103865,GUEST103865,2026-07-04,2026-07-05,DLX,CORP,CORP_DLX,CANCELLED,2,0,INR,2026-05-10 15:47:52,2026-05-10 16:44:52
RES103866,DEL002,CNF103866,GUEST103866,2026-06-21,2026-06-26,KING,BAR,BAR_DLX,BOOKED,3,138405,INR,2026-05-10 14:07:39,2026-05-10 16:53:39
RES103867,MUM002,CNF103867,GUEST103867,2026-07-03,2026-07-04,QUEEN,PREPAY,PPR_DLX,CANCELLED,2,0,INR,2026-05-10 04:04:50,2026-05-10 04:13:50
RES103868,KER001,CNF103868,GUEST103868,2026-06-03,2026-06-04,STE,CORP,CORP_STD,MODIFIED,1,10976,INR,2026-05-10 03:35:03,2026-05-10 05:24:03
RES103869,DEL001,CNF103869,GUEST103869,2026-07-09,2026-07-12,DLX,CORP,CORP_DLX,BOOKED,3,65358,INR,2026-05-10 22:48:26,2026-05-10 23:07:26
RES103870,MUM002,CNF103870,GUEST103870,2026-06-17,2026-06-22,QUEEN,CORP,CORP_DLX,MODIFIED,1,54825,INR,2026-05-10 02:32:42,2026-05-10 02:39:42
RES103871,KER001,CNF103871,GUEST103871,2026-07-05,2026-07-10,KING,CORP,CORP_DLX,CANCELLED,3,0,INR,2026-05-10 17:26:35,2026-05-10 18:05:35
RES103872,BLR002,CNF103872,GUEST103872,2026-06-24,2026-06-29,STD,PKG,PKG_STD,BOOKED,4,114500,INR,2026-05-10 09:01:03,2026-05-10 10:14:03
RES103873,HYD001,CNF103873,GUEST103873,2026-06-30,2026-07-01,DLX,CORP,CORP_STD,CANCELLED,4,0,INR,2026-05-10 17:18:55,2026-05-10 18:36:55
RES103874,KER001,CNF103874,GUEST103874,2026-06-01,2026-06-06,DLX,PREPAY,PPR_STD,CANCELLED,3,0,INR,2026-05-10 05:59:02,2026-05-10 06:15:02
RES103875,CHA001,CNF103875,GUEST103875,2026-06-11,2026-06-15,QUEEN,BAR,BAR_DLX,MODIFIED,2,75328,INR,2026-05-10 12:20:57,2026-05-10 14:13:57
RES103876,BLR001,CNF103876,GUEST103876,2026-06-10,2026-06-12,QUEEN,BAR,BAR_STD,BOOKED,3,47988,INR,2026-05-10 17:16:49,2026-05-10 17:53:49
RES103877,MUM001,CNF103877,GUEST103877,2026-06-10,2026-06-12,KING,PKG,PKG_DLX,CANCELLED,1,0,INR,2026-05-10 05:08:36,2026-05-10 07:31:36
RES103878,MUM001,CNF103878,GUEST103878,2026-06-24,2026-06-29,KING,PREPAY,PPR_DLX,CANCELLED,3,0,INR,2026-05-10 21:36:54,2026-05-10 21:37:54
RES103879,MUM002,CNF103879,GUEST103879,2026-06-28,2026-06-30,QUEEN,PREPAY,PPR_STD,BOOKED,3,42048,INR,2026-05-10 04:29:34,2026-05-10 05:34:34
RES103880,MUM001,CNF103880,GUEST103880,2026-07-06,2026-07-09,DLX,CORP,CORP_STD,CANCELLED,3,0,INR,2026-05-10 16:31:56,2026-05-10 18:38:56
RES103881,KER001,CNF103881,GUEST103881,2026-06-13,2026-06-15,KING,PREPAY,PPR_DLX,MODIFIED,4,102744,INR,2026-05-10 05:32:07,2026-05-10 06:44:07
RES103882,KOL001,CNF103882,GUEST103882,2026-05-19,2026-05-22,DLX,MEMBER,MEM_STD,MODIFIED,1,42225,INR,2026-05-10 10:00:22,2026-05-10 12:47:22
RES103883,BLR002,CNF103883,GUEST103883,2026-06-18,2026-06-22,STD,CORP,CORP_DLX,MODIFIED,2,36504,INR,2026-05-10 13:42:32,2026-05-10 16:31:32
RES103884,KOL001,CNF103884,GUEST103884,2026-07-02,2026-07-07,KING,CORP,CORP_DLX,BOOKED,2,144790,INR,2026-05-10 20:15:45,2026-05-10 20:55:45
RES103885,KER001,CNF103885,GUEST103885,2026-07-06,2026-07-07,STE,PREPAY,PPR_STD,CANCELLED,3,0,INR,2026-05-10 14:42:10,2026-05-10 16:25:10
RES103886,BLR001,CNF103886,GUEST103886,2026-05-24,2026-05-29,STE,PREPAY,PPR_DLX,CANCELLED,2,0,INR,2026-05-10 04:01:35,2026-05-10 04:01:35
RES103887,CHA001,CNF103887,GUEST103887,2026-06-18,2026-06-22,QUEEN,CORP,CORP_DLX,BOOKED,1,36560,INR,2026-05-10 23:18:30,2026-05-11 00:38:30
RES103888,HYD001,CNF103888,GUEST103888,2026-06-27,2026-06-28,QUEEN,MEMBER,MEM_STD,MODIFIED,4,55756,INR,2026-05-10 11:16:56,2026-05-10 12:32:56
RES103889,CHA001,CNF103889,GUEST103889,2026-05-26,2026-05-30,DLX,CORP,CORP_STD,CANCELLED,2,0,INR,2026-05-10 19:13:45,2026-05-10 20:38:45
RES103890,KOL001,CNF103890,GUEST103890,2026-07-08,2026-07-10,STD,PREPAY,PPR_DLX,CANCELLED,1,0,INR,2026-05-10 14:46:15,2026-05-10 16:45:15
RES103891,CHN001,CNF103891,GUEST103891,2026-06-13,2026-06-16,STD,BAR,BAR_STD,CANCELLED,4,0,INR,2026-05-10 03:45:42,2026-05-10 06:32:42
RES103892,HYD001,CNF103892,GUEST103892,2026-06-03,2026-06-04,STD,PKG,PKG_STD,BOOKED,2,13716,INR,2026-05-10 04:30:25,2026-05-10 07:30:25
RES103893,MUM002,CNF103893,GUEST103893,2026-05-24,2026-05-29,STD,BAR,BAR_DLX,BOOKED,1,74440,INR,2026-05-10 14:43:29,2026-05-10 17:39:29
RES103894,CHA001,CNF103894,GUEST103894,2026-06-23,2026-06-28,STD,CORP,CORP_STD,MODIFIED,1,55720,INR,2026-05-10 09:21:12,2026-05-10 12:19:12
RES103895,BLR002,CNF103895,GUEST103895,2026-05-19,2026-05-23,DLX,MEMBER,MEM_STD,BOOKED,4,63152,INR,2026-05-10 23:13:59,2026-05-10 23:24:59
RES103896,HYD001,CNF103896,GUEST103896,2026-06-03,2026-06-05,STD,CORP,CORP_STD,CANCELLED,2,0,INR,2026-05-10 13:29:03,2026-05-10 15:16:03
RES103897,MUM002,CNF103897,GUEST103897,2026-05-31,2026-06-01,DLX,MEMBER,MEM_DLX,CANCELLED,1,0,INR,2026-05-10 13:17:04,2026-05-10 14:05:04
RES103898,BLR001,CNF103898,GUEST103898,2026-06-26,2026-07-01,KING,MEMBER,MEM_DLX,BOOKED,3,143835,INR,2026-05-10 07:42:41,2026-05-10 07:57:41
RES103899,CHA001,CNF103899,GUEST103899,2026-05-19,2026-05-24,STD,CORP,CORP_STD,MODIFIED,3,75495,INR,2026-05-10 13:10:25,2026-05-10 13:21:25
RES103900,DEL001,CNF103900,GUEST103900,2026-06-26,2026-06-28,DLX,PREPAY,PPR_STD,BOOKED,4,61496,INR,2026-05-10 18:10:03,2026-05-10 19:04:03
RES103901,DEL002,CNF103901,GUEST103901,2026-07-03,2026-07-04,QUEEN,BAR,BAR_DLX,BOOKED,3,43128,INR,2026-05-10 10:20:57,2026-05-10 13:08:57
RES103902,HYD001,CNF103902,GUEST103902,2026-05-12,2026-05-15,KING,CORP,CORP_STD,CANCELLED,2,0,INR,2026-05-10 08:32:36,2026-05-10 09:55:36
RES103903,KOL001,CNF103903,GUEST103903,2026-07-04,2026-07-05,STD,CORP,CORP_DLX,CANCELLED,2,0,INR,2026-05-10 18:18:50,2026-05-10 20:16:50
RES103904,BLR002,CNF103904,GUEST103904,2026-06-20,2026-06-22,KING,PKG,PKG_STD,CANCELLED,1,0,INR,2026-05-10 04:57:58,2026-05-10 04:59:58
RES103905,DEL002,CNF103905,GUEST103905,2026-06-29,2026-07-04,DLX,BAR,BAR_STD,CANCELLED,4,0,INR,2026-05-10 09:25:41,2026-05-10 12:05:41
RES103906,MUM001,CNF103906,GUEST103906,2026-06-19,2026-06-22,QUEEN,PKG,PKG_STD,BOOKED,2,72432,INR,2026-05-10 05:40:02,2026-05-10 07:22:02
RES103907,DEL002,CNF103907,GUEST103907,2026-06-27,2026-07-02,STE,PKG,PKG_STD,MODIFIED,1,53960,INR,2026-05-10 11:08:34,2026-05-10 12:08:34
RES103908,HYD001,CNF103908,GUEST103908,2026-06-30,2026-07-05,STE,MEMBER,MEM_STD,MODIFIED,4,92980,INR,2026-05-10 01:04:33,2026-05-10 03:55:33
RES103909,MUM002,CNF103909,GUEST103909,2026-07-05,2026-07-07,STE,BAR,BAR_STD,BOOKED,1,26484,INR,2026-05-10 12:04:42,2026-05-10 12:21:42
RES103910,DEL002,CNF103910,GUEST103910,2026-07-05,2026-07-09,DLX,PREPAY,PPR_DLX,BOOKED,1,28080,INR,2026-05-10 01:29:14,2026-05-10 01:39:14
RES103911,MUM002,CNF103911,GUEST103911,2026-05-23,2026-05-26,KING,PKG,PKG_STD,CANCELLED,2,0,INR,2026-05-10 01:44:56,2026-05-10 02:01:56
RES103912,DEL002,CNF103912,GUEST103912,2026-06-05,2026-06-06,DLX,BAR,BAR_DLX,MODIFIED,1,6000,INR,2026-05-10 08:41:11,2026-05-10 09:20:11
RES103913,DEL001,CNF103913,GUEST103913,2026-05-14,2026-05-17,DLX,CORP,CORP_STD,CANCELLED,3,0,INR,2026-05-10 11:56:06,2026-05-10 14:16:06
RES103914,CHN001,CNF103914,GUEST103914,2026-06-02,2026-06-05,STD,BAR,BAR_STD,BOOKED,4,147612,INR,2026-05-10 05:22:07,2026-05-10 06:49:07
RES103915,KOL001,CNF103915,GUEST103915,2026-07-09,2026-07-10,STE,PREPAY,PPR_DLX,CANCELLED,1,0,INR,2026-05-10 02:16:41,2026-05-10 02:54:41
RES103916,MUM002,CNF103916,GUEST103916,2026-06-09,2026-06-10,DLX,PREPAY,PPR_DLX,MODIFIED,3,27222,INR,2026-05-10 04:37:18,2026-05-10 07:11:18
RES103917,BLR001,CNF103917,GUEST103917,2026-05-19,2026-05-24,STE,MEMBER,MEM_STD,BOOKED,4,79060,INR,2026-05-10 22:06:43,2026-05-11 00:39:43
RES103918,DEL001,CNF103918,GUEST103918,2026-06-17,2026-06-22,KING,BAR,BAR_STD,CANCELLED,2,0,INR,2026-05-10 00:26:09,2026-05-10 00:57:09
RES103919,CHA001,CNF103919,GUEST103919,2026-06-18,2026-06-20,DLX,MEMBER,MEM_STD,BOOKED,4,71384,INR,2026-05-10 07:07:50,2026-05-10 09:57:50
RES103920,KOL001,CNF103920,GUEST103920,2026-05-18,2026-05-21,STD,CORP,CORP_STD,MODIFIED,3,134604,INR,2026-05-10 04:47:29,2026-05-10 06:15:29
RES103921,BLR002,CNF103921,GUEST103921,2026-05-27,2026-05-31,QUEEN,CORP,CORP_DLX,CANCELLED,4,0,INR,2026-05-10 11:46:14,2026-05-10 12:58:14
RES103922,KER001,CNF103922,GUEST103922,2026-06-29,2026-07-02,QUEEN,BAR,BAR_DLX,CANCELLED,3,0,INR,2026-05-10 03:20:58,2026-05-10 04:55:58
RES103923,CHN001,CNF103923,GUEST103923,2026-05-21,2026-05-25,STE,BAR,BAR_STD,BOOKED,4,57872,INR,2026-05-10 00:06:33,2026-05-10 02:31:33
RES103924,MUM001,CNF103924,GUEST103924,2026-05-20,2026-05-25,DLX,PREPAY,PPR_DLX,BOOKED,1,17850,INR,2026-05-10 02:53:14,2026-05-10 05:28:14
RES103925,BLR001,CNF103925,GUEST103925,2026-06-16,2026-06-19,STD,MEMBER,MEM_DLX,BOOKED,3,50805,INR,2026-05-10 10:55:30,2026-05-10 12:18:30
RES103926,DEL001,CNF103926,GUEST103926,2026-07-07,2026-07-12,KING,PREPAY,PPR_DLX,CANCELLED,4,0,INR,2026-05-10 08:55:06,2026-05-10 11:20:06
RES103927,BLR002,CNF103927,GUEST103927,2026-05-20,2026-05-21,DLX,PREPAY,PPR_DLX,BOOKED,3,22263,INR,2026-05-10 09:45:18,2026-05-10 10:18:18
RES103928,BLR002,CNF103928,GUEST103928,2026-06-15,2026-06-19,STD,PREPAY,PPR_DLX,MODIFIED,4,187104,INR,2026-05-10 23:08:55,2026-05-11 00:17:55
RES103929,MUM002,CNF103929,GUEST103929,2026-06-30,2026-07-05,KING,MEMBER,MEM_STD,CANCELLED,2,0,INR,2026-05-10 11:25:52,2026-05-10 13:38:52
RES103930,DEL001,CNF103930,GUEST103930,2026-05-19,2026-05-20,KING,PKG,PKG_DLX,MODIFIED,2,12640,INR,2026-05-10 14:14:20,2026-05-10 16:44:20
RES103931,BLR001,CNF103931,GUEST103931,2026-06-14,2026-06-15,QUEEN,MEMBER,MEM_DLX,CANCELLED,4,0,INR,2026-05-10 21:35:03,2026-05-10 22:14:03
RES103932,CHN001,CNF103932,GUEST103932,2026-05-20,2026-05-24,STE,MEMBER,MEM_STD,BOOKED,3,108420,INR,2026-05-10 21:27:18,2026-05-10 22:23:18
RES103933,MUM001,CNF103933,GUEST103933,2026-05-30,2026-06-02,STD,PKG,PKG_STD,MODIFIED,1,25071,INR,2026-05-10 17:17:54,2026-05-10 19:58:54
RES103934,BLR001,CNF103934,GUEST103934,2026-05-17,2026-05-20,STE,BAR,BAR_DLX,CANCELLED,4,0,INR,2026-05-10 00:21:39,2026-05-10 02:25:39
RES103935,BLR002,CNF103935,GUEST103935,2026-07-05,2026-07-10,QUEEN,PREPAY,PPR_DLX,MODIFIED,2,79140,INR,2026-05-10 18:43:18,2026-05-10 20:49:18
RES103936,CHN001,CNF103936,GUEST103936,2026-05-21,2026-05-24,DLX,PKG,PKG_STD,MODIFIED,1,36336,INR,2026-05-10 22:24:45,2026-05-11 00:56:45
RES103937,BLR002,CNF103937,GUEST103937,2026-05-14,2026-05-16,QUEEN,BAR,BAR_DLX,BOOKED,3,23784,INR,2026-05-10 23:12:56,2026-05-11 01:47:56
RES103938,BLR002,CNF103938,GUEST103938,2026-06-02,2026-06-06,QUEEN,BAR,BAR_DLX,BOOKED,1,27124,INR,2026-05-10 08:25:12,2026-05-10 09:13:12
RES103939,HYD001,CNF103939,GUEST103939,2026-05-29,2026-05-31,STD,BAR,BAR_STD,MODIFIED,4,116192,INR,2026-05-10 20:21:17,2026-05-10 20:55:17
RES103940,DEL001,CNF103940,GUEST103940,2026-05-29,2026-06-02,DLX,BAR,BAR_STD,BOOKED,2,105376,INR,2026-05-10 03:13:38,2026-05-10 04:08:38
RES103941,DEL001,CNF103941,GUEST103941,2026-06-06,2026-06-07,DLX,CORP,CORP_DLX,CANCELLED,4,0,INR,2026-05-10 05:46:53,2026-05-10 06:39:53
RES103942,DEL001,CNF103942,GUEST103942,2026-05-16,2026-05-18,STD,PKG,PKG_DLX,CANCELLED,2,0,INR,2026-05-10 00:51:07,2026-05-10 02:08:07
RES103943,DEL002,CNF103943,GUEST103943,2026-06-05,2026-06-07,QUEEN,PREPAY,PPR_DLX,CANCELLED,2,0,INR,2026-05-10 12:36:04,2026-05-10 13:00:04
RES103944,MUM002,CNF103944,GUEST103944,2026-05-23,2026-05-28,QUEEN,MEMBER,MEM_DLX,BOOKED,3,205485,INR,2026-05-10 01:33:11,2026-05-10 03:08:11
RES103945,BLR002,CNF103945,GUEST103945,2026-07-04,2026-07-09,KING,MEMBER,MEM_DLX,BOOKED,2,92160,INR,2026-05-10 01:51:59,2026-05-10 03:39:59
RES103946,DEL002,CNF103946,GUEST103946,2026-05-15,2026-05-17,DLX,BAR,BAR_STD,CANCELLED,3,0,INR,2026-05-10 03:38:25,2026-05-10 04:51:25
RES103947,CHN001,CNF103947,GUEST103947,2026-06-08,2026-06-13,STE,PKG,PKG_DLX,MODIFIED,2,107420,INR,2026-05-10 08:16:33,2026-05-10 09:02:33
RES103948,MUM002,CNF103948,GUEST103948,2026-05-31,2026-06-02,KING,PREPAY,PPR_DLX,MODIFIED,3,73518,INR,2026-05-10 12:49:59,2026-05-10 12:54:59
RES103949,CHA001,CNF103949,GUEST103949,2026-05-24,2026-05-26,DLX,MEMBER,MEM_DLX,MODIFIED,1,13018,INR,2026-05-10 14:36:34,2026-05-10 15:07:34
RES103950,MUM002,CNF103950,GUEST103950,2026-06-15,2026-06-18,STE,PKG,PKG_STD,CANCELLED,4,0,INR,2026-05-10 06:33:02,2026-05-10 07:26:02
RES103951,DEL002,CNF103951,GUEST103951,2026-06-03,2026-06-05,KING,CORP,CORP_DLX,MODIFIED,4,43800,INR,2026-05-10 11:27:37,2026-05-10 12:16:37
RES103952,BLR001,CNF103952,GUEST103952,2026-05-16,2026-05-19,DLX,CORP,CORP_STD,BOOKED,4,153468,INR,2026-05-10 21:58:14,2026-05-11 00:50:14
RES103953,DEL001,CNF103953,GUEST103953,2026-06-19,2026-06-21,DLX,MEMBER,MEM_DLX,MODIFIED,4,71384,INR,2026-05-10 22:23:27,2026-05-10 23:43:27
RES103954,CHA001,CNF103954,GUEST103954,2026-07-08,2026-07-13,KING,PKG,PKG_DLX,MODIFIED,2,56790,INR,2026-05-10 20:12:51,2026-05-10 21:19:51
RES103955,DEL002,CNF103955,GUEST103955,2026-07-05,2026-07-07,STD,CORP,CORP_STD,CANCELLED,3,0,INR,2026-05-10 21:17:18,2026-05-10 23:49:18
RES103956,BLR002,CNF103956,GUEST103956,2026-05-31,2026-06-01,STE,PREPAY,PPR_DLX,CANCELLED,2,0,INR,2026-05-10 02:54:15,2026-05-10 03:19:15
RES103957,MUM002,CNF103957,GUEST103957,2026-05-14,2026-05-17,QUEEN,CORP,CORP_STD,CANCELLED,4,0,INR,2026-05-10 20:53:13,2026-05-10 22:12:13
RES103958,MUM002,CNF103958,GUEST103958,2026-07-08,2026-07-11,KING,PKG,PKG_DLX,BOOKED,3,70632,INR,2026-05-10 04:54:10,2026-05-10 05:15:10
RES103959,CHN001,CNF103959,GUEST103959,2026-05-31,2026-06-05,DLX,PKG,PKG_STD,CANCELLED,3,0,INR,2026-05-10 09:05:14,2026-05-10 11:08:14
RES103960,BLR001,CNF103960,GUEST103960,2026-06-12,2026-06-17,QUEEN,BAR,BAR_DLX,CANCELLED,1,0,INR,2026-05-10 13:13:56,2026-05-10 15:52:56
RES103961,KER001,CNF103961,GUEST103961,2026-06-01,2026-06-04,QUEEN,PREPAY,PPR_STD,CANCELLED,3,0,INR,2026-05-10 19:35:46,2026-05-10 22:26:46
RES103962,HYD001,CNF103962,GUEST103962,2026-07-05,2026-07-09,STD,PREPAY,PPR_DLX,MODIFIED,1,20752,INR,2026-05-10 10:42:36,2026-05-10 13:02:36
RES103963,DEL002,CNF103963,GUEST103963,2026-05-31,2026-06-05,KING,CORP,CORP_DLX,MODIFIED,1,65115,INR,2026-05-10 16:11:25,2026-05-10 17:50:25
RES103964,BLR001,CNF103964,GUEST103964,2026-06-18,2026-06-19,KING,PKG,PKG_STD,MODIFIED,3,17847,INR,2026-05-10 00:46:39,2026-05-10 03:37:39
RES103965,KER001,CNF103965,GUEST103965,2026-05-19,2026-05-24,STE,MEMBER,MEM_STD,BOOKED,1,20440,INR,2026-05-10 00:02:14,2026-05-10 02:00:14
RES103966,MUM001,CNF103966,GUEST103966,2026-07-02,2026-07-04,QUEEN,PKG,PKG_DLX,CANCELLED,2,0,INR,2026-05-10 08:52:18,2026-05-10 09:10:18
RES103967,CHN001,CNF103967,GUEST103967,2026-06-20,2026-06-23,STE,BAR,BAR_DLX,BOOKED,4,55308,INR,2026-05-10 09:09:04,2026-05-10 11:38:04
RES103968,MUM001,CNF103968,GUEST103968,2026-06-09,2026-06-12,STD,PREPAY,PPR_DLX,CANCELLED,2,0,INR,2026-05-10 17:57:17,2026-05-10 19:56:17
RES103969,KER001,CNF103969,GUEST103969,2026-06-03,2026-06-05,QUEEN,CORP,CORP_STD,CANCELLED,1,0,INR,2026-05-10 14:19:59,2026-05-10 15:31:59
RES103970,DEL001,CNF103970,GUEST103970,2026-06-22,2026-06-26,STD,BAR,BAR_STD,MODIFIED,1,25460,INR,2026-05-10 00:38:12,2026-05-10 03:09:12
RES103971,KER001,CNF103971,GUEST103971,2026-07-04,2026-07-05,STE,PREPAY,PPR_STD,BOOKED,4,30264,INR,2026-05-10 11:16:07,2026-05-10 13:14:07
RES103972,MUM002,CNF103972,GUEST103972,2026-06-04,2026-06-06,STE,CORP,CORP_STD,CANCELLED,3,0,INR,2026-05-10 09:43:16,2026-05-10 11:36:16
RES103973,BLR002,CNF103973,GUEST103973,2026-06-14,2026-06-15,DLX,MEMBER,MEM_DLX,BOOKED,2,13762,INR,2026-05-10 13:38:10,2026-05-10 14:17:10
RES103974,CHN001,CNF103974,GUEST103974,2026-05-18,2026-05-22,STD,BAR,BAR_DLX,CANCELLED,4,0,INR,2026-05-10 03:38:00,2026-05-10 04:28:00
RES103975,DEL001,CNF103975,GUEST103975,2026-06-02,2026-06-04,STE,BAR,BAR_DLX,BOOKED,3,24792,INR,2026-05-10 02:40:54,2026-05-10 05:22:54
RES103976,CHA001,CNF103976,GUEST103976,2026-05-12,2026-05-15,KING,BAR,BAR_STD,CANCELLED,4,0,INR,2026-05-10 19:15:25,2026-05-10 19:45:25
RES103977,KOL001,CNF103977,GUEST103977,2026-05-22,2026-05-23,DLX,PKG,PKG_DLX,BOOKED,4,16216,INR,2026-05-10 10:36:32,2026-05-10 12:35:32
RES103978,CHA001,CNF103978,GUEST103978,2026-06-14,2026-06-19,DLX,BAR,BAR_STD,MODIFIED,3,134280,INR,2026-05-10 22:09:03,2026-05-10 22:47:03
RES103979,CHA001,CNF103979,GUEST103979,2026-06-26,2026-06-28,QUEEN,MEMBER,MEM_STD,CANCELLED,4,0,INR,2026-05-10 17:32:25,2026-05-10 20:23:25
RES103980,KOL001,CNF103980,GUEST103980,2026-06-27,2026-06-29,STE,CORP,CORP_STD,BOOKED,1,28508,INR,2026-05-10 04:08:46,2026-05-10 07:08:46
RES103981,DEL002,CNF103981,GUEST103981,2026-06-30,2026-07-01,STE,PREPAY,PPR_DLX,BOOKED,2,28678,INR,2026-05-10 07:46:12,2026-05-10 09:31:12
RES103982,BLR002,CNF103982,GUEST103982,2026-06-13,2026-06-15,QUEEN,PREPAY,PPR_STD,MODIFIED,1,12774,INR,2026-05-10 13:42:58,2026-05-10 15:32:58
RES103983,HYD001,CNF103983,GUEST103983,2026-06-17,2026-06-21,STD,PKG,PKG_DLX,CANCELLED,3,0,INR,2026-05-10 10:53:09,2026-05-10 11:15:09
RES103984,BLR001,CNF103984,GUEST103984,2026-07-07,2026-07-11,STD,CORP,CORP_STD,BOOKED,4,220752,INR,2026-05-10 03:24:53,2026-05-10 06:23:53
RES103985,HYD001,CNF103985,GUEST103985,2026-06-13,2026-06-18,STE,PREPAY,PPR_DLX,BOOKED,2,101800,INR,2026-05-10 17:44:57,2026-05-10 18:40:57
RES103986,KOL001,CNF103986,GUEST103986,2026-06-26,2026-06-28,STE,PREPAY,PPR_DLX,MODIFIED,3,53664,INR,2026-05-10 12:46:50,2026-05-10 14:27:50
RES103987,CHN001,CNF103987,GUEST103987,2026-06-25,2026-06-26,KING,BAR,BAR_STD,BOOKED,2,24626,INR,2026-05-10 12:53:04,2026-05-10 13:16:04
RES103988,KOL001,CNF103988,GUEST103988,2026-06-08,2026-06-13,QUEEN,CORP,CORP_DLX,MODIFIED,4,287940,INR,2026-05-10 14:00:52,2026-05-10 14:48:52
RES103989,MUM002,CNF103989,GUEST103989,2026-06-22,2026-06-26,STE,BAR,BAR_DLX,CANCELLED,4,0,INR,2026-05-10 08:06:33,2026-05-10 08:47:33
RES103990,CHN001,CNF103990,GUEST103990,2026-06-30,2026-07-02,STE,PREPAY,PPR_STD,MODIFIED,4,67808,INR,2026-05-10 12:02:30,2026-05-10 13:39:30
RES103991,DEL002,CNF103991,GUEST103991,2026-06-25,2026-06-26,QUEEN,PKG,PKG_DLX,BOOKED,1,13724,INR,2026-05-10 15:48:37,2026-05-10 16:38:37
RES103992,CHA001,CNF103992,GUEST103992,2026-06-24,2026-06-29,STD,PREPAY,PPR_DLX,CANCELLED,2,0,INR,2026-05-10 00:50:34,2026-05-10 03:50:34
RES103993,MUM001,CNF103993,GUEST103993,2026-06-20,2026-06-24,KING,PKG,PKG_STD,BOOKED,4,57744,INR,2026-05-10 06:53:51,2026-05-10 09:32:51
RES103994,CHA001,CNF103994,GUEST103994,2026-05-31,2026-06-02,STE,PKG,PKG_DLX,CANCELLED,2,0,INR,2026-05-10 06:34:06,2026-05-10 06:40:06
RES103995,DEL001,CNF103995,GUEST103995,2026-07-06,2026-07-11,DLX,MEMBER,MEM_DLX,CANCELLED,2,0,INR,2026-05-10 07:03:31,2026-05-10 09:41:31
RES103996,DEL002,CNF103996,GUEST103996,2026-06-22,2026-06-26,DLX,MEMBER,MEM_DLX,MODIFIED,2,96408,INR,2026-05-10 22:28:10,2026-05-11 00:05:10
RES103997,BLR002,CNF103997,GUEST103997,2026-07-03,2026-07-07,KING,CORP,CORP_DLX,MODIFIED,3,102372,INR,2026-05-10 20:25:01,2026-05-10 20:36:01
RES103998,MUM002,CNF103998,GUEST103998,2026-06-19,2026-06-22,QUEEN,PREPAY,PPR_DLX,MODIFIED,2,52950,INR,2026-05-10 08:12:28,2026-05-10 09:31:28
RES103999,DEL001,CNF103999,GUEST103999,2026-05-25,2026-05-30,KING,CORP,CORP_DLX,CANCELLED,4,0,INR,2026-05-10 23:45:00,2026-05-10 23:56:00
RES104000,BLR002,CNF104000,GUEST104000,2026-07-05,2026-07-10,STD,PKG,PKG_DLX,CANCELLED,3,0,INR,2026-05-10 13:07:53,2026-05-10 13:10:53
RES104001,KER001,CNF104001,GUEST104001,2026-05-18,2026-05-22,QUEEN,MEMBER,MEM_STD,CANCELLED,3,0,INR,2026-05-10 13:23:36,2026-05-10 15:55:36
RES104002,MUM002,CNF104002,GUEST104002,2026-06-20,2026-06-22,STE,PKG,PKG_STD,MODIFIED,2,39420,INR,2026-05-10 08:22:22,2026-05-10 10:30:22
RES104003,CHN001,CNF104003,GUEST104003,2026-05-15,2026-05-20,QUEEN,CORP,CORP_DLX,BOOKED,3,137085,INR,2026-05-10 12:07:15,2026-05-10 12:18:15
RES104004,BLR002,CNF104004,GUEST104004,2026-06-11,2026-06-16,QUEEN,PKG,PKG_STD,CANCELLED,2,0,INR,2026-05-10 12:00:04,2026-05-10 14:07:04
RES104005,BLR002,CNF104005,GUEST104005,2026-05-21,2026-05-26,QUEEN,CORP,CORP_DLX,MODIFIED,1,60765,INR,2026-05-10 04:14:23,2026-05-10 05:08:23
RES104006,BLR001,CNF104006,GUEST104006,2026-05-16,2026-05-21,STE,MEMBER,MEM_STD,CANCELLED,1,0,INR,2026-05-10 14:47:35,2026-05-10 15:05:35
RES104007,DEL001,CNF104007,GUEST104007,2026-06-10,2026-06-12,STD,PKG,PKG_STD,BOOKED,4,81184,INR,2026-05-10 09:01:32,2026-05-10 10:28:32
RES104008,BLR002,CNF104008,GUEST104008,2026-06-28,2026-07-01,STE,PKG,PKG_STD,CANCELLED,1,0,INR,2026-05-10 07:31:51,2026-05-10 10:07:51
RES104009,MUM001,CNF104009,GUEST104009,2026-05-13,2026-05-14,KING,PKG,PKG_DLX,BOOKED,3,27858,INR,2026-05-10 14:30:12,2026-05-10 15:20:12
RES104010,KOL001,CNF104010,GUEST104010,2026-05-20,2026-05-25,KING,CORP,CORP_STD,CANCELLED,3,0,INR,2026-05-10 17:19:46,2026-05-10 20:16:46
RES104011,DEL002,CNF104011,GUEST104011,2026-06-22,2026-06-26,STE,BAR,BAR_DLX,CANCELLED,1,0,INR,2026-05-10 06:52:31,2026-05-10 08:44:31
RES104012,KOL001,CNF104012,GUEST104012,2026-07-05,2026-07-06,STE,MEMBER,MEM_STD,BOOKED,2,26098,INR,2026-05-10 18:50:04,2026-05-10 20:50:04
RES104013,HYD001,CNF104013,GUEST104013,2026-06-30,2026-07-02,STD,PREPAY,PPR_DLX,BOOKED,3,80616,INR,2026-05-10 06:57:52,2026-05-10 09:10:52
RES104014,BLR001,CNF104014,GUEST104014,2026-05-28,2026-05-30,STD,MEMBER,MEM_DLX,BOOKED,3,33978,INR,2026-05-10 19:44:58,2026-05-10 20:06:58
RES104015,MUM001,CNF104015,GUEST104015,2026-07-07,2026-07-08,QUEEN,MEMBER,MEM_STD,MODIFIED,4,39320,INR,2026-05-10 23:57:09,2026-05-11 02:02:09
RES104016,BLR002,CNF104016,GUEST104016,2026-06-18,2026-06-21,DLX,MEMBER,MEM_STD,BOOKED,1,16251,INR,2026-05-10 07:15:09,2026-05-10 10:01:09
RES104017,DEL002,CNF104017,GUEST104017,2026-05-27,2026-05-31,KING,PKG,PKG_STD,MODIFIED,4,165680,INR,2026-05-10 08:25:21,2026-05-10 10:31:21
RES104018,MUM002,CNF104018,GUEST104018,2026-05-14,2026-05-15,STD,MEMBER,MEM_STD,MODIFIED,4,30540,INR,2026-05-10 14:25:08,2026-05-10 16:02:08
RES104019,MUM001,CNF104019,GUEST104019,2026-06-22,2026-06-25,STD,PKG,PKG_STD,CANCELLED,2,0,INR,2026-05-10 02:30:44,2026-05-10 02:43:44
RES104020,BLR002,CNF104020,GUEST104020,2026-05-15,2026-05-18,DLX,BAR,BAR_DLX,CANCELLED,3,0,INR,2026-05-10 11:49:47,2026-05-10 13:21:47
RES104021,CHN001,CNF104021,GUEST104021,2026-06-24,2026-06-26,QUEEN,BAR,BAR_DLX,CANCELLED,3,0,INR,2026-05-10 22:24:48,2026-05-11 01:15:48
RES104022,MUM001,CNF104022,GUEST104022,2026-05-22,2026-05-25,KING,BAR,BAR_DLX,MODIFIED,2,41982,INR,2026-05-10 14:11:36,2026-05-10 15:59:36
RES104023,CHN001,CNF104023,GUEST104023,2026-06-22,2026-06-27,STE,MEMBER,MEM_DLX,MODIFIED,2,54310,INR,2026-05-10 13:18:23,2026-05-10 15:58:23
RES104024,BLR002,CNF104024,GUEST104024,2026-06-24,2026-06-25,DLX,PREPAY,PPR_DLX,MODIFIED,4,44008,INR,2026-05-10 10:19:13,2026-05-10 13:13:13
RES104025,MUM002,CNF104025,GUEST104025,2026-07-04,2026-07-09,STE,CORP,CORP_DLX,BOOKED,4,272720,INR,2026-05-10 16:28:28,2026-05-10 16:38:28
RES104026,CHA001,CNF104026,GUEST104026,2026-05-13,2026-05-17,STD,MEMBER,MEM_STD,BOOKED,1,14524,INR,2026-05-10 09:09:16,2026-05-10 10:26:16
RES104027,KER001,CNF104027,GUEST104027,2026-06-26,2026-06-29,QUEEN,CORP,CORP_DLX,BOOKED,4,130428,INR,2026-05-10 08:14:25,2026-05-10 09:08:25
RES104028,BLR002,CNF104028,GUEST104028,2026-06-30,2026-07-02,KING,PREPAY,PPR_STD,CANCELLED,3,0,INR,2026-05-10 20:08:47,2026-05-10 20:18:47
RES104029,BLR001,CNF104029,GUEST104029,2026-06-06,2026-06-08,DLX,MEMBER,MEM_STD,MODIFIED,4,51216,INR,2026-05-10 12:21:47,2026-05-10 15:21:47
RES104030,KER001,CNF104030,GUEST104030,2026-05-30,2026-06-04,KING,BAR,BAR_DLX,MODIFIED,4,169080,INR,2026-05-10 04:55:22,2026-05-10 05:04:22
RES104031,DEL001,CNF104031,GUEST104031,2026-05-24,2026-05-26,KING,PKG,PKG_STD,BOOKED,2,54812,INR,2026-05-10 17:37:11,2026-05-10 19:21:11
RES104032,BLR001,CNF104032,GUEST104032,2026-06-22,2026-06-25,DLX,PREPAY,PPR_DLX,MODIFIED,1,30327,INR,2026-05-10 11:22:27,2026-05-10 14:00:27
RES104033,KOL001,CNF104033,GUEST104033,2026-07-04,2026-07-05,STD,MEMBER,MEM_STD,BOOKED,1,14501,INR,2026-05-10 11:07:21,2026-05-10 12:56:21
RES104034,DEL002,CNF104034,GUEST104034,2026-06-11,2026-06-15,STE,PKG,PKG_STD,MODIFIED,2,88896,INR,2026-05-10 03:48:40,2026-05-10 04:13:40
RES104035,MUM001,CNF104035,GUEST104035,2026-06-01,2026-06-02,STE,PKG,PKG_DLX,MODIFIED,3,19044,INR,2026-05-10 22:36:44,2026-05-11 01:32:44
RES104036,CHN001,CNF104036,GUEST104036,2026-06-07,2026-06-12,STD,MEMBER,MEM_STD,CANCELLED,4,0,INR,2026-05-10 04:12:04,2026-05-10 05:33:04
RES104037,DEL001,CNF104037,GUEST104037,2026-06-14,2026-06-19,QUEEN,PKG,PKG_STD,CANCELLED,4,0,INR,2026-05-10 04:22:03,2026-05-10 06:37:03
RES104038,KER001,CNF104038,GUEST104038,2026-06-23,2026-06-27,STE,PREPAY,PPR_DLX,BOOKED,2,104832,INR,2026-05-10 23:27:48,2026-05-11 01:16:48
RES104039,KER001,CNF104039,GUEST104039,2026-06-24,2026-06-28,KING,PKG,PKG_DLX,BOOKED,1,45336,INR,2026-05-10 00:31:20,2026-05-10 01:44:20
RES104040,MUM002,CNF104040,GUEST104040,2026-06-27,2026-06-28,STE,BAR,BAR_STD,CANCELLED,1,0,INR,2026-05-10 19:17:36,2026-05-10 20:50:36
RES104041,DEL002,CNF104041,GUEST104041,2026-06-24,2026-06-29,QUEEN,MEMBER,MEM_STD,CANCELLED,1,0,INR,2026-05-10 06:52:04,2026-05-10 07:07:04
RES104042,BLR002,CNF104042,GUEST104042,2026-06-09,2026-06-14,STD,BAR,BAR_STD,CANCELLED,3,0,INR,2026-05-10 06:05:02,2026-05-10 06:40:02
RES104043,DEL002,CNF104043,GUEST104043,2026-05-19,2026-05-20,STD,PREPAY,PPR_DLX,BOOKED,4,36192,INR,2026-05-10 08:51:33,2026-05-10 11:18:33
RES104044,BLR002,CNF104044,GUEST104044,2026-06-22,2026-06-25,STD,PKG,PKG_STD,BOOKED,2,35364,INR,2026-05-10 17:23:37,2026-05-10 18:16:37
RES104045,KOL001,CNF104045,GUEST104045,2026-06-12,2026-06-17,QUEEN,PKG,PKG_DLX,BOOKED,2,125920,INR,2026-05-10 03:26:17,2026-05-10 05:42:17
RES104046,KER001,CNF104046,GUEST104046,2026-06-13,2026-06-16,STE,CORP,CORP_STD,CANCELLED,2,0,INR,2026-05-10 05:11:57,2026-05-10 05:34:57
RES104047,MUM001,CNF104047,GUEST104047,2026-05-20,2026-05-25,DLX,CORP,CORP_DLX,CANCELLED,2,0,INR,2026-05-10 21:45:28,2026-05-10 23:07:28
RES104048,KER001,CNF104048,GUEST104048,2026-06-25,2026-06-26,QUEEN,CORP,CORP_STD,BOOKED,2,11118,INR,2026-05-10 22:53:50,2026-05-10 22:54:50
RES104049,MUM001,CNF104049,GUEST104049,2026-06-13,2026-06-15,KING,CORP,CORP_STD,CANCELLED,1,0,INR,2026-05-10 13:56:39,2026-05-10 16:38:39
RES104050,CHN001,CNF104050,GUEST104050,2026-05-27,2026-06-01,KING,PKG,PKG_STD,MODIFIED,2,83770,INR,2026-05-10 01:25:23,2026-05-10 01:49:23
RES104051,DEL001,CNF104051,GUEST104051,2026-05-14,2026-05-16,DLX,PREPAY,PPR_STD,CANCELLED,4,0,INR,2026-05-10 10:28:44,2026-05-10 11:27:44
RES104052,DEL002,CNF104052,GUEST104052,2026-05-20,2026-05-24,STE,CORP,CORP_STD,MODIFIED,1,39068,INR,2026-05-10 22:49:24,2026-05-10 23:09:24
RES104053,KER001,CNF104053,GUEST104053,2026-06-08,2026-06-09,DLX,PKG,PKG_STD,CANCELLED,4,0,INR,2026-05-10 11:43:55,2026-05-10 12:14:55
RES104054,CHA001,CNF104054,GUEST104054,2026-05-29,2026-05-31,KING,CORP,CORP_DLX,MODIFIED,2,14436,INR,2026-05-10 19:54:27,2026-05-10 21:57:27
RES104055,MUM002,CNF104055,GUEST104055,2026-06-28,2026-07-01,KING,CORP,CORP_STD,BOOKED,1,21675,INR,2026-05-10 02:25:29,2026-05-10 05:03:29
RES104056,CHN001,CNF104056,GUEST104056,2026-06-16,2026-06-20,DLX,BAR,BAR_STD,MODIFIED,1,27960,INR,2026-05-10 21:24:46,2026-05-10 22:34:46
RES104057,MUM002,CNF104057,GUEST104057,2026-05-29,2026-05-31,STD,PREPAY,PPR_DLX,CANCELLED,4,0,INR,2026-05-10 17:02:35,2026-05-10 19:56:35
RES104058,KER001,CNF104058,GUEST104058,2026-05-13,2026-05-16,KING,PKG,PKG_STD,MODIFIED,1,31380,INR,2026-05-10 20:57:32,2026-05-10 23:51:32
RES104059,CHN001,CNF104059,GUEST104059,2026-05-25,2026-05-28,STE,PREPAY,PPR_DLX,CANCELLED,1,0,INR,2026-05-10 11:44:20,2026-05-10 12:24:20
RES104060,BLR002,CNF104060,GUEST104060,2026-06-15,2026-06-19,QUEEN,PKG,PKG_DLX,MODIFIED,1,26824,INR,2026-05-10 02:53:34,2026-05-10 02:55:34
RES104061,BLR001,CNF104061,GUEST104061,2026-06-30,2026-07-03,QUEEN,MEMBER,MEM_DLX,CANCELLED,2,0,INR,2026-05-10 05:35:15,2026-05-10 07:24:15
RES104062,KER001,CNF104062,GUEST104062,2026-05-26,2026-05-30,KING,MEMBER,MEM_DLX,MODIFIED,2,86008,INR,2026-05-10 00:34:46,2026-05-10 01:33:46
RES104063,MUM002,CNF104063,GUEST104063,2026-06-26,2026-06-28,STD,PREPAY,PPR_STD,BOOKED,2,43308,INR,2026-05-10 23:38:33,2026-05-11 00:29:33
RES104064,CHA001,CNF104064,GUEST104064,2026-06-21,2026-06-25,STD,PKG,PKG_STD,BOOKED,4,66064,INR,2026-05-10 16:01:45,2026-05-10 17:08:45
RES104065,KOL001,CNF104065,GUEST104065,2026-06-05,2026-06-07,KING,PKG,PKG_STD,MODIFIED,3,84654,INR,2026-05-10 10:29:11,2026-05-10 10:29:11
RES104066,KER001,CNF104066,GUEST104066,2026-05-15,2026-05-19,STE,MEMBER,MEM_DLX,MODIFIED,2,59624,INR,2026-05-10 05:41:58,2026-05-10 07:22:58
RES104067,MUM002,CNF104067,GUEST104067,2026-06-10,2026-06-13,KING,BAR,BAR_STD,CANCELLED,2,0,INR,2026-05-10 15:08:09,2026-05-10 16:33:09
RES104068,MUM002,CNF104068,GUEST104068,2026-06-18,2026-06-19,STD,PKG,PKG_STD,BOOKED,1,3571,INR,2026-05-10 06:52:23,2026-05-10 08:47:23
RES104069,CHA001,CNF104069,GUEST104069,2026-07-04,2026-07-07,DLX,BAR,BAR_DLX,MODIFIED,1,26658,INR,2026-05-10 14:20:09,2026-05-10 17:16:09
RES104070,DEL001,CNF104070,GUEST104070,2026-05-17,2026-05-20,DLX,PREPAY,PPR_DLX,MODIFIED,2,62886,INR,2026-05-10 10:11:19,2026-05-10 11:50:19
RES104071,BLR001,CNF104071,GUEST104071,2026-07-07,2026-07-11,STD,MEMBER,MEM_STD,CANCELLED,3,0,INR,2026-05-10 00:00:42,2026-05-10 00:45:42
RES104072,KOL001,CNF104072,GUEST104072,2026-06-03,2026-06-04,STD,CORP,CORP_DLX,CANCELLED,1,0,INR,2026-05-10 15:59:24,2026-05-10 17:57:24
RES104073,CHN001,CNF104073,GUEST104073,2026-07-03,2026-07-05,KING,MEMBER,MEM_STD,CANCELLED,1,0,INR,2026-05-10 23:51:57,2026-05-11 00:14:57
RES104074,BLR001,CNF104074,GUEST104074,2026-05-12,2026-05-13,KING,PREPAY,PPR_STD,BOOKED,1,6719,INR,2026-05-10 10:18:27,2026-05-10 10:29:27
RES104075,DEL002,CNF104075,GUEST104075,2026-06-06,2026-06-11,KING,BAR,BAR_STD,BOOKED,3,201045,INR,2026-05-10 10:30:28,2026-05-10 12:53:28
RES104076,DEL001,CNF104076,GUEST104076,2026-06-01,2026-06-02,DLX,PREPAY,PPR_DLX,CANCELLED,3,0,INR,2026-05-10 06:06:03,2026-05-10 09:00:03
RES104077,BLR001,CNF104077,GUEST104077,2026-05-21,2026-05-22,QUEEN,PREPAY,PPR_DLX,MODIFIED,4,53484,INR,2026-05-10 06:31:22,2026-05-10 08:44:22
RES104078,BLR001,CNF104078,GUEST104078,2026-06-03,2026-06-05,QUEEN,CORP,CORP_DLX,CANCELLED,3,0,INR,2026-05-10 23:27:04,2026-05-11 02:00:04
RES104079,KOL001,CNF104079,GUEST104079,2026-07-06,2026-07-08,DLX,BAR,BAR_STD,CANCELLED,4,0,INR,2026-05-10 15:58:43,2026-05-10 17:03:43
RES104080,BLR001,CNF104080,GUEST104080,2026-05-18,2026-05-19,QUEEN,PREPAY,PPR_DLX,CANCELLED,1,0,INR,2026-05-10 07:39:08,2026-05-10 10:33:08
RES104081,KER001,CNF104081,GUEST104081,2026-06-02,2026-06-05,DLX,PKG,PKG_DLX,BOOKED,1,17298,INR,2026-05-10 19:31:23,2026-05-10 19:45:23
RES104082,HYD001,CNF104082,GUEST104082,2026-05-26,2026-05-31,DLX,MEMBER,MEM_DLX,BOOKED,1,50125,INR,2026-05-10 04:21:41,2026-05-10 07:07:41
RES104083,CHN001,CNF104083,GUEST104083,2026-05-21,2026-05-26,QUEEN,BAR,BAR_DLX,CANCELLED,2,0,INR,2026-05-10 08:38:53,2026-05-10 10:36:53
RES104084,DEL002,CNF104084,GUEST104084,2026-06-18,2026-06-23,DLX,BAR,BAR_STD,MODIFIED,4,172380,INR,2026-05-10 10:31:02,2026-05-10 13:27:02
RES104085,MUM002,CNF104085,GUEST104085,2026-07-08,2026-07-12,STD,BAR,BAR_DLX,BOOKED,4,96448,INR,2026-05-10 00:39:09,2026-05-10 02:07:09
RES104086,CHA001,CNF104086,GUEST104086,2026-06-12,2026-06-13,STD,PREPAY,PPR_DLX,MODIFIED,2,13438,INR,2026-05-10 21:40:16,2026-05-10 23:12:16
RES104087,DEL002,CNF104087,GUEST104087,2026-06-24,2026-06-29,STE,CORP,CORP_STD,CANCELLED,4,0,INR,2026-05-10 08:31:27,2026-05-10 11:17:27
RES104088,BLR001,CNF104088,GUEST104088,2026-06-16,2026-06-17,DLX,CORP,CORP_STD,BOOKED,3,21759,INR,2026-05-10 09:23:28,2026-05-10 10:42:28
RES104089,MUM002,CNF104089,GUEST104089,2026-05-13,2026-05-14,STE,PREPAY,PPR_DLX,BOOKED,2,8886,INR,2026-05-10 17:47:17,2026-05-10 19:51:17
RES104090,DEL001,CNF104090,GUEST104090,2026-06-11,2026-06-12,STD,PREPAY,PPR_STD,MODIFIED,1,11147,INR,2026-05-10 14:43:51,2026-05-10 16:14:51
RES104091,KER001,CNF104091,GUEST104091,2026-06-19,2026-06-24,KING,PKG,PKG_STD,BOOKED,3,127470,INR,2026-05-10 14:33:05,2026-05-10 15:08:05
RES104092,BLR001,CNF104092,GUEST104092,2026-07-06,2026-07-09,STE,PKG,PKG_DLX,MODIFIED,4,178248,INR,2026-05-10 17:35:35,2026-05-10 18:47:35
RES104093,KER001,CNF104093,GUEST104093,2026-07-03,2026-07-04,QUEEN,CORP,CORP_STD,CANCELLED,1,0,INR,2026-05-10 10:24:53,2026-05-10 13:01:53
RES104094,CHN001,CNF104094,GUEST104094,2026-07-06,2026-07-11,DLX,PKG,PKG_DLX,BOOKED,3,109965,INR,2026-05-10 18:00:23,2026-05-10 19:36:23
RES104095,BLR002,CNF104095,GUEST104095,2026-06-29,2026-07-03,QUEEN,PREPAY,PPR_STD,MODIFIED,2,38904,INR,2026-05-10 23:20:54,2026-05-11 01:26:54
RES104096,DEL001,CNF104096,GUEST104096,2026-06-06,2026-06-08,STE,PREPAY,PPR_STD,BOOKED,4,112688,INR,2026-05-10 10:29:24,2026-05-10 11:11:24
RES104097,DEL002,CNF104097,GUEST104097,2026-05-22,2026-05-26,STE,BAR,BAR_STD,MODIFIED,3,47832,INR,2026-05-10 08:09:16,2026-05-10 10:10:16
RES104098,DEL001,CNF104098,GUEST104098,2026-06-15,2026-06-17,STE,PKG,PKG_STD,CANCELLED,1,0,INR,2026-05-10 14:15:51,2026-05-10 16:34:51
RES104099,HYD001,CNF104099,GUEST104099,2026-06-09,2026-06-11,DLX,CORP,CORP_STD,BOOKED,1,23294,INR,2026-05-10 18:15:02,2026-05-10 20:23:02
RES104100,HYD001,CNF104100,GUEST104100,2026-06-27,2026-06-28,KING,PKG,PKG_DLX,BOOKED,2,23132,INR,2026-05-10 17:17:59,2026-05-10 19:19:59
RES104101,CHA001,CNF104101,GUEST104101,2026-07-05,2026-07-08,KING,CORP,CORP_STD,BOOKED,2,23448,INR,2026-05-10 23:19:37,2026-05-11 00:25:37
RES104102,CHN001,CNF104102,GUEST104102,2026-07-03,2026-07-07,KING,PREPAY,PPR_STD,BOOKED,2,60072,INR,2026-05-10 07:04:32,2026-05-10 08:19:32
RES104103,KER001,CNF104103,GUEST104103,2026-06-26,2026-06-27,KING,PREPAY,PPR_STD,BOOKED,2,29154,INR,2026-05-10 07:48:13,2026-05-10 08:47:13
RES104104,KOL001,CNF104104,GUEST104104,2026-05-17,2026-05-19,KING,PREPAY,PPR_STD,BOOKED,3,62730,INR,2026-05-10 17:38:10,2026-05-10 19:58:10
RES104105,BLR001,CNF104105,GUEST104105,2026-05-13,2026-05-16,STD,PREPAY,PPR_STD,BOOKED,3,72891,INR,2026-05-10 00:54:18,2026-05-10 00:55:18
RES104106,MUM002,CNF104106,GUEST104106,2026-07-06,2026-07-09,STD,PKG,PKG_DLX,BOOKED,1,35124,INR,2026-05-10 06:04:05,2026-05-10 08:18:05
RES104107,BLR002,CNF104107,GUEST104107,2026-06-23,2026-06-27,DLX,CORP,CORP_DLX,CANCELLED,4,0,INR,2026-05-10 15:48:55,2026-05-10 17:11:55
RES104108,KER001,CNF104108,GUEST104108,2026-06-14,2026-06-15,KING,BAR,BAR_DLX,MODIFIED,1,9271,INR,2026-05-10 00:21:43,2026-05-10 00:39:43
RES104109,MUM002,CNF104109,GUEST104109,2026-06-25,2026-06-26,STD,MEMBER,MEM_DLX,MODIFIED,4,50448,INR,2026-05-10 20:36:44,2026-05-10 22:47:44
RES104110,BLR002,CNF104110,GUEST104110,2026-06-03,2026-06-07,DLX,PKG,PKG_DLX,MODIFIED,2,66616,INR,2026-05-10 09:24:05,2026-05-10 10:11:05
RES104111,BLR001,CNF104111,GUEST104111,2026-05-26,2026-05-27,STD,CORP,CORP_DLX,MODIFIED,3,28974,INR,2026-05-10 06:50:28,2026-05-10 08:31:28
RES104112,DEL001,CNF104112,GUEST104112,2026-07-07,2026-07-12,KING,MEMBER,MEM_STD,MODIFIED,2,137700,INR,2026-05-10 13:52:01,2026-05-10 15:05:01
RES104113,CHA001,CNF104113,GUEST104113,2026-06-18,2026-06-19,DLX,CORP,CORP_DLX,MODIFIED,3,37305,INR,2026-05-10 03:43:42,2026-05-10 04:50:42
RES104114,KER001,CNF104114,GUEST104114,2026-05-25,2026-05-26,DLX,BAR,BAR_DLX,MODIFIED,2,9466,INR,2026-05-10 11:40:37,2026-05-10 12:59:37
RES104115,BLR001,CNF104115,GUEST104115,2026-07-04,2026-07-06,QUEEN,MEMBER,MEM_STD,MODIFIED,3,86634,INR,2026-05-10 17:30:29,2026-05-10 19:21:29
RES104116,BLR002,CNF104116,GUEST104116,2026-06-28,2026-07-02,STD,PKG,PKG_STD,MODIFIED,1,23772,INR,2026-05-10 11:36:20,2026-05-10 14:10:20
RES104117,BLR002,CNF104117,GUEST104117,2026-06-09,2026-06-11,QUEEN,PREPAY,PPR_DLX,BOOKED,4,75240,INR,2026-05-10 01:41:46,2026-05-10 04:27:46
RES104118,DEL002,CNF104118,GUEST104118,2026-05-30,2026-05-31,STD,PREPAY,PPR_STD,MODIFIED,3,30618,INR,2026-05-10 23:12:16,2026-05-11 01:54:16
RES104119,KOL001,CNF104119,GUEST104119,2026-05-26,2026-05-30,DLX,PKG,PKG_DLX,BOOKED,3,132480,INR,2026-05-10 00:40:33,2026-05-10 02:05:33
RES104120,DEL002,CNF104120,GUEST104120,2026-05-31,2026-06-01,DLX,BAR,BAR_DLX,MODIFIED,1,10465,INR,2026-05-10 21:32:19,2026-05-10 22:41:19
RES104121,BLR002,CNF104121,GUEST104121,2026-05-16,2026-05-18,STE,CORP,CORP_DLX,MODIFIED,4,89688,INR,2026-05-10 01:26:28,2026-05-10 03:07:28
RES104122,KOL001,CNF104122,GUEST104122,2026-07-05,2026-07-09,DLX,MEMBER,MEM_STD,BOOKED,3,161532,INR,2026-05-10 23:35:23,2026-05-11 02:17:23
RES104123,CHA001,CNF104123,GUEST104123,2026-05-18,2026-05-21,STD,PREPAY,PPR_STD,MODIFIED,3,55143,INR,2026-05-10 15:56:31,2026-05-10 18:51:31
RES104124,MUM002,CNF104124,GUEST104124,2026-06-03,2026-06-06,KING,BAR,BAR_DLX,BOOKED,2,21192,INR,2026-05-10 00:58:22,2026-05-10 03:37:22
RES104125,CHA001,CNF104125,GUEST104125,2026-05-14,2026-05-16,DLX,BAR,BAR_STD,BOOKED,4,102312,INR,2026-05-10 17:40:54,2026-05-10 20:06:54
RES104126,CHA001,CNF104126,GUEST104126,2026-05-17,2026-05-18,QUEEN,CORP,CORP_STD,CANCELLED,4,0,INR,2026-05-10 19:27:07,2026-05-10 20:07:07
RES104127,KER001,CNF104127,GUEST104127,2026-05-29,2026-06-01,QUEEN,MEMBER,MEM_STD,CANCELLED,2,0,INR,2026-05-10 05:07:37,2026-05-10 06:03:37
RES104128,MUM001,CNF104128,GUEST104128,2026-05-31,2026-06-05,STE,PREPAY,PPR_STD,MODIFIED,2,111430,INR,2026-05-10 17:54:18,2026-05-10 20:06:18
RES104129,BLR002,CNF104129,GUEST104129,2026-05-31,2026-06-01,STE,BAR,BAR_DLX,MODIFIED,2,25552,INR,2026-05-10 04:28:16,2026-05-10 06:00:16
RES104130,MUM001,CNF104130,GUEST104130,2026-06-25,2026-06-28,DLX,BAR,BAR_STD,CANCELLED,4,0,INR,2026-05-10 03:33:27,2026-05-10 05:54:27
RES104131,DEL002,CNF104131,GUEST104131,2026-06-18,2026-06-22,KING,BAR,BAR_STD,MODIFIED,3,67992,INR,2026-05-10 06:24:02,2026-05-10 09:19:02
RES104132,BLR001,CNF104132,GUEST104132,2026-05-30,2026-06-04,STE,MEMBER,MEM_DLX,BOOKED,4,215980,INR,2026-05-10 09:24:02,2026-05-10 11:46:02
RES104133,CHA001,CNF104133,GUEST104133,2026-05-23,2026-05-25,STD,CORP,CORP_STD,BOOKED,3,78084,INR,2026-05-10 02:48:46,2026-05-10 04:29:46
RES104134,DEL001,CNF104134,GUEST104134,2026-06-27,2026-06-28,QUEEN,PKG,PKG_STD,CANCELLED,3,0,INR,2026-05-10 18:25:11,2026-05-10 18:54:11
RES104135,BLR001,CNF104135,GUEST104135,2026-05-16,2026-05-17,STD,MEMBER,MEM_DLX,BOOKED,3,30636,INR,2026-05-10 17:47:57,2026-05-10 19:51:57
RES104136,KOL001,CNF104136,GUEST104136,2026-06-01,2026-06-05,STD,PREPAY,PPR_DLX,MODIFIED,1,49208,INR,2026-05-10 02:33:27,2026-05-10 03:04:27
RES104137,KER001,CNF104137,GUEST104137,2026-06-17,2026-06-18,QUEEN,MEMBER,MEM_STD,BOOKED,3,16956,INR,2026-05-10 23:40:55,2026-05-11 01:20:55
RES104138,BLR001,CNF104138,GUEST104138,2026-07-03,2026-07-06,STD,PKG,PKG_DLX,CANCELLED,2,0,INR,2026-05-10 05:49:51,2026-05-10 08:06:51
RES104139,CHN001,CNF104139,GUEST104139,2026-05-23,2026-05-27,STE,CORP,CORP_DLX,BOOKED,1,35828,INR,2026-05-10 16:08:37,2026-05-10 18:44:37
RES104140,DEL001,CNF104140,GUEST104140,2026-06-09,2026-06-13,KING,CORP,CORP_DLX,BOOKED,1,16436,INR,2026-05-10 03:29:54,2026-05-10 05:38:54
RES104141,BLR002,CNF104141,GUEST104141,2026-07-01,2026-07-05,KING,CORP,CORP_DLX,MODIFIED,1,16144,INR,2026-05-10 23:33:11,2026-05-11 00:41:11
RES104142,KOL001,CNF104142,GUEST104142,2026-06-27,2026-06-28,QUEEN,PREPAY,PPR_STD,CANCELLED,4,0,INR,2026-05-10 03:54:41,2026-05-10 05:21:41
RES104143,KER001,CNF104143,GUEST104143,2026-07-08,2026-07-13,STE,PREPAY,PPR_STD,MODIFIED,3,221430,INR,2026-05-10 05:35:54,2026-05-10 08:27:54
RES104144,DEL002,CNF104144,GUEST104144,2026-06-12,2026-06-15,DLX,PREPAY,PPR_DLX,MODIFIED,2,27018,INR,2026-05-10 15:14:05,2026-05-10 16:38:05
RES104145,BLR002,CNF104145,GUEST104145,2026-06-15,2026-06-17,STE,CORP,CORP_DLX,CANCELLED,4,0,INR,2026-05-10 03:49:28,2026-05-10 06:29:28
RES104146,MUM001,CNF104146,GUEST104146,2026-06-25,2026-06-28,KING,BAR,BAR_DLX,MODIFIED,3,91107,INR,2026-05-10 22:53:57,2026-05-10 23:14:57
RES104147,DEL001,CNF104147,GUEST104147,2026-05-27,2026-05-29,STE,PREPAY,PPR_DLX,MODIFIED,2,33244,INR,2026-05-10 07:31:29,2026-05-10 08:18:29
RES104148,DEL001,CNF104148,GUEST104148,2026-05-11,2026-05-13,DLX,PKG,PKG_STD,CANCELLED,2,0,INR,2026-05-10 03:38:10,2026-05-10 04:08:10
RES104149,DEL002,CNF104149,GUEST104149,2026-06-15,2026-06-18,QUEEN,CORP,CORP_STD,MODIFIED,2,59016,INR,2026-05-10 05:42:57,2026-05-10 06:39:57
RES104150,BLR002,CNF104150,GUEST104150,2026-05-23,2026-05-24,KING,MEMBER,MEM_DLX,CANCELLED,2,0,INR,2026-05-10 23:31:03,2026-05-11 00:26:03
RES104151,BLR002,CNF104151,GUEST104151,2026-05-12,2026-05-16,DLX,BAR,BAR_STD,CANCELLED,4,0,INR,2026-05-10 07:00:27,2026-05-10 08:45:27
RES104152,CHA001,CNF104152,GUEST104152,2026-06-30,2026-07-03,QUEEN,MEMBER,MEM_DLX,CANCELLED,1,0,INR,2026-05-10 11:10:08,2026-05-10 11:57:08
RES104153,MUM001,CNF104153,GUEST104153,2026-06-05,2026-06-06,KING,PREPAY,PPR_DLX,CANCELLED,2,0,INR,2026-05-10 23:16:22,2026-05-10 23:48:22
RES104154,HYD001,CNF104154,GUEST104154,2026-07-07,2026-07-10,QUEEN,PREPAY,PPR_DLX,BOOKED,2,54918,INR,2026-05-10 15:06:04,2026-05-10 17:23:04
RES104155,CHN001,CNF104155,GUEST104155,2026-05-23,2026-05-27,STE,PKG,PKG_STD,CANCELLED,1,0,INR,2026-05-10 10:16:52,2026-05-10 11:17:52
RES104156,DEL002,CNF104156,GUEST104156,2026-07-08,2026-07-09,DLX,BAR,BAR_DLX,CANCELLED,3,0,INR,2026-05-10 09:04:08,2026-05-10 09:06:08
RES104157,CHN001,CNF104157,GUEST104157,2026-06-14,2026-06-19,QUEEN,PKG,PKG_STD,MODIFIED,4,153060,INR,2026-05-10 00:28:42,2026-05-10 02:32:42
RES104158,MUM002,CNF104158,GUEST104158,2026-06-25,2026-06-29,DLX,PKG,PKG_STD,BOOKED,4,102304,INR,2026-05-10 21:38:43,2026-05-10 22:31:43
RES104159,MUM002,CNF104159,GUEST104159,2026-07-09,2026-07-13,KING,PKG,PKG_DLX,MODIFIED,1,16032,INR,2026-05-10 10:38:39,2026-05-10 13:29:39
RES104160,BLR002,CNF104160,GUEST104160,2026-05-12,2026-05-16,STD,CORP,CORP_DLX,MODIFIED,3,175200,INR,2026-05-10 07:43:23,2026-05-10 08:55:23
RES104161,KOL001,CNF104161,GUEST104161,2026-06-23,2026-06-24,STD,MEMBER,MEM_DLX,BOOKED,4,16240,INR,2026-05-10 23:51:53,2026-05-11 00:39:53
RES104162,CHN001,CNF104162,GUEST104162,2026-06-09,2026-06-12,STE,MEMBER,MEM_STD,CANCELLED,1,0,INR,2026-05-10 09:56:31,2026-05-10 12:49:31
RES104163,CHN001,CNF104163,GUEST104163,2026-07-09,2026-07-10,STD,MEMBER,MEM_DLX,MODIFIED,4,33972,INR,2026-05-10 01:15:54,2026-05-10 04:13:54
RES104164,BLR002,CNF104164,GUEST104164,2026-06-12,2026-06-13,QUEEN,BAR,BAR_STD,BOOKED,1,13856,INR,2026-05-10 19:42:01,2026-05-10 20:26:01
RES104165,CHN001,CNF104165,GUEST104165,2026-05-22,2026-05-25,STE,BAR,BAR_STD,MODIFIED,2,73584,INR,2026-05-10 06:19:11,2026-05-10 06:52:11
RES104166,DEL001,CNF104166,GUEST104166,2026-06-03,2026-06-06,DLX,CORP,CORP_DLX,MODIFIED,4,111780,INR,2026-05-10 00:39:27,2026-05-10 03:00:27
RES104167,BLR002,CNF104167,GUEST104167,2026-05-18,2026-05-19,QUEEN,MEMBER,MEM_STD,MODIFIED,3,27258,INR,2026-05-10 10:17:29,2026-05-10 10:52:29
RES104168,CHN001,CNF104168,GUEST104168,2026-06-23,2026-06-27,QUEEN,PKG,PKG_DLX,MODIFIED,4,223312,INR,2026-05-10 11:34:48,2026-05-10 13:13:48
RES104169,BLR002,CNF104169,GUEST104169,2026-05-20,2026-05-21,KING,MEMBER,MEM_STD,BOOKED,2,24326,INR,2026-05-10 23:19:26,2026-05-11 01:40:26
RES104170,MUM001,CNF104170,GUEST104170,2026-05-23,2026-05-25,STE,BAR,BAR_STD,MODIFIED,1,22218,INR,2026-05-10 19:35:52,2026-05-10 20:54:52
RES104171,BLR002,CNF104171,GUEST104171,2026-06-04,2026-06-06,KING,PKG,PKG_DLX,MODIFIED,3,48774,INR,2026-05-10 22:30:23,2026-05-11 00:21:23
RES104172,MUM001,CNF104172,GUEST104172,2026-06-04,2026-06-08,QUEEN,BAR,BAR_DLX,MODIFIED,2,60440,INR,2026-05-10 04:05:21,2026-05-10 06:31:21
RES104173,CHA001,CNF104173,GUEST104173,2026-06-25,2026-06-26,DLX,CORP,CORP_DLX,BOOKED,1,12903,INR,2026-05-10 03:47:40,2026-05-10 05:37:40
RES104174,DEL001,CNF104174,GUEST104174,2026-06-05,2026-06-10,DLX,MEMBER,MEM_STD,CANCELLED,1,0,INR,2026-05-10 19:12:08,2026-05-10 20:32:08
RES104175,DEL001,CNF104175,GUEST104175,2026-06-21,2026-06-24,QUEEN,BAR,BAR_STD,BOOKED,1,12273,INR,2026-05-10 14:01:58,2026-05-10 14:50:58
RES104176,DEL001,CNF104176,GUEST104176,2026-05-18,2026-05-19,DLX,MEMBER,MEM_DLX,BOOKED,2,16354,INR,2026-05-10 16:36:41,2026-05-10 16:46:41
RES104177,KER001,CNF104177,GUEST104177,2026-05-21,2026-05-25,STE,MEMBER,MEM_DLX,CANCELLED,1,0,INR,2026-05-10 15:59:48,2026-05-10 16:54:48
RES104178,KER001,CNF104178,GUEST104178,2026-06-08,2026-06-13,STE,CORP,CORP_DLX,BOOKED,2,147890,INR,2026-05-10 02:22:36,2026-05-10 04:56:36
RES104179,DEL001,CNF104179,GUEST104179,2026-07-02,2026-07-05,DLX,CORP,CORP_DLX,CANCELLED,4,0,INR,2026-05-10 15:05:57,2026-05-10 15:28:57
RES104180,HYD001,CNF104180,GUEST104180,2026-06-10,2026-06-11,DLX,PREPAY,PPR_STD,CANCELLED,2,0,INR,2026-05-10 14:59:54,2026-05-10 16:01:54
RES104181,KER001,CNF104181,GUEST104181,2026-05-18,2026-05-22,DLX,BAR,BAR_DLX,MODIFIED,3,85884,INR,2026-05-10 00:50:19,2026-05-10 03:00:19
RES104182,BLR001,CNF104182,GUEST104182,2026-06-12,2026-06-15,DLX,MEMBER,MEM_DLX,BOOKED,1,37734,INR,2026-05-10 18:00:43,2026-05-10 20:00:43
RES104183,HYD001,CNF104183,GUEST104183,2026-06-27,2026-06-28,KING,MEMBER,MEM_DLX,CANCELLED,1,0,INR,2026-05-10 06:27:03,2026-05-10 08:02:03
RES104184,CHN001,CNF104184,GUEST104184,2026-05-19,2026-05-24,DLX,BAR,BAR_STD,CANCELLED,2,0,INR,2026-05-10 15:18:11,2026-05-10 16:26:11
RES104185,MUM002,CNF104185,GUEST104185,2026-05-26,2026-05-28,STD,BAR,BAR_DLX,BOOKED,2,32172,INR,2026-05-10 07:08:27,2026-05-10 07:45:27
RES104186,BLR001,CNF104186,GUEST104186,2026-05-23,2026-05-27,QUEEN,BAR,BAR_DLX,BOOKED,1,45732,INR,2026-05-10 00:03:42,2026-05-10 01:23:42
RES104187,BLR001,CNF104187,GUEST104187,2026-06-15,2026-06-17,STE,PKG,PKG_DLX,BOOKED,1,9108,INR,2026-05-10 07:24:16,2026-05-10 09:30:16
RES104188,KOL001,CNF104188,GUEST104188,2026-06-08,2026-06-10,STD,PKG,PKG_DLX,CANCELLED,1,0,INR,2026-05-10 08:22:03,2026-05-10 10:36:03
RES104189,BLR001,CNF104189,GUEST104189,2026-07-01,2026-07-05,QUEEN,CORP,CORP_DLX,CANCELLED,2,0,INR,2026-05-10 22:33:45,2026-05-11 00:20:45
RES104190,HYD001,CNF104190,GUEST104190,2026-07-05,2026-07-08,KING,PREPAY,PPR_STD,BOOKED,2,22218,INR,2026-05-10 09:11:34,2026-05-10 10:51:34
RES104191,MUM001,CNF104191,GUEST104191,2026-05-24,2026-05-25,DLX,CORP,CORP_STD,CANCELLED,3,0,INR,2026-05-10 18:49:16,2026-05-10 18:55:16
RES104192,BLR001,CNF104192,GUEST104192,2026-06-27,2026-06-30,STE,BAR,BAR_STD,BOOKED,1,30048,INR,2026-05-10 17:49:18,2026-05-10 20:14:18
RES104193,CHN001,CNF104193,GUEST104193,2026-06-14,2026-06-18,QUEEN,CORP,CORP_STD,BOOKED,2,37768,INR,2026-05-10 10:04:28,2026-05-10 10:41:28
RES104194,CHA001,CNF104194,GUEST104194,2026-06-11,2026-06-13,STD,BAR,BAR_DLX,BOOKED,4,65768,INR,2026-05-10 00:39:20,2026-05-10 02:54:20
RES104195,BLR001,CNF104195,GUEST104195,2026-06-17,2026-06-20,QUEEN,BAR,BAR_STD,MODIFIED,1,39192,INR,2026-05-10 08:00:22,2026-05-10 08:04:22
RES104196,MUM001,CNF104196,GUEST104196,2026-07-09,2026-07-10,DLX,PKG,PKG_STD,MODIFIED,3,14811,INR,2026-05-10 12:11:35,2026-05-10 13:31:35
RES104197,CHA001,CNF104197,GUEST104197,2026-05-27,2026-05-31,QUEEN,PKG,PKG_STD,BOOKED,2,77992,INR,2026-05-10 06:55:58,2026-05-10 08:26:58
RES104198,CHN001,CNF104198,GUEST104198,2026-07-08,2026-07-12,QUEEN,CORP,CORP_DLX,BOOKED,4,60576,INR,2026-05-10 20:56:22,2026-05-10 22:25:22
RES104199,MUM001,CNF104199,GUEST104199,2026-06-11,2026-06-16,STD,PKG,PKG_DLX,CANCELLED,3,0,INR,2026-05-10 10:18:10,2026-05-10 12:33:10
RES104200,KOL001,CNF104200,GUEST104200,2026-06-16,2026-06-19,STE,MEMBER,MEM_STD,CANCELLED,2,0,INR,2026-05-10 18:14:06,2026-05-10 21:10:06
RES104201,BLR002,CNF104201,GUEST104201,2026-05-22,2026-05-26,KING,MEMBER,MEM_STD,BOOKED,1,21736,INR,2026-05-10 12:44:43,2026-05-10 13:11:43
RES104202,CHN001,CNF104202,GUEST104202,2026-07-08,2026-07-09,STE,MEMBER,MEM_STD,MODIFIED,3,39507,INR,2026-05-10 02:59:58,2026-05-10 04:09:58
RES104203,MUM002,CNF104203,GUEST104203,2026-06-12,2026-06-17,QUEEN,BAR,BAR_STD,BOOKED,3,150660,INR,2026-05-10 05:12:01,2026-05-10 06:13:01
RES104204,MUM002,CNF104204,GUEST104204,2026-06-26,2026-06-29,STE,MEMBER,MEM_STD,BOOKED,1,36303,INR,2026-05-10 05:25:20,2026-05-10 07:00:20
RES104205,DEL001,CNF104205,GUEST104205,2026-05-23,2026-05-27,DLX,MEMBER,MEM_DLX,BOOKED,4,130432,INR,2026-05-10 18:32:28,2026-05-10 20:18:28
RES104206,HYD001,CNF104206,GUEST104206,2026-05-16,2026-05-21,QUEEN,CORP,CORP_STD,MODIFIED,2,69040,INR,2026-05-10 18:55:23,2026-05-10 19:40:23
RES104207,HYD001,CNF104207,GUEST104207,2026-05-26,2026-05-27,KING,BAR,BAR_DLX,MODIFIED,1,10317,INR,2026-05-10 01:16:47,2026-05-10 02:13:47
RES104208,BLR001,CNF104208,GUEST104208,2026-06-01,2026-06-06,KING,CORP,CORP_DLX,MODIFIED,3,199290,INR,2026-05-10 20:05:55,2026-05-10 20:57:55
RES104209,MUM002,CNF104209,GUEST104209,2026-06-28,2026-06-30,STD,PREPAY,PPR_DLX,MODIFIED,3,57804,INR,2026-05-10 00:53:57,2026-05-10 00:57:57
RES104210,KER001,CNF104210,GUEST104210,2026-06-16,2026-06-20,QUEEN,CORP,CORP_STD,CANCELLED,3,0,INR,2026-05-10 20:10:55,2026-05-10 21:56:55
RES104211,CHA001,CNF104211,GUEST104211,2026-05-23,2026-05-25,STE,BAR,BAR_STD,BOOKED,4,63968,INR,2026-05-10 11:30:52,2026-05-10 12:29:52
RES104212,KER001,CNF104212,GUEST104212,2026-05-28,2026-06-02,STD,MEMBER,MEM_STD,BOOKED,3,138840,INR,2026-05-10 20:24:01,2026-05-10 22:23:01
RES104213,MUM001,CNF104213,GUEST104213,2026-05-15,2026-05-17,STD,BAR,BAR_STD,CANCELLED,3,0,INR,2026-05-10 07:54:54,2026-05-10 08:35:54
RES104214,DEL002,CNF104214,GUEST104214,2026-06-20,2026-06-24,STD,BAR,BAR_STD,MODIFIED,1,21108,INR,2026-05-10 14:10:28,2026-05-10 14:42:28
RES104215,KER001,CNF104215,GUEST104215,2026-06-25,2026-06-26,STD,BAR,BAR_DLX,BOOKED,4,44956,INR,2026-05-10 04:22:31,2026-05-10 05:48:31
RES104216,BLR002,CNF104216,GUEST104216,2026-05-11,2026-05-14,STD,CORP,CORP_DLX,BOOKED,3,133218,INR,2026-05-10 01:46:26,2026-05-10 01:47:26
RES104217,DEL001,CNF104217,GUEST104217,2026-06-19,2026-06-24,KING,PREPAY,PPR_DLX,CANCELLED,3,0,INR,2026-05-10 01:51:54,2026-05-10 03:14:54
RES104218,MUM002,CNF104218,GUEST104218,2026-05-31,2026-06-04,DLX,BAR,BAR_DLX,MODIFIED,4,127760,INR,2026-05-10 21:01:31,2026-05-10 21:41:31
RES104219,KER001,CNF104219,GUEST104219,2026-06-24,2026-06-28,DLX,BAR,BAR_DLX,CANCELLED,3,0,INR,2026-05-10 04:06:59,2026-05-10 04:47:59
RES104220,DEL002,CNF104220,GUEST104220,2026-05-15,2026-05-19,STD,MEMBER,MEM_STD,CANCELLED,1,0,INR,2026-05-10 03:00:09,2026-05-10 05:51:09
RES104221,MUM001,CNF104221,GUEST104221,2026-07-04,2026-07-06,STD,CORP,CORP_DLX,MODIFIED,2,40528,INR,2026-05-10 05:42:58,2026-05-10 06:00:58
RES104222,BLR002,CNF104222,GUEST104222,2026-06-29,2026-07-04,STE,MEMBER,MEM_DLX,MODIFIED,4,227700,INR,2026-05-10 22:39:19,2026-05-11 00:19:19
RES104223,DEL001,CNF104223,GUEST104223,2026-06-06,2026-06-07,KING,MEMBER,MEM_DLX,BOOKED,3,16533,INR,2026-05-10 11:15:20,2026-05-10 12:24:20
RES104224,CHN001,CNF104224,GUEST104224,2026-05-30,2026-06-03,STD,BAR,BAR_DLX,CANCELLED,3,0,INR,2026-05-10 20:56:26,2026-05-10 22:30:26
RES104225,DEL002,CNF104225,GUEST104225,2026-05-26,2026-05-29,STD,PKG,PKG_STD,MODIFIED,4,177600,INR,2026-05-10 14:44:25,2026-05-10 15:08:25
RES104226,BLR001,CNF104226,GUEST104226,2026-06-30,2026-07-01,QUEEN,BAR,BAR_DLX,BOOKED,2,25554,INR,2026-05-10 10:43:04,2026-05-10 13:06:04
RES104227,HYD001,CNF104227,GUEST104227,2026-06-13,2026-06-17,STD,CORP,CORP_STD,BOOKED,4,205296,INR,2026-05-10 12:37:47,2026-05-10 14:46:47
RES104228,KER001,CNF104228,GUEST104228,2026-05-29,2026-06-03,STE,PKG,PKG_DLX,MODIFIED,2,42750,INR,2026-05-10 17:49:11,2026-05-10 18:29:11
RES104229,MUM002,CNF104229,GUEST104229,2026-06-27,2026-06-28,KING,PKG,PKG_DLX,CANCELLED,1,0,INR,2026-05-10 06:48:04,2026-05-10 09:46:04
RES104230,DEL001,CNF104230,GUEST104230,2026-05-25,2026-05-27,KING,CORP,CORP_STD,BOOKED,3,73626,INR,2026-05-10 06:38:43,2026-05-10 08:32:43
RES104231,KOL001,CNF104231,GUEST104231,2026-07-06,2026-07-07,QUEEN,PKG,PKG_STD,MODIFIED,4,45308,INR,2026-05-10 22:52:38,2026-05-11 01:13:38
RES104232,KOL001,CNF104232,GUEST104232,2026-06-24,2026-06-25,QUEEN,PREPAY,PPR_STD,BOOKED,3,20226,INR,2026-05-10 07:34:19,2026-05-10 09:15:19
RES104233,MUM001,CNF104233,GUEST104233,2026-05-19,2026-05-21,QUEEN,PREPAY,PPR_DLX,BOOKED,1,29088,INR,2026-05-10 00:37:04,2026-05-10 03:14:04
RES104234,KOL001,CNF104234,GUEST104234,2026-06-09,2026-06-11,DLX,MEMBER,MEM_DLX,MODIFIED,1,23238,INR,2026-05-10 07:32:20,2026-05-10 09:39:20
RES104235,BLR002,CNF104235,GUEST104235,2026-06-09,2026-06-11,QUEEN,MEMBER,MEM_DLX,BOOKED,3,89322,INR,2026-05-10 16:25:09,2026-05-10 17:48:09
RES104236,DEL001,CNF104236,GUEST104236,2026-07-07,2026-07-08,KING,PREPAY,PPR_DLX,BOOKED,2,14948,INR,2026-05-10 19:04:57,2026-05-10 20:30:57
RES104237,MUM002,CNF104237,GUEST104237,2026-05-27,2026-05-30,STE,MEMBER,MEM_DLX,BOOKED,3,92655,INR,2026-05-10 01:54:10,2026-05-10 03:11:10
RES104238,BLR001,CNF104238,GUEST104238,2026-05-28,2026-05-31,STD,PREPAY,PPR_DLX,CANCELLED,2,0,INR,2026-05-10 07:11:09,2026-05-10 09:56:09
RES104239,MUM001,CNF104239,GUEST104239,2026-06-12,2026-06-15,KING,MEMBER,MEM_DLX,MODIFIED,3,64980,INR,2026-05-10 00:03:42,2026-05-10 02:20:42
RES104240,MUM002,CNF104240,GUEST104240,2026-05-20,2026-05-25,KING,PREPAY,PPR_STD,CANCELLED,1,0,INR,2026-05-10 16:35:57,2026-05-10 18:22:57
RES104241,HYD001,CNF104241,GUEST104241,2026-06-23,2026-06-26,KING,PKG,PKG_DLX,MODIFIED,4,45924,INR,2026-05-10 03:46:02,2026-05-10 06:01:02
RES104242,CHA001,CNF104242,GUEST104242,2026-05-15,2026-05-18,STD,CORP,CORP_STD,MODIFIED,4,50880,INR,2026-05-10 05:24:21,2026-05-10 07:39:21
RES104243,CHA001,CNF104243,GUEST104243,2026-06-24,2026-06-28,STE,PREPAY,PPR_DLX,BOOKED,3,52116,INR,2026-05-10 11:55:22,2026-05-10 13:14:22
RES104244,CHN001,CNF104244,GUEST104244,2026-05-11,2026-05-13,STD,CORP,CORP_STD,MODIFIED,2,35792,INR,2026-05-10 16:46:12,2026-05-10 19:20:12
RES104245,BLR002,CNF104245,GUEST104245,2026-05-27,2026-05-31,STD,PREPAY,PPR_DLX,BOOKED,4,114688,INR,2026-05-10 17:36:39,2026-05-10 18:19:39
RES104246,KER001,CNF104246,GUEST104246,2026-05-16,2026-05-21,STE,PKG,PKG_STD,CANCELLED,2,0,INR,2026-05-10 12:03:08,2026-05-10 13:59:08
RES104247,MUM002,CNF104247,GUEST104247,2026-06-06,2026-06-11,DLX,BAR,BAR_DLX,BOOKED,1,36460,INR,2026-05-10 23:59:58,2026-05-11 02:33:58
RES104248,CHN001,CNF104248,GUEST104248,2026-06-28,2026-06-29,DLX,PREPAY,PPR_DLX,BOOKED,4,31000,INR,2026-05-10 21:10:42,2026-05-10 23:49:42
RES104249,DEL002,CNF104249,GUEST104249,2026-05-15,2026-05-20,QUEEN,BAR,BAR_DLX,BOOKED,3,197115,INR,2026-05-10 22:54:22,2026-05-11 00:07:22
RES104250,DEL001,CNF104250,GUEST104250,2026-05-15,2026-05-20,STD,MEMBER,MEM_DLX,CANCELLED,2,0,INR,2026-05-10 17:58:26,2026-05-10 18:56:26
RES104251,DEL001,CNF104251,GUEST104251,2026-05-25,2026-05-29,STD,PREPAY,PPR_STD,CANCELLED,2,0,INR,2026-05-10 18:51:08,2026-05-10 19:30:08
RES104252,HYD001,CNF104252,GUEST104252,2026-06-23,2026-06-28,DLX,CORP,CORP_STD,MODIFIED,4,194220,INR,2026-05-10 03:51:33,2026-05-10 04:17:33
RES104253,KER001,CNF104253,GUEST104253,2026-05-23,2026-05-26,STD,MEMBER,MEM_DLX,MODIFIED,3,39015,INR,2026-05-10 06:54:19,2026-05-10 09:01:19
RES104254,DEL002,CNF104254,GUEST104254,2026-06-29,2026-07-01,KING,BAR,BAR_STD,CANCELLED,1,0,INR,2026-05-10 09:52:10,2026-05-10 11:54:10
RES104255,DEL002,CNF104255,GUEST104255,2026-06-25,2026-06-30,QUEEN,MEMBER,MEM_DLX,BOOKED,2,82000,INR,2026-05-10 13:34:46,2026-05-10 15:17:46
RES104256,CHA001,CNF104256,GUEST104256,2026-06-09,2026-06-12,QUEEN,BAR,BAR_STD,CANCELLED,4,0,INR,2026-05-10 13:20:29,2026-05-10 14:10:29
RES104257,CHN001,CNF104257,GUEST104257,2026-07-01,2026-07-06,KING,CORP,CORP_STD,CANCELLED,4,0,INR,2026-05-10 22:42:20,2026-05-10 23:27:20
RES104258,DEL001,CNF104258,GUEST104258,2026-07-01,2026-07-05,STE,PKG,PKG_DLX,BOOKED,2,83448,INR,2026-05-10 16:31:30,2026-05-10 17:42:30
RES104259,BLR002,CNF104259,GUEST104259,2026-06-03,2026-06-07,DLX,CORP,CORP_STD,BOOKED,3,65688,INR,2026-05-10 11:48:50,2026-05-10 13:30:50
RES104260,HYD001,CNF104260,GUEST104260,2026-07-06,2026-07-07,STD,CORP,CORP_DLX,MODIFIED,1,10260,INR,2026-05-10 23:15:33,2026-05-11 01:28:33
RES104261,CHN001,CNF104261,GUEST104261,2026-05-21,2026-05-26,KING,PKG,PKG_STD,MODIFIED,2,116380,INR,2026-05-10 20:49:15,2026-05-10 21:34:15
RES104262,DEL002,CNF104262,GUEST104262,2026-05-18,2026-05-20,STD,BAR,BAR_DLX,BOOKED,3,65424,INR,2026-05-10 20:33:13,2026-05-10 22:24:13
RES104263,DEL002,CNF104263,GUEST104263,2026-06-14,2026-06-15,QUEEN,BAR,BAR_DLX,CANCELLED,4,0,INR,2026-05-10 18:14:28,2026-05-10 20:16:28
RES104264,DEL001,CNF104264,GUEST104264,2026-06-01,2026-06-04,KING,CORP,CORP_DLX,BOOKED,4,172260,INR,2026-05-10 21:56:04,2026-05-10 22:52:04
RES104265,BLR001,CNF104265,GUEST104265,2026-06-23,2026-06-26,QUEEN,MEMBER,MEM_DLX,MODIFIED,4,105804,INR,2026-05-10 23:12:02,2026-05-11 00:07:02
RES104266,CHN001,CNF104266,GUEST104266,2026-06-26,2026-06-27,QUEEN,PKG,PKG_STD,MODIFIED,1,13503,INR,2026-05-10 17:23:50,2026-05-10 19:55:50
RES104267,KOL001,CNF104267,GUEST104267,2026-05-28,2026-05-31,QUEEN,PKG,PKG_STD,MODIFIED,1,12234,INR,2026-05-10 12:44:49,2026-05-10 14:55:49
RES104268,HYD001,CNF104268,GUEST104268,2026-05-31,2026-06-03,DLX,MEMBER,MEM_STD,MODIFIED,4,100824,INR,2026-05-10 09:40:35,2026-05-10 12:15:35
RES104269,CHA001,CNF104269,GUEST104269,2026-06-14,2026-06-19,DLX,BAR,BAR_STD,BOOKED,3,201405,INR,2026-05-10 13:36:08,2026-05-10 13:46:08
RES104270,MUM001,CNF104270,GUEST104270,2026-06-11,2026-06-13,STE,PREPAY,PPR_STD,MODIFIED,1,22426,INR,2026-05-10 14:09:02,2026-05-10 15:22:02
RES104271,BLR002,CNF104271,GUEST104271,2026-05-11,2026-05-13,QUEEN,CORP,CORP_DLX,CANCELLED,4,0,INR,2026-05-10 07:41:19,2026-05-10 08:23:19
RES104272,BLR002,CNF104272,GUEST104272,2026-07-09,2026-07-14,DLX,PREPAY,PPR_STD,MODIFIED,1,43790,INR,2026-05-10 01:54:09,2026-05-10 03:16:09
RES104273,MUM002,CNF104273,GUEST104273,2026-06-23,2026-06-27,DLX,MEMBER,MEM_STD,BOOKED,4,82864,INR,2026-05-10 03:25:28,2026-05-10 05:25:28
RES104274,KER001,CNF104274,GUEST104274,2026-05-19,2026-05-22,STD,CORP,CORP_DLX,CANCELLED,3,0,INR,2026-05-10 14:20:27,2026-05-10 15:14:27
RES104275,BLR002,CNF104275,GUEST104275,2026-05-22,2026-05-25,KING,PREPAY,PPR_DLX,CANCELLED,1,0,INR,2026-05-10 23:44:05,2026-05-11 01:42:05
RES104276,DEL002,CNF104276,GUEST104276,2026-06-05,2026-06-06,DLX,PKG,PKG_STD,BOOKED,4,17004,INR,2026-05-10 12:54:53,2026-05-10 15:48:53
RES104277,MUM002,CNF104277,GUEST104277,2026-05-18,2026-05-19,STD,BAR,BAR_DLX,BOOKED,2,29150,INR,2026-05-10 07:23:47,2026-05-10 07:46:47
RES104278,CHA001,CNF104278,GUEST104278,2026-07-08,2026-07-11,KING,MEMBER,MEM_STD,MODIFIED,4,106896,INR,2026-05-10 05:45:25,2026-05-10 06:47:25
RES104279,DEL001,CNF104279,GUEST104279,2026-05-13,2026-05-18,STD,CORP,CORP_DLX,CANCELLED,2,0,INR,2026-05-10 02:53:12,2026-05-10 02:53:12
RES104280,HYD001,CNF104280,GUEST104280,2026-06-22,2026-06-23,STD,CORP,CORP_STD,MODIFIED,4,33188,INR,2026-05-10 22:58:36,2026-05-11 00:35:36
RES104281,KER001,CNF104281,GUEST104281,2026-05-11,2026-05-13,STE,PREPAY,PPR_STD,MODIFIED,1,12344,INR,2026-05-10 18:30:56,2026-05-10 20:24:56
RES104282,KER001,CNF104282,GUEST104282,2026-06-26,2026-06-28,STE,BAR,BAR_STD,BOOKED,2,28724,INR,2026-05-10 09:52:10,2026-05-10 12:52:10
RES104283,BLR002,CNF104283,GUEST104283,2026-06-03,2026-06-07,STD,BAR,BAR_DLX,BOOKED,4,230720,INR,2026-05-10 04:26:18,2026-05-10 05:42:18
RES104284,MUM002,CNF104284,GUEST104284,2026-06-19,2026-06-22,STD,CORP,CORP_DLX,BOOKED,2,74568,INR,2026-05-10 09:02:08,2026-05-10 09:52:08
RES104285,DEL001,CNF104285,GUEST104285,2026-06-29,2026-07-02,STE,PKG,PKG_DLX,BOOKED,4,61356,INR,2026-05-10 18:50:57,2026-05-10 21:28:57
RES104286,DEL001,CNF104286,GUEST104286,2026-07-08,2026-07-11,KING,MEMBER,MEM_DLX,CANCELLED,2,0,INR,2026-05-10 05:38:31,2026-05-10 08:10:31
RES104287,MUM001,CNF104287,GUEST104287,2026-06-08,2026-06-09,STD,CORP,CORP_STD,CANCELLED,2,0,INR,2026-05-10 08:01:06,2026-05-10 10:09:06
RES104288,DEL001,CNF104288,GUEST104288,2026-06-26,2026-06-30,KING,PREPAY,PPR_DLX,MODIFIED,3,85740,INR,2026-05-10 04:43:01,2026-05-10 06:06:01
RES104289,KER001,CNF104289,GUEST104289,2026-06-12,2026-06-16,STE,BAR,BAR_STD,CANCELLED,1,0,INR,2026-05-10 11:34:21,2026-05-10 13:46:21
RES104290,CHA001,CNF104290,GUEST104290,2026-06-24,2026-06-26,DLX,MEMBER,MEM_STD,BOOKED,3,66996,INR,2026-05-10 21:54:12,2026-05-10 22:05:12
RES104291,KER001,CNF104291,GUEST104291,2026-06-24,2026-06-27,DLX,BAR,BAR_STD,BOOKED,3,77400,INR,2026-05-10 01:13:07,2026-05-10 02:24:07
RES104292,BLR001,CNF104292,GUEST104292,2026-07-03,2026-07-06,QUEEN,CORP,CORP_STD,MODIFIED,1,29835,INR,2026-05-10 17:07:30,2026-05-10 17:29:30
RES104293,KER001,CNF104293,GUEST104293,2026-06-25,2026-06-28,STE,CORP,CORP_DLX,CANCELLED,3,0,INR,2026-05-10 20:52:08,2026-05-10 22:30:08
RES104294,DEL002,CNF104294,GUEST104294,2026-06-15,2026-06-16,KING,MEMBER,MEM_STD,CANCELLED,3,0,INR,2026-05-10 17:57:53,2026-05-10 20:52:53
RES104295,DEL001,CNF104295,GUEST104295,2026-07-08,2026-07-11,STD,CORP,CORP_DLX,MODIFIED,1,41487,INR,2026-05-10 21:18:37,2026-05-10 21:59:37
RES104296,KOL001,CNF104296,GUEST104296,2026-06-08,2026-06-12,STD,CORP,CORP_STD,BOOKED,3,78504,INR,2026-05-10 01:28:56,2026-05-10 02:32:56
RES104297,KER001,CNF104297,GUEST104297,2026-06-20,2026-06-25,DLX,PREPAY,PPR_DLX,CANCELLED,4,0,INR,2026-05-10 20:00:47,2026-05-10 22:03:47
RES104298,BLR002,CNF104298,GUEST104298,2026-06-21,2026-06-23,QUEEN,CORP,CORP_STD,MODIFIED,1,29676,INR,2026-05-10 20:56:02,2026-05-10 23:03:02
RES104299,BLR002,CNF104299,GUEST104299,2026-05-11,2026-05-14,KING,MEMBER,MEM_STD,CANCELLED,3,0,INR,2026-05-10 18:49:01,2026-05-10 21:04:01
RES104300,CHN001,CNF104300,GUEST104300,2026-06-04,2026-06-08,DLX,PKG,PKG_DLX,CANCELLED,3,0,INR,2026-05-10 17:19:53,2026-05-10 19:41:53
RES104301,BLR001,CNF104301,GUEST104301,2026-05-31,2026-06-02,DLX,CORP,CORP_DLX,CANCELLED,1,0,INR,2026-05-10 12:29:33,2026-05-10 13:20:33
RES104302,KOL001,CNF104302,GUEST104302,2026-05-24,2026-05-28,KING,PKG,PKG_STD,CANCELLED,3,0,INR,2026-05-10 18:19:37,2026-05-10 18:42:37
RES104303,KOL001,CNF104303,GUEST104303,2026-06-20,2026-06-25,KING,BAR,BAR_STD,BOOKED,3,62115,INR,2026-05-10 15:54:29,2026-05-10 16:31:29
RES104304,KOL001,CNF104304,GUEST104304,2026-05-28,2026-05-29,STD,PREPAY,PPR_STD,CANCELLED,1,0,INR,2026-05-10 23:07:49,2026-05-11 01:07:49
RES104305,BLR002,CNF104305,GUEST104305,2026-06-23,2026-06-25,DLX,PKG,PKG_STD,BOOKED,4,30824,INR,2026-05-10 10:22:57,2026-05-10 11:43:57
RES104306,BLR002,CNF104306,GUEST104306,2026-06-07,2026-06-08,DLX,PKG,PKG_DLX,CANCELLED,2,0,INR,2026-05-10 20:49:15,2026-05-10 21:35:15
RES104307,BLR002,CNF104307,GUEST104307,2026-05-20,2026-05-24,QUEEN,BAR,BAR_STD,MODIFIED,3,85104,INR,2026-05-10 15:25:28,2026-05-10 16:28:28
RES104308,MUM001,CNF104308,GUEST104308,2026-06-12,2026-06-13,KING,PKG,PKG_STD,CANCELLED,2,0,INR,2026-05-10 18:15:33,2026-05-10 18:31:33
RES104309,BLR002,CNF104309,GUEST104309,2026-07-09,2026-07-14,KING,PREPAY,PPR_STD,MODIFIED,4,299880,INR,2026-05-10 16:55:33,2026-05-10 19:35:33
RES104310,CHA001,CNF104310,GUEST104310,2026-06-14,2026-06-18,STE,BAR,BAR_STD,CANCELLED,3,0,INR,2026-05-10 23:36:54,2026-05-11 00:08:54
RES104311,KOL001,CNF104311,GUEST104311,2026-05-14,2026-05-19,KING,PKG,PKG_DLX,BOOKED,2,141530,INR,2026-05-10 18:40:35,2026-05-10 21:33:35
RES104312,CHN001,CNF104312,GUEST104312,2026-05-12,2026-05-15,QUEEN,CORP,CORP_STD,MODIFIED,1,11688,INR,2026-05-10 06:12:52,2026-05-10 06:16:52
RES104313,MUM002,CNF104313,GUEST104313,2026-05-19,2026-05-23,DLX,BAR,BAR_DLX,MODIFIED,4,134464,INR,2026-05-10 14:48:03,2026-05-10 14:58:03
RES104314,CHN001,CNF104314,GUEST104314,2026-06-13,2026-06-15,STE,CORP,CORP_DLX,CANCELLED,4,0,INR,2026-05-10 17:43:14,2026-05-10 17:53:14
RES104315,CHN001,CNF104315,GUEST104315,2026-06-16,2026-06-19,KING,CORP,CORP_DLX,BOOKED,1,18165,INR,2026-05-10 06:54:23,2026-05-10 08:00:23
RES104316,KER001,CNF104316,GUEST104316,2026-05-23,2026-05-24,KING,MEMBER,MEM_STD,CANCELLED,4,0,INR,2026-05-10 04:15:00,2026-05-10 05:32:00
RES104317,BLR001,CNF104317,GUEST104317,2026-06-13,2026-06-17,DLX,PKG,PKG_DLX,CANCELLED,2,0,INR,2026-05-10 01:24:40,2026-05-10 03:07:40
RES104318,BLR002,CNF104318,GUEST104318,2026-06-16,2026-06-18,DLX,PKG,PKG_DLX,CANCELLED,1,0,INR,2026-05-10 02:41:43,2026-05-10 03:19:43
RES104319,CHA001,CNF104319,GUEST104319,2026-06-01,2026-06-05,STE,BAR,BAR_STD,CANCELLED,1,0,INR,2026-05-10 22:14:16,2026-05-11 00:30:16
RES104320,KOL001,CNF104320,GUEST104320,2026-06-01,2026-06-02,STD,MEMBER,MEM_DLX,BOOKED,4,44696,INR,2026-05-10 06:16:24,2026-05-10 08:37:24
RES104321,KER001,CNF104321,GUEST104321,2026-06-10,2026-06-13,STE,CORP,CORP_STD,BOOKED,1,13368,INR,2026-05-10 00:12:09,2026-05-10 00:18:09
RES104322,CHA001,CNF104322,GUEST104322,2026-06-30,2026-07-01,KING,PREPAY,PPR_STD,MODIFIED,2,14526,INR,2026-05-10 00:55:23,2026-05-10 02:34:23
RES104323,KOL001,CNF104323,GUEST104323,2026-06-22,2026-06-27,STD,PREPAY,PPR_STD,MODIFIED,3,54855,INR,2026-05-10 14:13:45,2026-05-10 15:13:45
RES104324,CHA001,CNF104324,GUEST104324,2026-05-27,2026-05-28,KING,MEMBER,MEM_STD,CANCELLED,2,0,INR,2026-05-10 05:40:27,2026-05-10 08:30:27
RES104325,BLR002,CNF104325,GUEST104325,2026-06-14,2026-06-16,STD,CORP,CORP_STD,BOOKED,4,66688,INR,2026-05-10 16:29:18,2026-05-10 17:51:18
RES104326,MUM001,CNF104326,GUEST104326,2026-06-29,2026-07-04,QUEEN,PKG,PKG_DLX,CANCELLED,4,0,INR,2026-05-10 21:30:54,2026-05-10 23:17:54
RES104327,CHN001,CNF104327,GUEST104327,2026-07-09,2026-07-13,QUEEN,MEMBER,MEM_DLX,MODIFIED,2,105056,INR,2026-05-10 12:29:45,2026-05-10 15:09:45
RES104328,MUM002,CNF104328,GUEST104328,2026-06-01,2026-06-06,STD,CORP,CORP_DLX,BOOKED,2,73980,INR,2026-05-10 21:41:00,2026-05-10 21:50:00
RES104329,CHA001,CNF104329,GUEST104329,2026-05-25,2026-05-26,DLX,PKG,PKG_DLX,MODIFIED,3,20172,INR,2026-05-10 20:27:20,2026-05-10 22:02:20
RES104330,BLR002,CNF104330,GUEST104330,2026-06-10,2026-06-12,KING,PKG,PKG_DLX,MODIFIED,4,38064,INR,2026-05-10 12:41:48,2026-05-10 13:57:48
RES104331,MUM002,CNF104331,GUEST104331,2026-05-16,2026-05-19,QUEEN,PREPAY,PPR_STD,CANCELLED,4,0,INR,2026-05-10 07:48:09,2026-05-10 09:52:09
RES104332,HYD001,CNF104332,GUEST104332,2026-06-23,2026-06-24,DLX,PKG,PKG_STD,BOOKED,4,31576,INR,2026-05-10 10:30:20,2026-05-10 11:48:20
RES104333,KER001,CNF104333,GUEST104333,2026-07-08,2026-07-11,DLX,CORP,CORP_DLX,BOOKED,4,112620,INR,2026-05-10 05:17:21,2026-05-10 07:39:21
RES104334,HYD001,CNF104334,GUEST104334,2026-05-18,2026-05-19,STE,PREPAY,PPR_DLX,CANCELLED,3,0,INR,2026-05-10 23:56:51,2026-05-11 02:41:51
RES104335,CHN001,CNF104335,GUEST104335,2026-05-19,2026-05-23,QUEEN,PKG,PKG_DLX,CANCELLED,3,0,INR,2026-05-10 04:38:23,2026-05-10 06:31:23
RES104336,BLR002,CNF104336,GUEST104336,2026-05-22,2026-05-24,STE,PKG,PKG_DLX,CANCELLED,1,0,INR,2026-05-10 02:35:13,2026-05-10 05:28:13
RES104337,CHN001,CNF104337,GUEST104337,2026-05-28,2026-05-29,KING,BAR,BAR_DLX,CANCELLED,2,0,INR,2026-05-10 20:35:11,2026-05-10 21:54:11
RES104338,MUM001,CNF104338,GUEST104338,2026-06-04,2026-06-06,STD,PKG,PKG_STD,MODIFIED,4,47616,INR,2026-05-10 11:38:29,2026-05-10 13:49:29
RES104339,KER001,CNF104339,GUEST104339,2026-06-09,2026-06-13,KING,MEMBER,MEM_STD,BOOKED,2,99040,INR,2026-05-10 09:59:47,2026-05-10 12:31:47
RES104340,DEL002,CNF104340,GUEST104340,2026-05-25,2026-05-27,STE,PKG,PKG_DLX,CANCELLED,2,0,INR,2026-05-10 14:19:01,2026-05-10 14:47:01
RES104341,DEL001,CNF104341,GUEST104341,2026-06-12,2026-06-15,STE,PREPAY,PPR_DLX,CANCELLED,2,0,INR,2026-05-10 08:46:08,2026-05-10 11:34:08
RES104342,KER001,CNF104342,GUEST104342,2026-06-09,2026-06-12,DLX,MEMBER,MEM_DLX,BOOKED,3,61353,INR,2026-05-10 03:38:30,2026-05-10 03:47:30
RES104343,MUM002,CNF104343,GUEST104343,2026-06-01,2026-06-05,QUEEN,PKG,PKG_STD,BOOKED,3,163608,INR,2026-05-10 14:59:03,2026-05-10 17:37:03
RES104344,DEL001,CNF104344,GUEST104344,2026-06-17,2026-06-21,QUEEN,BAR,BAR_STD,BOOKED,2,109312,INR,2026-05-10 04:58:32,2026-05-10 07:54:32
RES104345,CHN001,CNF104345,GUEST104345,2026-05-26,2026-05-31,DLX,CORP,CORP_STD,MODIFIED,2,38620,INR,2026-05-10 02:35:10,2026-05-10 02:38:10
RES104346,CHN001,CNF104346,GUEST104346,2026-07-01,2026-07-02,STD,PREPAY,PPR_STD,BOOKED,2,15702,INR,2026-05-10 17:09:36,2026-05-10 17:48:36
RES104347,BLR002,CNF104347,GUEST104347,2026-06-06,2026-06-07,DLX,BAR,BAR_DLX,MODIFIED,2,15316,INR,2026-05-10 06:23:45,2026-05-10 06:23:45
RES104348,MUM002,CNF104348,GUEST104348,2026-06-08,2026-06-09,STD,CORP,CORP_DLX,CANCELLED,4,0,INR,2026-05-10 15:58:55,2026-05-10 16:56:55
RES104349,CHA001,CNF104349,GUEST104349,2026-05-29,2026-06-01,STE,BAR,BAR_DLX,CANCELLED,2,0,INR,2026-05-10 14:48:31,2026-05-10 15:59:31
RES104350,MUM001,CNF104350,GUEST104350,2026-06-10,2026-06-15,STD,PREPAY,PPR_STD,MODIFIED,2,83680,INR,2026-05-10 17:30:42,2026-05-10 20:03:42
RES104351,KER001,CNF104351,GUEST104351,2026-06-22,2026-06-26,QUEEN,CORP,CORP_STD,CANCELLED,3,0,INR,2026-05-10 16:42:56,2026-05-10 19:38:56
RES104352,DEL002,CNF104352,GUEST104352,2026-05-16,2026-05-21,KING,CORP,CORP_DLX,BOOKED,3,220680,INR,2026-05-10 07:17:51,2026-05-10 07:53:51
RES104353,KER001,CNF104353,GUEST104353,2026-06-02,2026-06-05,QUEEN,MEMBER,MEM_DLX,BOOKED,3,51984,INR,2026-05-10 05:50:32,2026-05-10 06:43:32
RES104354,MUM002,CNF104354,GUEST104354,2026-06-26,2026-07-01,DLX,MEMBER,MEM_DLX,MODIFIED,1,61285,INR,2026-05-10 10:01:59,2026-05-10 11:12:59
RES104355,BLR002,CNF104355,GUEST104355,2026-05-29,2026-06-01,STE,CORP,CORP_DLX,CANCELLED,1,0,INR,2026-05-10 21:42:15,2026-05-10 23:18:15
RES104356,KER001,CNF104356,GUEST104356,2026-06-29,2026-07-02,STE,MEMBER,MEM_STD,MODIFIED,4,179460,INR,2026-05-10 10:34:08,2026-05-10 13:12:08
RES104357,CHN001,CNF104357,GUEST104357,2026-05-11,2026-05-14,KING,PKG,PKG_STD,MODIFIED,2,58020,INR,2026-05-10 05:00:53,2026-05-10 05:47:53
RES104358,CHA001,CNF104358,GUEST104358,2026-06-12,2026-06-17,KING,CORP,CORP_STD,BOOKED,3,117825,INR,2026-05-10 11:57:57,2026-05-10 13:44:57
RES104359,MUM001,CNF104359,GUEST104359,2026-07-09,2026-07-12,STE,BAR,BAR_STD,CANCELLED,4,0,INR,2026-05-10 08:25:28,2026-05-10 09:23:28
RES104360,BLR002,CNF104360,GUEST104360,2026-06-11,2026-06-16,KING,CORP,CORP_STD,MODIFIED,2,79580,INR,2026-05-10 22:45:43,2026-05-10 23:07:43
RES104361,CHA001,CNF104361,GUEST104361,2026-07-06,2026-07-09,STE,PKG,PKG_STD,MODIFIED,2,31092,INR,2026-05-10 07:33:55,2026-05-10 09:27:55
RES104362,CHA001,CNF104362,GUEST104362,2026-06-13,2026-06-18,STD,CORP,CORP_STD,BOOKED,1,40725,INR,2026-05-10 23:46:49,2026-05-11 00:15:49
RES104363,BLR001,CNF104363,GUEST104363,2026-05-25,2026-05-26,STD,BAR,BAR_DLX,MODIFIED,3,28218,INR,2026-05-10 11:15:55,2026-05-10 12:19:55
RES104364,CHA001,CNF104364,GUEST104364,2026-05-11,2026-05-13,STE,PREPAY,PPR_STD,CANCELLED,1,0,INR,2026-05-10 19:42:17,2026-05-10 20:42:17
RES104365,MUM001,CNF104365,GUEST104365,2026-06-05,2026-06-09,DLX,CORP,CORP_STD,MODIFIED,4,97200,INR,2026-05-10 15:03:49,2026-05-10 17:57:49
RES104366,BLR002,CNF104366,GUEST104366,2026-06-07,2026-06-10,DLX,BAR,BAR_STD,BOOKED,4,94476,INR,2026-05-10 03:45:14,2026-05-10 06:25:14
RES104367,MUM002,CNF104367,GUEST104367,2026-06-22,2026-06-25,KING,MEMBER,MEM_DLX,BOOKED,1,33999,INR,2026-05-10 14:28:19,2026-05-10 17:21:19
RES104368,BLR002,CNF104368,GUEST104368,2026-06-06,2026-06-10,STD,BAR,BAR_STD,BOOKED,1,48720,INR,2026-05-10 14:44:34,2026-05-10 16:42:34
RES104369,KER001,CNF104369,GUEST104369,2026-06-03,2026-06-07,STE,PREPAY,PPR_DLX,MODIFIED,4,175072,INR,2026-05-10 13:45:29,2026-05-10 16:16:29
RES104370,CHN001,CNF104370,GUEST104370,2026-07-06,2026-07-09,DLX,BAR,BAR_STD,CANCELLED,2,0,INR,2026-05-10 15:34:44,2026-05-10 18:22:44
RES104371,KOL001,CNF104371,GUEST104371,2026-07-04,2026-07-06,STE,BAR,BAR_DLX,MODIFIED,3,26574,INR,2026-05-10 09:45:37,2026-05-10 10:28:37
RES104372,CHN001,CNF104372,GUEST104372,2026-05-19,2026-05-22,STD,PREPAY,PPR_DLX,MODIFIED,4,119316,INR,2026-05-10 08:52:07,2026-05-10 10:09:07
RES104373,CHN001,CNF104373,GUEST104373,2026-06-08,2026-06-12,DLX,CORP,CORP_STD,BOOKED,1,47160,INR,2026-05-10 11:25:10,2026-05-10 12:39:10
RES104374,CHN001,CNF104374,GUEST104374,2026-07-01,2026-07-03,STD,PKG,PKG_STD,BOOKED,2,51124,INR,2026-05-10 07:40:33,2026-05-10 08:03:33
RES104375,MUM001,CNF104375,GUEST104375,2026-06-26,2026-06-29,STD,MEMBER,MEM_DLX,CANCELLED,2,0,INR,2026-05-10 10:50:21,2026-05-10 11:37:21
RES104376,KER001,CNF104376,GUEST104376,2026-05-24,2026-05-26,STE,MEMBER,MEM_STD,CANCELLED,4,0,INR,2026-05-10 04:05:20,2026-05-10 04:37:20
RES104377,DEL002,CNF104377,GUEST104377,2026-05-20,2026-05-21,KING,CORP,CORP_DLX,BOOKED,2,16290,INR,2026-05-10 09:01:38,2026-05-10 11:41:38
RES104378,BLR001,CNF104378,GUEST104378,2026-06-30,2026-07-03,STE,BAR,BAR_DLX,CANCELLED,1,0,INR,2026-05-10 09:08:00,2026-05-10 11:11:00
RES104379,MUM002,CNF104379,GUEST104379,2026-05-19,2026-05-22,STD,CORP,CORP_STD,MODIFIED,2,68202,INR,2026-05-10 23:42:41,2026-05-11 01:58:41
RES104380,DEL002,CNF104380,GUEST104380,2026-07-06,2026-07-07,QUEEN,CORP,CORP_STD,CANCELLED,4,0,INR,2026-05-10 10:04:18,2026-05-10 11:44:18
RES104381,HYD001,CNF104381,GUEST104381,2026-07-02,2026-07-07,QUEEN,CORP,CORP_DLX,BOOKED,4,130020,INR,2026-05-10 14:18:41,2026-05-10 16:51:41
RES104382,MUM002,CNF104382,GUEST104382,2026-05-19,2026-05-21,KING,PREPAY,PPR_STD,BOOKED,4,38136,INR,2026-05-10 18:22:07,2026-05-10 19:15:07
RES104383,BLR001,CNF104383,GUEST104383,2026-06-04,2026-06-07,DLX,PKG,PKG_DLX,CANCELLED,4,0,INR,2026-05-10 00:22:36,2026-05-10 01:10:36
RES104384,BLR002,CNF104384,GUEST104384,2026-06-02,2026-06-04,KING,PREPAY,PPR_DLX,BOOKED,4,48992,INR,2026-05-10 20:31:04,2026-05-10 20:40:04
RES104385,CHA001,CNF104385,GUEST104385,2026-06-04,2026-06-08,QUEEN,CORP,CORP_DLX,BOOKED,4,85312,INR,2026-05-10 00:35:44,2026-05-10 02:28:44
RES104386,BLR002,CNF104386,GUEST104386,2026-06-15,2026-06-20,STE,MEMBER,MEM_DLX,BOOKED,2,112300,INR,2026-05-10 17:31:44,2026-05-10 17:49:44
RES104387,KER001,CNF104387,GUEST104387,2026-06-08,2026-06-10,STD,CORP,CORP_STD,BOOKED,4,75088,INR,2026-05-10 10:12:10,2026-05-10 11:15:10
RES104388,MUM002,CNF104388,GUEST104388,2026-06-01,2026-06-05,QUEEN,BAR,BAR_DLX,CANCELLED,3,0,INR,2026-05-10 23:09:19,2026-05-10 23:17:19
RES104389,MUM002,CNF104389,GUEST104389,2026-05-12,2026-05-14,DLX,PREPAY,PPR_DLX,BOOKED,2,49684,INR,2026-05-10 11:14:13,2026-05-10 13:45:13
RES104390,KOL001,CNF104390,GUEST104390,2026-05-13,2026-05-16,KING,BAR,BAR_STD,MODIFIED,1,21066,INR,2026-05-10 22:23:45,2026-05-11 01:23:45
RES104391,KOL001,CNF104391,GUEST104391,2026-06-15,2026-06-19,STD,MEMBER,MEM_STD,MODIFIED,2,67672,INR,2026-05-10 21:11:18,2026-05-10 23:41:18
RES104392,MUM001,CNF104392,GUEST104392,2026-06-05,2026-06-07,DLX,MEMBER,MEM_STD,BOOKED,2,55916,INR,2026-05-10 20:07:43,2026-05-10 21:51:43
RES104393,MUM001,CNF104393,GUEST104393,2026-06-25,2026-06-26,DLX,BAR,BAR_STD,MODIFIED,2,13570,INR,2026-05-10 02:11:51,2026-05-10 02:50:51
RES104394,CHA001,CNF104394,GUEST104394,2026-05-11,2026-05-13,DLX,MEMBER,MEM_STD,MODIFIED,3,69564,INR,2026-05-10 18:00:17,2026-05-10 20:58:17
RES104395,BLR001,CNF104395,GUEST104395,2026-05-21,2026-05-26,STD,CORP,CORP_DLX,CANCELLED,1,0,INR,2026-05-10 09:00:39,2026-05-10 10:58:39
RES104396,HYD001,CNF104396,GUEST104396,2026-05-12,2026-05-13,STD,MEMBER,MEM_STD,CANCELLED,4,0,INR,2026-05-10 10:06:57,2026-05-10 10:25:57
RES104397,KER001,CNF104397,GUEST104397,2026-05-23,2026-05-24,STE,PREPAY,PPR_STD,CANCELLED,4,0,INR,2026-05-10 02:53:32,2026-05-10 04:18:32
RES104398,KOL001,CNF104398,GUEST104398,2026-05-17,2026-05-21,STE,CORP,CORP_STD,BOOKED,1,59624,INR,2026-05-10 12:12:56,2026-05-10 12:19:56
RES104399,DEL001,CNF104399,GUEST104399,2026-06-01,2026-06-06,KING,BAR,BAR_STD,MODIFIED,2,92970,INR,2026-05-10 03:13:23,2026-05-10 05:14:23
RES104400,BLR002,CNF104400,GUEST104400,2026-05-17,2026-05-20,STE,CORP,CORP_DLX,CANCELLED,1,0,INR,2026-05-10 11:09:58,2026-05-10 12:23:58
RES104401,MUM002,CNF104401,GUEST104401,2026-06-18,2026-06-23,DLX,BAR,BAR_DLX,CANCELLED,3,0,INR,2026-05-10 19:47:18,2026-05-10 19:51:18
RES104402,MUM001,CNF104402,GUEST104402,2026-07-06,2026-07-11,STE,CORP,CORP_DLX,CANCELLED,4,0,INR,2026-05-10 18:47:50,2026-05-10 18:50:50
RES104403,CHN001,CNF104403,GUEST104403,2026-06-07,2026-06-12,STE,CORP,CORP_STD,CANCELLED,2,0,INR,2026-05-10 09:19:08,2026-05-10 10:11:08
RES104404,CHN001,CNF104404,GUEST104404,2026-06-15,2026-06-17,QUEEN,MEMBER,MEM_STD,CANCELLED,3,0,INR,2026-05-10 09:00:28,2026-05-10 11:40:28
RES104405,CHN001,CNF104405,GUEST104405,2026-06-15,2026-06-19,STD,MEMBER,MEM_STD,BOOKED,3,114924,INR,2026-05-10 14:34:42,2026-05-10 14:44:42
RES104406,HYD001,CNF104406,GUEST104406,2026-06-25,2026-06-30,STD,BAR,BAR_DLX,CANCELLED,2,0,INR,2026-05-10 23:13:58,2026-05-11 02:03:58
RES104407,MUM002,CNF104407,GUEST104407,2026-07-05,2026-07-10,STD,PKG,PKG_DLX,CANCELLED,3,0,INR,2026-05-10 08:52:10,2026-05-10 11:45:10
RES104408,KER001,CNF104408,GUEST104408,2026-06-04,2026-06-09,KING,CORP,CORP_STD,MODIFIED,4,274220,INR,2026-05-10 23:46:33,2026-05-11 00:50:33
RES104409,HYD001,CNF104409,GUEST104409,2026-05-17,2026-05-19,KING,CORP,CORP_DLX,CANCELLED,4,0,INR,2026-05-10 06:50:14,2026-05-10 08:45:14
RES104410,DEL002,CNF104410,GUEST104410,2026-05-13,2026-05-18,KING,MEMBER,MEM_STD,BOOKED,2,137970,INR,2026-05-10 12:28:21,2026-05-10 12:45:21
RES104411,CHN001,CNF104411,GUEST104411,2026-05-19,2026-05-24,QUEEN,BAR,BAR_DLX,CANCELLED,1,0,INR,2026-05-10 03:07:41,2026-05-10 04:11:41
RES104412,CHA001,CNF104412,GUEST104412,2026-06-17,2026-06-19,QUEEN,MEMBER,MEM_DLX,CANCELLED,3,0,INR,2026-05-10 08:04:40,2026-05-10 10:51:40
RES104413,CHN001,CNF104413,GUEST104413,2026-06-22,2026-06-26,DLX,PKG,PKG_STD,BOOKED,2,58848,INR,2026-05-10 05:26:00,2026-05-10 07:44:00
RES104414,DEL001,CNF104414,GUEST104414,2026-05-14,2026-05-16,STE,MEMBER,MEM_STD,CANCELLED,4,0,INR,2026-05-10 03:14:59,2026-05-10 04:57:59
RES104415,KER001,CNF104415,GUEST104415,2026-06-20,2026-06-21,QUEEN,PREPAY,PPR_STD,CANCELLED,4,0,INR,2026-05-10 22:19:44,2026-05-11 01:14:44
RES104416,CHN001,CNF104416,GUEST104416,2026-06-04,2026-06-06,DLX,BAR,BAR_DLX,CANCELLED,3,0,INR,2026-05-10 13:33:05,2026-05-10 14:28:05
RES104417,BLR001,CNF104417,GUEST104417,2026-05-12,2026-05-14,DLX,BAR,BAR_STD,BOOKED,3,58812,INR,2026-05-10 20:07:45,2026-05-10 22:01:45
RES104418,CHA001,CNF104418,GUEST104418,2026-05-17,2026-05-18,STE,CORP,CORP_STD,CANCELLED,4,0,INR,2026-05-10 01:36:10,2026-05-10 02:57:10
RES104419,DEL001,CNF104419,GUEST104419,2026-05-19,2026-05-24,QUEEN,PKG,PKG_DLX,CANCELLED,4,0,INR,2026-05-10 02:19:09,2026-05-10 03:13:09
RES104420,CHA001,CNF104420,GUEST104420,2026-05-20,2026-05-22,STE,CORP,CORP_STD,CANCELLED,2,0,INR,2026-05-10 10:31:42,2026-05-10 12:23:42
RES104421,KOL001,CNF104421,GUEST104421,2026-05-30,2026-06-02,KING,PKG,PKG_DLX,BOOKED,1,14955,INR,2026-05-10 23:39:48,2026-05-11 00:14:48
RES104422,MUM002,CNF104422,GUEST104422,2026-06-18,2026-06-23,DLX,PREPAY,PPR_STD,BOOKED,3,167130,INR,2026-05-10 08:59:19,2026-05-10 09:37:19
RES104423,MUM002,CNF104423,GUEST104423,2026-07-07,2026-07-08,STD,BAR,BAR_STD,CANCELLED,2,0,INR,2026-05-10 02:55:45,2026-05-10 04:49:45
RES104424,BLR002,CNF104424,GUEST104424,2026-05-27,2026-05-31,DLX,CORP,CORP_DLX,MODIFIED,1,38636,INR,2026-05-10 15:46:09,2026-05-10 16:16:09
RES104425,MUM002,CNF104425,GUEST104425,2026-07-09,2026-07-13,QUEEN,PREPAY,PPR_DLX,MODIFIED,2,91696,INR,2026-05-10 23:14:18,2026-05-10 23:24:18
RES104426,MUM002,CNF104426,GUEST104426,2026-06-20,2026-06-22,DLX,PKG,PKG_STD,CANCELLED,4,0,INR,2026-05-10 06:06:15,2026-05-10 06:26:15
RES104427,DEL001,CNF104427,GUEST104427,2026-05-30,2026-06-01,QUEEN,BAR,BAR_STD,MODIFIED,1,15768,INR,2026-05-10 06:30:51,2026-05-10 08:08:51
RES104428,KOL001,CNF104428,GUEST104428,2026-05-31,2026-06-01,STE,MEMBER,MEM_DLX,CANCELLED,1,0,INR,2026-05-10 10:18:00,2026-05-10 11:41:00
RES104429,DEL001,CNF104429,GUEST104429,2026-06-10,2026-06-15,STE,PKG,PKG_STD,CANCELLED,1,0,INR,2026-05-10 02:11:33,2026-05-10 03:51:33
RES104430,BLR001,CNF104430,GUEST104430,2026-06-08,2026-06-12,DLX,PREPAY,PPR_STD,BOOKED,1,22736,INR,2026-05-10 21:45:10,2026-05-10 23:33:10
RES104431,MUM001,CNF104431,GUEST104431,2026-06-26,2026-06-27,STE,PKG,PKG_DLX,CANCELLED,2,0,INR,2026-05-10 07:29:06,2026-05-10 08:19:06
RES104432,KOL001,CNF104432,GUEST104432,2026-07-08,2026-07-12,KING,PKG,PKG_STD,BOOKED,1,54216,INR,2026-05-10 05:13:18,2026-05-10 05:26:18
RES104433,CHA001,CNF104433,GUEST104433,2026-06-09,2026-06-11,STE,PKG,PKG_DLX,CANCELLED,4,0,INR,2026-05-10 23:21:59,2026-05-10 23:21:59
RES104434,HYD001,CNF104434,GUEST104434,2026-06-23,2026-06-26,KING,CORP,CORP_DLX,BOOKED,2,65328,INR,2026-05-10 19:43:54,2026-05-10 22:35:54
RES104435,CHN001,CNF104435,GUEST104435,2026-06-14,2026-06-16,STE,PKG,PKG_DLX,MODIFIED,2,15692,INR,2026-05-10 20:54:08,2026-05-10 22:23:08
RES104436,MUM001,CNF104436,GUEST104436,2026-06-14,2026-06-19,DLX,PREPAY,PPR_DLX,MODIFIED,1,32335,INR,2026-05-10 18:58:38,2026-05-10 19:55:38
RES104437,DEL001,CNF104437,GUEST104437,2026-06-27,2026-06-28,DLX,BAR,BAR_STD,CANCELLED,1,0,INR,2026-05-10 17:33:50,2026-05-10 19:48:50
RES104438,MUM002,CNF104438,GUEST104438,2026-06-11,2026-06-13,KING,PREPAY,PPR_DLX,CANCELLED,2,0,INR,2026-05-10 09:03:30,2026-05-10 09:43:30
RES104439,KER001,CNF104439,GUEST104439,2026-06-08,2026-06-11,STD,BAR,BAR_DLX,BOOKED,4,160884,INR,2026-05-10 08:12:30,2026-05-10 10:10:30
RES104440,MUM001,CNF104440,GUEST104440,2026-06-04,2026-06-08,KING,PREPAY,PPR_DLX,BOOKED,4,162352,INR,2026-05-10 08:26:41,2026-05-10 09:46:41
RES104441,KER001,CNF104441,GUEST104441,2026-05-31,2026-06-03,DLX,PKG,PKG_DLX,CANCELLED,3,0,INR,2026-05-10 17:40:17,2026-05-10 18:50:17
RES104442,KOL001,CNF104442,GUEST104442,2026-06-22,2026-06-25,STE,PKG,PKG_STD,BOOKED,4,106224,INR,2026-05-10 00:27:41,2026-05-10 03:07:41
RES104443,MUM001,CNF104443,GUEST104443,2026-06-19,2026-06-23,QUEEN,PREPAY,PPR_DLX,MODIFIED,2,87528,INR,2026-05-10 03:17:18,2026-05-10 06:10:18
RES104444,DEL001,CNF104444,GUEST104444,2026-07-08,2026-07-10,DLX,PREPAY,PPR_STD,CANCELLED,1,0,INR,2026-05-10 17:12:53,2026-05-10 19:01:53
RES104445,DEL002,CNF104445,GUEST104445,2026-06-09,2026-06-14,QUEEN,BAR,BAR_DLX,CANCELLED,3,0,INR,2026-05-10 10:22:33,2026-05-10 12:43:33
RES104446,BLR002,CNF104446,GUEST104446,2026-05-28,2026-05-31,STD,MEMBER,MEM_STD,CANCELLED,4,0,INR,2026-05-10 08:23:35,2026-05-10 11:20:35
RES104447,BLR002,CNF104447,GUEST104447,2026-05-12,2026-05-16,DLX,CORP,CORP_DLX,BOOKED,4,68128,INR,2026-05-10 20:23:38,2026-05-10 21:42:38
RES104448,MUM001,CNF104448,GUEST104448,2026-05-13,2026-05-17,STD,PKG,PKG_STD,MODIFIED,3,132288,INR,2026-05-10 19:46:24,2026-05-10 21:28:24
RES104449,DEL002,CNF104449,GUEST104449,2026-06-20,2026-06-21,STE,PREPAY,PPR_DLX,CANCELLED,1,0,INR,2026-05-10 00:39:32,2026-05-10 01:18:32
RES104450,DEL001,CNF104450,GUEST104450,2026-06-11,2026-06-13,STE,MEMBER,MEM_STD,CANCELLED,1,0,INR,2026-05-10 09:27:22,2026-05-10 11:55:22
RES104451,DEL001,CNF104451,GUEST104451,2026-06-21,2026-06-25,KING,CORP,CORP_STD,CANCELLED,4,0,INR,2026-05-10 06:28:33,2026-05-10 06:42:33
RES104452,CHN001,CNF104452,GUEST104452,2026-06-30,2026-07-03,STD,PKG,PKG_STD,BOOKED,4,147084,INR,2026-05-10 19:05:12,2026-05-10 19:44:12
RES104453,KOL001,CNF104453,GUEST104453,2026-06-17,2026-06-19,KING,PREPAY,PPR_STD,CANCELLED,3,0,INR,2026-05-10 09:09:17,2026-05-10 09:56:17
RES104454,HYD001,CNF104454,GUEST104454,2026-05-11,2026-05-14,QUEEN,PKG,PKG_STD,CANCELLED,3,0,INR,2026-05-10 02:53:46,2026-05-10 04:44:46
RES104455,DEL001,CNF104455,GUEST104455,2026-05-22,2026-05-24,QUEEN,BAR,BAR_STD,BOOKED,3,48858,INR,2026-05-10 11:41:44,2026-05-10 12:52:44
RES104456,DEL001,CNF104456,GUEST104456,2026-05-31,2026-06-04,DLX,BAR,BAR_STD,CANCELLED,3,0,INR,2026-05-10 09:02:49,2026-05-10 11:29:49
RES104457,DEL001,CNF104457,GUEST104457,2026-06-01,2026-06-05,DLX,BAR,BAR_DLX,MODIFIED,4,182336,INR,2026-05-10 21:59:37,2026-05-10 22:25:37
RES104458,DEL002,CNF104458,GUEST104458,2026-06-07,2026-06-09,KING,PREPAY,PPR_STD,MODIFIED,4,43640,INR,2026-05-10 18:07:57,2026-05-10 20:41:57
RES104459,DEL002,CNF104459,GUEST104459,2026-06-18,2026-06-21,QUEEN,BAR,BAR_DLX,BOOKED,2,43608,INR,2026-05-10 05:22:31,2026-05-10 07:28:31
RES104460,CHN001,CNF104460,GUEST104460,2026-05-19,2026-05-22,STE,CORP,CORP_STD,CANCELLED,4,0,INR,2026-05-10 13:02:44,2026-05-10 13:57:44
RES104461,CHA001,CNF104461,GUEST104461,2026-06-16,2026-06-19,STE,PREPAY,PPR_STD,CANCELLED,2,0,INR,2026-05-10 09:58:36,2026-05-10 10:49:36
RES104462,MUM002,CNF104462,GUEST104462,2026-07-01,2026-07-03,QUEEN,MEMBER,MEM_STD,MODIFIED,4,110016,INR,2026-05-10 09:25:08,2026-05-10 11:23:08
RES104463,CHN001,CNF104463,GUEST104463,2026-06-19,2026-06-20,STE,PKG,PKG_STD,CANCELLED,3,0,INR,2026-05-10 15:37:54,2026-05-10 16:12:54
RES104464,BLR001,CNF104464,GUEST104464,2026-07-09,2026-07-14,STE,PKG,PKG_DLX,MODIFIED,3,110775,INR,2026-05-10 10:16:50,2026-05-10 11:02:50
RES104465,CHN001,CNF104465,GUEST104465,2026-05-27,2026-05-30,KING,PREPAY,PPR_STD,MODIFIED,1,29469,INR,2026-05-10 00:33:13,2026-05-10 03:13:13
RES104466,CHN001,CNF104466,GUEST104466,2026-06-27,2026-06-28,KING,PKG,PKG_DLX,CANCELLED,1,0,INR,2026-05-10 17:10:49,2026-05-10 18:41:49
RES104467,CHA001,CNF104467,GUEST104467,2026-06-21,2026-06-22,STE,MEMBER,MEM_DLX,BOOKED,4,30196,INR,2026-05-10 03:58:11,2026-05-10 04:45:11
RES104468,DEL001,CNF104468,GUEST104468,2026-06-23,2026-06-24,STD,CORP,CORP_DLX,CANCELLED,2,0,INR,2026-05-10 00:20:56,2026-05-10 00:39:56
RES104469,DEL001,CNF104469,GUEST104469,2026-06-06,2026-06-08,DLX,CORP,CORP_DLX,MODIFIED,2,32624,INR,2026-05-10 14:43:08,2026-05-10 17:03:08
RES104470,DEL002,CNF104470,GUEST104470,2026-06-10,2026-06-15,STD,PREPAY,PPR_STD,CANCELLED,4,0,INR,2026-05-10 12:11:48,2026-05-10 14:53:48
RES104471,MUM002,CNF104471,GUEST104471,2026-07-06,2026-07-08,DLX,PKG,PKG_STD,CANCELLED,2,0,INR,2026-05-10 21:51:23,2026-05-10 22:22:23
RES104472,CHN001,CNF104472,GUEST104472,2026-06-28,2026-07-01,KING,CORP,CORP_STD,CANCELLED,3,0,INR,2026-05-10 21:21:47,2026-05-10 22:22:47
RES104473,MUM001,CNF104473,GUEST104473,2026-07-05,2026-07-07,STE,CORP,CORP_STD,MODIFIED,1,28832,INR,2026-05-10 23:51:00,2026-05-10 23:52:00
RES104474,DEL001,CNF104474,GUEST104474,2026-06-25,2026-06-28,STD,BAR,BAR_STD,CANCELLED,1,0,INR,2026-05-10 12:02:41,2026-05-10 12:10:41
RES104475,MUM002,CNF104475,GUEST104475,2026-07-01,2026-07-04,DLX,BAR,BAR_DLX,BOOKED,2,81306,INR,2026-05-10 09:47:54,2026-05-10 12:36:54
RES104476,CHA001,CNF104476,GUEST104476,2026-07-07,2026-07-10,KING,CORP,CORP_DLX,BOOKED,1,32412,INR,2026-05-10 07:35:11,2026-05-10 10:21:11
RES104477,HYD001,CNF104477,GUEST104477,2026-06-13,2026-06-16,KING,PKG,PKG_STD,CANCELLED,3,0,INR,2026-05-10 13:59:16,2026-05-10 15:48:16
RES104478,MUM002,CNF104478,GUEST104478,2026-05-19,2026-05-22,STE,CORP,CORP_DLX,CANCELLED,2,0,INR,2026-05-10 11:31:51,2026-05-10 13:18:51
RES104479,KOL001,CNF104479,GUEST104479,2026-05-27,2026-06-01,STD,CORP,CORP_STD,CANCELLED,4,0,INR,2026-05-10 01:00:48,2026-05-10 01:32:48
RES104480,BLR001,CNF104480,GUEST104480,2026-05-13,2026-05-14,STD,PREPAY,PPR_DLX,BOOKED,1,8153,INR,2026-05-10 19:54:13,2026-05-10 20:23:13
RES104481,KER001,CNF104481,GUEST104481,2026-06-01,2026-06-03,STD,PREPAY,PPR_STD,BOOKED,1,27612,INR,2026-05-10 23:03:53,2026-05-11 01:48:53
RES104482,KER001,CNF104482,GUEST104482,2026-05-25,2026-05-29,KING,PREPAY,PPR_STD,CANCELLED,2,0,INR,2026-05-10 16:02:54,2026-05-10 18:47:54
RES104483,DEL002,CNF104483,GUEST104483,2026-06-20,2026-06-25,DLX,CORP,CORP_STD,CANCELLED,2,0,INR,2026-05-10 21:00:34,2026-05-10 23:46:34
RES104484,DEL001,CNF104484,GUEST104484,2026-06-17,2026-06-22,STD,CORP,CORP_STD,BOOKED,2,147460,INR,2026-05-10 02:00:31,2026-05-10 02:59:31
RES104485,KER001,CNF104485,GUEST104485,2026-06-13,2026-06-15,STE,CORP,CORP_STD,MODIFIED,4,52480,INR,2026-05-10 01:04:54,2026-05-10 03:02:54
RES104486,DEL002,CNF104486,GUEST104486,2026-06-11,2026-06-14,DLX,MEMBER,MEM_DLX,CANCELLED,2,0,INR,2026-05-10 09:32:42,2026-05-10 11:35:42
RES104487,MUM001,CNF104487,GUEST104487,2026-05-20,2026-05-25,DLX,PKG,PKG_STD,CANCELLED,1,0,INR,2026-05-10 05:57:45,2026-05-10 07:44:45
RES104488,DEL001,CNF104488,GUEST104488,2026-06-06,2026-06-11,DLX,CORP,CORP_STD,BOOKED,2,75590,INR,2026-05-10 06:13:29,2026-05-10 08:52:29
RES104489,MUM001,CNF104489,GUEST104489,2026-05-13,2026-05-14,QUEEN,CORP,CORP_STD,MODIFIED,1,5877,INR,2026-05-10 14:14:30,2026-05-10 16:33:30
RES104490,KOL001,CNF104490,GUEST104490,2026-07-02,2026-07-03,DLX,BAR,BAR_STD,MODIFIED,2,13164,INR,2026-05-10 18:13:52,2026-05-10 19:37:52
RES104491,BLR001,CNF104491,GUEST104491,2026-05-22,2026-05-27,STD,CORP,CORP_STD,BOOKED,1,28550,INR,2026-05-10 00:18:51,2026-05-10 00:43:51
RES104492,HYD001,CNF104492,GUEST104492,2026-06-05,2026-06-06,DLX,CORP,CORP_STD,MODIFIED,2,28084,INR,2026-05-10 23:08:02,2026-05-10 23:38:02
RES104493,DEL001,CNF104493,GUEST104493,2026-07-03,2026-07-04,KING,PKG,PKG_STD,CANCELLED,3,0,INR,2026-05-10 00:13:49,2026-05-10 02:07:49
RES104494,KOL001,CNF104494,GUEST104494,2026-06-22,2026-06-26,KING,CORP,CORP_STD,MODIFIED,2,95960,INR,2026-05-10 18:19:57,2026-05-10 20:53:57
RES104495,MUM001,CNF104495,GUEST104495,2026-06-10,2026-06-14,STD,BAR,BAR_STD,MODIFIED,4,207200,INR,2026-05-10 02:00:17,2026-05-10 04:48:17
RES104496,KOL001,CNF104496,GUEST104496,2026-06-12,2026-06-16,STD,CORP,CORP_STD,BOOKED,3,84744,INR,2026-05-10 20:35:48,2026-05-10 21:22:48
RES104497,BLR002,CNF104497,GUEST104497,2026-06-03,2026-06-04,KING,PKG,PKG_DLX,BOOKED,1,4340,INR,2026-05-10 20:53:20,2026-05-10 21:43:20
RES104498,KER001,CNF104498,GUEST104498,2026-06-13,2026-06-16,DLX,PKG,PKG_DLX,BOOKED,2,41286,INR,2026-05-10 18:02:50,2026-05-10 18:49:50
RES104499,CHN001,CNF104499,GUEST104499,2026-06-17,2026-06-18,STE,PREPAY,PPR_STD,CANCELLED,2,0,INR,2026-05-10 04:47:09,2026-05-10 07:04:09
RES104500,MUM002,CNF104500,GUEST104500,2026-06-28,2026-07-03,STE,PREPAY,PPR_DLX,BOOKED,1,59765,INR,2026-05-10 15:48:49,2026-05-10 15:59:49
RES104501,MUM001,CNF104501,GUEST104501,2026-06-03,2026-06-07,STD,BAR,BAR_STD,CANCELLED,2,0,INR,2026-05-10 20:57:11,2026-05-10 21:38:11
RES104502,MUM001,CNF104502,GUEST104502,2026-05-24,2026-05-26,STD,PREPAY,PPR_STD,BOOKED,4,63112,INR,2026-05-10 20:26:39,2026-05-10 22:33:39
RES104503,MUM001,CNF104503,GUEST104503,2026-07-05,2026-07-06,STE,MEMBER,MEM_STD,BOOKED,2,13812,INR,2026-05-10 01:22:41,2026-05-10 03:09:41
RES104504,KER001,CNF104504,GUEST104504,2026-06-07,2026-06-12,KING,BAR,BAR_STD,BOOKED,1,23800,INR,2026-05-10 01:56:07,2026-05-10 02:12:07
RES104505,BLR002,CNF104505,GUEST104505,2026-06-06,2026-06-07,KING,MEMBER,MEM_STD,BOOKED,4,15964,INR,2026-05-10 11:31:34,2026-05-10 12:25:34
RES104506,DEL001,CNF104506,GUEST104506,2026-06-08,2026-06-13,STD,CORP,CORP_STD,MODIFIED,3,187425,INR,2026-05-10 04:50:31,2026-05-10 06:00:31
RES104507,CHN001,CNF104507,GUEST104507,2026-06-03,2026-06-08,KING,CORP,CORP_DLX,CANCELLED,4,0,INR,2026-05-10 22:28:36,2026-05-11 01:18:36
RES104508,BLR001,CNF104508,GUEST104508,2026-06-02,2026-06-07,STD,CORP,CORP_STD,BOOKED,2,120800,INR,2026-05-10 20:45:59,2026-05-10 23:00:59
RES104509,DEL002,CNF104509,GUEST104509,2026-06-04,2026-06-08,KING,BAR,BAR_DLX,CANCELLED,2,0,INR,2026-05-10 17:44:43,2026-05-10 18:20:43
RES104510,BLR002,CNF104510,GUEST104510,2026-05-11,2026-05-12,STE,MEMBER,MEM_DLX,BOOKED,3,18999,INR,2026-05-10 01:03:20,2026-05-10 03:08:20
RES104511,KER001,CNF104511,GUEST104511,2026-07-03,2026-07-07,DLX,PKG,PKG_STD,CANCELLED,2,0,INR,2026-05-10 15:24:38,2026-05-10 16:11:38
RES104512,CHA001,CNF104512,GUEST104512,2026-07-05,2026-07-09,DLX,PREPAY,PPR_DLX,MODIFIED,1,29340,INR,2026-05-10 00:37:01,2026-05-10 01:27:01
RES104513,CHN001,CNF104513,GUEST104513,2026-06-25,2026-06-27,QUEEN,PREPAY,PPR_DLX,BOOKED,1,11408,INR,2026-05-10 17:44:15,2026-05-10 19:37:15
RES104514,MUM002,CNF104514,GUEST104514,2026-05-25,2026-05-28,STD,PKG,PKG_STD,BOOKED,1,25317,INR,2026-05-10 22:56:56,2026-05-11 00:42:56
RES104515,DEL002,CNF104515,GUEST104515,2026-05-31,2026-06-03,KING,MEMBER,MEM_DLX,MODIFIED,2,37746,INR,2026-05-10 16:11:40,2026-05-10 16:30:40
RES104516,KOL001,CNF104516,GUEST104516,2026-05-25,2026-05-30,DLX,BAR,BAR_STD,MODIFIED,4,143200,INR,2026-05-10 03:05:04,2026-05-10 05:20:04
RES104517,CHN001,CNF104517,GUEST104517,2026-06-14,2026-06-19,QUEEN,BAR,BAR_DLX,CANCELLED,2,0,INR,2026-05-10 14:38:16,2026-05-10 15:21:16
RES104518,KER001,CNF104518,GUEST104518,2026-07-08,2026-07-10,QUEEN,MEMBER,MEM_DLX,CANCELLED,1,0,INR,2026-05-10 12:21:38,2026-05-10 13:06:38
RES104519,BLR001,CNF104519,GUEST104519,2026-05-25,2026-05-29,STE,BAR,BAR_DLX,BOOKED,2,33880,INR,2026-05-10 13:13:02,2026-05-10 15:50:02
RES104520,KER001,CNF104520,GUEST104520,2026-07-08,2026-07-12,KING,PKG,PKG_STD,MODIFIED,4,219952,INR,2026-05-10 02:09:29,2026-05-10 04:04:29
RES104521,BLR001,CNF104521,GUEST104521,2026-05-11,2026-05-16,KING,BAR,BAR_DLX,BOOKED,2,70060,INR,2026-05-10 11:54:07,2026-05-10 12:40:07
RES104522,KER001,CNF104522,GUEST104522,2026-06-15,2026-06-18,STE,PREPAY,PPR_STD,BOOKED,3,117036,INR,2026-05-10 19:05:41,2026-05-10 20:10:41
RES104523,DEL001,CNF104523,GUEST104523,2026-07-08,2026-07-09,DLX,BAR,BAR_DLX,CANCELLED,2,0,INR,2026-05-10 06:44:41,2026-05-10 07:03:41
RES104524,MUM002,CNF104524,GUEST104524,2026-06-06,2026-06-08,KING,MEMBER,MEM_DLX,CANCELLED,2,0,INR,2026-05-10 20:52:17,2026-05-10 21:49:17
RES104525,KER001,CNF104525,GUEST104525,2026-06-21,2026-06-25,STD,PREPAY,PPR_DLX,CANCELLED,1,0,INR,2026-05-10 08:15:13,2026-05-10 09:56:13
RES104526,MUM002,CNF104526,GUEST104526,2026-07-04,2026-07-09,QUEEN,BAR,BAR_STD,CANCELLED,3,0,INR,2026-05-10 22:29:11,2026-05-11 00:20:11
RES104527,MUM002,CNF104527,GUEST104527,2026-06-04,2026-06-05,KING,BAR,BAR_DLX,BOOKED,3,27996,INR,2026-05-10 08:21:33,2026-05-10 10:12:33
RES104528,CHA001,CNF104528,GUEST104528,2026-07-01,2026-07-06,STD,PKG,PKG_DLX,CANCELLED,2,0,INR,2026-05-10 15:14:47,2026-05-10 17:20:47
RES104529,MUM001,CNF104529,GUEST104529,2026-05-27,2026-05-28,KING,MEMBER,MEM_STD,MODIFIED,1,3601,INR,2026-05-10 20:02:04,2026-05-10 22:24:04
RES104530,CHA001,CNF104530,GUEST104530,2026-05-18,2026-05-21,STD,PREPAY,PPR_STD,CANCELLED,4,0,INR,2026-05-10 01:52:36,2026-05-10 01:52:36
RES104531,KOL001,CNF104531,GUEST104531,2026-06-15,2026-06-18,STD,CORP,CORP_STD,BOOKED,4,139008,INR,2026-05-10 22:45:10,2026-05-11 01:14:10
RES104532,DEL002,CNF104532,GUEST104532,2026-06-19,2026-06-24,DLX,MEMBER,MEM_DLX,BOOKED,4,237180,INR,2026-05-10 17:13:39,2026-05-10 18:30:39
RES104533,CHA001,CNF104533,GUEST104533,2026-06-05,2026-06-08,KING,CORP,CORP_STD,MODIFIED,2,81870,INR,2026-05-10 03:56:55,2026-05-10 06:43:55
RES104534,BLR001,CNF104534,GUEST104534,2026-05-15,2026-05-20,QUEEN,PREPAY,PPR_STD,CANCELLED,3,0,INR,2026-05-10 04:12:44,2026-05-10 05:10:44
RES104535,CHA001,CNF104535,GUEST104535,2026-06-23,2026-06-26,QUEEN,MEMBER,MEM_STD,CANCELLED,1,0,INR,2026-05-10 11:45:18,2026-05-10 13:02:18
RES104536,DEL001,CNF104536,GUEST104536,2026-07-03,2026-07-06,DLX,CORP,CORP_DLX,CANCELLED,2,0,INR,2026-05-10 14:41:10,2026-05-10 14:56:10
RES104537,CHN001,CNF104537,GUEST104537,2026-05-31,2026-06-02,STE,PREPAY,PPR_DLX,CANCELLED,1,0,INR,2026-05-10 11:38:46,2026-05-10 13:23:46
RES104538,BLR001,CNF104538,GUEST104538,2026-05-21,2026-05-22,DLX,MEMBER,MEM_DLX,BOOKED,2,25596,INR,2026-05-10 05:43:31,2026-05-10 07:09:31
RES104539,CHN001,CNF104539,GUEST104539,2026-06-02,2026-06-04,DLX,PKG,PKG_DLX,CANCELLED,2,0,INR,2026-05-10 19:54:19,2026-05-10 22:20:19
RES104540,CHN001,CNF104540,GUEST104540,2026-05-12,2026-05-14,KING,CORP,CORP_STD,CANCELLED,1,0,INR,2026-05-10 15:30:44,2026-05-10 17:34:44
RES104541,MUM001,CNF104541,GUEST104541,2026-05-18,2026-05-21,STE,CORP,CORP_DLX,MODIFIED,2,83814,INR,2026-05-10 03:27:44,2026-05-10 03:34:44
RES104542,HYD001,CNF104542,GUEST104542,2026-05-19,2026-05-24,QUEEN,PKG,PKG_DLX,MODIFIED,3,159975,INR,2026-05-10 00:17:03,2026-05-10 00:19:03
RES104543,KER001,CNF104543,GUEST104543,2026-06-20,2026-06-25,STE,MEMBER,MEM_STD,BOOKED,4,105060,INR,2026-05-10 10:00:55,2026-05-10 10:39:55
RES104544,MUM002,CNF104544,GUEST104544,2026-06-21,2026-06-24,STE,PKG,PKG_STD,CANCELLED,4,0,INR,2026-05-10 03:37:56,2026-05-10 04:34:56
RES104545,HYD001,CNF104545,GUEST104545,2026-06-04,2026-06-07,QUEEN,BAR,BAR_DLX,BOOKED,3,49995,INR,2026-05-10 07:30:25,2026-05-10 10:24:25
RES104546,DEL002,CNF104546,GUEST104546,2026-06-29,2026-06-30,STD,PKG,PKG_DLX,MODIFIED,3,43803,INR,2026-05-10 02:28:41,2026-05-10 04:18:41
RES104547,MUM002,CNF104547,GUEST104547,2026-06-25,2026-06-26,DLX,MEMBER,MEM_DLX,BOOKED,1,8254,INR,2026-05-10 20:22:23,2026-05-10 23:17:23
RES104548,BLR002,CNF104548,GUEST104548,2026-05-15,2026-05-20,KING,PKG,PKG_STD,CANCELLED,1,0,INR,2026-05-10 23:15:54,2026-05-11 01:07:54
RES104549,CHA001,CNF104549,GUEST104549,2026-06-10,2026-06-15,STD,PREPAY,PPR_DLX,BOOKED,2,90410,INR,2026-05-10 11:04:37,2026-05-10 11:06:37
RES104550,KER001,CNF104550,GUEST104550,2026-06-19,2026-06-23,STE,PKG,PKG_DLX,MODIFIED,2,64888,INR,2026-05-10 11:33:21,2026-05-10 13:10:21
RES104551,BLR002,CNF104551,GUEST104551,2026-05-20,2026-05-21,STD,MEMBER,MEM_STD,MODIFIED,4,43692,INR,2026-05-10 05:48:54,2026-05-10 06:05:54
RES104552,DEL002,CNF104552,GUEST104552,2026-05-26,2026-05-28,DLX,BAR,BAR_STD,BOOKED,1,16330,INR,2026-05-10 15:50:37,2026-05-10 16:04:37
RES104553,DEL001,CNF104553,GUEST104553,2026-06-05,2026-06-09,STD,BAR,BAR_DLX,MODIFIED,4,92032,INR,2026-05-10 12:00:03,2026-05-10 13:57:03
RES104554,CHN001,CNF104554,GUEST104554,2026-06-16,2026-06-19,STD,CORP,CORP_STD,MODIFIED,3,57258,INR,2026-05-10 19:10:03,2026-05-10 22:02:03
RES104555,MUM001,CNF104555,GUEST104555,2026-05-30,2026-06-01,DLX,BAR,BAR_STD,CANCELLED,4,0,INR,2026-05-10 07:55:08,2026-05-10 09:50:08
RES104556,CHN001,CNF104556,GUEST104556,2026-06-24,2026-06-27,STD,CORP,CORP_STD,BOOKED,4,44460,INR,2026-05-10 04:53:22,2026-05-10 05:59:22
RES104557,CHN001,CNF104557,GUEST104557,2026-06-12,2026-06-14,QUEEN,PKG,PKG_STD,BOOKED,2,35828,INR,2026-05-10 02:27:29,2026-05-10 03:23:29
RES104558,KER001,CNF104558,GUEST104558,2026-06-09,2026-06-12,STD,BAR,BAR_STD,CANCELLED,3,0,INR,2026-05-10 19:39:54,2026-05-10 20:54:54
RES104559,BLR002,CNF104559,GUEST104559,2026-07-07,2026-07-10,DLX,PREPAY,PPR_STD,MODIFIED,3,69660,INR,2026-05-10 03:51:26,2026-05-10 03:51:26
RES104560,KOL001,CNF104560,GUEST104560,2026-06-03,2026-06-04,DLX,MEMBER,MEM_DLX,BOOKED,3,43893,INR,2026-05-10 23:54:49,2026-05-11 01:49:49
RES104561,CHA001,CNF104561,GUEST104561,2026-06-24,2026-06-29,STD,MEMBER,MEM_STD,CANCELLED,2,0,INR,2026-05-10 23:40:41,2026-05-11 02:21:41
RES104562,CHA001,CNF104562,GUEST104562,2026-06-15,2026-06-17,STD,MEMBER,MEM_STD,BOOKED,2,55404,INR,2026-05-10 20:07:33,2026-05-10 20:46:33
RES104563,DEL002,CNF104563,GUEST104563,2026-06-19,2026-06-20,KING,PKG,PKG_STD,BOOKED,1,12139,INR,2026-05-10 06:40:05,2026-05-10 07:07:05
RES104564,CHN001,CNF104564,GUEST104564,2026-06-18,2026-06-21,STE,PREPAY,PPR_DLX,CANCELLED,3,0,INR,2026-05-10 02:55:49,2026-05-10 05:30:49
RES104565,BLR002,CNF104565,GUEST104565,2026-07-02,2026-07-04,QUEEN,MEMBER,MEM_STD,MODIFIED,1,26524,INR,2026-05-10 07:33:50,2026-05-10 09:13:50
RES104566,MUM002,CNF104566,GUEST104566,2026-05-16,2026-05-21,QUEEN,MEMBER,MEM_STD,MODIFIED,1,55090,INR,2026-05-10 00:10:53,2026-05-10 02:47:53
RES104567,MUM002,CNF104567,GUEST104567,2026-05-15,2026-05-17,STE,BAR,BAR_STD,MODIFIED,4,91768,INR,2026-05-10 20:59:03,2026-05-10 23:37:03
RES104568,MUM002,CNF104568,GUEST104568,2026-07-04,2026-07-09,STD,PKG,PKG_DLX,MODIFIED,3,158625,INR,2026-05-10 09:14:50,2026-05-10 10:47:50
RES104569,CHN001,CNF104569,GUEST104569,2026-06-21,2026-06-24,STE,BAR,BAR_STD,BOOKED,3,44802,INR,2026-05-10 01:30:15,2026-05-10 02:37:15
RES104570,CHA001,CNF104570,GUEST104570,2026-06-24,2026-06-25,STE,MEMBER,MEM_DLX,MODIFIED,3,11799,INR,2026-05-10 21:51:04,2026-05-11 00:00:04
RES104571,KOL001,CNF104571,GUEST104571,2026-06-10,2026-06-15,KING,PREPAY,PPR_DLX,MODIFIED,1,35790,INR,2026-05-10 00:23:22,2026-05-10 02:32:22
RES104572,DEL002,CNF104572,GUEST104572,2026-06-27,2026-07-02,KING,PKG,PKG_STD,MODIFIED,1,67305,INR,2026-05-10 15:06:56,2026-05-10 16:13:56
RES104573,CHN001,CNF104573,GUEST104573,2026-06-20,2026-06-22,STD,BAR,BAR_DLX,BOOKED,4,77568,INR,2026-05-10 18:07:54,2026-05-10 20:01:54
RES104574,CHN001,CNF104574,GUEST104574,2026-07-06,2026-07-07,KING,BAR,BAR_DLX,BOOKED,4,41004,INR,2026-05-10 16:30:23,2026-05-10 18:42:23
RES104575,HYD001,CNF104575,GUEST104575,2026-06-06,2026-06-11,STD,PKG,PKG_STD,CANCELLED,3,0,INR,2026-05-10 18:59:21,2026-05-10 20:26:21
RES104576,DEL002,CNF104576,GUEST104576,2026-07-07,2026-07-12,STD,PKG,PKG_STD,CANCELLED,4,0,INR,2026-05-10 01:48:37,2026-05-10 03:25:37
RES104577,DEL002,CNF104577,GUEST104577,2026-06-23,2026-06-28,DLX,PREPAY,PPR_STD,BOOKED,2,115840,INR,2026-05-10 21:06:59,2026-05-10 21:37:59
RES104578,MUM001,CNF104578,GUEST104578,2026-05-27,2026-05-28,STD,PREPAY,PPR_DLX,BOOKED,2,13094,INR,2026-05-10 22:02:26,2026-05-10 23:25:26
RES104579,CHN001,CNF104579,GUEST104579,2026-06-07,2026-06-12,QUEEN,PKG,PKG_STD,MODIFIED,4,175920,INR,2026-05-10 05:43:55,2026-05-10 06:36:55
RES104580,CHN001,CNF104580,GUEST104580,2026-05-15,2026-05-16,QUEEN,BAR,BAR_DLX,BOOKED,1,6274,INR,2026-05-10 21:49:18,2026-05-10 22:06:18
RES104581,CHA001,CNF104581,GUEST104581,2026-07-05,2026-07-09,STD,BAR,BAR_DLX,MODIFIED,4,87664,INR,2026-05-10 07:09:16,2026-05-10 08:04:16
RES104582,MUM002,CNF104582,GUEST104582,2026-06-24,2026-06-26,DLX,CORP,CORP_DLX,CANCELLED,1,0,INR,2026-05-10 00:15:54,2026-05-10 01:38:54
RES104583,CHN001,CNF104583,GUEST104583,2026-05-17,2026-05-20,DLX,PREPAY,PPR_STD,BOOKED,1,32217,INR,2026-05-10 16:56:39,2026-05-10 17:19:39
RES104584,BLR002,CNF104584,GUEST104584,2026-05-14,2026-05-16,DLX,BAR,BAR_DLX,BOOKED,2,42200,INR,2026-05-10 22:17:15,2026-05-10 23:14:15
RES104585,HYD001,CNF104585,GUEST104585,2026-06-08,2026-06-10,QUEEN,PKG,PKG_STD,MODIFIED,4,55376,INR,2026-05-10 11:20:32,2026-05-10 14:19:32
RES104586,BLR002,CNF104586,GUEST104586,2026-07-03,2026-07-06,QUEEN,CORP,CORP_STD,CANCELLED,3,0,INR,2026-05-10 11:51:25,2026-05-10 11:55:25
RES104587,DEL002,CNF104587,GUEST104587,2026-06-23,2026-06-27,STE,BAR,BAR_DLX,BOOKED,2,69824,INR,2026-05-10 21:26:12,2026-05-10 22:48:12
RES104588,HYD001,CNF104588,GUEST104588,2026-06-20,2026-06-22,DLX,BAR,BAR_DLX,BOOKED,4,91920,INR,2026-05-10 05:52:23,2026-05-10 07:42:23
RES104589,DEL002,CNF104589,GUEST104589,2026-07-09,2026-07-13,DLX,PKG,PKG_STD,CANCELLED,2,0,INR,2026-05-10 09:53:00,2026-05-10 10:23:00
RES104590,BLR002,CNF104590,GUEST104590,2026-06-05,2026-06-09,STD,CORP,CORP_DLX,CANCELLED,1,0,INR,2026-05-10 07:59:49,2026-05-10 09:22:49
RES104591,HYD001,CNF104591,GUEST104591,2026-06-08,2026-06-12,KING,CORP,CORP_DLX,MODIFIED,3,173232,INR,2026-05-10 19:48:39,2026-05-10 22:44:39
RES104592,MUM002,CNF104592,GUEST104592,2026-07-09,2026-07-14,KING,PKG,PKG_DLX,CANCELLED,1,0,INR,2026-05-10 07:10:19,2026-05-10 09:35:19
RES104593,CHA001,CNF104593,GUEST104593,2026-06-24,2026-06-27,STD,BAR,BAR_STD,CANCELLED,4,0,INR,2026-05-10 20:59:21,2026-05-10 21:58:21
RES104594,KER001,CNF104594,GUEST104594,2026-07-09,2026-07-12,STD,PREPAY,PPR_DLX,MODIFIED,2,63402,INR,2026-05-10 03:08:11,2026-05-10 03:34:11
RES104595,BLR001,CNF104595,GUEST104595,2026-06-21,2026-06-23,STD,CORP,CORP_STD,BOOKED,2,34036,INR,2026-05-10 14:45:59,2026-05-10 17:32:59
RES104596,HYD001,CNF104596,GUEST104596,2026-07-07,2026-07-08,KING,BAR,BAR_STD,CANCELLED,3,0,INR,2026-05-10 15:20:00,2026-05-10 17:38:00
RES104597,DEL001,CNF104597,GUEST104597,2026-06-14,2026-06-18,DLX,PKG,PKG_STD,MODIFIED,2,74496,INR,2026-05-10 17:52:10,2026-05-10 18:42:10
RES104598,DEL002,CNF104598,GUEST104598,2026-06-11,2026-06-12,STE,CORP,CORP_STD,BOOKED,2,8496,INR,2026-05-10 07:22:02,2026-05-10 09:00:02
RES104599,HYD001,CNF104599,GUEST104599,2026-05-24,2026-05-26,KING,BAR,BAR_STD,BOOKED,1,15080,INR,2026-05-10 12:52:23,2026-05-10 13:31:23
RES104600,DEL001,CNF104600,GUEST104600,2026-06-15,2026-06-16,STE,MEMBER,MEM_STD,BOOKED,2,18952,INR,2026-05-10 17:00:30,2026-05-10 17:37:30
RES104601,DEL002,CNF104601,GUEST104601,2026-06-25,2026-06-28,QUEEN,MEMBER,MEM_DLX,CANCELLED,2,0,INR,2026-05-10 20:18:39,2026-05-10 22:02:39
RES104602,CHN001,CNF104602,GUEST104602,2026-06-08,2026-06-13,STD,BAR,BAR_DLX,MODIFIED,3,128085,INR,2026-05-10 04:59:53,2026-05-10 06:22:53
RES104603,BLR002,CNF104603,GUEST104603,2026-05-19,2026-05-24,KING,PKG,PKG_DLX,CANCELLED,4,0,INR,2026-05-10 21:27:00,2026-05-10 23:30:00
RES104604,BLR001,CNF104604,GUEST104604,2026-06-20,2026-06-21,STE,MEMBER,MEM_STD,MODIFIED,1,14430,INR,2026-05-10 20:13:42,2026-05-10 21:47:42
RES104605,HYD001,CNF104605,GUEST104605,2026-05-21,2026-05-26,DLX,PKG,PKG_STD,MODIFIED,1,33805,INR,2026-05-10 05:12:05,2026-05-10 06:19:05
RES104606,CHN001,CNF104606,GUEST104606,2026-05-22,2026-05-25,STE,MEMBER,MEM_STD,CANCELLED,4,0,INR,2026-05-10 00:20:09,2026-05-10 02:57:09
RES104607,DEL002,CNF104607,GUEST104607,2026-05-30,2026-06-04,STD,MEMBER,MEM_STD,MODIFIED,1,71465,INR,2026-05-10 03:10:48,2026-05-10 04:16:48
RES104608,BLR002,CNF104608,GUEST104608,2026-06-22,2026-06-26,QUEEN,CORP,CORP_STD,MODIFIED,4,95584,INR,2026-05-10 11:07:25,2026-05-10 12:22:25
RES104609,BLR001,CNF104609,GUEST104609,2026-05-20,2026-05-21,STD,PREPAY,PPR_STD,MODIFIED,4,48392,INR,2026-05-10 09:09:31,2026-05-10 11:11:31
RES104610,KOL001,CNF104610,GUEST104610,2026-05-18,2026-05-21,STE,MEMBER,MEM_STD,BOOKED,1,36393,INR,2026-05-10 21:32:18,2026-05-10 23:36:18
RES104611,BLR001,CNF104611,GUEST104611,2026-07-07,2026-07-12,KING,CORP,CORP_DLX,BOOKED,4,297780,INR,2026-05-10 06:46:18,2026-05-10 08:20:18
RES104612,KOL001,CNF104612,GUEST104612,2026-06-28,2026-06-29,STD,BAR,BAR_STD,BOOKED,4,32988,INR,2026-05-10 06:17:50,2026-05-10 08:38:50
RES104613,KER001,CNF104613,GUEST104613,2026-06-21,2026-06-23,STE,PREPAY,PPR_DLX,MODIFIED,1,23616,INR,2026-05-10 04:14:23,2026-05-10 04:57:23
RES104614,HYD001,CNF104614,GUEST104614,2026-05-17,2026-05-21,DLX,BAR,BAR_DLX,MODIFIED,3,155796,INR,2026-05-10 08:51:37,2026-05-10 11:27:37
RES104615,CHA001,CNF104615,GUEST104615,2026-06-26,2026-06-28,QUEEN,PKG,PKG_DLX,BOOKED,3,82854,INR,2026-05-10 19:34:31,2026-05-10 19:59:31
RES104616,MUM001,CNF104616,GUEST104616,2026-05-29,2026-06-02,DLX,BAR,BAR_DLX,CANCELLED,2,0,INR,2026-05-10 20:22:50,2026-05-10 22:46:50
RES104617,HYD001,CNF104617,GUEST104617,2026-06-27,2026-07-01,STE,BAR,BAR_STD,BOOKED,1,29312,INR,2026-05-10 05:41:53,2026-05-10 07:20:53
RES104618,BLR001,CNF104618,GUEST104618,2026-06-27,2026-06-30,QUEEN,MEMBER,MEM_STD,BOOKED,1,43515,INR,2026-05-10 05:38:11,2026-05-10 07:51:11
RES104619,KOL001,CNF104619,GUEST104619,2026-06-14,2026-06-19,KING,BAR,BAR_DLX,CANCELLED,2,0,INR,2026-05-10 01:47:49,2026-05-10 03:51:49
RES104620,HYD001,CNF104620,GUEST104620,2026-06-01,2026-06-04,KING,BAR,BAR_STD,CANCELLED,2,0,INR,2026-05-10 14:59:30,2026-05-10 17:35:30
RES104621,KOL001,CNF104621,GUEST104621,2026-05-27,2026-05-31,STD,MEMBER,MEM_DLX,CANCELLED,3,0,INR,2026-05-10 07:55:31,2026-05-10 10:32:31
RES104622,KOL001,CNF104622,GUEST104622,2026-05-28,2026-05-30,KING,CORP,CORP_STD,MODIFIED,2,51312,INR,2026-05-10 02:05:01,2026-05-10 03:02:01
RES104623,KER001,CNF104623,GUEST104623,2026-05-23,2026-05-24,KING,BAR,BAR_STD,MODIFIED,4,57648,INR,2026-05-10 09:08:16,2026-05-10 11:49:16
RES104624,CHA001,CNF104624,GUEST104624,2026-07-03,2026-07-05,QUEEN,PKG,PKG_STD,CANCELLED,2,0,INR,2026-05-10 07:17:01,2026-05-10 07:26:01
RES104625,HYD001,CNF104625,GUEST104625,2026-06-20,2026-06-22,DLX,BAR,BAR_STD,CANCELLED,2,0,INR,2026-05-10 13:27:58,2026-05-10 15:08:58
RES104626,KER001,CNF104626,GUEST104626,2026-06-30,2026-07-01,STD,PREPAY,PPR_STD,BOOKED,1,12296,INR,2026-05-10 02:42:57,2026-05-10 04:48:57
RES104627,MUM001,CNF104627,GUEST104627,2026-06-18,2026-06-20,KING,BAR,BAR_STD,BOOKED,4,29160,INR,2026-05-10 07:07:00,2026-05-10 07:24:00
RES104628,BLR002,CNF104628,GUEST104628,2026-06-07,2026-06-12,STE,MEMBER,MEM_STD,CANCELLED,3,0,INR,2026-05-10 19:31:34,2026-05-10 20:21:34
RES104629,DEL002,CNF104629,GUEST104629,2026-05-14,2026-05-16,DLX,PREPAY,PPR_DLX,CANCELLED,3,0,INR,2026-05-10 16:47:41,2026-05-10 17:14:41
RES104630,HYD001,CNF104630,GUEST104630,2026-05-28,2026-05-29,STD,PKG,PKG_STD,BOOKED,1,3730,INR,2026-05-10 11:14:35,2026-05-10 11:50:35
RES104631,KOL001,CNF104631,GUEST104631,2026-06-14,2026-06-18,DLX,BAR,BAR_STD,CANCELLED,1,0,INR,2026-05-10 16:52:39,2026-05-10 18:09:39
RES104632,CHN001,CNF104632,GUEST104632,2026-05-20,2026-05-22,STD,MEMBER,MEM_STD,CANCELLED,4,0,INR,2026-05-10 11:16:09,2026-05-10 12:29:09
RES104633,CHA001,CNF104633,GUEST104633,2026-07-01,2026-07-02,DLX,MEMBER,MEM_DLX,MODIFIED,3,29550,INR,2026-05-10 19:10:40,2026-05-10 20:54:40
RES104634,HYD001,CNF104634,GUEST104634,2026-05-19,2026-05-21,STE,PREPAY,PPR_DLX,MODIFIED,1,19924,INR,2026-05-10 11:47:39,2026-05-10 11:49:39
RES104635,CHA001,CNF104635,GUEST104635,2026-06-23,2026-06-27,KING,PREPAY,PPR_DLX,CANCELLED,3,0,INR,2026-05-10 02:12:39,2026-05-10 04:24:39
RES104636,BLR002,CNF104636,GUEST104636,2026-06-26,2026-06-27,DLX,CORP,CORP_DLX,MODIFIED,1,4621,INR,2026-05-10 07:09:55,2026-05-10 07:44:55
RES104637,DEL002,CNF104637,GUEST104637,2026-06-27,2026-07-02,DLX,BAR,BAR_DLX,MODIFIED,3,220950,INR,2026-05-10 12:46:01,2026-05-10 14:04:01
RES104638,HYD001,CNF104638,GUEST104638,2026-06-15,2026-06-16,KING,BAR,BAR_DLX,CANCELLED,2,0,INR,2026-05-10 07:06:20,2026-05-10 07:37:20
RES104639,KOL001,CNF104639,GUEST104639,2026-05-20,2026-05-25,QUEEN,PREPAY,PPR_DLX,MODIFIED,3,104550,INR,2026-05-10 05:30:53,2026-05-10 07:28:53
RES104640,BLR001,CNF104640,GUEST104640,2026-05-14,2026-05-18,KING,CORP,CORP_STD,BOOKED,2,86448,INR,2026-05-10 06:24:07,2026-05-10 06:44:07
RES104641,CHN001,CNF104641,GUEST104641,2026-06-01,2026-06-06,KING,BAR,BAR_DLX,CANCELLED,3,0,INR,2026-05-10 03:18:24,2026-05-10 05:27:24
RES104642,KER001,CNF104642,GUEST104642,2026-06-28,2026-07-02,STE,PREPAY,PPR_DLX,BOOKED,2,64144,INR,2026-05-10 12:12:23,2026-05-10 12:36:23
RES104643,CHA001,CNF104643,GUEST104643,2026-06-07,2026-06-08,STD,CORP,CORP_DLX,CANCELLED,3,0,INR,2026-05-10 01:44:02,2026-05-10 02:33:02
RES104644,MUM001,CNF104644,GUEST104644,2026-06-09,2026-06-14,STD,PREPAY,PPR_DLX,MODIFIED,4,231340,INR,2026-05-10 07:51:56,2026-05-10 09:15:56
RES104645,BLR001,CNF104645,GUEST104645,2026-06-16,2026-06-19,KING,BAR,BAR_STD,MODIFIED,3,73593,INR,2026-05-10 22:31:49,2026-05-10 22:58:49
RES104646,CHA001,CNF104646,GUEST104646,2026-06-22,2026-06-24,QUEEN,MEMBER,MEM_DLX,MODIFIED,1,23782,INR,2026-05-10 07:34:07,2026-05-10 08:43:07
RES104647,DEL002,CNF104647,GUEST104647,2026-06-11,2026-06-14,KING,CORP,CORP_STD,MODIFIED,2,84990,INR,2026-05-10 08:18:28,2026-05-10 11:04:28
RES104648,MUM001,CNF104648,GUEST104648,2026-07-03,2026-07-04,QUEEN,PREPAY,PPR_STD,BOOKED,2,15896,INR,2026-05-10 04:30:14,2026-05-10 04:38:14
RES104649,CHN001,CNF104649,GUEST104649,2026-05-20,2026-05-22,QUEEN,PKG,PKG_STD,BOOKED,4,99176,INR,2026-05-10 09:44:40,2026-05-10 11:25:40
RES104650,MUM002,CNF104650,GUEST104650,2026-07-01,2026-07-05,DLX,MEMBER,MEM_DLX,MODIFIED,3,177024,INR,2026-05-10 16:51:26,2026-05-10 17:27:26
RES104651,MUM002,CNF104651,GUEST104651,2026-07-04,2026-07-06,DLX,PKG,PKG_STD,MODIFIED,3,36360,INR,2026-05-10 07:47:36,2026-05-10 08:48:36
RES104652,BLR001,CNF104652,GUEST104652,2026-05-17,2026-05-21,QUEEN,PREPAY,PPR_DLX,BOOKED,3,62604,INR,2026-05-10 20:00:29,2026-05-10 21:31:29
RES104653,KOL001,CNF104653,GUEST104653,2026-05-26,2026-05-28,DLX,PREPAY,PPR_STD,MODIFIED,3,82080,INR,2026-05-10 19:46:39,2026-05-10 22:39:39
RES104654,CHN001,CNF104654,GUEST104654,2026-06-26,2026-07-01,STD,MEMBER,MEM_DLX,MODIFIED,4,157940,INR,2026-05-10 14:00:05,2026-05-10 16:10:05
RES104655,MUM001,CNF104655,GUEST104655,2026-06-28,2026-07-01,DLX,PKG,PKG_STD,MODIFIED,3,111573,INR,2026-05-10 05:25:56,2026-05-10 07:08:56
RES104656,HYD001,CNF104656,GUEST104656,2026-05-27,2026-05-28,STE,PREPAY,PPR_DLX,CANCELLED,2,0,INR,2026-05-10 17:14:41,2026-05-10 19:46:41
RES104657,BLR002,CNF104657,GUEST104657,2026-05-17,2026-05-22,DLX,PREPAY,PPR_STD,BOOKED,4,95940,INR,2026-05-10 19:34:22,2026-05-10 21:20:22
RES104658,MUM001,CNF104658,GUEST104658,2026-06-29,2026-07-04,STD,PKG,PKG_DLX,CANCELLED,3,0,INR,2026-05-10 02:41:01,2026-05-10 03:56:01
RES104659,DEL002,CNF104659,GUEST104659,2026-05-26,2026-05-27,STE,PKG,PKG_DLX,MODIFIED,3,40656,INR,2026-05-10 21:15:14,2026-05-10 22:44:14
RES104660,BLR002,CNF104660,GUEST104660,2026-06-09,2026-06-13,QUEEN,PKG,PKG_STD,BOOKED,4,185840,INR,2026-05-10 07:27:07,2026-05-10 10:13:07
RES104661,BLR002,CNF104661,GUEST104661,2026-05-29,2026-06-03,STE,CORP,CORP_STD,CANCELLED,2,0,INR,2026-05-10 04:00:57,2026-05-10 05:57:57
RES104662,CHA001,CNF104662,GUEST104662,2026-07-01,2026-07-06,KING,BAR,BAR_STD,MODIFIED,2,79850,INR,2026-05-10 18:56:19,2026-05-10 20:30:19
RES104663,HYD001,CNF104663,GUEST104663,2026-06-01,2026-06-03,QUEEN,CORP,CORP_STD,CANCELLED,4,0,INR,2026-05-10 04:23:02,2026-05-10 06:53:02
RES104664,CHA001,CNF104664,GUEST104664,2026-06-14,2026-06-15,STD,MEMBER,MEM_STD,BOOKED,3,27939,INR,2026-05-10 05:57:43,2026-05-10 08:15:43
RES104665,DEL002,CNF104665,GUEST104665,2026-06-08,2026-06-10,KING,PREPAY,PPR_STD,BOOKED,3,73392,INR,2026-05-10 08:06:08,2026-05-10 10:09:08
RES104666,BLR001,CNF104666,GUEST104666,2026-05-15,2026-05-19,KING,PKG,PKG_DLX,CANCELLED,4,0,INR,2026-05-10 10:36:05,2026-05-10 10:39:05
RES104667,MUM002,CNF104667,GUEST104667,2026-05-29,2026-06-03,DLX,PKG,PKG_DLX,MODIFIED,3,210705,INR,2026-05-10 08:25:40,2026-05-10 08:59:40
RES104668,BLR001,CNF104668,GUEST104668,2026-05-14,2026-05-18,STD,BAR,BAR_DLX,MODIFIED,1,44952,INR,2026-05-10 19:51:38,2026-05-10 22:43:38
RES104669,MUM001,CNF104669,GUEST104669,2026-06-22,2026-06-23,QUEEN,BAR,BAR_DLX,CANCELLED,2,0,INR,2026-05-10 14:27:58,2026-05-10 16:27:58
RES104670,HYD001,CNF104670,GUEST104670,2026-05-23,2026-05-24,KING,BAR,BAR_STD,MODIFIED,4,31260,INR,2026-05-10 03:46:22,2026-05-10 03:50:22
RES104671,CHA001,CNF104671,GUEST104671,2026-05-29,2026-06-02,KING,PREPAY,PPR_STD,MODIFIED,1,53632,INR,2026-05-10 20:55:22,2026-05-10 23:12:22
RES104672,MUM002,CNF104672,GUEST104672,2026-06-01,2026-06-06,STD,CORP,CORP_DLX,CANCELLED,4,0,INR,2026-05-10 21:21:03,2026-05-10 22:42:03
RES104673,DEL001,CNF104673,GUEST104673,2026-06-13,2026-06-18,STD,PKG,PKG_STD,CANCELLED,1,0,INR,2026-05-10 11:43:40,2026-05-10 12:34:40
RES104674,KER001,CNF104674,GUEST104674,2026-05-11,2026-05-14,STE,CORP,CORP_DLX,BOOKED,1,18207,INR,2026-05-10 21:38:07,2026-05-10 22:48:07
RES104675,BLR002,CNF104675,GUEST104675,2026-07-09,2026-07-14,STD,MEMBER,MEM_DLX,MODIFIED,2,92060,INR,2026-05-10 05:24:19,2026-05-10 07:40:19
RES104676,MUM002,CNF104676,GUEST104676,2026-06-15,2026-06-19,KING,BAR,BAR_STD,BOOKED,4,67808,INR,2026-05-10 19:58:28,2026-05-10 22:37:28
RES104677,BLR002,CNF104677,GUEST104677,2026-06-03,2026-06-07,KING,CORP,CORP_STD,CANCELLED,1,0,INR,2026-05-10 03:00:06,2026-05-10 05:28:06
RES104678,HYD001,CNF104678,GUEST104678,2026-05-12,2026-05-17,QUEEN,PKG,PKG_DLX,CANCELLED,4,0,INR,2026-05-10 16:38:59,2026-05-10 18:19:59
RES104679,DEL002,CNF104679,GUEST104679,2026-06-09,2026-06-10,STE,BAR,BAR_STD,BOOKED,2,16684,INR,2026-05-10 03:14:25,2026-05-10 04:12:25
RES104680,DEL002,CNF104680,GUEST104680,2026-06-18,2026-06-20,STD,PREPAY,PPR_DLX,CANCELLED,3,0,INR,2026-05-10 12:03:51,2026-05-10 14:42:51
RES104681,KOL001,CNF104681,GUEST104681,2026-06-02,2026-06-06,STE,BAR,BAR_STD,CANCELLED,3,0,INR,2026-05-10 18:36:53,2026-05-10 21:36:53
RES104682,DEL002,CNF104682,GUEST104682,2026-06-23,2026-06-24,QUEEN,MEMBER,MEM_STD,BOOKED,2,27236,INR,2026-05-10 06:26:39,2026-05-10 08:38:39
RES104683,HYD001,CNF104683,GUEST104683,2026-05-28,2026-05-30,STE,MEMBER,MEM_DLX,BOOKED,3,53244,INR,2026-05-10 13:50:52,2026-05-10 13:54:52
RES104684,MUM001,CNF104684,GUEST104684,2026-05-15,2026-05-16,STE,MEMBER,MEM_STD,CANCELLED,1,0,INR,2026-05-10 03:37:08,2026-05-10 05:35:08
RES104685,BLR002,CNF104685,GUEST104685,2026-07-05,2026-07-10,STD,PREPAY,PPR_STD,CANCELLED,1,0,INR,2026-05-10 05:39:58,2026-05-10 06:12:58
RES104686,KOL001,CNF104686,GUEST104686,2026-06-28,2026-07-01,KING,MEMBER,MEM_STD,BOOKED,2,74400,INR,2026-05-10 17:38:08,2026-05-10 19:34:08
RES104687,CHA001,CNF104687,GUEST104687,2026-06-29,2026-07-04,STD,BAR,BAR_STD,BOOKED,1,37040,INR,2026-05-10 13:27:57,2026-05-10 16:18:57
RES104688,KER001,CNF104688,GUEST104688,2026-07-05,2026-07-09,KING,MEMBER,MEM_DLX,MODIFIED,4,88816,INR,2026-05-10 17:31:24,2026-05-10 20:15:24
RES104689,MUM002,CNF104689,GUEST104689,2026-05-21,2026-05-22,STD,PKG,PKG_STD,MODIFIED,4,18152,INR,2026-05-10 18:02:46,2026-05-10 19:11:46
RES104690,MUM002,CNF104690,GUEST104690,2026-06-01,2026-06-02,DLX,BAR,BAR_STD,BOOKED,4,27088,INR,2026-05-10 03:13:19,2026-05-10 05:52:19
RES104691,MUM002,CNF104691,GUEST104691,2026-06-01,2026-06-03,STE,BAR,BAR_STD,BOOKED,1,16072,INR,2026-05-10 18:13:24,2026-05-10 20:58:24
RES104692,DEL001,CNF104692,GUEST104692,2026-05-23,2026-05-25,STE,PREPAY,PPR_STD,BOOKED,3,71628,INR,2026-05-10 12:39:24,2026-05-10 13:46:24
RES104693,BLR002,CNF104693,GUEST104693,2026-06-05,2026-06-09,KING,BAR,BAR_STD,MODIFIED,2,44208,INR,2026-05-10 12:39:28,2026-05-10 15:19:28
RES104694,MUM001,CNF104694,GUEST104694,2026-06-26,2026-07-01,STD,MEMBER,MEM_DLX,BOOKED,3,88935,INR,2026-05-10 18:53:20,2026-05-10 19:12:20
RES104695,MUM001,CNF104695,GUEST104695,2026-06-11,2026-06-12,DLX,CORP,CORP_DLX,MODIFIED,4,56448,INR,2026-05-10 16:45:05,2026-05-10 19:45:05
RES104696,KOL001,CNF104696,GUEST104696,2026-05-24,2026-05-26,DLX,PREPAY,PPR_DLX,MODIFIED,3,83874,INR,2026-05-10 14:55:31,2026-05-10 15:03:31
RES104697,BLR001,CNF104697,GUEST104697,2026-06-25,2026-06-30,QUEEN,PKG,PKG_STD,MODIFIED,2,87580,INR,2026-05-10 20:29:06,2026-05-10 23:25:06
RES104698,HYD001,CNF104698,GUEST104698,2026-06-26,2026-06-29,DLX,MEMBER,MEM_DLX,BOOKED,3,91044,INR,2026-05-10 09:16:27,2026-05-10 10:00:27
RES104699,CHN001,CNF104699,GUEST104699,2026-05-28,2026-05-30,STE,MEMBER,MEM_DLX,MODIFIED,1,7304,INR,2026-05-10 16:30:20,2026-05-10 16:41:20
RES104700,DEL002,CNF104700,GUEST104700,2026-06-23,2026-06-27,QUEEN,PKG,PKG_DLX,MODIFIED,2,63400,INR,2026-05-10 22:47:29,2026-05-11 01:09:29
RES104701,HYD001,CNF104701,GUEST104701,2026-05-18,2026-05-20,KING,CORP,CORP_DLX,MODIFIED,4,50552,INR,2026-05-10 02:25:21,2026-05-10 04:17:21
RES104702,BLR002,CNF104702,GUEST104702,2026-07-07,2026-07-11,KING,MEMBER,MEM_DLX,BOOKED,1,50828,INR,2026-05-10 19:56:30,2026-05-10 20:39:30
RES104703,DEL001,CNF104703,GUEST104703,2026-05-26,2026-05-28,STD,MEMBER,MEM_STD,BOOKED,1,27086,INR,2026-05-10 23:03:58,2026-05-11 00:20:58
RES104704,CHA001,CNF104704,GUEST104704,2026-06-19,2026-06-20,KING,CORP,CORP_STD,BOOKED,2,11440,INR,2026-05-10 01:12:09,2026-05-10 01:49:09
RES104705,CHA001,CNF104705,GUEST104705,2026-06-22,2026-06-27,KING,PREPAY,PPR_DLX,CANCELLED,1,0,INR,2026-05-10 08:40:54,2026-05-10 10:50:54
RES104706,BLR001,CNF104706,GUEST104706,2026-06-03,2026-06-07,STD,MEMBER,MEM_STD,BOOKED,2,88064,INR,2026-05-10 14:38:27,2026-05-10 16:46:27
RES104707,BLR001,CNF104707,GUEST104707,2026-06-30,2026-07-02,DLX,MEMBER,MEM_DLX,CANCELLED,4,0,INR,2026-05-10 11:29:39,2026-05-10 12:24:39
RES104708,BLR002,CNF104708,GUEST104708,2026-06-10,2026-06-12,DLX,PKG,PKG_DLX,MODIFIED,3,78420,INR,2026-05-10 18:42:44,2026-05-10 19:29:44
RES104709,MUM002,CNF104709,GUEST104709,2026-06-25,2026-06-28,DLX,BAR,BAR_STD,MODIFIED,3,69588,INR,2026-05-10 07:55:32,2026-05-10 08:12:32
RES104710,KOL001,CNF104710,GUEST104710,2026-06-28,2026-07-03,DLX,PKG,PKG_DLX,BOOKED,3,215805,INR,2026-05-10 03:03:31,2026-05-10 06:03:31
RES104711,MUM001,CNF104711,GUEST104711,2026-05-11,2026-05-12,KING,PREPAY,PPR_DLX,CANCELLED,4,0,INR,2026-05-10 07:59:50,2026-05-10 08:42:50
RES104712,DEL001,CNF104712,GUEST104712,2026-07-01,2026-07-06,STE,BAR,BAR_STD,MODIFIED,2,61510,INR,2026-05-10 02:04:59,2026-05-10 02:33:59
RES104713,BLR002,CNF104713,GUEST104713,2026-06-19,2026-06-20,STD,PKG,PKG_STD,MODIFIED,3,13416,INR,2026-05-10 01:10:49,2026-05-10 02:38:49
RES104714,CHN001,CNF104714,GUEST104714,2026-06-13,2026-06-16,QUEEN,MEMBER,MEM_DLX,BOOKED,2,30138,INR,2026-05-10 03:37:07,2026-05-10 05:03:07
RES104715,DEL001,CNF104715,GUEST104715,2026-07-07,2026-07-12,DLX,CORP,CORP_STD,BOOKED,4,93400,INR,2026-05-10 21:36:32,2026-05-10 21:43:32
RES104716,MUM002,CNF104716,GUEST104716,2026-05-19,2026-05-21,STD,MEMBER,MEM_STD,MODIFIED,4,114832,INR,2026-05-10 18:01:08,2026-05-10 19:19:08
RES104717,CHN001,CNF104717,GUEST104717,2026-06-04,2026-06-09,STD,PREPAY,PPR_STD,BOOKED,3,199170,INR,2026-05-10 21:12:01,2026-05-10 22:53:01
RES104718,HYD001,CNF104718,GUEST104718,2026-07-02,2026-07-04,QUEEN,CORP,CORP_STD,BOOKED,1,11992,INR,2026-05-10 06:31:45,2026-05-10 06:43:45
RES104719,MUM001,CNF104719,GUEST104719,2026-06-23,2026-06-28,STE,BAR,BAR_DLX,BOOKED,2,35510,INR,2026-05-10 17:12:36,2026-05-10 19:14:36
RES104720,BLR002,CNF104720,GUEST104720,2026-05-27,2026-05-29,STE,MEMBER,MEM_DLX,BOOKED,1,10906,INR,2026-05-10 07:35:18,2026-05-10 09:02:18
RES104721,DEL001,CNF104721,GUEST104721,2026-06-23,2026-06-27,STE,BAR,BAR_DLX,CANCELLED,2,0,INR,2026-05-10 18:17:21,2026-05-10 20:03:21
RES104722,CHN001,CNF104722,GUEST104722,2026-05-12,2026-05-16,KING,MEMBER,MEM_STD,CANCELLED,2,0,INR,2026-05-10 17:36:01,2026-05-10 20:01:01
RES104723,DEL001,CNF104723,GUEST104723,2026-05-25,2026-05-26,QUEEN,CORP,CORP_DLX,CANCELLED,2,0,INR,2026-05-10 23:39:28,2026-05-11 00:28:28
RES104724,MUM002,CNF104724,GUEST104724,2026-05-22,2026-05-24,KING,PKG,PKG_STD,BOOKED,1,9228,INR,2026-05-10 05:19:15,2026-05-10 06:29:15
RES104725,HYD001,CNF104725,GUEST104725,2026-06-30,2026-07-04,STE,PREPAY,PPR_STD,CANCELLED,4,0,INR,2026-05-10 10:31:41,2026-05-10 10:33:41
RES104726,BLR001,CNF104726,GUEST104726,2026-06-18,2026-06-23,STD,PKG,PKG_STD,CANCELLED,1,0,INR,2026-05-10 02:37:09,2026-05-10 05:22:09
RES104727,BLR001,CNF104727,GUEST104727,2026-06-07,2026-06-09,QUEEN,CORP,CORP_DLX,MODIFIED,1,19810,INR,2026-05-10 04:58:01,2026-05-10 07:35:01
RES104728,KOL001,CNF104728,GUEST104728,2026-05-14,2026-05-18,DLX,PKG,PKG_STD,BOOKED,2,58984,INR,2026-05-10 23:29:07,2026-05-11 02:19:07
RES104729,DEL002,CNF104729,GUEST104729,2026-06-09,2026-06-12,STD,PKG,PKG_STD,CANCELLED,2,0,INR,2026-05-10 13:22:36,2026-05-10 13:36:36
RES104730,MUM002,CNF104730,GUEST104730,2026-05-20,2026-05-21,KING,BAR,BAR_DLX,CANCELLED,3,0,INR,2026-05-10 06:25:53,2026-05-10 07:30:53
RES104731,CHA001,CNF104731,GUEST104731,2026-06-01,2026-06-06,KING,PREPAY,PPR_STD,BOOKED,4,93520,INR,2026-05-10 08:39:28,2026-05-10 09:18:28
RES104732,HYD001,CNF104732,GUEST104732,2026-05-19,2026-05-23,KING,PREPAY,PPR_DLX,MODIFIED,1,40008,INR,2026-05-10 19:40:57,2026-05-10 20:38:57
RES104733,BLR002,CNF104733,GUEST104733,2026-05-21,2026-05-25,STD,CORP,CORP_DLX,BOOKED,2,104968,INR,2026-05-10 11:56:39,2026-05-10 13:25:39
RES104734,CHA001,CNF104734,GUEST104734,2026-06-02,2026-06-07,KING,CORP,CORP_STD,BOOKED,3,165735,INR,2026-05-10 06:52:19,2026-05-10 09:30:19
RES104735,DEL001,CNF104735,GUEST104735,2026-06-14,2026-06-19,STE,CORP,CORP_STD,MODIFIED,1,71660,INR,2026-05-10 05:43:40,2026-05-10 07:44:40
RES104736,KOL001,CNF104736,GUEST104736,2026-05-22,2026-05-26,QUEEN,MEMBER,MEM_DLX,MODIFIED,2,93824,INR,2026-05-10 01:50:54,2026-05-10 02:58:54
RES104737,BLR002,CNF104737,GUEST104737,2026-05-28,2026-06-02,KING,CORP,CORP_STD,MODIFIED,4,237600,INR,2026-05-10 23:41:41,2026-05-11 02:23:41
RES104738,MUM002,CNF104738,GUEST104738,2026-06-13,2026-06-15,STD,PKG,PKG_DLX,CANCELLED,2,0,INR,2026-05-10 09:04:59,2026-05-10 12:02:59
RES104739,BLR001,CNF104739,GUEST104739,2026-06-03,2026-06-07,KING,PREPAY,PPR_DLX,MODIFIED,1,40032,INR,2026-05-10 00:15:10,2026-05-10 00:30:10
RES104740,HYD001,CNF104740,GUEST104740,2026-05-16,2026-05-19,STE,PKG,PKG_DLX,CANCELLED,3,0,INR,2026-05-10 08:29:45,2026-05-10 11:25:45
RES104741,BLR001,CNF104741,GUEST104741,2026-05-11,2026-05-14,KING,PKG,PKG_STD,MODIFIED,3,110142,INR,2026-05-10 20:48:35,2026-05-10 20:53:35
RES104742,CHA001,CNF104742,GUEST104742,2026-05-19,2026-05-21,STD,MEMBER,MEM_DLX,MODIFIED,1,16360,INR,2026-05-10 01:57:10,2026-05-10 04:08:10
RES104743,BLR002,CNF104743,GUEST104743,2026-05-14,2026-05-15,STD,CORP,CORP_STD,MODIFIED,4,37228,INR,2026-05-10 04:20:15,2026-05-10 06:22:15
RES104744,BLR001,CNF104744,GUEST104744,2026-05-19,2026-05-22,KING,PKG,PKG_STD,MODIFIED,2,73440,INR,2026-05-10 03:09:22,2026-05-10 03:29:22
RES104745,BLR001,CNF104745,GUEST104745,2026-05-25,2026-05-29,DLX,CORP,CORP_DLX,CANCELLED,1,0,INR,2026-05-10 22:54:59,2026-05-11 00:55:59
RES104746,BLR001,CNF104746,GUEST104746,2026-06-29,2026-06-30,QUEEN,CORP,CORP_DLX,MODIFIED,2,12986,INR,2026-05-10 14:31:11,2026-05-10 14:59:11
RES104747,BLR002,CNF104747,GUEST104747,2026-07-09,2026-07-14,QUEEN,PKG,PKG_STD,BOOKED,1,74315,INR,2026-05-10 17:24:05,2026-05-10 19:39:05
RES104748,DEL002,CNF104748,GUEST104748,2026-06-02,2026-06-04,DLX,BAR,BAR_DLX,MODIFIED,1,10894,INR,2026-05-10 00:10:00,2026-05-10 02:45:00
RES104749,KOL001,CNF104749,GUEST104749,2026-06-22,2026-06-25,QUEEN,BAR,BAR_STD,BOOKED,2,24672,INR,2026-05-10 22:44:58,2026-05-11 00:12:58
RES104750,CHA001,CNF104750,GUEST104750,2026-06-18,2026-06-21,KING,CORP,CORP_STD,CANCELLED,4,0,INR,2026-05-10 05:54:09,2026-05-10 06:14:09
RES104751,CHA001,CNF104751,GUEST104751,2026-06-17,2026-06-18,STD,BAR,BAR_DLX,MODIFIED,2,10866,INR,2026-05-10 11:32:21,2026-05-10 12:45:21
RES104752,MUM002,CNF104752,GUEST104752,2026-05-13,2026-05-15,STD,MEMBER,MEM_DLX,BOOKED,4,66720,INR,2026-05-10 05:48:17,2026-05-10 08:40:17
RES104753,DEL001,CNF104753,GUEST104753,2026-07-08,2026-07-09,STE,CORP,CORP_STD,BOOKED,2,14954,INR,2026-05-10 07:20:11,2026-05-10 09:31:11
RES104754,KER001,CNF104754,GUEST104754,2026-06-29,2026-07-04,STD,PKG,PKG_STD,CANCELLED,3,0,INR,2026-05-10 12:37:34,2026-05-10 14:53:34
RES104755,HYD001,CNF104755,GUEST104755,2026-05-30,2026-06-04,DLX,MEMBER,MEM_STD,CANCELLED,1,0,INR,2026-05-10 18:19:28,2026-05-10 18:55:28
RES104756,DEL002,CNF104756,GUEST104756,2026-07-07,2026-07-09,KING,CORP,CORP_DLX,CANCELLED,2,0,INR,2026-05-10 07:02:19,2026-05-10 10:00:19
RES104757,DEL001,CNF104757,GUEST104757,2026-06-02,2026-06-07,STE,MEMBER,MEM_STD,BOOKED,2,55450,INR,2026-05-10 09:10:10,2026-05-10 11:44:10
RES104758,KOL001,CNF104758,GUEST104758,2026-07-06,2026-07-07,STD,PREPAY,PPR_STD,MODIFIED,2,23268,INR,2026-05-10 19:32:07,2026-05-10 22:30:07
RES104759,BLR002,CNF104759,GUEST104759,2026-06-18,2026-06-21,STE,MEMBER,MEM_STD,MODIFIED,4,77676,INR,2026-05-10 22:22:04,2026-05-11 00:41:04
RES104760,DEL002,CNF104760,GUEST104760,2026-07-04,2026-07-07,STD,BAR,BAR_DLX,MODIFIED,3,123750,INR,2026-05-10 08:22:56,2026-05-10 10:26:56
RES104761,BLR001,CNF104761,GUEST104761,2026-06-19,2026-06-21,STE,PKG,PKG_STD,MODIFIED,4,107016,INR,2026-05-10 06:17:40,2026-05-10 07:47:40
RES104762,DEL001,CNF104762,GUEST104762,2026-05-11,2026-05-14,QUEEN,PKG,PKG_DLX,BOOKED,3,35091,INR,2026-05-10 22:21:34,2026-05-10 23:11:34
RES104763,DEL001,CNF104763,GUEST104763,2026-06-03,2026-06-04,STD,BAR,BAR_STD,MODIFIED,2,11854,INR,2026-05-10 10:45:00,2026-05-10 11:43:00
RES104764,KOL001,CNF104764,GUEST104764,2026-05-11,2026-05-16,STD,BAR,BAR_STD,BOOKED,1,61995,INR,2026-05-10 05:30:05,2026-05-10 05:58:05
RES104765,CHN001,CNF104765,GUEST104765,2026-06-29,2026-07-01,DLX,MEMBER,MEM_STD,BOOKED,1,16280,INR,2026-05-10 18:01:26,2026-05-10 18:05:26
RES104766,BLR001,CNF104766,GUEST104766,2026-06-18,2026-06-19,STE,MEMBER,MEM_STD,BOOKED,4,24368,INR,2026-05-10 01:27:44,2026-05-10 02:01:44
RES104767,BLR001,CNF104767,GUEST104767,2026-06-20,2026-06-21,STE,PREPAY,PPR_STD,CANCELLED,1,0,INR,2026-05-10 23:36:07,2026-05-11 01:38:07
RES104768,DEL002,CNF104768,GUEST104768,2026-05-26,2026-05-31,QUEEN,PREPAY,PPR_DLX,MODIFIED,1,29285,INR,2026-05-10 04:45:19,2026-05-10 07:22:19
RES104769,BLR001,CNF104769,GUEST104769,2026-05-31,2026-06-05,KING,CORP,CORP_STD,CANCELLED,1,0,INR,2026-05-10 03:25:19,2026-05-10 03:34:19
RES104770,BLR002,CNF104770,GUEST104770,2026-06-19,2026-06-24,STE,PREPAY,PPR_DLX,MODIFIED,2,74020,INR,2026-05-10 03:32:03,2026-05-10 04:00:03
RES104771,BLR002,CNF104771,GUEST104771,2026-06-14,2026-06-15,DLX,PREPAY,PPR_DLX,BOOKED,2,8112,INR,2026-05-10 16:22:18,2026-05-10 17:06:18
RES104772,DEL001,CNF104772,GUEST104772,2026-05-22,2026-05-26,DLX,CORP,CORP_DLX,MODIFIED,3,61188,INR,2026-05-10 05:15:00,2026-05-10 06:15:00
RES104773,DEL002,CNF104773,GUEST104773,2026-07-08,2026-07-11,STE,PKG,PKG_DLX,BOOKED,4,82152,INR,2026-05-10 05:51:17,2026-05-10 08:20:17
RES104774,HYD001,CNF104774,GUEST104774,2026-05-16,2026-05-18,KING,MEMBER,MEM_STD,BOOKED,3,38358,INR,2026-05-10 23:51:20,2026-05-11 00:56:20
RES104775,HYD001,CNF104775,GUEST104775,2026-06-03,2026-06-08,DLX,MEMBER,MEM_STD,BOOKED,3,90120,INR,2026-05-10 20:54:20,2026-05-10 21:34:20
RES104776,DEL001,CNF104776,GUEST104776,2026-07-06,2026-07-09,KING,PKG,PKG_STD,BOOKED,4,80532,INR,2026-05-10 17:02:38,2026-05-10 19:07:38
RES104777,MUM002,CNF104777,GUEST104777,2026-05-13,2026-05-17,STD,CORP,CORP_STD,BOOKED,1,57836,INR,2026-05-10 02:00:54,2026-05-10 04:55:54
RES104778,MUM002,CNF104778,GUEST104778,2026-06-08,2026-06-11,KING,PKG,PKG_STD,CANCELLED,2,0,INR,2026-05-10 05:26:04,2026-05-10 06:12:04
RES104779,MUM001,CNF104779,GUEST104779,2026-06-26,2026-07-01,QUEEN,PKG,PKG_STD,BOOKED,2,51650,INR,2026-05-10 07:34:21,2026-05-10 07:48:21
RES104780,KOL001,CNF104780,GUEST104780,2026-06-15,2026-06-19,DLX,PKG,PKG_STD,MODIFIED,3,150036,INR,2026-05-10 10:28:08,2026-05-10 13:20:08
RES104781,DEL002,CNF104781,GUEST104781,2026-06-07,2026-06-08,DLX,MEMBER,MEM_DLX,BOOKED,3,27105,INR,2026-05-10 06:41:22,2026-05-10 07:02:22
RES104782,MUM001,CNF104782,GUEST104782,2026-06-17,2026-06-18,KING,CORP,CORP_DLX,MODIFIED,1,11007,INR,2026-05-10 09:32:35,2026-05-10 11:17:35
RES104783,KER001,CNF104783,GUEST104783,2026-05-29,2026-06-02,QUEEN,CORP,CORP_DLX,CANCELLED,1,0,INR,2026-05-10 14:05:52,2026-05-10 16:15:52
RES104784,CHA001,CNF104784,GUEST104784,2026-06-17,2026-06-18,QUEEN,CORP,CORP_DLX,BOOKED,1,11833,INR,2026-05-10 17:55:34,2026-05-10 19:42:34
RES104785,CHN001,CNF104785,GUEST104785,2026-06-07,2026-06-11,STE,BAR,BAR_DLX,MODIFIED,3,89172,INR,2026-05-10 12:39:16,2026-05-10 14:20:16
RES104786,DEL001,CNF104786,GUEST104786,2026-06-30,2026-07-02,QUEEN,BAR,BAR_DLX,CANCELLED,3,0,INR,2026-05-10 12:58:49,2026-05-10 15:08:49
RES104787,DEL001,CNF104787,GUEST104787,2026-06-17,2026-06-21,DLX,PREPAY,PPR_STD,BOOKED,4,118240,INR,2026-05-10 02:36:08,2026-05-10 04:48:08
RES104788,CHN001,CNF104788,GUEST104788,2026-07-03,2026-07-07,QUEEN,PREPAY,PPR_DLX,BOOKED,1,38016,INR,2026-05-10 02:07:41,2026-05-10 04:29:41
RES104789,MUM001,CNF104789,GUEST104789,2026-05-28,2026-05-29,STE,PKG,PKG_STD,CANCELLED,3,0,INR,2026-05-10 01:58:03,2026-05-10 04:04:03
RES104790,DEL002,CNF104790,GUEST104790,2026-05-19,2026-05-22,QUEEN,PKG,PKG_DLX,CANCELLED,3,0,INR,2026-05-10 01:59:31,2026-05-10 03:32:31
RES104791,MUM002,CNF104791,GUEST104791,2026-07-08,2026-07-12,DLX,MEMBER,MEM_DLX,MODIFIED,4,88896,INR,2026-05-10 22:15:50,2026-05-11 00:01:50
RES104792,CHA001,CNF104792,GUEST104792,2026-06-30,2026-07-03,STD,BAR,BAR_STD,MODIFIED,4,132552,INR,2026-05-10 20:48:16,2026-05-10 20:55:16
RES104793,CHN001,CNF104793,GUEST104793,2026-06-15,2026-06-16,KING,MEMBER,MEM_DLX,CANCELLED,3,0,INR,2026-05-10 02:40:41,2026-05-10 03:56:41
RES104794,CHA001,CNF104794,GUEST104794,2026-06-02,2026-06-05,STE,PKG,PKG_DLX,BOOKED,1,28830,INR,2026-05-10 06:52:45,2026-05-10 08:56:45
RES104795,DEL001,CNF104795,GUEST104795,2026-05-18,2026-05-21,STD,PKG,PKG_STD,BOOKED,4,56916,INR,2026-05-10 05:31:39,2026-05-10 06:07:39
RES104796,CHN001,CNF104796,GUEST104796,2026-06-15,2026-06-19,DLX,BAR,BAR_STD,BOOKED,2,53976,INR,2026-05-10 16:30:10,2026-05-10 18:29:10
RES104797,MUM002,CNF104797,GUEST104797,2026-05-13,2026-05-14,STD,BAR,BAR_STD,BOOKED,2,29320,INR,2026-05-10 14:00:28,2026-05-10 15:46:28
RES104798,BLR002,CNF104798,GUEST104798,2026-05-20,2026-05-25,DLX,PKG,PKG_DLX,MODIFIED,1,56785,INR,2026-05-10 14:25:42,2026-05-10 16:07:42
RES104799,CHA001,CNF104799,GUEST104799,2026-07-09,2026-07-13,KING,BAR,BAR_STD,CANCELLED,2,0,INR,2026-05-10 02:17:53,2026-05-10 04:52:53
RES104800,MUM001,CNF104800,GUEST104800,2026-07-06,2026-07-10,STD,PKG,PKG_DLX,MODIFIED,2,66728,INR,2026-05-10 15:32:41,2026-05-10 18:11:41
RES104801,CHA001,CNF104801,GUEST104801,2026-05-31,2026-06-05,DLX,CORP,CORP_DLX,CANCELLED,3,0,INR,2026-05-10 13:55:18,2026-05-10 16:41:18
RES104802,MUM002,CNF104802,GUEST104802,2026-07-07,2026-07-09,DLX,BAR,BAR_STD,MODIFIED,1,16038,INR,2026-05-10 07:45:51,2026-05-10 08:38:51
RES104803,KER001,CNF104803,GUEST104803,2026-06-25,2026-06-26,DLX,MEMBER,MEM_STD,CANCELLED,2,0,INR,2026-05-10 23:43:19,2026-05-11 00:37:19
RES104804,DEL002,CNF104804,GUEST104804,2026-06-20,2026-06-25,STE,BAR,BAR_STD,MODIFIED,4,95260,INR,2026-05-10 09:31:51,2026-05-10 11:11:51
RES104805,MUM001,CNF104805,GUEST104805,2026-06-17,2026-06-19,DLX,BAR,BAR_DLX,MODIFIED,4,47216,INR,2026-05-10 16:14:57,2026-05-10 16:33:57
RES104806,MUM002,CNF104806,GUEST104806,2026-05-14,2026-05-16,KING,BAR,BAR_DLX,MODIFIED,4,98432,INR,2026-05-10 02:10:59,2026-05-10 02:51:59
RES104807,KER001,CNF104807,GUEST104807,2026-05-15,2026-05-17,KING,CORP,CORP_DLX,CANCELLED,1,0,INR,2026-05-10 15:12:08,2026-05-10 16:31:08
RES104808,DEL001,CNF104808,GUEST104808,2026-05-28,2026-06-01,STD,BAR,BAR_DLX,MODIFIED,2,64816,INR,2026-05-10 08:50:33,2026-05-10 10:27:33
RES104809,CHN001,CNF104809,GUEST104809,2026-06-01,2026-06-05,STE,PREPAY,PPR_DLX,BOOKED,2,88648,INR,2026-05-10 12:09:24,2026-05-10 12:31:24
RES104810,MUM002,CNF104810,GUEST104810,2026-06-01,2026-06-06,DLX,CORP,CORP_STD,BOOKED,3,197310,INR,2026-05-10 16:59:26,2026-05-10 17:59:26
RES104811,KER001,CNF104811,GUEST104811,2026-06-05,2026-06-06,QUEEN,CORP,CORP_DLX,BOOKED,1,11965,INR,2026-05-10 19:12:23,2026-05-10 21:15:23
RES104812,CHN001,CNF104812,GUEST104812,2026-05-15,2026-05-17,KING,MEMBER,MEM_DLX,CANCELLED,1,0,INR,2026-05-10 11:30:38,2026-05-10 12:10:38
RES104813,KER001,CNF104813,GUEST104813,2026-05-30,2026-06-04,STD,BAR,BAR_DLX,CANCELLED,4,0,INR,2026-05-10 23:23:45,2026-05-11 02:05:45
RES104814,DEL001,CNF104814,GUEST104814,2026-06-02,2026-06-04,DLX,MEMBER,MEM_DLX,CANCELLED,3,0,INR,2026-05-10 11:13:05,2026-05-10 12:11:05
RES104815,KER001,CNF104815,GUEST104815,2026-05-29,2026-06-03,KING,CORP,CORP_STD,MODIFIED,4,91360,INR,2026-05-10 08:17:25,2026-05-10 08:28:25
RES104816,DEL002,CNF104816,GUEST104816,2026-06-07,2026-06-12,KING,MEMBER,MEM_DLX,MODIFIED,2,104980,INR,2026-05-10 11:19:57,2026-05-10 12:57:57
RES104817,BLR001,CNF104817,GUEST104817,2026-05-27,2026-05-30,DLX,PREPAY,PPR_DLX,MODIFIED,4,126192,INR,2026-05-10 02:10:43,2026-05-10 04:44:43
RES104818,KOL001,CNF104818,GUEST104818,2026-05-11,2026-05-13,STD,PKG,PKG_DLX,BOOKED,3,79632,INR,2026-05-10 21:05:49,2026-05-10 23:34:49
RES104819,MUM001,CNF104819,GUEST104819,2026-06-25,2026-06-30,QUEEN,BAR,BAR_STD,BOOKED,4,211300,INR,2026-05-10 11:04:07,2026-05-10 13:27:07
RES104820,KOL001,CNF104820,GUEST104820,2026-06-16,2026-06-20,KING,MEMBER,MEM_STD,CANCELLED,4,0,INR,2026-05-10 23:21:18,2026-05-10 23:41:18
RES104821,BLR001,CNF104821,GUEST104821,2026-07-02,2026-07-03,STD,PREPAY,PPR_DLX,MODIFIED,2,12220,INR,2026-05-10 04:17:16,2026-05-10 04:55:16
RES104822,BLR002,CNF104822,GUEST104822,2026-06-09,2026-06-13,STE,PKG,PKG_STD,MODIFIED,3,105504,INR,2026-05-10 01:07:56,2026-05-10 01:34:56
RES104823,BLR002,CNF104823,GUEST104823,2026-05-29,2026-05-31,QUEEN,PREPAY,PPR_STD,BOOKED,1,22894,INR,2026-05-10 13:02:58,2026-05-10 15:43:58
RES104824,DEL002,CNF104824,GUEST104824,2026-06-29,2026-07-01,QUEEN,CORP,CORP_DLX,CANCELLED,2,0,INR,2026-05-10 21:08:06,2026-05-10 23:12:06
RES104825,CHA001,CNF104825,GUEST104825,2026-05-11,2026-05-15,STD,MEMBER,MEM_DLX,MODIFIED,4,77408,INR,2026-05-10 20:39:44,2026-05-10 21:42:44
RES104826,DEL001,CNF104826,GUEST104826,2026-07-06,2026-07-08,QUEEN,CORP,CORP_STD,MODIFIED,1,10658,INR,2026-05-10 12:07:02,2026-05-10 13:17:02
RES104827,HYD001,CNF104827,GUEST104827,2026-07-02,2026-07-04,STD,PKG,PKG_STD,MODIFIED,3,52332,INR,2026-05-10 11:24:35,2026-05-10 14:15:35
RES104828,DEL001,CNF104828,GUEST104828,2026-05-12,2026-05-16,DLX,MEMBER,MEM_STD,BOOKED,1,16248,INR,2026-05-10 11:10:36,2026-05-10 12:39:36
RES104829,CHN001,CNF104829,GUEST104829,2026-07-04,2026-07-05,STD,MEMBER,MEM_STD,BOOKED,3,15711,INR,2026-05-10 01:41:27,2026-05-10 01:56:27
RES104830,BLR001,CNF104830,GUEST104830,2026-06-08,2026-06-13,STD,PKG,PKG_DLX,CANCELLED,4,0,INR,2026-05-10 22:16:43,2026-05-11 00:04:43
RES104831,CHA001,CNF104831,GUEST104831,2026-06-06,2026-06-07,STD,BAR,BAR_STD,BOOKED,4,44384,INR,2026-05-10 05:40:24,2026-05-10 07:20:24
RES104832,CHN001,CNF104832,GUEST104832,2026-05-20,2026-05-25,KING,MEMBER,MEM_STD,MODIFIED,2,59400,INR,2026-05-10 21:07:42,2026-05-10 23:32:42
RES104833,DEL001,CNF104833,GUEST104833,2026-05-17,2026-05-19,STD,MEMBER,MEM_STD,CANCELLED,4,0,INR,2026-05-10 17:58:50,2026-05-10 18:00:50
RES104834,KER001,CNF104834,GUEST104834,2026-06-22,2026-06-24,KING,MEMBER,MEM_STD,BOOKED,4,79280,INR,2026-05-10 19:19:38,2026-05-10 21:02:38
RES104835,HYD001,CNF104835,GUEST104835,2026-05-14,2026-05-15,KING,CORP,CORP_STD,CANCELLED,2,0,INR,2026-05-10 16:49:21,2026-05-10 17:49:21
RES104836,CHN001,CNF104836,GUEST104836,2026-06-21,2026-06-24,QUEEN,PKG,PKG_STD,CANCELLED,2,0,INR,2026-05-10 10:25:07,2026-05-10 12:21:07
RES104837,BLR001,CNF104837,GUEST104837,2026-05-12,2026-05-15,STD,BAR,BAR_STD,CANCELLED,2,0,INR,2026-05-10 05:08:55,2026-05-10 05:42:55
RES104838,BLR002,CNF104838,GUEST104838,2026-05-21,2026-05-26,QUEEN,MEMBER,MEM_STD,CANCELLED,1,0,INR,2026-05-10 21:55:43,2026-05-10 22:52:43
RES104839,CHA001,CNF104839,GUEST104839,2026-05-20,2026-05-22,STD,PREPAY,PPR_DLX,CANCELLED,3,0,INR,2026-05-10 16:02:04,2026-05-10 18:11:04
RES104840,HYD001,CNF104840,GUEST104840,2026-06-17,2026-06-20,KING,PKG,PKG_STD,CANCELLED,1,0,INR,2026-05-10 12:41:18,2026-05-10 12:50:18
RES104841,MUM001,CNF104841,GUEST104841,2026-06-10,2026-06-14,DLX,CORP,CORP_STD,BOOKED,4,81856,INR,2026-05-10 20:39:20,2026-05-10 22:07:20
RES104842,CHN001,CNF104842,GUEST104842,2026-07-02,2026-07-07,DLX,MEMBER,MEM_STD,BOOKED,1,36350,INR,2026-05-10 00:25:49,2026-05-10 03:11:49
RES104843,DEL001,CNF104843,GUEST104843,2026-06-17,2026-06-20,QUEEN,BAR,BAR_STD,CANCELLED,2,0,INR,2026-05-10 05:08:08,2026-05-10 07:09:08
RES104844,CHA001,CNF104844,GUEST104844,2026-07-08,2026-07-11,STD,PREPAY,PPR_STD,MODIFIED,4,163440,INR,2026-05-10 02:13:34,2026-05-10 04:25:34
RES104845,CHA001,CNF104845,GUEST104845,2026-07-08,2026-07-12,STD,CORP,CORP_STD,CANCELLED,1,0,INR,2026-05-10 15:06:36,2026-05-10 15:28:36
RES104846,KER001,CNF104846,GUEST104846,2026-05-21,2026-05-24,DLX,CORP,CORP_STD,BOOKED,3,71865,INR,2026-05-10 06:40:57,2026-05-10 06:51:57
RES104847,KER001,CNF104847,GUEST104847,2026-06-12,2026-06-17,DLX,CORP,CORP_STD,CANCELLED,1,0,INR,2026-05-10 00:38:50,2026-05-10 02:24:50
RES104848,CHA001,CNF104848,GUEST104848,2026-07-05,2026-07-08,QUEEN,CORP,CORP_STD,BOOKED,4,153912,INR,2026-05-10 19:36:00,2026-05-10 19:57:00
RES104849,CHN001,CNF104849,GUEST104849,2026-06-18,2026-06-19,QUEEN,BAR,BAR_DLX,CANCELLED,4,0,INR,2026-05-10 02:56:19,2026-05-10 05:18:19
RES104850,BLR001,CNF104850,GUEST104850,2026-06-23,2026-06-25,DLX,MEMBER,MEM_STD,BOOKED,2,43328,INR,2026-05-10 06:16:47,2026-05-10 09:14:47
RES104851,DEL002,CNF104851,GUEST104851,2026-07-04,2026-07-08,STE,PKG,PKG_STD,MODIFIED,2,75032,INR,2026-05-10 10:46:30,2026-05-10 13:37:30
RES104852,MUM001,CNF104852,GUEST104852,2026-05-27,2026-05-29,KING,MEMBER,MEM_DLX,CANCELLED,3,0,INR,2026-05-10 18:32:32,2026-05-10 21:17:32
RES104853,DEL002,CNF104853,GUEST104853,2026-07-03,2026-07-07,KING,MEMBER,MEM_DLX,MODIFIED,1,43792,INR,2026-05-10 13:01:28,2026-05-10 13:25:28
RES104854,MUM002,CNF104854,GUEST104854,2026-06-07,2026-06-12,STE,MEMBER,MEM_STD,BOOKED,3,147960,INR,2026-05-10 08:12:00,2026-05-10 08:46:00
RES104855,MUM001,CNF104855,GUEST104855,2026-05-30,2026-06-02,KING,PKG,PKG_STD,MODIFIED,2,41034,INR,2026-05-10 17:43:11,2026-05-10 18:55:11
RES104856,KER001,CNF104856,GUEST104856,2026-05-17,2026-05-21,STD,PKG,PKG_DLX,BOOKED,3,61656,INR,2026-05-10 16:01:14,2026-05-10 17:07:14
RES104857,MUM001,CNF104857,GUEST104857,2026-05-30,2026-06-02,KING,MEMBER,MEM_DLX,BOOKED,4,50544,INR,2026-05-10 08:37:47,2026-05-10 10:37:47
RES104858,DEL002,CNF104858,GUEST104858,2026-05-20,2026-05-22,STE,CORP,CORP_STD,MODIFIED,4,118736,INR,2026-05-10 11:23:50,2026-05-10 14:11:50
RES104859,MUM001,CNF104859,GUEST104859,2026-05-16,2026-05-20,STE,PKG,PKG_STD,MODIFIED,3,97284,INR,2026-05-10 12:58:45,2026-05-10 13:52:45
RES104860,KOL001,CNF104860,GUEST104860,2026-06-29,2026-07-01,KING,CORP,CORP_DLX,BOOKED,2,32740,INR,2026-05-10 10:32:54,2026-05-10 13:05:54
RES104861,DEL001,CNF104861,GUEST104861,2026-07-01,2026-07-04,DLX,MEMBER,MEM_STD,MODIFIED,3,94410,INR,2026-05-10 21:50:31,2026-05-10 22:24:31
RES104862,BLR002,CNF104862,GUEST104862,2026-07-08,2026-07-13,KING,CORP,CORP_DLX,CANCELLED,3,0,INR,2026-05-10 09:01:58,2026-05-10 09:22:58
RES104863,MUM002,CNF104863,GUEST104863,2026-06-11,2026-06-13,KING,MEMBER,MEM_STD,MODIFIED,4,30848,INR,2026-05-10 07:09:02,2026-05-10 08:47:02
RES104864,DEL001,CNF104864,GUEST104864,2026-06-03,2026-06-04,QUEEN,PKG,PKG_DLX,CANCELLED,4,0,INR,2026-05-10 09:49:55,2026-05-10 10:42:55
RES104865,MUM002,CNF104865,GUEST104865,2026-06-08,2026-06-13,DLX,BAR,BAR_DLX,BOOKED,4,88820,INR,2026-05-10 06:53:38,2026-05-10 07:01:38
RES104866,CHA001,CNF104866,GUEST104866,2026-05-16,2026-05-17,QUEEN,BAR,BAR_DLX,CANCELLED,4,0,INR,2026-05-10 21:39:49,2026-05-10 22:17:49
RES104867,MUM001,CNF104867,GUEST104867,2026-05-19,2026-05-22,KING,CORP,CORP_DLX,CANCELLED,4,0,INR,2026-05-10 02:54:41,2026-05-10 04:35:41
RES104868,BLR001,CNF104868,GUEST104868,2026-05-16,2026-05-17,DLX,MEMBER,MEM_STD,MODIFIED,2,24408,INR,2026-05-10 18:56:37,2026-05-10 20:25:37
RES104869,MUM001,CNF104869,GUEST104869,2026-06-21,2026-06-22,KING,BAR,BAR_STD,CANCELLED,4,0,INR,2026-05-10 13:08:24,2026-05-10 14:34:24
RES104870,KER001,CNF104870,GUEST104870,2026-06-14,2026-06-19,KING,PKG,PKG_DLX,MODIFIED,3,174510,INR,2026-05-10 23:08:32,2026-05-11 02:00:32
RES104871,CHN001,CNF104871,GUEST104871,2026-06-23,2026-06-28,DLX,PKG,PKG_STD,BOOKED,2,124840,INR,2026-05-10 14:10:36,2026-05-10 17:06:36
RES104872,CHN001,CNF104872,GUEST104872,2026-06-20,2026-06-23,QUEEN,MEMBER,MEM_DLX,CANCELLED,3,0,INR,2026-05-10 01:59:44,2026-05-10 03:05:44
RES104873,BLR002,CNF104873,GUEST104873,2026-06-06,2026-06-11,STE,PREPAY,PPR_STD,MODIFIED,4,123360,INR,2026-05-10 01:46:54,2026-05-10 04:16:54
RES104874,BLR001,CNF104874,GUEST104874,2026-06-15,2026-06-20,DLX,BAR,BAR_DLX,MODIFIED,4,258400,INR,2026-05-10 15:25:35,2026-05-10 17:49:35
RES104875,KOL001,CNF104875,GUEST104875,2026-05-24,2026-05-28,KING,PKG,PKG_DLX,CANCELLED,2,0,INR,2026-05-10 21:02:14,2026-05-10 21:25:14
RES104876,MUM002,CNF104876,GUEST104876,2026-06-21,2026-06-25,QUEEN,MEMBER,MEM_STD,CANCELLED,4,0,INR,2026-05-10 16:43:32,2026-05-10 17:52:32
RES104877,KER001,CNF104877,GUEST104877,2026-06-01,2026-06-02,DLX,MEMBER,MEM_DLX,CANCELLED,3,0,INR,2026-05-10 20:44:48,2026-05-10 20:49:48
RES104878,DEL002,CNF104878,GUEST104878,2026-06-30,2026-07-04,STD,PREPAY,PPR_DLX,CANCELLED,2,0,INR,2026-05-10 01:58:10,2026-05-10 02:12:10
RES104879,KER001,CNF104879,GUEST104879,2026-06-07,2026-06-11,STE,MEMBER,MEM_DLX,CANCELLED,4,0,INR,2026-05-10 06:02:04,2026-05-10 07:39:04
RES104880,DEL001,CNF104880,GUEST104880,2026-05-13,2026-05-17,DLX,MEMBER,MEM_STD,MODIFIED,1,17352,INR,2026-05-10 20:57:02,2026-05-10 21:17:02
RES104881,HYD001,CNF104881,GUEST104881,2026-05-27,2026-05-30,DLX,CORP,CORP_DLX,MODIFIED,1,11133,INR,2026-05-10 09:32:45,2026-05-10 11:00:45
RES104882,BLR002,CNF104882,GUEST104882,2026-06-01,2026-06-02,QUEEN,PKG,PKG_DLX,CANCELLED,4,0,INR,2026-05-10 17:39:34,2026-05-10 19:44:34
RES104883,CHA001,CNF104883,GUEST104883,2026-06-26,2026-06-28,QUEEN,PREPAY,PPR_STD,CANCELLED,1,0,INR,2026-05-10 08:26:02,2026-05-10 09:41:02
RES104884,DEL001,CNF104884,GUEST104884,2026-06-01,2026-06-03,QUEEN,PREPAY,PPR_DLX,BOOKED,3,42756,INR,2026-05-10 01:10:17,2026-05-10 02:59:17
RES104885,CHA001,CNF104885,GUEST104885,2026-06-06,2026-06-10,STE,BAR,BAR_DLX,CANCELLED,1,0,INR,2026-05-10 23:58:01,2026-05-11 01:33:01
RES104886,CHA001,CNF104886,GUEST104886,2026-06-09,2026-06-14,DLX,BAR,BAR_DLX,CANCELLED,4,0,INR,2026-05-10 15:41:09,2026-05-10 17:24:09
RES104887,CHN001,CNF104887,GUEST104887,2026-05-23,2026-05-25,DLX,MEMBER,MEM_STD,CANCELLED,3,0,INR,2026-05-10 00:11:40,2026-05-10 00:28:40
RES104888,BLR001,CNF104888,GUEST104888,2026-06-11,2026-06-14,STD,CORP,CORP_DLX,MODIFIED,2,45654,INR,2026-05-10 13:18:38,2026-05-10 13:36:38
RES104889,KER001,CNF104889,GUEST104889,2026-06-16,2026-06-20,STE,PREPAY,PPR_STD,BOOKED,1,28828,INR,2026-05-10 06:39:50,2026-05-10 08:48:50
RES104890,MUM001,CNF104890,GUEST104890,2026-07-08,2026-07-11,QUEEN,BAR,BAR_DLX,BOOKED,3,32814,INR,2026-05-10 23:08:37,2026-05-11 00:32:37
RES104891,CHA001,CNF104891,GUEST104891,2026-05-15,2026-05-17,QUEEN,BAR,BAR_STD,BOOKED,4,28064,INR,2026-05-10 19:32:56,2026-05-10 20:38:56
RES104892,BLR001,CNF104892,GUEST104892,2026-05-14,2026-05-18,KING,PREPAY,PPR_DLX,CANCELLED,3,0,INR,2026-05-10 03:04:20,2026-05-10 04:49:20
RES104893,KOL001,CNF104893,GUEST104893,2026-07-03,2026-07-04,QUEEN,MEMBER,MEM_STD,MODIFIED,1,12034,INR,2026-05-10 09:56:34,2026-05-10 12:47:34
RES104894,MUM002,CNF104894,GUEST104894,2026-06-24,2026-06-26,KING,CORP,CORP_DLX,CANCELLED,4,0,INR,2026-05-10 09:54:00,2026-05-10 11:48:00
RES104895,HYD001,CNF104895,GUEST104895,2026-05-28,2026-06-02,STD,MEMBER,MEM_DLX,MODIFIED,3,174225,INR,2026-05-10 16:20:43,2026-05-10 17:38:43
RES104896,BLR002,CNF104896,GUEST104896,2026-05-30,2026-06-02,KING,PREPAY,PPR_DLX,MODIFIED,3,93051,INR,2026-05-10 13:11:19,2026-05-10 13:51:19
RES104897,BLR001,CNF104897,GUEST104897,2026-06-30,2026-07-05,KING,PKG,PKG_STD,BOOKED,2,80390,INR,2026-05-10 02:28:28,2026-05-10 04:42:28
RES104898,HYD001,CNF104898,GUEST104898,2026-06-12,2026-06-16,QUEEN,CORP,CORP_DLX,CANCELLED,2,0,INR,2026-05-10 01:02:55,2026-05-10 03:36:55
RES104899,MUM001,CNF104899,GUEST104899,2026-07-04,2026-07-09,KING,BAR,BAR_DLX,MODIFIED,2,61670,INR,2026-05-10 02:01:20,2026-05-10 05:00:20
RES104900,KER001,CNF104900,GUEST104900,2026-05-17,2026-05-22,DLX,MEMBER,MEM_DLX,BOOKED,4,128500,INR,2026-05-10 09:34:04,2026-05-10 12:09:04
RES104901,BLR002,CNF104901,GUEST104901,2026-06-19,2026-06-24,QUEEN,BAR,BAR_STD,MODIFIED,2,59700,INR,2026-05-10 18:17:29,2026-05-10 18:45:29
RES104902,BLR001,CNF104902,GUEST104902,2026-05-30,2026-06-03,STE,PKG,PKG_STD,BOOKED,2,119152,INR,2026-05-10 11:46:00,2026-05-10 14:06:00
RES104903,BLR002,CNF104903,GUEST104903,2026-05-15,2026-05-16,DLX,CORP,CORP_DLX,CANCELLED,1,0,INR,2026-05-10 14:55:00,2026-05-10 16:22:00
RES104904,KER001,CNF104904,GUEST104904,2026-05-24,2026-05-27,KING,PREPAY,PPR_DLX,BOOKED,2,73326,INR,2026-05-10 05:54:36,2026-05-10 06:09:36
RES104905,CHN001,CNF104905,GUEST104905,2026-05-22,2026-05-24,STE,PREPAY,PPR_DLX,MODIFIED,3,72444,INR,2026-05-10 10:52:01,2026-05-10 12:57:01
RES104906,MUM002,CNF104906,GUEST104906,2026-06-02,2026-06-05,STE,BAR,BAR_STD,MODIFIED,3,121788,INR,2026-05-10 09:17:34,2026-05-10 10:25:34
RES104907,KER001,CNF104907,GUEST104907,2026-06-24,2026-06-29,STD,PREPAY,PPR_STD,CANCELLED,1,0,INR,2026-05-10 17:12:09,2026-05-10 19:04:09
RES104908,KOL001,CNF104908,GUEST104908,2026-07-01,2026-07-06,STE,MEMBER,MEM_DLX,MODIFIED,3,136650,INR,2026-05-10 10:44:33,2026-05-10 13:04:33
RES104909,MUM001,CNF104909,GUEST104909,2026-06-09,2026-06-11,DLX,BAR,BAR_DLX,MODIFIED,2,45408,INR,2026-05-10 07:04:20,2026-05-10 09:29:20
RES104910,KER001,CNF104910,GUEST104910,2026-06-04,2026-06-06,DLX,PREPAY,PPR_DLX,MODIFIED,2,17760,INR,2026-05-10 09:23:36,2026-05-10 10:53:36
RES104911,BLR001,CNF104911,GUEST104911,2026-06-25,2026-06-28,KING,PKG,PKG_DLX,MODIFIED,1,39660,INR,2026-05-10 07:21:55,2026-05-10 08:48:55
RES104912,BLR001,CNF104912,GUEST104912,2026-05-23,2026-05-24,QUEEN,PREPAY,PPR_DLX,CANCELLED,3,0,INR,2026-05-10 18:59:09,2026-05-10 19:39:09
RES104913,CHA001,CNF104913,GUEST104913,2026-06-16,2026-06-18,DLX,CORP,CORP_DLX,MODIFIED,3,66126,INR,2026-05-10 05:31:34,2026-05-10 07:44:34
RES104914,KOL001,CNF104914,GUEST104914,2026-07-09,2026-07-12,QUEEN,CORP,CORP_STD,CANCELLED,2,0,INR,2026-05-10 17:44:28,2026-05-10 19:16:28
RES104915,HYD001,CNF104915,GUEST104915,2026-07-08,2026-07-12,STE,PREPAY,PPR_STD,MODIFIED,1,35668,INR,2026-05-10 07:15:22,2026-05-10 08:22:22
RES104916,CHA001,CNF104916,GUEST104916,2026-06-24,2026-06-25,QUEEN,PKG,PKG_STD,BOOKED,4,59156,INR,2026-05-10 11:01:34,2026-05-10 11:52:34
RES104917,CHA001,CNF104917,GUEST104917,2026-07-08,2026-07-10,DLX,CORP,CORP_DLX,CANCELLED,3,0,INR,2026-05-10 13:12:46,2026-05-10 15:45:46
RES104918,MUM002,CNF104918,GUEST104918,2026-06-21,2026-06-26,STE,MEMBER,MEM_STD,BOOKED,1,54625,INR,2026-05-10 05:02:34,2026-05-10 05:25:34
RES104919,DEL001,CNF104919,GUEST104919,2026-06-26,2026-07-01,DLX,BAR,BAR_DLX,MODIFIED,4,250080,INR,2026-05-10 12:42:03,2026-05-10 12:50:03
RES104920,KOL001,CNF104920,GUEST104920,2026-06-01,2026-06-05,QUEEN,MEMBER,MEM_DLX,CANCELLED,3,0,INR,2026-05-10 18:22:53,2026-05-10 20:57:53
RES104921,HYD001,CNF104921,GUEST104921,2026-05-12,2026-05-15,DLX,CORP,CORP_STD,CANCELLED,1,0,INR,2026-05-10 16:16:47,2026-05-10 17:11:47
RES104922,BLR002,CNF104922,GUEST104922,2026-06-10,2026-06-15,STD,BAR,BAR_STD,MODIFIED,2,100000,INR,2026-05-10 16:15:28,2026-05-10 16:27:28
RES104923,CHN001,CNF104923,GUEST104923,2026-05-21,2026-05-23,KING,MEMBER,MEM_STD,MODIFIED,1,19160,INR,2026-05-10 18:58:00,2026-05-10 21:22:00
RES104924,BLR001,CNF104924,GUEST104924,2026-05-19,2026-05-21,STD,PKG,PKG_STD,MODIFIED,2,34904,INR,2026-05-10 13:05:07,2026-05-10 13:53:07
RES104925,DEL001,CNF104925,GUEST104925,2026-06-11,2026-06-12,KING,MEMBER,MEM_STD,BOOKED,1,4712,INR,2026-05-10 12:38:47,2026-05-10 12:41:47
RES104926,MUM002,CNF104926,GUEST104926,2026-07-04,2026-07-08,QUEEN,BAR,BAR_DLX,CANCELLED,3,0,INR,2026-05-10 05:56:52,2026-05-10 08:35:52
RES104927,CHN001,CNF104927,GUEST104927,2026-06-21,2026-06-26,KING,PKG,PKG_DLX,MODIFIED,2,144180,INR,2026-05-10 06:17:38,2026-05-10 07:52:38
RES104928,KER001,CNF104928,GUEST104928,2026-06-13,2026-06-16,STD,BAR,BAR_DLX,BOOKED,4,156720,INR,2026-05-10 14:31:39,2026-05-10 17:31:39
RES104929,CHN001,CNF104929,GUEST104929,2026-06-11,2026-06-13,QUEEN,BAR,BAR_DLX,BOOKED,4,82456,INR,2026-05-10 09:13:22,2026-05-10 11:27:22
RES104930,BLR002,CNF104930,GUEST104930,2026-05-29,2026-05-31,QUEEN,PREPAY,PPR_STD,BOOKED,4,78008,INR,2026-05-10 20:38:07,2026-05-10 21:10:07
RES104931,BLR001,CNF104931,GUEST104931,2026-06-13,2026-06-18,STD,PREPAY,PPR_DLX,CANCELLED,1,0,INR,2026-05-10 03:03:44,2026-05-10 04:11:44
RES104932,CHN001,CNF104932,GUEST104932,2026-05-24,2026-05-29,DLX,PKG,PKG_STD,MODIFIED,1,30315,INR,2026-05-10 09:58:32,2026-05-10 10:12:32
RES104933,KOL001,CNF104933,GUEST104933,2026-05-26,2026-05-31,DLX,MEMBER,MEM_DLX,BOOKED,1,46420,INR,2026-05-10 20:21:53,2026-05-10 20:26:53
RES104934,BLR001,CNF104934,GUEST104934,2026-07-06,2026-07-11,STD,PKG,PKG_DLX,BOOKED,2,141490,INR,2026-05-10 04:13:34,2026-05-10 04:55:34
RES104935,DEL002,CNF104935,GUEST104935,2026-05-29,2026-05-30,STE,PREPAY,PPR_DLX,CANCELLED,3,0,INR,2026-05-10 06:19:11,2026-05-10 09:16:11
RES104936,BLR001,CNF104936,GUEST104936,2026-07-03,2026-07-04,STE,MEMBER,MEM_STD,BOOKED,1,12437,INR,2026-05-10 05:24:03,2026-05-10 05:30:03
RES104937,DEL002,CNF104937,GUEST104937,2026-05-14,2026-05-15,DLX,PREPAY,PPR_DLX,MODIFIED,3,34131,INR,2026-05-10 10:00:11,2026-05-10 10:17:11
RES104938,DEL001,CNF104938,GUEST104938,2026-07-05,2026-07-06,KING,MEMBER,MEM_DLX,BOOKED,1,14772,INR,2026-05-10 22:43:04,2026-05-11 01:43:04
RES104939,BLR002,CNF104939,GUEST104939,2026-05-26,2026-05-29,DLX,MEMBER,MEM_STD,CANCELLED,2,0,INR,2026-05-10 13:45:08,2026-05-10 15:36:08
RES104940,DEL002,CNF104940,GUEST104940,2026-07-07,2026-07-10,DLX,PREPAY,PPR_DLX,MODIFIED,3,115263,INR,2026-05-10 18:18:56,2026-05-10 19:26:56
RES104941,MUM002,CNF104941,GUEST104941,2026-05-28,2026-06-01,KING,BAR,BAR_DLX,CANCELLED,3,0,INR,2026-05-10 04:47:33,2026-05-10 05:54:33
RES104942,DEL001,CNF104942,GUEST104942,2026-06-16,2026-06-20,STD,PREPAY,PPR_DLX,CANCELLED,4,0,INR,2026-05-10 08:42:26,2026-05-10 11:21:26
RES104943,CHA001,CNF104943,GUEST104943,2026-06-06,2026-06-10,KING,PKG,PKG_DLX,BOOKED,2,119064,INR,2026-05-10 17:11:54,2026-05-10 19:54:54
RES104944,MUM001,CNF104944,GUEST104944,2026-07-03,2026-07-06,DLX,PREPAY,PPR_DLX,CANCELLED,4,0,INR,2026-05-10 22:07:45,2026-05-10 22:21:45
RES104945,MUM001,CNF104945,GUEST104945,2026-05-13,2026-05-18,DLX,BAR,BAR_STD,BOOKED,1,38540,INR,2026-05-10 06:50:09,2026-05-10 07:08:09
RES104946,KOL001,CNF104946,GUEST104946,2026-06-04,2026-06-05,KING,BAR,BAR_STD,BOOKED,2,21034,INR,2026-05-10 10:56:34,2026-05-10 13:51:34
RES104947,DEL001,CNF104947,GUEST104947,2026-05-26,2026-05-27,STE,PKG,PKG_STD,BOOKED,4,40428,INR,2026-05-10 02:33:01,2026-05-10 04:50:01
RES104948,BLR001,CNF104948,GUEST104948,2026-05-29,2026-06-02,DLX,MEMBER,MEM_DLX,MODIFIED,3,115800,INR,2026-05-10 16:15:06,2026-05-10 19:02:06
RES104949,DEL002,CNF104949,GUEST104949,2026-06-30,2026-07-05,KING,BAR,BAR_DLX,BOOKED,2,42960,INR,2026-05-10 18:36:23,2026-05-10 19:36:23
RES104950,BLR002,CNF104950,GUEST104950,2026-06-30,2026-07-04,KING,CORP,CORP_STD,CANCELLED,3,0,INR,2026-05-10 18:56:41,2026-05-10 20:35:41
RES104951,HYD001,CNF104951,GUEST104951,2026-05-17,2026-05-22,STD,PREPAY,PPR_DLX,BOOKED,1,53035,INR,2026-05-10 23:38:25,2026-05-11 01:40:25
RES104952,KOL001,CNF104952,GUEST104952,2026-05-26,2026-05-30,STE,BAR,BAR_DLX,MODIFIED,1,49012,INR,2026-05-10 04:58:21,2026-05-10 05:52:21
RES104953,CHN001,CNF104953,GUEST104953,2026-06-06,2026-06-10,DLX,BAR,BAR_DLX,MODIFIED,3,97368,INR,2026-05-10 06:50:12,2026-05-10 09:12:12
RES104954,BLR002,CNF104954,GUEST104954,2026-05-19,2026-05-24,QUEEN,MEMBER,MEM_DLX,BOOKED,2,114860,INR,2026-05-10 13:10:59,2026-05-10 13:34:59
RES104955,KOL001,CNF104955,GUEST104955,2026-06-13,2026-06-14,QUEEN,PREPAY,PPR_STD,BOOKED,2,15370,INR,2026-05-10 02:29:05,2026-05-10 03:18:05
RES104956,KER001,CNF104956,GUEST104956,2026-06-19,2026-06-24,STD,MEMBER,MEM_DLX,CANCELLED,2,0,INR,2026-05-10 19:57:37,2026-05-10 22:21:37
RES104957,BLR002,CNF104957,GUEST104957,2026-07-04,2026-07-07,STE,MEMBER,MEM_DLX,MODIFIED,4,113376,INR,2026-05-10 13:16:34,2026-05-10 15:37:34
RES104958,MUM001,CNF104958,GUEST104958,2026-06-20,2026-06-23,QUEEN,PKG,PKG_DLX,MODIFIED,2,80358,INR,2026-05-10 01:06:21,2026-05-10 01:42:21
RES104959,DEL002,CNF104959,GUEST104959,2026-06-08,2026-06-10,DLX,BAR,BAR_DLX,BOOKED,1,14468,INR,2026-05-10 01:28:52,2026-05-10 02:59:52
RES104960,HYD001,CNF104960,GUEST104960,2026-05-11,2026-05-15,QUEEN,PREPAY,PPR_STD,BOOKED,1,31148,INR,2026-05-10 11:30:59,2026-05-10 14:27:59
RES104961,BLR002,CNF104961,GUEST104961,2026-05-27,2026-05-29,STE,PKG,PKG_DLX,MODIFIED,1,16346,INR,2026-05-10 03:38:48,2026-05-10 05:05:48
RES104962,BLR001,CNF104962,GUEST104962,2026-06-12,2026-06-15,STE,MEMBER,MEM_DLX,BOOKED,1,23262,INR,2026-05-10 01:37:21,2026-05-10 04:15:21
RES104963,CHN001,CNF104963,GUEST104963,2026-06-07,2026-06-09,KING,PKG,PKG_STD,CANCELLED,3,0,INR,2026-05-10 05:20:21,2026-05-10 07:44:21
RES104964,CHA001,CNF104964,GUEST104964,2026-06-18,2026-06-23,DLX,PREPAY,PPR_STD,BOOKED,1,28420,INR,2026-05-10 12:24:00,2026-05-10 14:55:00
RES104965,CHN001,CNF104965,GUEST104965,2026-05-19,2026-05-24,QUEEN,MEMBER,MEM_DLX,MODIFIED,4,272520,INR,2026-05-10 15:06:43,2026-05-10 15:19:43
RES104966,CHA001,CNF104966,GUEST104966,2026-06-19,2026-06-22,KING,PKG,PKG_DLX,BOOKED,4,79380,INR,2026-05-10 10:04:58,2026-05-10 10:42:58
RES104967,DEL001,CNF104967,GUEST104967,2026-05-28,2026-05-31,DLX,CORP,CORP_STD,MODIFIED,1,17799,INR,2026-05-10 01:08:10,2026-05-10 03:40:10
RES104968,HYD001,CNF104968,GUEST104968,2026-05-22,2026-05-24,STE,PREPAY,PPR_DLX,MODIFIED,2,23548,INR,2026-05-10 01:37:25,2026-05-10 02:05:25
RES104969,CHA001,CNF104969,GUEST104969,2026-06-13,2026-06-15,STE,MEMBER,MEM_DLX,BOOKED,1,26492,INR,2026-05-10 22:23:21,2026-05-10 23:33:21
RES104970,KER001,CNF104970,GUEST104970,2026-05-14,2026-05-19,STE,MEMBER,MEM_STD,BOOKED,4,139440,INR,2026-05-10 01:10:42,2026-05-10 01:35:42
RES104971,DEL002,CNF104971,GUEST104971,2026-05-13,2026-05-17,STD,PKG,PKG_DLX,MODIFIED,2,94136,INR,2026-05-10 01:19:10,2026-05-10 03:28:10
RES104972,MUM001,CNF104972,GUEST104972,2026-05-12,2026-05-14,KING,BAR,BAR_STD,CANCELLED,2,0,INR,2026-05-10 23:46:53,2026-05-11 02:28:53
RES104973,DEL001,CNF104973,GUEST104973,2026-06-09,2026-06-10,STD,CORP,CORP_DLX,CANCELLED,2,0,INR,2026-05-10 10:35:26,2026-05-10 11:54:26
RES104974,HYD001,CNF104974,GUEST104974,2026-05-21,2026-05-24,STE,PREPAY,PPR_DLX,CANCELLED,3,0,INR,2026-05-10 04:13:34,2026-05-10 05:27:34
RES104975,DEL001,CNF104975,GUEST104975,2026-05-30,2026-06-03,QUEEN,CORP,CORP_DLX,CANCELLED,2,0,INR,2026-05-10 19:20:08,2026-05-10 19:48:08
RES104976,KER001,CNF104976,GUEST104976,2026-06-15,2026-06-16,QUEEN,BAR,BAR_STD,BOOKED,3,13143,INR,2026-05-10 10:50:23,2026-05-10 11:16:23
RES104977,CHA001,CNF104977,GUEST104977,2026-06-05,2026-06-09,STE,MEMBER,MEM_STD,CANCELLED,3,0,INR,2026-05-10 06:27:13,2026-05-10 06:49:13
RES104978,CHA001,CNF104978,GUEST104978,2026-05-20,2026-05-24,STD,BAR,BAR_STD,BOOKED,4,144160,INR,2026-05-10 10:12:28,2026-05-10 12:05:28
RES104979,BLR001,CNF104979,GUEST104979,2026-05-27,2026-05-28,STE,PKG,PKG_DLX,BOOKED,3,10740,INR,2026-05-10 00:35:54,2026-05-10 03:34:54
RES104980,BLR002,CNF104980,GUEST104980,2026-05-26,2026-05-29,DLX,CORP,CORP_DLX,BOOKED,3,33399,INR,2026-05-10 23:21:18,2026-05-11 02:13:18
RES104981,DEL001,CNF104981,GUEST104981,2026-05-19,2026-05-21,QUEEN,PREPAY,PPR_STD,MODIFIED,3,81552,INR,2026-05-10 19:51:25,2026-05-10 20:03:25
RES104982,MUM001,CNF104982,GUEST104982,2026-06-01,2026-06-02,QUEEN,PREPAY,PPR_STD,CANCELLED,4,0,INR,2026-05-10 10:10:10,2026-05-10 11:37:10
RES104983,CHN001,CNF104983,GUEST104983,2026-06-05,2026-06-10,QUEEN,CORP,CORP_DLX,BOOKED,4,178740,INR,2026-05-10 03:52:46,2026-05-10 05:00:46
RES104984,KER001,CNF104984,GUEST104984,2026-05-17,2026-05-22,STE,MEMBER,MEM_STD,BOOKED,3,189720,INR,2026-05-10 18:49:09,2026-05-10 19:19:09
RES104985,MUM002,CNF104985,GUEST104985,2026-05-17,2026-05-19,STD,BAR,BAR_STD,CANCELLED,1,0,INR,2026-05-10 22:22:25,2026-05-11 00:11:25
RES104986,MUM001,CNF104986,GUEST104986,2026-06-18,2026-06-21,STE,MEMBER,MEM_STD,MODIFIED,3,60633,INR,2026-05-10 03:37:34,2026-05-10 06:35:34
RES104987,CHN001,CNF104987,GUEST104987,2026-06-06,2026-06-11,STD,PKG,PKG_DLX,CANCELLED,1,0,INR,2026-05-10 08:04:14,2026-05-10 10:45:14
RES104988,CHA001,CNF104988,GUEST104988,2026-05-29,2026-05-30,DLX,CORP,CORP_DLX,CANCELLED,2,0,INR,2026-05-10 17:58:47,2026-05-10 20:55:47
RES104989,KER001,CNF104989,GUEST104989,2026-05-26,2026-05-30,KING,CORP,CORP_DLX,CANCELLED,4,0,INR,2026-05-10 11:29:52,2026-05-10 14:02:52
RES104990,BLR001,CNF104990,GUEST104990,2026-05-16,2026-05-21,STD,MEMBER,MEM_DLX,BOOKED,1,42420,INR,2026-05-10 02:40:15,2026-05-10 03:42:15
RES104991,BLR002,CNF104991,GUEST104991,2026-05-20,2026-05-25,STE,PKG,PKG_STD,CANCELLED,4,0,INR,2026-05-10 10:24:13,2026-05-10 11:16:13
RES104992,MUM002,CNF104992,GUEST104992,2026-06-24,2026-06-26,STD,BAR,BAR_DLX,MODIFIED,4,99568,INR,2026-05-10 02:43:07,2026-05-10 05:04:07
RES104993,DEL002,CNF104993,GUEST104993,2026-05-28,2026-06-01,KING,CORP,CORP_STD,BOOKED,3,51504,INR,2026-05-10 10:42:37,2026-05-10 11:46:37
RES104994,MUM001,CNF104994,GUEST104994,2026-05-24,2026-05-29,QUEEN,BAR,BAR_STD,MODIFIED,1,71370,INR,2026-05-10 19:12:25,2026-05-10 20:00:25
RES104995,HYD001,CNF104995,GUEST104995,2026-07-01,2026-07-05,STE,MEMBER,MEM_DLX,CANCELLED,3,0,INR,2026-05-10 13:46:01,2026-05-10 13:47:01
RES104996,DEL002,CNF104996,GUEST104996,2026-07-07,2026-07-09,KING,MEMBER,MEM_STD,BOOKED,2,34700,INR,2026-05-10 07:59:16,2026-05-10 08:30:16
RES104997,HYD001,CNF104997,GUEST104997,2026-06-18,2026-06-20,STE,BAR,BAR_DLX,MODIFIED,4,115952,INR,2026-05-10 03:40:08,2026-05-10 04:52:08
RES104998,KOL001,CNF104998,GUEST104998,2026-06-10,2026-06-11,KING,PKG,PKG_DLX,CANCELLED,4,0,INR,2026-05-10 19:35:17,2026-05-10 20:32:17
RES104999,DEL001,CNF104999,GUEST104999,2026-06-07,2026-06-10,STD,BAR,BAR_STD,CANCELLED,4,0,INR,2026-05-10 20:13:58,2026-05-10 20:22:58
RES105000,CHN001,CNF105000,GUEST105000,2026-06-01,2026-06-04,DLX,PKG,PKG_STD,MODIFIED,3,40509,INR,2026-05-10 21:13:03,2026-05-10 23:14:03
