reservation_id,property_code,confirmation_number,guest_id,arrival_date,departure_date,room_type,rate_plan_code,price_plan_code,booking_status,room_count,total_revenue,currency,created_ts,updated_ts
RES100001,HYD001,CNF100001,GUEST100001,28-06-2026 00:00,30-06-2026 00:00,KING,PKG,PKG_STD,MODIFIED,2,30244,INR,09-05-2026 12:11,09-05-2026 12:35
RES100002,BLR002,CNF100002,GUEST100002,20-05-2026 00:00,22-05-2026 00:00,STD,BAR,BAR_STD,CANCELLED,1,0,INR,09-05-2026 00:05,09-05-2026 00:48
RES100003,DEL001,CNF100003,GUEST100003,12-05-2026 00:00,16-05-2026 00:00,KING,CORP,CORP_STD,MODIFIED,2,101464,INR,09-05-2026 21:34,09-05-2026 21:35
RES100004,BLR001,CNF100004,GUEST100004,04-07-2026 00:00,08-07-2026 00:00,QUEEN,PKG,PKG_DLX,BOOKED,1,46996,INR,09-05-2026 00:26,09-05-2026 01:30
RES100005,DEL001,CNF100005,GUEST100005,03-06-2026 00:00,05-06-2026 00:00,QUEEN,PREPAY,PPR_DLX,MODIFIED,4,86344,INR,09-05-2026 14:25,09-05-2026 16:12
RES100006,MUM001,CNF100006,GUEST100006,13-06-2026 00:00,14-06-2026 00:00,KING,PREPAY,PPR_DLX,MODIFIED,2,22148,INR,09-05-2026 17:26,09-05-2026 18:18
RES100007,HYD001,CNF100007,GUEST100007,26-05-2026 00:00,27-05-2026 00:00,KING,PREPAY,PPR_DLX,CANCELLED,3,0,INR,09-05-2026 17:04,09-05-2026 17:06
RES100008,HYD001,CNF100008,GUEST100008,02-06-2026 00:00,07-06-2026 00:00,QUEEN,CORP,CORP_STD,BOOKED,3,138615,INR,09-05-2026 17:02,09-05-2026 18:54
RES100009,MUM001,CNF100009,GUEST100009,29-05-2026 00:00,30-05-2026 00:00,QUEEN,CORP,CORP_STD,MODIFIED,3,44181,INR,09-05-2026 02:52,09-05-2026 05:37
RES100010,BLR002,CNF100010,GUEST100010,16-05-2026 00:00,21-05-2026 00:00,STD,BAR,BAR_DLX,CANCELLED,2,0,INR,09-05-2026 22:12,10-05-2026 00:12
RES100011,BLR001,CNF100011,GUEST100011,13-05-2026 00:00,15-05-2026 00:00,QUEEN,CORP,CORP_DLX,CANCELLED,3,0,INR,09-05-2026 16:21,09-05-2026 17:23
RES100012,MUM001,CNF100012,GUEST100012,08-06-2026 00:00,11-06-2026 00:00,STE,PREPAY,PPR_STD,BOOKED,2,53130,INR,09-05-2026 11:55,09-05-2026 12:20
RES100013,HYD001,CNF100013,GUEST100013,01-07-2026 00:00,05-07-2026 00:00,QUEEN,PKG,PKG_DLX,MODIFIED,3,99720,INR,09-05-2026 20:38,09-05-2026 23:35
RES100014,HYD001,CNF100014,GUEST100014,11-06-2026 00:00,13-06-2026 00:00,STE,BAR,BAR_DLX,BOOKED,3,21384,INR,09-05-2026 15:13,09-05-2026 16:40
RES100015,HYD001,CNF100015,GUEST100015,16-05-2026 00:00,21-05-2026 00:00,KING,PKG,PKG_STD,BOOKED,4,254160,INR,09-05-2026 23:44,09-05-2026 23:49
RES100016,MUM001,CNF100016,GUEST100016,26-06-2026 00:00,01-07-2026 00:00,QUEEN,PKG,PKG_STD,CANCELLED,4,0,INR,09-05-2026 09:07,09-05-2026 10:10
RES100017,BLR001,CNF100017,GUEST100017,17-06-2026 00:00,22-06-2026 00:00,KING,MEMBER,MEM_DLX,BOOKED,1,45685,INR,09-05-2026 00:36,09-05-2026 00:41
RES100018,DEL001,CNF100018,GUEST100018,09-06-2026 00:00,11-06-2026 00:00,KING,MEMBER,MEM_DLX,BOOKED,4,81632,INR,09-05-2026 18:33,09-05-2026 19:24
RES100019,DEL001,CNF100019,GUEST100019,11-05-2026 00:00,15-05-2026 00:00,DLX,CORP,CORP_STD,MODIFIED,1,57044,INR,09-05-2026 13:16,09-05-2026 15:45
RES100020,MUM001,CNF100020,GUEST100020,23-06-2026 00:00,25-06-2026 00:00,DLX,BAR,BAR_STD,CANCELLED,1,0,INR,09-05-2026 15:10,09-05-2026 17:39
RES100021,MUM001,CNF100021,GUEST100021,13-05-2026 00:00,15-05-2026 00:00,DLX,CORP,CORP_STD,CANCELLED,3,0,INR,09-05-2026 12:08,09-05-2026 13:51
RES100022,DEL001,CNF100022,GUEST100022,12-06-2026 00:00,13-06-2026 00:00,STE,CORP,CORP_DLX,CANCELLED,2,0,INR,09-05-2026 06:37,09-05-2026 08:46
RES100023,BLR001,CNF100023,GUEST100023,20-05-2026 00:00,24-05-2026 00:00,DLX,PREPAY,PPR_DLX,BOOKED,2,70736,INR,09-05-2026 22:16,10-05-2026 00:23
RES100024,DEL001,CNF100024,GUEST100024,13-05-2026 00:00,15-05-2026 00:00,STE,CORP,CORP_STD,BOOKED,3,76200,INR,09-05-2026 19:25,09-05-2026 21:35
RES100025,DEL001,CNF100025,GUEST100025,14-06-2026 00:00,15-06-2026 00:00,KING,CORP,CORP_DLX,BOOKED,1,9145,INR,09-05-2026 08:06,09-05-2026 11:00
RES100026,DEL001,CNF100026,GUEST100026,28-06-2026 00:00,02-07-2026 00:00,QUEEN,MEMBER,MEM_STD,BOOKED,4,71440,INR,09-05-2026 23:40,10-05-2026 01:26
RES100027,DEL001,CNF100027,GUEST100027,13-06-2026 00:00,16-06-2026 00:00,QUEEN,PKG,PKG_STD,BOOKED,4,115044,INR,09-05-2026 15:50,09-05-2026 16:10
RES100028,MUM001,CNF100028,GUEST100028,18-05-2026 00:00,23-05-2026 00:00,DLX,MEMBER,MEM_STD,CANCELLED,3,0,INR,09-05-2026 07:12,09-05-2026 08:43
RES100029,HYD001,CNF100029,GUEST100029,28-05-2026 00:00,30-05-2026 00:00,QUEEN,MEMBER,MEM_STD,CANCELLED,1,0,INR,09-05-2026 01:34,09-05-2026 03:31
RES100030,BLR002,CNF100030,GUEST100030,06-06-2026 00:00,09-06-2026 00:00,DLX,CORP,CORP_STD,BOOKED,2,28986,INR,09-05-2026 17:56,09-05-2026 18:40
RES100031,HYD001,CNF100031,GUEST100031,23-06-2026 00:00,26-06-2026 00:00,KING,CORP,CORP_DLX,CANCELLED,1,0,INR,09-05-2026 13:10,09-05-2026 15:04
RES100032,HYD001,CNF100032,GUEST100032,26-06-2026 00:00,29-06-2026 00:00,STD,MEMBER,MEM_STD,MODIFIED,4,79452,INR,09-05-2026 17:38,09-05-2026 20:25
RES100033,HYD001,CNF100033,GUEST100033,12-06-2026 00:00,14-06-2026 00:00,DLX,BAR,BAR_DLX,CANCELLED,4,0,INR,09-05-2026 02:07,09-05-2026 02:07
RES100034,DEL001,CNF100034,GUEST100034,29-06-2026 00:00,04-07-2026 00:00,STD,PREPAY,PPR_STD,MODIFIED,1,68070,INR,09-05-2026 22:26,09-05-2026 23:39
RES100035,DEL001,CNF100035,GUEST100035,05-07-2026 00:00,08-07-2026 00:00,QUEEN,BAR,BAR_STD,BOOKED,2,53088,INR,09-05-2026 14:11,09-05-2026 16:30
RES100036,BLR001,CNF100036,GUEST100036,28-06-2026 00:00,30-06-2026 00:00,KING,MEMBER,MEM_DLX,MODIFIED,3,38478,INR,09-05-2026 14:00,09-05-2026 15:40
RES100037,DEL001,CNF100037,GUEST100037,09-06-2026 00:00,11-06-2026 00:00,STD,BAR,BAR_DLX,MODIFIED,4,97744,INR,09-05-2026 02:38,09-05-2026 03:18
RES100038,BLR002,CNF100038,GUEST100038,14-06-2026 00:00,19-06-2026 00:00,QUEEN,CORP,CORP_DLX,MODIFIED,3,222690,INR,09-05-2026 00:04,09-05-2026 01:02
RES100039,BLR001,CNF100039,GUEST100039,08-06-2026 00:00,13-06-2026 00:00,KING,BAR,BAR_DLX,BOOKED,4,240220,INR,09-05-2026 23:04,09-05-2026 23:57
RES100040,MUM001,CNF100040,GUEST100040,11-05-2026 00:00,15-05-2026 00:00,KING,BAR,BAR_DLX,CANCELLED,4,0,INR,09-05-2026 04:59,09-05-2026 06:55
RES100041,MUM001,CNF100041,GUEST100041,10-06-2026 00:00,13-06-2026 00:00,DLX,CORP,CORP_STD,BOOKED,3,90684,INR,09-05-2026 19:13,09-05-2026 20:11
RES100042,HYD001,CNF100042,GUEST100042,22-05-2026 00:00,23-05-2026 00:00,STD,MEMBER,MEM_STD,CANCELLED,2,0,INR,09-05-2026 10:40,09-05-2026 10:43
RES100043,MUM001,CNF100043,GUEST100043,01-07-2026 00:00,04-07-2026 00:00,KING,BAR,BAR_STD,BOOKED,2,22116,INR,09-05-2026 13:03,09-05-2026 14:51
RES100044,BLR001,CNF100044,GUEST100044,01-06-2026 00:00,05-06-2026 00:00,QUEEN,PREPAY,PPR_STD,CANCELLED,4,0,INR,09-05-2026 08:40,09-05-2026 09:25
RES100045,BLR002,CNF100045,GUEST100045,14-05-2026 00:00,16-05-2026 00:00,QUEEN,CORP,CORP_DLX,CANCELLED,2,0,INR,09-05-2026 04:39,09-05-2026 05:36
RES100046,BLR001,CNF100046,GUEST100046,14-05-2026 00:00,19-05-2026 00:00,STE,BAR,BAR_DLX,CANCELLED,2,0,INR,09-05-2026 05:54,09-05-2026 07:45
RES100047,MUM001,CNF100047,GUEST100047,28-05-2026 00:00,30-05-2026 00:00,STE,PKG,PKG_DLX,BOOKED,1,20756,INR,09-05-2026 13:11,09-05-2026 14:38
RES100048,BLR002,CNF100048,GUEST100048,06-07-2026 00:00,10-07-2026 00:00,QUEEN,PREPAY,PPR_DLX,CANCELLED,4,0,INR,09-05-2026 07:17,09-05-2026 09:25
RES100049,DEL001,CNF100049,GUEST100049,26-05-2026 00:00,31-05-2026 00:00,STE,PREPAY,PPR_STD,BOOKED,3,84765,INR,09-05-2026 16:38,09-05-2026 18:03
RES100050,BLR001,CNF100050,GUEST100050,28-05-2026 00:00,01-06-2026 00:00,QUEEN,MEMBER,MEM_DLX,MODIFIED,1,32400,INR,09-05-2026 06:56,09-05-2026 09:15
RES100051,DEL001,CNF100051,GUEST100051,22-06-2026 00:00,25-06-2026 00:00,DLX,PKG,PKG_STD,BOOKED,4,77556,INR,09-05-2026 07:09,09-05-2026 08:31
RES100052,HYD001,CNF100052,GUEST100052,08-06-2026 00:00,09-06-2026 00:00,DLX,PKG,PKG_DLX,BOOKED,1,5494,INR,09-05-2026 05:38,09-05-2026 07:24
RES100053,MUM001,CNF100053,GUEST100053,27-05-2026 00:00,01-06-2026 00:00,STD,BAR,BAR_DLX,CANCELLED,2,0,INR,09-05-2026 07:45,09-05-2026 08:20
RES100054,HYD001,CNF100054,GUEST100054,10-06-2026 00:00,15-06-2026 00:00,STD,MEMBER,MEM_STD,BOOKED,4,101960,INR,09-05-2026 09:28,09-05-2026 11:57
RES100055,BLR001,CNF100055,GUEST100055,01-07-2026 00:00,05-07-2026 00:00,STE,BAR,BAR_DLX,MODIFIED,3,56244,INR,09-05-2026 21:21,09-05-2026 22:43
RES100056,MUM001,CNF100056,GUEST100056,14-05-2026 00:00,16-05-2026 00:00,STD,MEMBER,MEM_STD,BOOKED,1,7656,INR,09-05-2026 06:10,09-05-2026 07:11
RES100057,BLR002,CNF100057,GUEST100057,24-05-2026 00:00,26-05-2026 00:00,DLX,CORP,CORP_STD,MODIFIED,3,40008,INR,09-05-2026 20:03,09-05-2026 22:11
RES100058,BLR002,CNF100058,GUEST100058,28-06-2026 00:00,03-07-2026 00:00,QUEEN,MEMBER,MEM_DLX,BOOKED,1,60530,INR,09-05-2026 14:23,09-05-2026 15:12
RES100059,BLR001,CNF100059,GUEST100059,31-05-2026 00:00,04-06-2026 00:00,STE,PKG,PKG_DLX,MODIFIED,2,98624,INR,09-05-2026 13:25,09-05-2026 15:13
RES100060,BLR001,CNF100060,GUEST100060,03-06-2026 00:00,05-06-2026 00:00,DLX,CORP,CORP_DLX,BOOKED,2,41748,INR,09-05-2026 02:14,09-05-2026 04:45
RES100061,HYD001,CNF100061,GUEST100061,28-05-2026 00:00,02-06-2026 00:00,DLX,PREPAY,PPR_STD,CANCELLED,2,0,INR,09-05-2026 13:39,09-05-2026 14:05
RES100062,BLR001,CNF100062,GUEST100062,31-05-2026 00:00,04-06-2026 00:00,KING,CORP,CORP_STD,MODIFIED,2,40280,INR,09-05-2026 12:26,09-05-2026 12:55
RES100063,BLR002,CNF100063,GUEST100063,01-06-2026 00:00,02-06-2026 00:00,KING,PREPAY,PPR_DLX,MODIFIED,2,20902,INR,09-05-2026 04:00,09-05-2026 06:04
RES100064,MUM001,CNF100064,GUEST100064,25-05-2026 00:00,26-05-2026 00:00,STE,BAR,BAR_STD,CANCELLED,1,0,INR,09-05-2026 03:46,09-05-2026 04:05
RES100065,BLR002,CNF100065,GUEST100065,17-05-2026 00:00,21-05-2026 00:00,KING,CORP,CORP_DLX,CANCELLED,4,0,INR,09-05-2026 01:27,09-05-2026 02:26
RES100066,MUM001,CNF100066,GUEST100066,18-05-2026 00:00,21-05-2026 00:00,STE,PKG,PKG_DLX,MODIFIED,3,64467,INR,09-05-2026 14:37,09-05-2026 15:35
RES100067,BLR002,CNF100067,GUEST100067,24-05-2026 00:00,25-05-2026 00:00,STD,CORP,CORP_STD,BOOKED,2,13560,INR,09-05-2026 23:46,10-05-2026 00:28
RES100068,HYD001,CNF100068,GUEST100068,21-06-2026 00:00,25-06-2026 00:00,QUEEN,PKG,PKG_DLX,MODIFIED,4,191056,INR,09-05-2026 05:22,09-05-2026 05:42
RES100069,DEL001,CNF100069,GUEST100069,13-06-2026 00:00,17-06-2026 00:00,QUEEN,PKG,PKG_DLX,BOOKED,4,173088,INR,09-05-2026 23:50,10-05-2026 02:12
RES100070,MUM001,CNF100070,GUEST100070,04-06-2026 00:00,05-06-2026 00:00,QUEEN,PKG,PKG_STD,MODIFIED,2,27908,INR,09-05-2026 00:19,09-05-2026 03:17
RES100071,BLR001,CNF100071,GUEST100071,17-06-2026 00:00,20-06-2026 00:00,DLX,BAR,BAR_DLX,BOOKED,4,68208,INR,09-05-2026 16:53,09-05-2026 17:13
RES100072,BLR002,CNF100072,GUEST100072,12-05-2026 00:00,13-05-2026 00:00,STE,CORP,CORP_STD,CANCELLED,2,0,INR,09-05-2026 21:21,10-05-2026 00:08
RES100073,MUM001,CNF100073,GUEST100073,21-05-2026 00:00,22-05-2026 00:00,STE,BAR,BAR_STD,MODIFIED,4,57264,INR,09-05-2026 21:56,09-05-2026 22:11
RES100074,BLR002,CNF100074,GUEST100074,18-06-2026 00:00,20-06-2026 00:00,STE,PREPAY,PPR_DLX,CANCELLED,3,0,INR,09-05-2026 05:06,09-05-2026 06:52
RES100075,HYD001,CNF100075,GUEST100075,17-05-2026 00:00,21-05-2026 00:00,DLX,BAR,BAR_DLX,MODIFIED,3,53676,INR,09-05-2026 23:19,10-05-2026 00:53
RES100076,BLR001,CNF100076,GUEST100076,19-06-2026 00:00,21-06-2026 00:00,STD,MEMBER,MEM_DLX,BOOKED,2,36760,INR,09-05-2026 04:37,09-05-2026 05:18
RES100077,BLR001,CNF100077,GUEST100077,03-06-2026 00:00,06-06-2026 00:00,KING,MEMBER,MEM_STD,MODIFIED,3,106551,INR,09-05-2026 03:53,09-05-2026 06:22
RES100078,MUM001,CNF100078,GUEST100078,04-06-2026 00:00,06-06-2026 00:00,QUEEN,PKG,PKG_STD,CANCELLED,3,0,INR,09-05-2026 06:59,09-05-2026 08:04
RES100079,DEL001,CNF100079,GUEST100079,04-07-2026 00:00,07-07-2026 00:00,KING,PKG,PKG_DLX,MODIFIED,3,68868,INR,09-05-2026 04:40,09-05-2026 05:32
RES100080,BLR002,CNF100080,GUEST100080,03-07-2026 00:00,04-07-2026 00:00,STE,CORP,CORP_STD,CANCELLED,2,0,INR,09-05-2026 12:05,09-05-2026 14:08
RES100081,BLR001,CNF100081,GUEST100081,06-06-2026 00:00,11-06-2026 00:00,STE,PREPAY,PPR_DLX,MODIFIED,4,217900,INR,09-05-2026 20:58,09-05-2026 21:55
RES100082,DEL001,CNF100082,GUEST100082,13-05-2026 00:00,18-05-2026 00:00,DLX,PKG,PKG_STD,MODIFIED,4,180920,INR,09-05-2026 19:55,09-05-2026 22:00
RES100083,BLR002,CNF100083,GUEST100083,27-06-2026 00:00,28-06-2026 00:00,QUEEN,BAR,BAR_DLX,MODIFIED,4,31460,INR,09-05-2026 14:50,09-05-2026 16:49
RES100084,HYD001,CNF100084,GUEST100084,04-06-2026 00:00,09-06-2026 00:00,STE,BAR,BAR_DLX,BOOKED,2,98810,INR,09-05-2026 12:08,09-05-2026 13:18
RES100085,BLR002,CNF100085,GUEST100085,04-06-2026 00:00,07-06-2026 00:00,QUEEN,MEMBER,MEM_DLX,BOOKED,2,22818,INR,09-05-2026 12:13,09-05-2026 14:11
RES100086,HYD001,CNF100086,GUEST100086,22-06-2026 00:00,27-06-2026 00:00,QUEEN,PKG,PKG_STD,MODIFIED,2,122620,INR,09-05-2026 19:22,09-05-2026 20:55
RES100087,BLR001,CNF100087,GUEST100087,09-06-2026 00:00,11-06-2026 00:00,QUEEN,CORP,CORP_DLX,BOOKED,4,117592,INR,09-05-2026 10:22,09-05-2026 12:30
RES100088,BLR002,CNF100088,GUEST100088,19-05-2026 00:00,21-05-2026 00:00,DLX,PKG,PKG_STD,CANCELLED,3,0,INR,09-05-2026 21:29,09-05-2026 22:44
RES100089,HYD001,CNF100089,GUEST100089,10-06-2026 00:00,12-06-2026 00:00,DLX,MEMBER,MEM_DLX,BOOKED,3,27096,INR,09-05-2026 03:21,09-05-2026 03:34
RES100090,MUM001,CNF100090,GUEST100090,06-06-2026 00:00,07-06-2026 00:00,DLX,MEMBER,MEM_STD,MODIFIED,2,17618,INR,09-05-2026 07:14,09-05-2026 07:24
RES100091,BLR002,CNF100091,GUEST100091,31-05-2026 00:00,02-06-2026 00:00,STD,PREPAY,PPR_DLX,CANCELLED,1,0,INR,09-05-2026 20:33,09-05-2026 22:20
RES100092,BLR001,CNF100092,GUEST100092,30-05-2026 00:00,01-06-2026 00:00,QUEEN,CORP,CORP_STD,CANCELLED,4,0,INR,09-05-2026 15:37,09-05-2026 17:02
RES100093,HYD001,CNF100093,GUEST100093,26-05-2026 00:00,27-05-2026 00:00,STE,BAR,BAR_STD,BOOKED,1,7170,INR,09-05-2026 05:33,09-05-2026 07:52
RES100094,BLR001,CNF100094,GUEST100094,06-06-2026 00:00,07-06-2026 00:00,STE,PKG,PKG_DLX,MODIFIED,4,40260,INR,09-05-2026 02:29,09-05-2026 03:08
RES100095,MUM001,CNF100095,GUEST100095,13-05-2026 00:00,18-05-2026 00:00,STE,PKG,PKG_DLX,BOOKED,4,133120,INR,09-05-2026 22:16,10-05-2026 00:30
RES100096,DEL001,CNF100096,GUEST100096,20-06-2026 00:00,22-06-2026 00:00,QUEEN,CORP,CORP_DLX,CANCELLED,2,0,INR,09-05-2026 03:15,09-05-2026 04:17
RES100097,MUM001,CNF100097,GUEST100097,02-06-2026 00:00,07-06-2026 00:00,STE,PKG,PKG_DLX,BOOKED,4,299820,INR,09-05-2026 00:16,09-05-2026 01:08
RES100098,BLR002,CNF100098,GUEST100098,12-06-2026 00:00,15-06-2026 00:00,QUEEN,BAR,BAR_STD,CANCELLED,4,0,INR,09-05-2026 18:17,09-05-2026 20:02
RES100099,MUM001,CNF100099,GUEST100099,29-05-2026 00:00,02-06-2026 00:00,DLX,PKG,PKG_DLX,CANCELLED,4,0,INR,09-05-2026 05:35,09-05-2026 05:57
RES100100,BLR002,CNF100100,GUEST100100,23-06-2026 00:00,27-06-2026 00:00,DLX,MEMBER,MEM_DLX,MODIFIED,1,53936,INR,09-05-2026 14:26,09-05-2026 14:54
RES100101,BLR002,CNF100101,GUEST100101,10-06-2026 00:00,14-06-2026 00:00,QUEEN,BAR,BAR_DLX,CANCELLED,3,0,INR,09-05-2026 20:19,09-05-2026 20:31
RES100102,BLR001,CNF100102,GUEST100102,13-05-2026 00:00,16-05-2026 00:00,KING,MEMBER,MEM_STD,BOOKED,1,27369,INR,09-05-2026 12:04,09-05-2026 13:52
RES100103,BLR001,CNF100103,GUEST100103,16-06-2026 00:00,21-06-2026 00:00,STE,CORP,CORP_STD,BOOKED,4,128180,INR,09-05-2026 19:13,09-05-2026 21:45
RES100104,BLR002,CNF100104,GUEST100104,16-06-2026 00:00,17-06-2026 00:00,QUEEN,BAR,BAR_DLX,CANCELLED,3,0,INR,09-05-2026 16:16,09-05-2026 17:14
RES100105,HYD001,CNF100105,GUEST100105,04-06-2026 00:00,07-06-2026 00:00,KING,PKG,PKG_DLX,MODIFIED,3,88974,INR,09-05-2026 03:41,09-05-2026 05:34
RES100106,BLR001,CNF100106,GUEST100106,11-05-2026 00:00,15-05-2026 00:00,QUEEN,BAR,BAR_DLX,MODIFIED,4,94336,INR,09-05-2026 03:40,09-05-2026 05:47
RES100107,MUM001,CNF100107,GUEST100107,02-06-2026 00:00,05-06-2026 00:00,QUEEN,BAR,BAR_DLX,BOOKED,2,70920,INR,09-05-2026 09:50,09-05-2026 09:55
RES100108,DEL001,CNF100108,GUEST100108,28-06-2026 00:00,30-06-2026 00:00,STD,CORP,CORP_STD,BOOKED,1,7094,INR,09-05-2026 05:41,09-05-2026 07:13
RES100109,BLR002,CNF100109,GUEST100109,12-05-2026 00:00,16-05-2026 00:00,STD,MEMBER,MEM_STD,BOOKED,1,23704,INR,09-05-2026 17:58,09-05-2026 18:26
RES100110,HYD001,CNF100110,GUEST100110,30-05-2026 00:00,03-06-2026 00:00,STD,CORP,CORP_DLX,BOOKED,1,14640,INR,09-05-2026 14:46,09-05-2026 14:47
RES100111,MUM001,CNF100111,GUEST100111,25-05-2026 00:00,27-05-2026 00:00,DLX,PKG,PKG_STD,CANCELLED,3,0,INR,09-05-2026 19:01,09-05-2026 20:59
RES100112,BLR001,CNF100112,GUEST100112,06-06-2026 00:00,08-06-2026 00:00,KING,CORP,CORP_DLX,BOOKED,1,12104,INR,09-05-2026 09:56,09-05-2026 11:07
RES100113,BLR002,CNF100113,GUEST100113,23-06-2026 00:00,24-06-2026 00:00,KING,CORP,CORP_DLX,MODIFIED,4,56332,INR,09-05-2026 20:45,09-05-2026 21:24
RES100114,MUM001,CNF100114,GUEST100114,27-06-2026 00:00,30-06-2026 00:00,DLX,BAR,BAR_STD,MODIFIED,1,23730,INR,09-05-2026 11:05,09-05-2026 12:36
RES100115,BLR002,CNF100115,GUEST100115,21-06-2026 00:00,24-06-2026 00:00,DLX,BAR,BAR_STD,CANCELLED,2,0,INR,09-05-2026 20:13,09-05-2026 21:35
RES100116,DEL001,CNF100116,GUEST100116,01-06-2026 00:00,05-06-2026 00:00,QUEEN,PREPAY,PPR_STD,BOOKED,2,48640,INR,09-05-2026 08:37,09-05-2026 09:51
RES100117,BLR002,CNF100117,GUEST100117,19-06-2026 00:00,23-06-2026 00:00,STE,BAR,BAR_DLX,CANCELLED,2,0,INR,09-05-2026 04:24,09-05-2026 07:14
RES100118,HYD001,CNF100118,GUEST100118,20-06-2026 00:00,23-06-2026 00:00,STD,BAR,BAR_STD,CANCELLED,4,0,INR,09-05-2026 16:14,09-05-2026 17:28
RES100119,DEL001,CNF100119,GUEST100119,24-05-2026 00:00,29-05-2026 00:00,DLX,PKG,PKG_DLX,MODIFIED,4,143060,INR,09-05-2026 15:10,09-05-2026 16:59
RES100120,DEL001,CNF100120,GUEST100120,28-06-2026 00:00,30-06-2026 00:00,STE,CORP,CORP_STD,CANCELLED,2,0,INR,09-05-2026 15:42,09-05-2026 18:21
RES100121,BLR002,CNF100121,GUEST100121,28-06-2026 00:00,29-06-2026 00:00,STD,CORP,CORP_STD,CANCELLED,2,0,INR,09-05-2026 03:06,09-05-2026 04:41
RES100122,BLR001,CNF100122,GUEST100122,28-06-2026 00:00,03-07-2026 00:00,STE,CORP,CORP_STD,MODIFIED,4,180680,INR,09-05-2026 12:39,09-05-2026 14:33
RES100123,DEL001,CNF100123,GUEST100123,24-05-2026 00:00,27-05-2026 00:00,QUEEN,PREPAY,PPR_DLX,CANCELLED,2,0,INR,09-05-2026 15:32,09-05-2026 16:35
RES100124,DEL001,CNF100124,GUEST100124,20-05-2026 00:00,23-05-2026 00:00,STE,PREPAY,PPR_STD,BOOKED,4,114576,INR,09-05-2026 19:21,09-05-2026 19:32
RES100125,MUM001,CNF100125,GUEST100125,02-07-2026 00:00,07-07-2026 00:00,QUEEN,BAR,BAR_STD,BOOKED,3,64230,INR,09-05-2026 11:10,09-05-2026 11:47
RES100126,HYD001,CNF100126,GUEST100126,28-06-2026 00:00,01-07-2026 00:00,QUEEN,MEMBER,MEM_DLX,CANCELLED,1,0,INR,09-05-2026 22:15,10-05-2026 01:03
RES100127,DEL001,CNF100127,GUEST100127,23-05-2026 00:00,26-05-2026 00:00,STD,MEMBER,MEM_STD,BOOKED,3,97164,INR,09-05-2026 17:20,09-05-2026 19:58
RES100128,BLR002,CNF100128,GUEST100128,01-07-2026 00:00,03-07-2026 00:00,DLX,PKG,PKG_DLX,MODIFIED,3,55248,INR,09-05-2026 23:00,10-05-2026 00:25
RES100129,HYD001,CNF100129,GUEST100129,08-07-2026 00:00,13-07-2026 00:00,STD,CORP,CORP_DLX,CANCELLED,3,0,INR,09-05-2026 11:17,09-05-2026 13:42
RES100130,MUM001,CNF100130,GUEST100130,19-05-2026 00:00,20-05-2026 00:00,STE,CORP,CORP_DLX,BOOKED,3,39522,INR,09-05-2026 22:02,09-05-2026 22:51
RES100131,BLR001,CNF100131,GUEST100131,03-07-2026 00:00,08-07-2026 00:00,KING,MEMBER,MEM_DLX,CANCELLED,4,0,INR,09-05-2026 11:10,09-05-2026 13:01
RES100132,DEL001,CNF100132,GUEST100132,05-07-2026 00:00,10-07-2026 00:00,KING,BAR,BAR_STD,BOOKED,2,122740,INR,09-05-2026 14:53,09-05-2026 17:46
RES100133,BLR001,CNF100133,GUEST100133,30-06-2026 00:00,04-07-2026 00:00,STD,CORP,CORP_STD,BOOKED,2,37920,INR,09-05-2026 00:46,09-05-2026 00:56
RES100134,BLR001,CNF100134,GUEST100134,14-05-2026 00:00,18-05-2026 00:00,DLX,MEMBER,MEM_DLX,CANCELLED,3,0,INR,09-05-2026 09:16,09-05-2026 09:53
RES100135,BLR001,CNF100135,GUEST100135,04-07-2026 00:00,09-07-2026 00:00,STE,BAR,BAR_DLX,MODIFIED,1,59150,INR,09-05-2026 13:25,09-05-2026 15:06
RES100136,BLR001,CNF100136,GUEST100136,23-05-2026 00:00,25-05-2026 00:00,STD,BAR,BAR_DLX,BOOKED,1,12382,INR,09-05-2026 09:39,09-05-2026 09:48
RES100137,HYD001,CNF100137,GUEST100137,01-06-2026 00:00,04-06-2026 00:00,STD,CORP,CORP_STD,BOOKED,4,179088,INR,09-05-2026 14:43,09-05-2026 17:41
RES100138,BLR001,CNF100138,GUEST100138,05-07-2026 00:00,10-07-2026 00:00,STD,PREPAY,PPR_STD,CANCELLED,4,0,INR,09-05-2026 16:28,09-05-2026 17:08
RES100139,BLR001,CNF100139,GUEST100139,18-06-2026 00:00,21-06-2026 00:00,QUEEN,MEMBER,MEM_DLX,BOOKED,3,46269,INR,09-05-2026 21:57,09-05-2026 23:48
RES100140,BLR001,CNF100140,GUEST100140,19-06-2026 00:00,23-06-2026 00:00,STE,BAR,BAR_DLX,MODIFIED,3,45288,INR,09-05-2026 08:09,09-05-2026 09:37
RES100141,DEL001,CNF100141,GUEST100141,01-07-2026 00:00,06-07-2026 00:00,DLX,CORP,CORP_STD,CANCELLED,4,0,INR,09-05-2026 22:02,10-05-2026 00:40
RES100142,DEL001,CNF100142,GUEST100142,09-06-2026 00:00,11-06-2026 00:00,DLX,MEMBER,MEM_STD,CANCELLED,3,0,INR,09-05-2026 17:31,09-05-2026 19:14
RES100143,DEL001,CNF100143,GUEST100143,28-05-2026 00:00,02-06-2026 00:00,STD,PREPAY,PPR_DLX,MODIFIED,1,22110,INR,09-05-2026 09:19,09-05-2026 10:50
RES100144,BLR001,CNF100144,GUEST100144,16-06-2026 00:00,20-06-2026 00:00,DLX,PREPAY,PPR_STD,BOOKED,2,40752,INR,09-05-2026 11:22,09-05-2026 12:06
RES100145,DEL001,CNF100145,GUEST100145,25-06-2026 00:00,26-06-2026 00:00,STD,PREPAY,PPR_DLX,MODIFIED,1,7790,INR,09-05-2026 19:46,09-05-2026 20:23
RES100146,BLR001,CNF100146,GUEST100146,31-05-2026 00:00,02-06-2026 00:00,STE,BAR,BAR_DLX,MODIFIED,3,47712,INR,09-05-2026 01:55,09-05-2026 04:21
RES100147,MUM001,CNF100147,GUEST100147,15-05-2026 00:00,18-05-2026 00:00,DLX,BAR,BAR_DLX,MODIFIED,1,33807,INR,09-05-2026 22:40,10-05-2026 01:33
RES100148,HYD001,CNF100148,GUEST100148,07-06-2026 00:00,10-06-2026 00:00,QUEEN,PKG,PKG_DLX,CANCELLED,1,0,INR,09-05-2026 18:23,09-05-2026 18:35
RES100149,HYD001,CNF100149,GUEST100149,13-06-2026 00:00,18-06-2026 00:00,STD,BAR,BAR_DLX,CANCELLED,1,0,INR,09-05-2026 21:21,10-05-2026 00:15
RES100150,DEL001,CNF100150,GUEST100150,08-06-2026 00:00,12-06-2026 00:00,DLX,MEMBER,MEM_DLX,BOOKED,1,53468,INR,09-05-2026 10:24,09-05-2026 10:31
RES100151,BLR002,CNF100151,GUEST100151,16-06-2026 00:00,18-06-2026 00:00,KING,PREPAY,PPR_STD,MODIFIED,1,29466,INR,09-05-2026 09:33,09-05-2026 11:05
RES100152,MUM001,CNF100152,GUEST100152,01-06-2026 00:00,04-06-2026 00:00,QUEEN,CORP,CORP_STD,CANCELLED,1,0,INR,09-05-2026 08:34,09-05-2026 09:45
RES100153,BLR001,CNF100153,GUEST100153,03-07-2026 00:00,05-07-2026 00:00,STE,CORP,CORP_STD,MODIFIED,4,47200,INR,09-05-2026 12:09,09-05-2026 12:36
RES100154,MUM001,CNF100154,GUEST100154,08-07-2026 00:00,11-07-2026 00:00,KING,CORP,CORP_DLX,CANCELLED,3,0,INR,09-05-2026 08:04,09-05-2026 08:13
RES100155,BLR001,CNF100155,GUEST100155,13-06-2026 00:00,17-06-2026 00:00,QUEEN,PREPAY,PPR_DLX,BOOKED,4,117312,INR,09-05-2026 06:22,09-05-2026 06:37
RES100156,HYD001,CNF100156,GUEST100156,30-05-2026 00:00,01-06-2026 00:00,QUEEN,PKG,PKG_STD,BOOKED,1,26738,INR,09-05-2026 03:47,09-05-2026 04:07
RES100157,DEL001,CNF100157,GUEST100157,24-06-2026 00:00,26-06-2026 00:00,KING,MEMBER,MEM_STD,MODIFIED,2,47852,INR,09-05-2026 18:11,09-05-2026 19:15
RES100158,DEL001,CNF100158,GUEST100158,15-06-2026 00:00,16-06-2026 00:00,STE,BAR,BAR_STD,MODIFIED,4,25468,INR,09-05-2026 05:08,09-05-2026 07:14
RES100159,HYD001,CNF100159,GUEST100159,30-05-2026 00:00,04-06-2026 00:00,STD,PKG,PKG_STD,MODIFIED,3,139980,INR,09-05-2026 00:30,09-05-2026 02:10
RES100160,DEL001,CNF100160,GUEST100160,15-05-2026 00:00,20-05-2026 00:00,STD,BAR,BAR_STD,BOOKED,3,211425,INR,09-05-2026 22:05,09-05-2026 22:30
RES100161,BLR002,CNF100161,GUEST100161,25-06-2026 00:00,27-06-2026 00:00,STE,MEMBER,MEM_DLX,MODIFIED,1,21952,INR,09-05-2026 11:29,09-05-2026 12:55
RES100162,MUM001,CNF100162,GUEST100162,30-05-2026 00:00,04-06-2026 00:00,KING,PKG,PKG_STD,CANCELLED,1,0,INR,09-05-2026 02:53,09-05-2026 05:26
RES100163,HYD001,CNF100163,GUEST100163,13-06-2026 00:00,15-06-2026 00:00,DLX,PKG,PKG_STD,CANCELLED,4,0,INR,09-05-2026 13:22,09-05-2026 15:50
RES100164,HYD001,CNF100164,GUEST100164,24-06-2026 00:00,28-06-2026 00:00,QUEEN,CORP,CORP_DLX,BOOKED,2,31232,INR,09-05-2026 06:46,09-05-2026 08:02
RES100165,HYD001,CNF100165,GUEST100165,06-07-2026 00:00,08-07-2026 00:00,STE,BAR,BAR_DLX,CANCELLED,3,0,INR,09-05-2026 05:27,09-05-2026 08:01
RES100166,BLR002,CNF100166,GUEST100166,24-06-2026 00:00,26-06-2026 00:00,STE,PREPAY,PPR_DLX,BOOKED,2,44552,INR,09-05-2026 15:39,09-05-2026 16:35
RES100167,BLR001,CNF100167,GUEST100167,07-06-2026 00:00,12-06-2026 00:00,KING,PREPAY,PPR_STD,CANCELLED,1,0,INR,09-05-2026 07:58,09-05-2026 10:41
RES100168,BLR001,CNF100168,GUEST100168,28-05-2026 00:00,31-05-2026 00:00,STD,CORP,CORP_STD,MODIFIED,4,100188,INR,09-05-2026 07:40,09-05-2026 09:35
RES100169,BLR001,CNF100169,GUEST100169,20-05-2026 00:00,25-05-2026 00:00,STE,CORP,CORP_STD,MODIFIED,1,31130,INR,09-05-2026 08:19,09-05-2026 11:12
RES100170,HYD001,CNF100170,GUEST100170,08-06-2026 00:00,11-06-2026 00:00,STD,PREPAY,PPR_STD,CANCELLED,4,0,INR,09-05-2026 12:41,09-05-2026 15:03
RES100171,MUM001,CNF100171,GUEST100171,04-07-2026 00:00,09-07-2026 00:00,KING,PKG,PKG_DLX,CANCELLED,1,0,INR,09-05-2026 15:23,09-05-2026 18:07
RES100172,MUM001,CNF100172,GUEST100172,09-06-2026 00:00,12-06-2026 00:00,STE,CORP,CORP_STD,MODIFIED,4,117168,INR,09-05-2026 18:58,09-05-2026 19:41
RES100173,DEL001,CNF100173,GUEST100173,01-06-2026 00:00,06-06-2026 00:00,STD,CORP,CORP_DLX,BOOKED,4,155000,INR,09-05-2026 08:58,09-05-2026 10:56
RES100174,HYD001,CNF100174,GUEST100174,08-07-2026 00:00,13-07-2026 00:00,STE,MEMBER,MEM_DLX,MODIFIED,1,35895,INR,09-05-2026 08:58,09-05-2026 10:47
RES100175,BLR001,CNF100175,GUEST100175,22-05-2026 00:00,25-05-2026 00:00,QUEEN,BAR,BAR_STD,MODIFIED,3,84087,INR,09-05-2026 01:04,09-05-2026 02:54
RES100176,HYD001,CNF100176,GUEST100176,01-07-2026 00:00,02-07-2026 00:00,STE,PREPAY,PPR_DLX,MODIFIED,4,54028,INR,09-05-2026 12:38,09-05-2026 14:10
RES100177,DEL001,CNF100177,GUEST100177,24-06-2026 00:00,29-06-2026 00:00,QUEEN,MEMBER,MEM_STD,CANCELLED,3,0,INR,09-05-2026 08:06,09-05-2026 10:36
RES100178,DEL001,CNF100178,GUEST100178,14-05-2026 00:00,15-05-2026 00:00,STE,CORP,CORP_STD,CANCELLED,4,0,INR,09-05-2026 22:35,10-05-2026 00:40
RES100179,BLR001,CNF100179,GUEST100179,08-07-2026 00:00,12-07-2026 00:00,STD,CORP,CORP_STD,CANCELLED,4,0,INR,09-05-2026 21:57,10-05-2026 00:32
RES100180,MUM001,CNF100180,GUEST100180,13-06-2026 00:00,18-06-2026 00:00,KING,CORP,CORP_DLX,CANCELLED,3,0,INR,09-05-2026 16:29,09-05-2026 17:45
RES100181,DEL001,CNF100181,GUEST100181,02-06-2026 00:00,06-06-2026 00:00,QUEEN,BAR,BAR_DLX,MODIFIED,3,81972,INR,09-05-2026 18:53,09-05-2026 21:24
RES100182,HYD001,CNF100182,GUEST100182,23-05-2026 00:00,28-05-2026 00:00,KING,MEMBER,MEM_DLX,BOOKED,2,51790,INR,09-05-2026 15:01,09-05-2026 16:48
RES100183,HYD001,CNF100183,GUEST100183,01-06-2026 00:00,04-06-2026 00:00,STD,CORP,CORP_DLX,BOOKED,1,22809,INR,09-05-2026 11:51,09-05-2026 12:54
RES100184,BLR002,CNF100184,GUEST100184,21-06-2026 00:00,25-06-2026 00:00,KING,PREPAY,PPR_DLX,CANCELLED,2,0,INR,09-05-2026 06:58,09-05-2026 09:23
RES100185,DEL001,CNF100185,GUEST100185,24-05-2026 00:00,26-05-2026 00:00,STE,BAR,BAR_DLX,BOOKED,2,59536,INR,09-05-2026 03:29,09-05-2026 04:20
RES100186,MUM001,CNF100186,GUEST100186,01-07-2026 00:00,03-07-2026 00:00,DLX,PKG,PKG_STD,BOOKED,1,28464,INR,09-05-2026 18:31,09-05-2026 19:07
RES100187,BLR002,CNF100187,GUEST100187,03-07-2026 00:00,08-07-2026 00:00,DLX,MEMBER,MEM_DLX,BOOKED,4,247420,INR,09-05-2026 08:39,09-05-2026 10:51
RES100188,BLR002,CNF100188,GUEST100188,14-06-2026 00:00,17-06-2026 00:00,QUEEN,CORP,CORP_DLX,MODIFIED,4,161508,INR,09-05-2026 16:45,09-05-2026 18:54
RES100189,BLR001,CNF100189,GUEST100189,18-06-2026 00:00,20-06-2026 00:00,STD,CORP,CORP_DLX,MODIFIED,3,67188,INR,09-05-2026 20:09,09-05-2026 21:56
RES100190,HYD001,CNF100190,GUEST100190,18-06-2026 00:00,22-06-2026 00:00,KING,PREPAY,PPR_STD,MODIFIED,1,51248,INR,09-05-2026 22:07,09-05-2026 22:40
RES100191,BLR002,CNF100191,GUEST100191,18-05-2026 00:00,20-05-2026 00:00,KING,BAR,BAR_DLX,MODIFIED,3,44814,INR,09-05-2026 07:20,09-05-2026 08:36
RES100192,DEL001,CNF100192,GUEST100192,05-06-2026 00:00,10-06-2026 00:00,STE,PKG,PKG_STD,MODIFIED,3,177225,INR,09-05-2026 11:06,09-05-2026 11:26
RES100193,BLR002,CNF100193,GUEST100193,02-07-2026 00:00,05-07-2026 00:00,QUEEN,CORP,CORP_STD,MODIFIED,4,141840,INR,09-05-2026 00:42,09-05-2026 01:43
RES100194,BLR001,CNF100194,GUEST100194,09-06-2026 00:00,12-06-2026 00:00,QUEEN,MEMBER,MEM_DLX,BOOKED,3,108414,INR,09-05-2026 12:29,09-05-2026 14:22
RES100195,BLR001,CNF100195,GUEST100195,05-07-2026 00:00,06-07-2026 00:00,KING,CORP,CORP_STD,BOOKED,3,41607,INR,09-05-2026 14:47,09-05-2026 16:55
RES100196,DEL001,CNF100196,GUEST100196,25-05-2026 00:00,29-05-2026 00:00,QUEEN,MEMBER,MEM_STD,CANCELLED,4,0,INR,09-05-2026 14:58,09-05-2026 17:34
RES100197,BLR002,CNF100197,GUEST100197,11-05-2026 00:00,13-05-2026 00:00,KING,CORP,CORP_DLX,MODIFIED,4,45856,INR,09-05-2026 08:30,09-05-2026 10:06
RES100198,BLR002,CNF100198,GUEST100198,16-06-2026 00:00,19-06-2026 00:00,STD,PREPAY,PPR_DLX,BOOKED,1,31098,INR,09-05-2026 00:40,09-05-2026 02:41
RES100199,DEL001,CNF100199,GUEST100199,23-06-2026 00:00,27-06-2026 00:00,KING,MEMBER,MEM_DLX,CANCELLED,1,0,INR,09-05-2026 09:11,09-05-2026 11:22
RES100200,BLR001,CNF100200,GUEST100200,03-07-2026 00:00,07-07-2026 00:00,KING,BAR,BAR_DLX,BOOKED,4,224784,INR,09-05-2026 23:45,10-05-2026 00:20
RES100201,DEL001,CNF100201,GUEST100201,14-06-2026 00:00,19-06-2026 00:00,KING,BAR,BAR_DLX,BOOKED,3,63975,INR,09-05-2026 15:43,09-05-2026 18:30
RES100202,BLR001,CNF100202,GUEST100202,13-06-2026 00:00,17-06-2026 00:00,DLX,MEMBER,MEM_STD,CANCELLED,2,0,INR,09-05-2026 17:30,09-05-2026 17:38
RES100203,BLR001,CNF100203,GUEST100203,18-05-2026 00:00,23-05-2026 00:00,STD,PREPAY,PPR_DLX,BOOKED,2,119760,INR,09-05-2026 17:39,09-05-2026 19:51
RES100204,HYD001,CNF100204,GUEST100204,10-06-2026 00:00,11-06-2026 00:00,STD,BAR,BAR_STD,CANCELLED,2,0,INR,09-05-2026 06:27,09-05-2026 09:10
RES100205,HYD001,CNF100205,GUEST100205,26-06-2026 00:00,30-06-2026 00:00,QUEEN,BAR,BAR_DLX,BOOKED,2,96488,INR,09-05-2026 23:17,10-05-2026 01:06
RES100206,BLR001,CNF100206,GUEST100206,08-07-2026 00:00,09-07-2026 00:00,DLX,MEMBER,MEM_DLX,MODIFIED,1,4420,INR,09-05-2026 18:30,09-05-2026 21:29
RES100207,HYD001,CNF100207,GUEST100207,11-06-2026 00:00,15-06-2026 00:00,QUEEN,PREPAY,PPR_DLX,CANCELLED,3,0,INR,09-05-2026 13:24,09-05-2026 15:41
RES100208,HYD001,CNF100208,GUEST100208,13-05-2026 00:00,16-05-2026 00:00,KING,CORP,CORP_STD,BOOKED,4,124656,INR,09-05-2026 16:04,09-05-2026 17:13
RES100209,DEL001,CNF100209,GUEST100209,12-06-2026 00:00,15-06-2026 00:00,QUEEN,MEMBER,MEM_STD,BOOKED,2,43590,INR,09-05-2026 21:55,09-05-2026 23:17
RES100210,MUM001,CNF100210,GUEST100210,23-05-2026 00:00,24-05-2026 00:00,QUEEN,PREPAY,PPR_STD,MODIFIED,4,47128,INR,09-05-2026 22:16,10-05-2026 00:37
RES100211,MUM001,CNF100211,GUEST100211,05-07-2026 00:00,06-07-2026 00:00,STE,PKG,PKG_DLX,BOOKED,3,41037,INR,09-05-2026 09:45,09-05-2026 10:11
RES100212,BLR001,CNF100212,GUEST100212,27-05-2026 00:00,28-05-2026 00:00,QUEEN,PKG,PKG_DLX,MODIFIED,4,44252,INR,09-05-2026 12:35,09-05-2026 15:20
RES100213,BLR002,CNF100213,GUEST100213,18-06-2026 00:00,20-06-2026 00:00,KING,CORP,CORP_STD,MODIFIED,1,20250,INR,09-05-2026 17:41,09-05-2026 20:16
RES100214,BLR002,CNF100214,GUEST100214,27-05-2026 00:00,29-05-2026 00:00,KING,MEMBER,MEM_STD,CANCELLED,2,0,INR,09-05-2026 15:00,09-05-2026 16:15
RES100215,BLR001,CNF100215,GUEST100215,21-06-2026 00:00,26-06-2026 00:00,QUEEN,BAR,BAR_DLX,MODIFIED,3,76965,INR,09-05-2026 20:32,09-05-2026 22:18
RES100216,DEL001,CNF100216,GUEST100216,03-06-2026 00:00,05-06-2026 00:00,STD,CORP,CORP_DLX,MODIFIED,3,48966,INR,09-05-2026 07:17,09-05-2026 09:03
RES100217,HYD001,CNF100217,GUEST100217,23-05-2026 00:00,25-05-2026 00:00,KING,PREPAY,PPR_DLX,BOOKED,4,83896,INR,09-05-2026 20:32,09-05-2026 22:14
RES100218,DEL001,CNF100218,GUEST100218,15-06-2026 00:00,17-06-2026 00:00,QUEEN,CORP,CORP_STD,BOOKED,2,33696,INR,09-05-2026 02:52,09-05-2026 04:16
RES100219,MUM001,CNF100219,GUEST100219,25-06-2026 00:00,27-06-2026 00:00,STE,PREPAY,PPR_DLX,CANCELLED,2,0,INR,09-05-2026 22:03,10-05-2026 00:32
RES100220,BLR001,CNF100220,GUEST100220,15-05-2026 00:00,18-05-2026 00:00,STD,CORP,CORP_STD,CANCELLED,4,0,INR,09-05-2026 04:59,09-05-2026 06:32
RES100221,BLR001,CNF100221,GUEST100221,14-05-2026 00:00,15-05-2026 00:00,KING,PKG,PKG_DLX,MODIFIED,4,46756,INR,09-05-2026 14:52,09-05-2026 17:19
RES100222,MUM001,CNF100222,GUEST100222,30-05-2026 00:00,01-06-2026 00:00,KING,BAR,BAR_STD,CANCELLED,3,0,INR,09-05-2026 20:55,09-05-2026 22:10
RES100223,HYD001,CNF100223,GUEST100223,12-05-2026 00:00,16-05-2026 00:00,QUEEN,CORP,CORP_DLX,MODIFIED,1,28480,INR,09-05-2026 13:29,09-05-2026 15:45
RES100224,HYD001,CNF100224,GUEST100224,11-05-2026 00:00,15-05-2026 00:00,DLX,MEMBER,MEM_DLX,CANCELLED,4,0,INR,09-05-2026 23:43,10-05-2026 00:40
RES100225,MUM001,CNF100225,GUEST100225,03-07-2026 00:00,08-07-2026 00:00,STD,PKG,PKG_STD,CANCELLED,4,0,INR,09-05-2026 16:40,09-05-2026 17:40
RES100226,BLR002,CNF100226,GUEST100226,03-07-2026 00:00,05-07-2026 00:00,QUEEN,PREPAY,PPR_STD,BOOKED,3,66576,INR,09-05-2026 09:19,09-05-2026 10:16
RES100227,MUM001,CNF100227,GUEST100227,31-05-2026 00:00,02-06-2026 00:00,KING,CORP,CORP_STD,BOOKED,2,16504,INR,09-05-2026 23:15,10-05-2026 01:36
RES100228,BLR002,CNF100228,GUEST100228,28-05-2026 00:00,01-06-2026 00:00,KING,PKG,PKG_STD,BOOKED,2,47608,INR,09-05-2026 21:49,09-05-2026 22:58
RES100229,BLR001,CNF100229,GUEST100229,19-05-2026 00:00,20-05-2026 00:00,DLX,MEMBER,MEM_STD,BOOKED,2,21084,INR,09-05-2026 03:49,09-05-2026 05:12
RES100230,DEL001,CNF100230,GUEST100230,04-07-2026 00:00,07-07-2026 00:00,STE,PREPAY,PPR_DLX,BOOKED,2,53490,INR,09-05-2026 05:52,09-05-2026 08:06
RES100231,MUM001,CNF100231,GUEST100231,28-05-2026 00:00,31-05-2026 00:00,KING,BAR,BAR_STD,CANCELLED,3,0,INR,09-05-2026 04:43,09-05-2026 05:12
RES100232,MUM001,CNF100232,GUEST100232,03-07-2026 00:00,05-07-2026 00:00,STE,MEMBER,MEM_STD,CANCELLED,3,0,INR,09-05-2026 17:32,09-05-2026 19:17
RES100233,BLR001,CNF100233,GUEST100233,23-06-2026 00:00,28-06-2026 00:00,STD,PREPAY,PPR_STD,BOOKED,2,106250,INR,09-05-2026 01:48,09-05-2026 04:42
RES100234,BLR001,CNF100234,GUEST100234,22-06-2026 00:00,25-06-2026 00:00,KING,MEMBER,MEM_DLX,BOOKED,1,41493,INR,09-05-2026 04:18,09-05-2026 05:37
RES100235,MUM001,CNF100235,GUEST100235,11-06-2026 00:00,16-06-2026 00:00,STE,BAR,BAR_STD,CANCELLED,2,0,INR,09-05-2026 01:47,09-05-2026 03:14
RES100236,BLR001,CNF100236,GUEST100236,29-06-2026 00:00,30-06-2026 00:00,QUEEN,MEMBER,MEM_STD,MODIFIED,4,18368,INR,09-05-2026 01:02,09-05-2026 03:56
RES100237,BLR001,CNF100237,GUEST100237,06-07-2026 00:00,08-07-2026 00:00,STE,MEMBER,MEM_DLX,MODIFIED,4,100320,INR,09-05-2026 14:53,09-05-2026 15:14
RES100238,BLR001,CNF100238,GUEST100238,02-07-2026 00:00,07-07-2026 00:00,STE,MEMBER,MEM_DLX,BOOKED,4,80560,INR,09-05-2026 15:09,09-05-2026 18:01
RES100239,DEL001,CNF100239,GUEST100239,04-06-2026 00:00,08-06-2026 00:00,STE,PREPAY,PPR_DLX,BOOKED,4,140528,INR,09-05-2026 01:11,09-05-2026 02:30
RES100240,BLR001,CNF100240,GUEST100240,29-06-2026 00:00,30-06-2026 00:00,STD,CORP,CORP_DLX,BOOKED,3,21267,INR,09-05-2026 18:10,09-05-2026 19:33
RES100241,HYD001,CNF100241,GUEST100241,26-05-2026 00:00,31-05-2026 00:00,STD,MEMBER,MEM_STD,MODIFIED,1,58790,INR,09-05-2026 06:08,09-05-2026 06:42
RES100242,DEL001,CNF100242,GUEST100242,31-05-2026 00:00,05-06-2026 00:00,STD,PKG,PKG_STD,CANCELLED,3,0,INR,09-05-2026 07:29,09-05-2026 09:21
RES100243,BLR001,CNF100243,GUEST100243,08-06-2026 00:00,11-06-2026 00:00,KING,PREPAY,PPR_DLX,CANCELLED,2,0,INR,09-05-2026 04:05,09-05-2026 04:27
RES100244,BLR001,CNF100244,GUEST100244,07-07-2026 00:00,11-07-2026 00:00,STD,BAR,BAR_STD,CANCELLED,3,0,INR,09-05-2026 11:46,09-05-2026 13:08
RES100245,BLR001,CNF100245,GUEST100245,12-05-2026 00:00,14-05-2026 00:00,STE,CORP,CORP_STD,BOOKED,2,58232,INR,09-05-2026 16:31,09-05-2026 16:51
RES100246,DEL001,CNF100246,GUEST100246,28-06-2026 00:00,03-07-2026 00:00,STE,PKG,PKG_STD,BOOKED,1,70770,INR,09-05-2026 03:22,09-05-2026 05:08
RES100247,BLR001,CNF100247,GUEST100247,10-06-2026 00:00,13-06-2026 00:00,QUEEN,PREPAY,PPR_DLX,MODIFIED,1,19638,INR,09-05-2026 08:57,09-05-2026 09:43
RES100248,BLR001,CNF100248,GUEST100248,05-06-2026 00:00,07-06-2026 00:00,STD,PKG,PKG_STD,CANCELLED,1,0,INR,09-05-2026 01:49,09-05-2026 04:00
RES100249,BLR001,CNF100249,GUEST100249,30-06-2026 00:00,03-07-2026 00:00,DLX,PREPAY,PPR_STD,MODIFIED,4,123420,INR,09-05-2026 03:54,09-05-2026 06:40
RES100250,HYD001,CNF100250,GUEST100250,08-07-2026 00:00,13-07-2026 00:00,QUEEN,PREPAY,PPR_DLX,CANCELLED,1,0,INR,09-05-2026 06:48,09-05-2026 09:15
RES100251,BLR002,CNF100251,GUEST100251,23-05-2026 00:00,28-05-2026 00:00,KING,CORP,CORP_DLX,BOOKED,1,23645,INR,09-05-2026 01:56,09-05-2026 01:57
RES100252,MUM001,CNF100252,GUEST100252,20-05-2026 00:00,25-05-2026 00:00,DLX,PREPAY,PPR_STD,BOOKED,3,178740,INR,09-05-2026 16:58,09-05-2026 18:40
RES100253,HYD001,CNF100253,GUEST100253,16-05-2026 00:00,21-05-2026 00:00,KING,BAR,BAR_DLX,MODIFIED,4,217600,INR,09-05-2026 08:02,09-05-2026 08:54
RES100254,MUM001,CNF100254,GUEST100254,18-05-2026 00:00,19-05-2026 00:00,KING,BAR,BAR_DLX,MODIFIED,3,44547,INR,09-05-2026 19:46,09-05-2026 22:28
RES100255,BLR002,CNF100255,GUEST100255,18-05-2026 00:00,19-05-2026 00:00,QUEEN,PREPAY,PPR_STD,MODIFIED,4,51772,INR,09-05-2026 19:39,09-05-2026 20:53
RES100256,MUM001,CNF100256,GUEST100256,24-06-2026 00:00,25-06-2026 00:00,DLX,PREPAY,PPR_STD,MODIFIED,4,28272,INR,09-05-2026 19:36,09-05-2026 20:09
RES100257,BLR002,CNF100257,GUEST100257,24-05-2026 00:00,26-05-2026 00:00,DLX,PKG,PKG_STD,BOOKED,1,22992,INR,09-05-2026 01:40,09-05-2026 03:05
RES100258,MUM001,CNF100258,GUEST100258,02-06-2026 00:00,07-06-2026 00:00,STE,MEMBER,MEM_STD,MODIFIED,4,122820,INR,09-05-2026 04:27,09-05-2026 06:03
RES100259,MUM001,CNF100259,GUEST100259,03-07-2026 00:00,08-07-2026 00:00,QUEEN,PKG,PKG_DLX,BOOKED,3,185610,INR,09-05-2026 19:45,09-05-2026 21:57
RES100260,DEL001,CNF100260,GUEST100260,09-06-2026 00:00,12-06-2026 00:00,STE,PREPAY,PPR_DLX,BOOKED,1,21123,INR,09-05-2026 12:05,09-05-2026 13:02
RES100261,BLR002,CNF100261,GUEST100261,23-06-2026 00:00,27-06-2026 00:00,KING,BAR,BAR_DLX,CANCELLED,4,0,INR,09-05-2026 19:58,09-05-2026 20:39
RES100262,HYD001,CNF100262,GUEST100262,13-05-2026 00:00,18-05-2026 00:00,QUEEN,PREPAY,PPR_DLX,CANCELLED,2,0,INR,09-05-2026 11:34,09-05-2026 11:38
RES100263,DEL001,CNF100263,GUEST100263,08-07-2026 00:00,09-07-2026 00:00,STE,MEMBER,MEM_STD,CANCELLED,3,0,INR,09-05-2026 22:01,09-05-2026 23:53
RES100264,HYD001,CNF100264,GUEST100264,02-06-2026 00:00,07-06-2026 00:00,DLX,PREPAY,PPR_STD,CANCELLED,2,0,INR,09-05-2026 12:31,09-05-2026 14:05
RES100265,BLR002,CNF100265,GUEST100265,03-07-2026 00:00,07-07-2026 00:00,QUEEN,PREPAY,PPR_STD,MODIFIED,2,118464,INR,09-05-2026 06:16,09-05-2026 06:44
RES100266,HYD001,CNF100266,GUEST100266,24-06-2026 00:00,26-06-2026 00:00,KING,PREPAY,PPR_STD,CANCELLED,3,0,INR,09-05-2026 08:00,09-05-2026 09:08
RES100267,BLR001,CNF100267,GUEST100267,24-05-2026 00:00,28-05-2026 00:00,STE,PREPAY,PPR_STD,MODIFIED,4,157888,INR,09-05-2026 04:01,09-05-2026 04:20
RES100268,HYD001,CNF100268,GUEST100268,28-05-2026 00:00,29-05-2026 00:00,STE,BAR,BAR_STD,BOOKED,1,4950,INR,09-05-2026 00:23,09-05-2026 00:35
RES100269,BLR001,CNF100269,GUEST100269,07-07-2026 00:00,09-07-2026 00:00,KING,PKG,PKG_DLX,BOOKED,1,7646,INR,09-05-2026 07:56,09-05-2026 08:24
RES100270,BLR001,CNF100270,GUEST100270,07-07-2026 00:00,12-07-2026 00:00,KING,MEMBER,MEM_STD,CANCELLED,4,0,INR,09-05-2026 18:12,09-05-2026 20:36
RES100271,HYD001,CNF100271,GUEST100271,20-05-2026 00:00,21-05-2026 00:00,STE,MEMBER,MEM_DLX,MODIFIED,3,38931,INR,09-05-2026 10:00,09-05-2026 10:18
RES100272,MUM001,CNF100272,GUEST100272,28-05-2026 00:00,29-05-2026 00:00,STD,BAR,BAR_STD,BOOKED,3,23358,INR,09-05-2026 15:46,09-05-2026 17:05
RES100273,MUM001,CNF100273,GUEST100273,21-06-2026 00:00,25-06-2026 00:00,DLX,PKG,PKG_STD,BOOKED,2,109440,INR,09-05-2026 23:21,10-05-2026 00:28
RES100274,MUM001,CNF100274,GUEST100274,18-06-2026 00:00,20-06-2026 00:00,QUEEN,MEMBER,MEM_STD,BOOKED,4,92248,INR,09-05-2026 03:42,09-05-2026 04:29
RES100275,DEL001,CNF100275,GUEST100275,28-06-2026 00:00,30-06-2026 00:00,STD,BAR,BAR_STD,BOOKED,1,26724,INR,09-05-2026 01:40,09-05-2026 02:25
RES100276,HYD001,CNF100276,GUEST100276,05-06-2026 00:00,09-06-2026 00:00,STE,MEMBER,MEM_DLX,MODIFIED,1,26020,INR,09-05-2026 13:22,09-05-2026 13:34
RES100277,BLR001,CNF100277,GUEST100277,11-06-2026 00:00,14-06-2026 00:00,DLX,PKG,PKG_DLX,BOOKED,3,54486,INR,09-05-2026 19:55,09-05-2026 22:42
RES100278,BLR002,CNF100278,GUEST100278,24-05-2026 00:00,28-05-2026 00:00,STE,BAR,BAR_STD,CANCELLED,3,0,INR,09-05-2026 15:18,09-05-2026 18:04
RES100279,DEL001,CNF100279,GUEST100279,19-06-2026 00:00,24-06-2026 00:00,DLX,CORP,CORP_DLX,BOOKED,4,163160,INR,09-05-2026 14:14,09-05-2026 15:30
RES100280,BLR001,CNF100280,GUEST100280,30-06-2026 00:00,05-07-2026 00:00,DLX,PREPAY,PPR_DLX,CANCELLED,3,0,INR,09-05-2026 01:16,09-05-2026 02:11
RES100281,HYD001,CNF100281,GUEST100281,13-06-2026 00:00,16-06-2026 00:00,KING,MEMBER,MEM_STD,MODIFIED,3,54351,INR,09-05-2026 06:25,09-05-2026 08:45
RES100282,MUM001,CNF100282,GUEST100282,26-05-2026 00:00,31-05-2026 00:00,STD,BAR,BAR_DLX,BOOKED,3,162240,INR,09-05-2026 11:06,09-05-2026 11:13
RES100283,MUM001,CNF100283,GUEST100283,21-06-2026 00:00,24-06-2026 00:00,KING,PKG,PKG_DLX,CANCELLED,2,0,INR,09-05-2026 00:11,09-05-2026 01:18
RES100284,DEL001,CNF100284,GUEST100284,10-05-2026 00:00,15-05-2026 00:00,DLX,CORP,CORP_STD,CANCELLED,1,0,INR,09-05-2026 08:50,09-05-2026 09:05
RES100285,BLR001,CNF100285,GUEST100285,26-06-2026 00:00,30-06-2026 00:00,KING,PREPAY,PPR_STD,BOOKED,1,37856,INR,09-05-2026 02:05,09-05-2026 05:04
RES100286,BLR002,CNF100286,GUEST100286,29-06-2026 00:00,01-07-2026 00:00,STE,MEMBER,MEM_DLX,BOOKED,2,15136,INR,09-05-2026 17:01,09-05-2026 19:52
RES100287,BLR002,CNF100287,GUEST100287,24-06-2026 00:00,26-06-2026 00:00,STD,CORP,CORP_STD,MODIFIED,2,40840,INR,09-05-2026 09:20,09-05-2026 09:54
RES100288,BLR001,CNF100288,GUEST100288,20-06-2026 00:00,21-06-2026 00:00,STE,CORP,CORP_DLX,MODIFIED,2,26298,INR,09-05-2026 12:35,09-05-2026 15:08
RES100289,DEL001,CNF100289,GUEST100289,02-07-2026 00:00,06-07-2026 00:00,QUEEN,CORP,CORP_DLX,MODIFIED,1,42348,INR,09-05-2026 13:35,09-05-2026 15:30
RES100290,DEL001,CNF100290,GUEST100290,25-05-2026 00:00,29-05-2026 00:00,QUEEN,CORP,CORP_DLX,CANCELLED,2,0,INR,09-05-2026 22:00,09-05-2026 23:11
RES100291,DEL001,CNF100291,GUEST100291,21-05-2026 00:00,22-05-2026 00:00,KING,BAR,BAR_DLX,MODIFIED,2,17382,INR,09-05-2026 04:57,09-05-2026 07:30
RES100292,BLR001,CNF100292,GUEST100292,17-06-2026 00:00,19-06-2026 00:00,QUEEN,PKG,PKG_DLX,CANCELLED,4,0,INR,09-05-2026 10:11,09-05-2026 11:50
RES100293,MUM001,CNF100293,GUEST100293,08-06-2026 00:00,11-06-2026 00:00,KING,MEMBER,MEM_STD,MODIFIED,3,75645,INR,09-05-2026 06:27,09-05-2026 08:44
RES100294,HYD001,CNF100294,GUEST100294,30-06-2026 00:00,04-07-2026 00:00,STD,PKG,PKG_STD,MODIFIED,3,56796,INR,09-05-2026 00:09,09-05-2026 02:53
RES100295,MUM001,CNF100295,GUEST100295,03-06-2026 00:00,07-06-2026 00:00,KING,PREPAY,PPR_DLX,BOOKED,1,32316,INR,09-05-2026 23:33,10-05-2026 00:00
RES100296,HYD001,CNF100296,GUEST100296,31-05-2026 00:00,01-06-2026 00:00,STD,PREPAY,PPR_STD,CANCELLED,1,0,INR,09-05-2026 19:15,09-05-2026 20:18
RES100297,BLR002,CNF100297,GUEST100297,12-06-2026 00:00,14-06-2026 00:00,QUEEN,BAR,BAR_STD,MODIFIED,3,53484,INR,09-05-2026 17:00,09-05-2026 19:07
RES100298,BLR002,CNF100298,GUEST100298,28-06-2026 00:00,29-06-2026 00:00,STE,MEMBER,MEM_STD,CANCELLED,2,0,INR,09-05-2026 10:20,09-05-2026 11:43
RES100299,DEL001,CNF100299,GUEST100299,13-05-2026 00:00,18-05-2026 00:00,KING,PREPAY,PPR_STD,CANCELLED,4,0,INR,09-05-2026 18:51,09-05-2026 21:22
RES100300,DEL001,CNF100300,GUEST100300,04-07-2026 00:00,08-07-2026 00:00,QUEEN,MEMBER,MEM_STD,MODIFIED,3,165144,INR,09-05-2026 22:05,09-05-2026 23:08
RES100301,DEL001,CNF100301,GUEST100301,14-05-2026 00:00,16-05-2026 00:00,DLX,PKG,PKG_STD,BOOKED,1,20424,INR,09-05-2026 04:31,09-05-2026 05:58
RES100302,BLR001,CNF100302,GUEST100302,11-06-2026 00:00,15-06-2026 00:00,STD,PKG,PKG_DLX,CANCELLED,4,0,INR,09-05-2026 02:26,09-05-2026 02:44
RES100303,MUM001,CNF100303,GUEST100303,15-06-2026 00:00,16-06-2026 00:00,STD,CORP,CORP_STD,BOOKED,2,24482,INR,09-05-2026 12:39,09-05-2026 15:38
RES100304,HYD001,CNF100304,GUEST100304,12-05-2026 00:00,13-05-2026 00:00,KING,MEMBER,MEM_DLX,CANCELLED,4,0,INR,09-05-2026 01:16,09-05-2026 01:43
RES100305,BLR001,CNF100305,GUEST100305,21-06-2026 00:00,24-06-2026 00:00,DLX,BAR,BAR_STD,CANCELLED,2,0,INR,09-05-2026 19:40,09-05-2026 22:15
RES100306,HYD001,CNF100306,GUEST100306,06-07-2026 00:00,09-07-2026 00:00,QUEEN,CORP,CORP_STD,MODIFIED,3,37809,INR,09-05-2026 06:16,09-05-2026 06:19
RES100307,BLR001,CNF100307,GUEST100307,19-06-2026 00:00,24-06-2026 00:00,STE,MEMBER,MEM_STD,MODIFIED,2,137370,INR,09-05-2026 19:35,09-05-2026 22:30
RES100308,BLR001,CNF100308,GUEST100308,05-06-2026 00:00,07-06-2026 00:00,QUEEN,BAR,BAR_DLX,CANCELLED,3,0,INR,09-05-2026 08:03,09-05-2026 09:25
RES100309,BLR002,CNF100309,GUEST100309,10-06-2026 00:00,12-06-2026 00:00,STE,CORP,CORP_DLX,CANCELLED,4,0,INR,09-05-2026 09:31,09-05-2026 12:01
RES100310,MUM001,CNF100310,GUEST100310,07-06-2026 00:00,10-06-2026 00:00,STE,BAR,BAR_STD,MODIFIED,1,27816,INR,09-05-2026 10:54,09-05-2026 12:38
RES100311,BLR001,CNF100311,GUEST100311,10-06-2026 00:00,14-06-2026 00:00,QUEEN,CORP,CORP_STD,BOOKED,3,176640,INR,09-05-2026 12:52,09-05-2026 13:36
RES100312,DEL001,CNF100312,GUEST100312,08-06-2026 00:00,11-06-2026 00:00,STD,PREPAY,PPR_STD,MODIFIED,4,152436,INR,09-05-2026 00:38,09-05-2026 03:09
RES100313,HYD001,CNF100313,GUEST100313,25-05-2026 00:00,28-05-2026 00:00,KING,CORP,CORP_DLX,CANCELLED,2,0,INR,09-05-2026 12:48,09-05-2026 14:14
RES100314,BLR002,CNF100314,GUEST100314,22-06-2026 00:00,26-06-2026 00:00,KING,BAR,BAR_STD,MODIFIED,3,73200,INR,09-05-2026 11:01,09-05-2026 14:00
RES100315,DEL001,CNF100315,GUEST100315,02-07-2026 00:00,07-07-2026 00:00,DLX,BAR,BAR_STD,BOOKED,3,63000,INR,09-05-2026 08:43,09-05-2026 10:48
RES100316,DEL001,CNF100316,GUEST100316,03-07-2026 00:00,07-07-2026 00:00,KING,MEMBER,MEM_DLX,MODIFIED,3,71292,INR,09-05-2026 14:23,09-05-2026 17:17
RES100317,HYD001,CNF100317,GUEST100317,22-06-2026 00:00,23-06-2026 00:00,STD,CORP,CORP_DLX,BOOKED,2,16864,INR,09-05-2026 23:52,09-05-2026 23:53
RES100318,MUM001,CNF100318,GUEST100318,26-05-2026 00:00,27-05-2026 00:00,STD,PKG,PKG_STD,CANCELLED,1,0,INR,09-05-2026 19:34,09-05-2026 22:09
RES100319,DEL001,CNF100319,GUEST100319,16-06-2026 00:00,17-06-2026 00:00,STE,MEMBER,MEM_STD,MODIFIED,4,31288,INR,09-05-2026 23:49,10-05-2026 00:03
RES100320,MUM001,CNF100320,GUEST100320,03-06-2026 00:00,07-06-2026 00:00,STD,CORP,CORP_STD,CANCELLED,3,0,INR,09-05-2026 08:36,09-05-2026 10:19
RES100321,MUM001,CNF100321,GUEST100321,30-05-2026 00:00,02-06-2026 00:00,KING,CORP,CORP_STD,MODIFIED,2,43116,INR,09-05-2026 23:07,10-05-2026 00:14
RES100322,DEL001,CNF100322,GUEST100322,28-06-2026 00:00,01-07-2026 00:00,DLX,CORP,CORP_DLX,BOOKED,3,53469,INR,09-05-2026 19:08,09-05-2026 19:28
RES100323,BLR001,CNF100323,GUEST100323,19-06-2026 00:00,24-06-2026 00:00,STD,MEMBER,MEM_DLX,MODIFIED,2,59310,INR,09-05-2026 01:16,09-05-2026 03:21
RES100324,MUM001,CNF100324,GUEST100324,07-06-2026 00:00,10-06-2026 00:00,KING,BAR,BAR_DLX,BOOKED,3,100449,INR,09-05-2026 21:06,09-05-2026 23:56
RES100325,DEL001,CNF100325,GUEST100325,13-06-2026 00:00,15-06-2026 00:00,KING,PKG,PKG_STD,MODIFIED,3,42174,INR,09-05-2026 08:25,09-05-2026 10:21
RES100326,MUM001,CNF100326,GUEST100326,02-06-2026 00:00,06-06-2026 00:00,DLX,MEMBER,MEM_STD,MODIFIED,3,62712,INR,09-05-2026 14:33,09-05-2026 17:19
RES100327,BLR002,CNF100327,GUEST100327,16-05-2026 00:00,19-05-2026 00:00,QUEEN,PKG,PKG_DLX,CANCELLED,3,0,INR,09-05-2026 12:32,09-05-2026 13:49
RES100328,HYD001,CNF100328,GUEST100328,02-06-2026 00:00,04-06-2026 00:00,STE,BAR,BAR_DLX,BOOKED,1,9120,INR,09-05-2026 01:37,09-05-2026 03:51
RES100329,BLR001,CNF100329,GUEST100329,28-06-2026 00:00,01-07-2026 00:00,KING,MEMBER,MEM_DLX,CANCELLED,3,0,INR,09-05-2026 16:34,09-05-2026 17:59
RES100330,DEL001,CNF100330,GUEST100330,07-07-2026 00:00,12-07-2026 00:00,DLX,BAR,BAR_STD,CANCELLED,4,0,INR,09-05-2026 01:46,09-05-2026 02:58
RES100331,BLR001,CNF100331,GUEST100331,10-05-2026 00:00,11-05-2026 00:00,STE,MEMBER,MEM_DLX,CANCELLED,1,0,INR,09-05-2026 00:14,09-05-2026 01:10
RES100332,BLR001,CNF100332,GUEST100332,28-06-2026 00:00,01-07-2026 00:00,STD,BAR,BAR_STD,CANCELLED,1,0,INR,09-05-2026 16:08,09-05-2026 17:37
RES100333,MUM001,CNF100333,GUEST100333,14-06-2026 00:00,18-06-2026 00:00,QUEEN,CORP,CORP_STD,MODIFIED,1,16044,INR,09-05-2026 06:56,09-05-2026 07:09
RES100334,DEL001,CNF100334,GUEST100334,31-05-2026 00:00,05-06-2026 00:00,KING,BAR,BAR_DLX,BOOKED,4,266040,INR,09-05-2026 10:07,09-05-2026 12:31
RES100335,BLR001,CNF100335,GUEST100335,22-06-2026 00:00,24-06-2026 00:00,STE,PKG,PKG_DLX,MODIFIED,4,67856,INR,09-05-2026 03:13,09-05-2026 04:25
RES100336,MUM001,CNF100336,GUEST100336,09-06-2026 00:00,11-06-2026 00:00,STD,MEMBER,MEM_STD,CANCELLED,4,0,INR,09-05-2026 16:09,09-05-2026 18:11
RES100337,BLR001,CNF100337,GUEST100337,02-07-2026 00:00,06-07-2026 00:00,DLX,CORP,CORP_DLX,MODIFIED,4,218992,INR,09-05-2026 10:47,09-05-2026 13:10
RES100338,HYD001,CNF100338,GUEST100338,23-06-2026 00:00,24-06-2026 00:00,KING,CORP,CORP_STD,MODIFIED,3,40107,INR,09-05-2026 04:55,09-05-2026 05:58
RES100339,DEL001,CNF100339,GUEST100339,14-06-2026 00:00,18-06-2026 00:00,STD,BAR,BAR_DLX,MODIFIED,2,49088,INR,09-05-2026 12:41,09-05-2026 15:00
RES100340,BLR002,CNF100340,GUEST100340,28-06-2026 00:00,29-06-2026 00:00,KING,CORP,CORP_DLX,MODIFIED,2,9248,INR,09-05-2026 04:17,09-05-2026 05:48
RES100341,HYD001,CNF100341,GUEST100341,11-05-2026 00:00,16-05-2026 00:00,STE,CORP,CORP_DLX,BOOKED,2,83750,INR,09-05-2026 03:58,09-05-2026 05:47
RES100342,MUM001,CNF100342,GUEST100342,14-06-2026 00:00,16-06-2026 00:00,QUEEN,PKG,PKG_DLX,MODIFIED,2,23404,INR,09-05-2026 08:40,09-05-2026 11:02
RES100343,BLR002,CNF100343,GUEST100343,22-05-2026 00:00,24-05-2026 00:00,QUEEN,PREPAY,PPR_STD,MODIFIED,1,19304,INR,09-05-2026 22:09,09-05-2026 23:01
RES100344,MUM001,CNF100344,GUEST100344,02-06-2026 00:00,03-06-2026 00:00,STE,CORP,CORP_STD,MODIFIED,4,49856,INR,09-05-2026 23:49,09-05-2026 23:59
RES100345,BLR001,CNF100345,GUEST100345,13-05-2026 00:00,16-05-2026 00:00,STD,BAR,BAR_DLX,MODIFIED,2,24072,INR,09-05-2026 16:26,09-05-2026 17:31
RES100346,HYD001,CNF100346,GUEST100346,23-06-2026 00:00,25-06-2026 00:00,DLX,MEMBER,MEM_DLX,MODIFIED,2,55436,INR,09-05-2026 02:39,09-05-2026 05:12
RES100347,DEL001,CNF100347,GUEST100347,19-06-2026 00:00,21-06-2026 00:00,STE,PREPAY,PPR_STD,BOOKED,2,30892,INR,09-05-2026 19:24,09-05-2026 21:17
RES100348,BLR001,CNF100348,GUEST100348,08-06-2026 00:00,10-06-2026 00:00,STD,MEMBER,MEM_DLX,BOOKED,3,84918,INR,09-05-2026 06:05,09-05-2026 06:32
RES100349,BLR001,CNF100349,GUEST100349,14-06-2026 00:00,15-06-2026 00:00,DLX,CORP,CORP_STD,CANCELLED,4,0,INR,09-05-2026 13:47,09-05-2026 16:24
RES100350,MUM001,CNF100350,GUEST100350,30-05-2026 00:00,31-05-2026 00:00,DLX,CORP,CORP_DLX,MODIFIED,1,4434,INR,09-05-2026 07:34,09-05-2026 09:53
RES100351,BLR001,CNF100351,GUEST100351,14-06-2026 00:00,16-06-2026 00:00,DLX,MEMBER,MEM_DLX,MODIFIED,2,41312,INR,09-05-2026 22:28,09-05-2026 23:42
RES100352,MUM001,CNF100352,GUEST100352,12-06-2026 00:00,14-06-2026 00:00,DLX,MEMBER,MEM_STD,MODIFIED,4,56336,INR,09-05-2026 07:19,09-05-2026 08:16
RES100353,MUM001,CNF100353,GUEST100353,16-06-2026 00:00,20-06-2026 00:00,STD,CORP,CORP_DLX,BOOKED,4,222336,INR,09-05-2026 22:27,10-05-2026 00:22
RES100354,DEL001,CNF100354,GUEST100354,21-06-2026 00:00,23-06-2026 00:00,DLX,PREPAY,PPR_DLX,CANCELLED,2,0,INR,09-05-2026 05:00,09-05-2026 06:42
RES100355,BLR001,CNF100355,GUEST100355,19-06-2026 00:00,22-06-2026 00:00,KING,BAR,BAR_DLX,CANCELLED,1,0,INR,09-05-2026 17:29,09-05-2026 19:44
RES100356,BLR002,CNF100356,GUEST100356,04-07-2026 00:00,09-07-2026 00:00,KING,PKG,PKG_STD,MODIFIED,2,132310,INR,09-05-2026 04:56,09-05-2026 06:27
RES100357,DEL001,CNF100357,GUEST100357,06-07-2026 00:00,11-07-2026 00:00,STE,BAR,BAR_STD,MODIFIED,2,35020,INR,09-05-2026 06:45,09-05-2026 07:59
RES100358,DEL001,CNF100358,GUEST100358,29-05-2026 00:00,30-05-2026 00:00,STD,MEMBER,MEM_STD,CANCELLED,1,0,INR,09-05-2026 13:56,09-05-2026 14:36
RES100359,BLR002,CNF100359,GUEST100359,20-06-2026 00:00,22-06-2026 00:00,STD,PREPAY,PPR_DLX,CANCELLED,1,0,INR,09-05-2026 19:06,09-05-2026 20:52
RES100360,DEL001,CNF100360,GUEST100360,22-06-2026 00:00,27-06-2026 00:00,STD,CORP,CORP_DLX,MODIFIED,2,42390,INR,09-05-2026 14:52,09-05-2026 15:47
RES100361,HYD001,CNF100361,GUEST100361,22-06-2026 00:00,27-06-2026 00:00,STE,MEMBER,MEM_STD,CANCELLED,4,0,INR,09-05-2026 08:49,09-05-2026 09:37
RES100362,MUM001,CNF100362,GUEST100362,02-07-2026 00:00,06-07-2026 00:00,STE,CORP,CORP_STD,BOOKED,3,175176,INR,09-05-2026 17:02,09-05-2026 17:15
RES100363,HYD001,CNF100363,GUEST100363,07-06-2026 00:00,12-06-2026 00:00,STE,MEMBER,MEM_STD,BOOKED,1,20320,INR,09-05-2026 20:13,09-05-2026 21:33
RES100364,HYD001,CNF100364,GUEST100364,12-05-2026 00:00,17-05-2026 00:00,STE,CORP,CORP_DLX,BOOKED,1,36115,INR,09-05-2026 16:55,09-05-2026 17:42
RES100365,BLR001,CNF100365,GUEST100365,13-05-2026 00:00,14-05-2026 00:00,QUEEN,PKG,PKG_STD,CANCELLED,3,0,INR,09-05-2026 07:41,09-05-2026 09:57
RES100366,DEL001,CNF100366,GUEST100366,08-07-2026 00:00,12-07-2026 00:00,DLX,PREPAY,PPR_DLX,CANCELLED,1,0,INR,09-05-2026 15:00,09-05-2026 16:49
RES100367,MUM001,CNF100367,GUEST100367,20-05-2026 00:00,22-05-2026 00:00,QUEEN,CORP,CORP_STD,CANCELLED,1,0,INR,09-05-2026 14:16,09-05-2026 15:43
RES100368,BLR001,CNF100368,GUEST100368,06-06-2026 00:00,07-06-2026 00:00,STD,BAR,BAR_DLX,BOOKED,4,57104,INR,09-05-2026 07:14,09-05-2026 10:07
RES100369,DEL001,CNF100369,GUEST100369,30-05-2026 00:00,04-06-2026 00:00,QUEEN,PREPAY,PPR_DLX,BOOKED,4,152620,INR,09-05-2026 05:38,09-05-2026 07:50
RES100370,HYD001,CNF100370,GUEST100370,28-05-2026 00:00,29-05-2026 00:00,STE,PKG,PKG_STD,BOOKED,3,29358,INR,09-05-2026 21:56,09-05-2026 23:52
RES100371,HYD001,CNF100371,GUEST100371,20-05-2026 00:00,23-05-2026 00:00,QUEEN,PREPAY,PPR_STD,MODIFIED,1,42066,INR,09-05-2026 05:18,09-05-2026 07:26
RES100372,HYD001,CNF100372,GUEST100372,15-05-2026 00:00,17-05-2026 00:00,DLX,PKG,PKG_STD,CANCELLED,2,0,INR,09-05-2026 07:17,09-05-2026 07:43
RES100373,MUM001,CNF100373,GUEST100373,24-05-2026 00:00,28-05-2026 00:00,STE,PREPAY,PPR_STD,BOOKED,2,50504,INR,09-05-2026 03:28,09-05-2026 06:13
RES100374,DEL001,CNF100374,GUEST100374,03-06-2026 00:00,04-06-2026 00:00,KING,BAR,BAR_DLX,BOOKED,3,41622,INR,09-05-2026 21:28,09-05-2026 23:38
RES100375,MUM001,CNF100375,GUEST100375,22-06-2026 00:00,27-06-2026 00:00,KING,BAR,BAR_DLX,CANCELLED,3,0,INR,09-05-2026 09:17,09-05-2026 11:15
RES100376,BLR001,CNF100376,GUEST100376,03-07-2026 00:00,07-07-2026 00:00,DLX,BAR,BAR_STD,CANCELLED,4,0,INR,09-05-2026 14:56,09-05-2026 17:32
RES100377,BLR002,CNF100377,GUEST100377,05-06-2026 00:00,07-06-2026 00:00,QUEEN,PKG,PKG_STD,BOOKED,3,52170,INR,09-05-2026 17:48,09-05-2026 18:56
RES100378,MUM001,CNF100378,GUEST100378,11-05-2026 00:00,14-05-2026 00:00,QUEEN,MEMBER,MEM_DLX,CANCELLED,3,0,INR,09-05-2026 16:27,09-05-2026 16:35
RES100379,DEL001,CNF100379,GUEST100379,22-05-2026 00:00,26-05-2026 00:00,KING,CORP,CORP_DLX,CANCELLED,3,0,INR,09-05-2026 04:47,09-05-2026 05:35
RES100380,HYD001,CNF100380,GUEST100380,21-05-2026 00:00,26-05-2026 00:00,STE,MEMBER,MEM_DLX,BOOKED,1,20660,INR,09-05-2026 02:24,09-05-2026 03:04
RES100381,BLR002,CNF100381,GUEST100381,20-05-2026 00:00,22-05-2026 00:00,STE,PKG,PKG_STD,BOOKED,2,48804,INR,09-05-2026 08:20,09-05-2026 09:04
RES100382,MUM001,CNF100382,GUEST100382,23-06-2026 00:00,27-06-2026 00:00,STE,MEMBER,MEM_DLX,MODIFIED,3,63936,INR,09-05-2026 14:09,09-05-2026 16:06
RES100383,DEL001,CNF100383,GUEST100383,25-05-2026 00:00,27-05-2026 00:00,KING,PREPAY,PPR_DLX,BOOKED,1,27002,INR,09-05-2026 09:34,09-05-2026 11:30
RES100384,HYD001,CNF100384,GUEST100384,23-06-2026 00:00,25-06-2026 00:00,QUEEN,BAR,BAR_DLX,CANCELLED,4,0,INR,09-05-2026 00:09,09-05-2026 00:31
RES100385,BLR002,CNF100385,GUEST100385,05-06-2026 00:00,08-06-2026 00:00,DLX,BAR,BAR_STD,CANCELLED,2,0,INR,09-05-2026 02:52,09-05-2026 04:58
RES100386,HYD001,CNF100386,GUEST100386,03-07-2026 00:00,04-07-2026 00:00,STE,PKG,PKG_DLX,CANCELLED,3,0,INR,09-05-2026 17:06,09-05-2026 19:31
RES100387,DEL001,CNF100387,GUEST100387,18-05-2026 00:00,19-05-2026 00:00,QUEEN,PREPAY,PPR_DLX,MODIFIED,4,27680,INR,09-05-2026 06:44,09-05-2026 06:57
RES100388,DEL001,CNF100388,GUEST100388,06-06-2026 00:00,11-06-2026 00:00,KING,MEMBER,MEM_STD,BOOKED,3,122205,INR,09-05-2026 22:37,09-05-2026 22:55
RES100389,DEL001,CNF100389,GUEST100389,21-06-2026 00:00,23-06-2026 00:00,KING,PKG,PKG_DLX,MODIFIED,1,29340,INR,09-05-2026 08:16,09-05-2026 09:57
RES100390,DEL001,CNF100390,GUEST100390,26-06-2026 00:00,29-06-2026 00:00,STD,PKG,PKG_DLX,MODIFIED,3,133929,INR,09-05-2026 17:06,09-05-2026 17:31
RES100391,BLR002,CNF100391,GUEST100391,10-06-2026 00:00,13-06-2026 00:00,STD,MEMBER,MEM_STD,CANCELLED,3,0,INR,09-05-2026 06:55,09-05-2026 07:22
RES100392,MUM001,CNF100392,GUEST100392,29-06-2026 00:00,01-07-2026 00:00,KING,PKG,PKG_STD,CANCELLED,1,0,INR,09-05-2026 22:27,10-05-2026 01:05
RES100393,BLR001,CNF100393,GUEST100393,24-05-2026 00:00,26-05-2026 00:00,STE,BAR,BAR_STD,BOOKED,3,84510,INR,09-05-2026 14:38,09-05-2026 17:09
RES100394,DEL001,CNF100394,GUEST100394,26-05-2026 00:00,31-05-2026 00:00,QUEEN,BAR,BAR_STD,MODIFIED,1,72480,INR,09-05-2026 17:53,09-05-2026 19:15
RES100395,BLR002,CNF100395,GUEST100395,22-05-2026 00:00,23-05-2026 00:00,DLX,BAR,BAR_STD,MODIFIED,2,14162,INR,09-05-2026 14:19,09-05-2026 16:48
RES100396,MUM001,CNF100396,GUEST100396,31-05-2026 00:00,03-06-2026 00:00,DLX,PKG,PKG_STD,MODIFIED,4,64500,INR,09-05-2026 22:41,09-05-2026 23:50
RES100397,BLR001,CNF100397,GUEST100397,31-05-2026 00:00,03-06-2026 00:00,QUEEN,PKG,PKG_DLX,CANCELLED,2,0,INR,09-05-2026 18:05,09-05-2026 20:19
RES100398,BLR001,CNF100398,GUEST100398,28-05-2026 00:00,02-06-2026 00:00,STD,PKG,PKG_DLX,MODIFIED,3,127425,INR,09-05-2026 18:44,09-05-2026 20:55
RES100399,DEL001,CNF100399,GUEST100399,30-05-2026 00:00,31-05-2026 00:00,KING,PREPAY,PPR_STD,CANCELLED,3,0,INR,09-05-2026 15:26,09-05-2026 18:01
RES100400,HYD001,CNF100400,GUEST100400,01-06-2026 00:00,03-06-2026 00:00,QUEEN,PKG,PKG_DLX,CANCELLED,2,0,INR,09-05-2026 14:05,09-05-2026 16:02
RES100401,MUM001,CNF100401,GUEST100401,14-06-2026 00:00,15-06-2026 00:00,QUEEN,PREPAY,PPR_DLX,BOOKED,1,5232,INR,09-05-2026 12:13,09-05-2026 13:43
RES100402,BLR001,CNF100402,GUEST100402,25-06-2026 00:00,26-06-2026 00:00,KING,PKG,PKG_DLX,CANCELLED,2,0,INR,09-05-2026 04:51,09-05-2026 06:20
RES100403,BLR001,CNF100403,GUEST100403,29-06-2026 00:00,01-07-2026 00:00,DLX,BAR,BAR_DLX,BOOKED,4,62512,INR,09-05-2026 02:30,09-05-2026 03:01
RES100404,HYD001,CNF100404,GUEST100404,10-06-2026 00:00,12-06-2026 00:00,STD,BAR,BAR_STD,MODIFIED,1,15378,INR,09-05-2026 22:56,10-05-2026 01:39
RES100405,HYD001,CNF100405,GUEST100405,26-06-2026 00:00,27-06-2026 00:00,QUEEN,PKG,PKG_STD,BOOKED,4,50264,INR,09-05-2026 16:49,09-05-2026 17:02
RES100406,DEL001,CNF100406,GUEST100406,29-06-2026 00:00,30-06-2026 00:00,STD,CORP,CORP_STD,CANCELLED,1,0,INR,09-05-2026 02:13,09-05-2026 03:00
RES100407,BLR002,CNF100407,GUEST100407,19-06-2026 00:00,21-06-2026 00:00,KING,CORP,CORP_DLX,MODIFIED,4,28032,INR,09-05-2026 23:37,10-05-2026 00:09
RES100408,DEL001,CNF100408,GUEST100408,02-06-2026 00:00,06-06-2026 00:00,QUEEN,PKG,PKG_STD,BOOKED,4,163360,INR,09-05-2026 03:17,09-05-2026 04:13
RES100409,BLR002,CNF100409,GUEST100409,10-06-2026 00:00,14-06-2026 00:00,QUEEN,PREPAY,PPR_STD,MODIFIED,3,129768,INR,09-05-2026 13:28,09-05-2026 16:02
RES100410,HYD001,CNF100410,GUEST100410,20-06-2026 00:00,24-06-2026 00:00,KING,BAR,BAR_STD,MODIFIED,1,23488,INR,09-05-2026 04:39,09-05-2026 04:40
RES100411,MUM001,CNF100411,GUEST100411,21-06-2026 00:00,24-06-2026 00:00,KING,MEMBER,MEM_DLX,CANCELLED,1,0,INR,09-05-2026 23:55,10-05-2026 01:08
RES100412,DEL001,CNF100412,GUEST100412,13-06-2026 00:00,15-06-2026 00:00,DLX,BAR,BAR_DLX,CANCELLED,3,0,INR,09-05-2026 19:32,09-05-2026 20:32
RES100413,HYD001,CNF100413,GUEST100413,20-05-2026 00:00,24-05-2026 00:00,DLX,PREPAY,PPR_DLX,MODIFIED,3,57396,INR,09-05-2026 19:34,09-05-2026 21:51
RES100414,DEL001,CNF100414,GUEST100414,15-05-2026 00:00,16-05-2026 00:00,KING,PKG,PKG_DLX,BOOKED,3,34407,INR,09-05-2026 22:42,09-05-2026 23:37
RES100415,DEL001,CNF100415,GUEST100415,25-06-2026 00:00,29-06-2026 00:00,DLX,CORP,CORP_STD,BOOKED,4,110800,INR,09-05-2026 06:37,09-05-2026 07:32
RES100416,BLR002,CNF100416,GUEST100416,14-05-2026 00:00,16-05-2026 00:00,DLX,CORP,CORP_STD,MODIFIED,2,49636,INR,09-05-2026 04:05,09-05-2026 04:54
RES100417,DEL001,CNF100417,GUEST100417,10-05-2026 00:00,14-05-2026 00:00,STD,CORP,CORP_STD,BOOKED,2,108216,INR,09-05-2026 20:14,09-05-2026 20:36
RES100418,BLR001,CNF100418,GUEST100418,04-07-2026 00:00,09-07-2026 00:00,QUEEN,BAR,BAR_STD,BOOKED,2,41670,INR,09-05-2026 20:41,09-05-2026 23:36
RES100419,BLR001,CNF100419,GUEST100419,05-07-2026 00:00,09-07-2026 00:00,STD,MEMBER,MEM_STD,CANCELLED,3,0,INR,09-05-2026 13:44,09-05-2026 14:11
RES100420,HYD001,CNF100420,GUEST100420,23-05-2026 00:00,26-05-2026 00:00,KING,MEMBER,MEM_STD,MODIFIED,4,105384,INR,09-05-2026 07:43,09-05-2026 08:01
RES100421,BLR001,CNF100421,GUEST100421,17-06-2026 00:00,22-06-2026 00:00,STD,BAR,BAR_STD,MODIFIED,4,237360,INR,09-05-2026 01:34,09-05-2026 03:58
RES100422,BLR001,CNF100422,GUEST100422,08-07-2026 00:00,11-07-2026 00:00,KING,PKG,PKG_DLX,CANCELLED,3,0,INR,09-05-2026 08:43,09-05-2026 11:28
RES100423,HYD001,CNF100423,GUEST100423,26-05-2026 00:00,28-05-2026 00:00,KING,CORP,CORP_STD,CANCELLED,4,0,INR,09-05-2026 04:51,09-05-2026 06:55
RES100424,HYD001,CNF100424,GUEST100424,19-06-2026 00:00,21-06-2026 00:00,STD,PKG,PKG_STD,CANCELLED,2,0,INR,09-05-2026 07:01,09-05-2026 07:39
RES100425,BLR002,CNF100425,GUEST100425,08-06-2026 00:00,13-06-2026 00:00,STE,MEMBER,MEM_STD,BOOKED,4,242340,INR,09-05-2026 04:45,09-05-2026 07:07
RES100426,HYD001,CNF100426,GUEST100426,29-05-2026 00:00,01-06-2026 00:00,STE,MEMBER,MEM_STD,CANCELLED,4,0,INR,09-05-2026 14:12,09-05-2026 15:55
RES100427,HYD001,CNF100427,GUEST100427,20-06-2026 00:00,22-06-2026 00:00,QUEEN,BAR,BAR_DLX,BOOKED,1,27952,INR,09-05-2026 06:07,09-05-2026 07:10
RES100428,BLR002,CNF100428,GUEST100428,26-06-2026 00:00,01-07-2026 00:00,STD,CORP,CORP_STD,MODIFIED,4,105120,INR,09-05-2026 22:37,09-05-2026 22:53
RES100429,MUM001,CNF100429,GUEST100429,14-05-2026 00:00,18-05-2026 00:00,QUEEN,BAR,BAR_STD,CANCELLED,1,0,INR,09-05-2026 16:49,09-05-2026 19:19
RES100430,MUM001,CNF100430,GUEST100430,17-06-2026 00:00,18-06-2026 00:00,STE,BAR,BAR_STD,BOOKED,4,30128,INR,09-05-2026 03:28,09-05-2026 05:02
RES100431,DEL001,CNF100431,GUEST100431,24-05-2026 00:00,26-05-2026 00:00,DLX,PREPAY,PPR_STD,MODIFIED,2,20876,INR,09-05-2026 20:57,09-05-2026 21:32
RES100432,MUM001,CNF100432,GUEST100432,06-07-2026 00:00,10-07-2026 00:00,STD,MEMBER,MEM_DLX,BOOKED,1,38424,INR,09-05-2026 15:36,09-05-2026 17:21
RES100433,HYD001,CNF100433,GUEST100433,09-06-2026 00:00,10-06-2026 00:00,STE,MEMBER,MEM_DLX,CANCELLED,3,0,INR,09-05-2026 05:43,09-05-2026 07:08
RES100434,DEL001,CNF100434,GUEST100434,11-06-2026 00:00,15-06-2026 00:00,STD,PKG,PKG_STD,BOOKED,4,222688,INR,09-05-2026 09:08,09-05-2026 09:32
RES100435,BLR001,CNF100435,GUEST100435,04-06-2026 00:00,06-06-2026 00:00,QUEEN,PREPAY,PPR_DLX,BOOKED,3,52800,INR,09-05-2026 14:55,09-05-2026 15:13
RES100436,MUM001,CNF100436,GUEST100436,25-06-2026 00:00,26-06-2026 00:00,STE,BAR,BAR_STD,BOOKED,2,24240,INR,09-05-2026 12:08,09-05-2026 13:50
RES100437,DEL001,CNF100437,GUEST100437,13-06-2026 00:00,15-06-2026 00:00,KING,PREPAY,PPR_DLX,MODIFIED,1,27378,INR,09-05-2026 10:38,09-05-2026 12:26
RES100438,BLR002,CNF100438,GUEST100438,08-07-2026 00:00,11-07-2026 00:00,STD,CORP,CORP_DLX,MODIFIED,2,85416,INR,09-05-2026 00:54,09-05-2026 03:31
RES100439,MUM001,CNF100439,GUEST100439,13-05-2026 00:00,14-05-2026 00:00,QUEEN,MEMBER,MEM_DLX,MODIFIED,4,40400,INR,09-05-2026 05:17,09-05-2026 06:44
RES100440,DEL001,CNF100440,GUEST100440,21-05-2026 00:00,25-05-2026 00:00,DLX,PKG,PKG_DLX,BOOKED,1,17344,INR,09-05-2026 19:36,09-05-2026 19:37
RES100441,HYD001,CNF100441,GUEST100441,14-05-2026 00:00,18-05-2026 00:00,STE,MEMBER,MEM_STD,CANCELLED,1,0,INR,09-05-2026 17:58,09-05-2026 18:27
RES100442,HYD001,CNF100442,GUEST100442,06-07-2026 00:00,09-07-2026 00:00,DLX,PREPAY,PPR_DLX,BOOKED,2,71472,INR,09-05-2026 21:37,09-05-2026 21:57
RES100443,HYD001,CNF100443,GUEST100443,08-06-2026 00:00,13-06-2026 00:00,STE,CORP,CORP_DLX,BOOKED,3,211860,INR,09-05-2026 20:28,09-05-2026 22:55
RES100444,BLR002,CNF100444,GUEST100444,30-05-2026 00:00,01-06-2026 00:00,STE,MEMBER,MEM_DLX,CANCELLED,1,0,INR,09-05-2026 03:21,09-05-2026 06:18
RES100445,BLR001,CNF100445,GUEST100445,29-06-2026 00:00,03-07-2026 00:00,QUEEN,MEMBER,MEM_STD,MODIFIED,1,29520,INR,09-05-2026 10:29,09-05-2026 10:48
RES100446,BLR001,CNF100446,GUEST100446,03-07-2026 00:00,04-07-2026 00:00,STE,BAR,BAR_STD,CANCELLED,1,0,INR,09-05-2026 09:59,09-05-2026 12:31
RES100447,BLR001,CNF100447,GUEST100447,27-05-2026 00:00,31-05-2026 00:00,STD,CORP,CORP_STD,MODIFIED,3,145236,INR,09-05-2026 20:41,09-05-2026 21:44
RES100448,HYD001,CNF100448,GUEST100448,11-05-2026 00:00,13-05-2026 00:00,STD,CORP,CORP_DLX,CANCELLED,4,0,INR,09-05-2026 19:23,09-05-2026 21:08
RES100449,MUM001,CNF100449,GUEST100449,11-05-2026 00:00,15-05-2026 00:00,STD,BAR,BAR_DLX,MODIFIED,4,123744,INR,09-05-2026 08:16,09-05-2026 10:27
RES100450,DEL001,CNF100450,GUEST100450,15-06-2026 00:00,19-06-2026 00:00,STE,BAR,BAR_STD,MODIFIED,3,55920,INR,09-05-2026 13:18,09-05-2026 15:02
RES100451,DEL001,CNF100451,GUEST100451,02-06-2026 00:00,06-06-2026 00:00,KING,MEMBER,MEM_DLX,BOOKED,2,74320,INR,09-05-2026 16:28,09-05-2026 16:44
RES100452,HYD001,CNF100452,GUEST100452,02-06-2026 00:00,07-06-2026 00:00,QUEEN,CORP,CORP_STD,CANCELLED,2,0,INR,09-05-2026 22:47,10-05-2026 00:01
RES100453,BLR002,CNF100453,GUEST100453,27-05-2026 00:00,01-06-2026 00:00,KING,MEMBER,MEM_STD,CANCELLED,2,0,INR,09-05-2026 15:20,09-05-2026 18:13
RES100454,BLR001,CNF100454,GUEST100454,19-06-2026 00:00,24-06-2026 00:00,QUEEN,PKG,PKG_DLX,CANCELLED,1,0,INR,09-05-2026 21:19,10-05-2026 00:03
RES100455,HYD001,CNF100455,GUEST100455,04-07-2026 00:00,08-07-2026 00:00,KING,BAR,BAR_STD,BOOKED,1,50860,INR,09-05-2026 23:42,10-05-2026 00:39
RES100456,HYD001,CNF100456,GUEST100456,15-05-2026 00:00,17-05-2026 00:00,STE,MEMBER,MEM_STD,CANCELLED,3,0,INR,09-05-2026 17:50,09-05-2026 18:38
RES100457,MUM001,CNF100457,GUEST100457,02-07-2026 00:00,05-07-2026 00:00,STE,PREPAY,PPR_STD,BOOKED,4,130692,INR,09-05-2026 11:15,09-05-2026 11:58
RES100458,DEL001,CNF100458,GUEST100458,05-07-2026 00:00,09-07-2026 00:00,QUEEN,MEMBER,MEM_STD,MODIFIED,4,65856,INR,09-05-2026 06:47,09-05-2026 07:38
RES100459,MUM001,CNF100459,GUEST100459,15-06-2026 00:00,20-06-2026 00:00,STD,PREPAY,PPR_STD,MODIFIED,1,36745,INR,09-05-2026 18:14,09-05-2026 20:43
RES100460,BLR001,CNF100460,GUEST100460,17-05-2026 00:00,19-05-2026 00:00,KING,PREPAY,PPR_DLX,BOOKED,4,35256,INR,09-05-2026 18:16,09-05-2026 20:29
RES100461,MUM001,CNF100461,GUEST100461,25-06-2026 00:00,28-06-2026 00:00,DLX,PKG,PKG_STD,CANCELLED,2,0,INR,09-05-2026 05:31,09-05-2026 07:26
RES100462,DEL001,CNF100462,GUEST100462,18-05-2026 00:00,23-05-2026 00:00,STE,MEMBER,MEM_DLX,MODIFIED,4,255660,INR,09-05-2026 10:34,09-05-2026 13:25
RES100463,HYD001,CNF100463,GUEST100463,09-06-2026 00:00,10-06-2026 00:00,STD,CORP,CORP_STD,MODIFIED,2,13552,INR,09-05-2026 19:20,09-05-2026 19:57
RES100464,HYD001,CNF100464,GUEST100464,08-06-2026 00:00,13-06-2026 00:00,STD,MEMBER,MEM_STD,MODIFIED,1,40880,INR,09-05-2026 12:27,09-05-2026 13:02
RES100465,HYD001,CNF100465,GUEST100465,19-05-2026 00:00,22-05-2026 00:00,DLX,PREPAY,PPR_DLX,BOOKED,1,41529,INR,09-05-2026 14:30,09-05-2026 15:45
RES100466,DEL001,CNF100466,GUEST100466,08-07-2026 00:00,11-07-2026 00:00,KING,MEMBER,MEM_STD,BOOKED,2,35232,INR,09-05-2026 00:21,09-05-2026 02:02
RES100467,MUM001,CNF100467,GUEST100467,27-06-2026 00:00,01-07-2026 00:00,DLX,PKG,PKG_DLX,MODIFIED,3,65508,INR,09-05-2026 07:31,09-05-2026 09:43
RES100468,DEL001,CNF100468,GUEST100468,23-05-2026 00:00,28-05-2026 00:00,STD,PKG,PKG_DLX,MODIFIED,2,85400,INR,09-05-2026 21:01,09-05-2026 22:00
RES100469,BLR001,CNF100469,GUEST100469,25-05-2026 00:00,26-05-2026 00:00,KING,PREPAY,PPR_DLX,MODIFIED,4,37496,INR,09-05-2026 19:46,09-05-2026 20:38
RES100470,BLR001,CNF100470,GUEST100470,02-07-2026 00:00,04-07-2026 00:00,KING,PKG,PKG_DLX,CANCELLED,3,0,INR,09-05-2026 07:16,09-05-2026 09:57
RES100471,DEL001,CNF100471,GUEST100471,05-06-2026 00:00,07-06-2026 00:00,STE,CORP,CORP_DLX,CANCELLED,2,0,INR,09-05-2026 14:55,09-05-2026 16:34
RES100472,DEL001,CNF100472,GUEST100472,13-06-2026 00:00,16-06-2026 00:00,STD,MEMBER,MEM_STD,MODIFIED,4,99996,INR,09-05-2026 01:11,09-05-2026 02:43
RES100473,MUM001,CNF100473,GUEST100473,29-06-2026 00:00,02-07-2026 00:00,KING,PREPAY,PPR_STD,BOOKED,1,36960,INR,09-05-2026 23:48,09-05-2026 23:52
RES100474,HYD001,CNF100474,GUEST100474,05-06-2026 00:00,10-06-2026 00:00,QUEEN,PKG,PKG_STD,CANCELLED,4,0,INR,09-05-2026 18:52,09-05-2026 18:59
RES100475,MUM001,CNF100475,GUEST100475,09-06-2026 00:00,12-06-2026 00:00,QUEEN,PKG,PKG_DLX,MODIFIED,4,134232,INR,09-05-2026 22:29,10-05-2026 00:53
RES100476,DEL001,CNF100476,GUEST100476,05-07-2026 00:00,07-07-2026 00:00,STD,MEMBER,MEM_DLX,CANCELLED,4,0,INR,09-05-2026 12:48,09-05-2026 15:17
RES100477,BLR001,CNF100477,GUEST100477,26-06-2026 00:00,29-06-2026 00:00,STE,PREPAY,PPR_STD,CANCELLED,2,0,INR,09-05-2026 09:16,09-05-2026 10:36
RES100478,DEL001,CNF100478,GUEST100478,10-05-2026 00:00,15-05-2026 00:00,DLX,CORP,CORP_STD,CANCELLED,2,0,INR,09-05-2026 17:11,09-05-2026 18:17
RES100479,MUM001,CNF100479,GUEST100479,10-06-2026 00:00,11-06-2026 00:00,STE,PREPAY,PPR_DLX,MODIFIED,1,13905,INR,09-05-2026 17:18,09-05-2026 19:47
RES100480,BLR002,CNF100480,GUEST100480,05-07-2026 00:00,10-07-2026 00:00,QUEEN,PKG,PKG_DLX,BOOKED,3,208785,INR,09-05-2026 20:38,09-05-2026 21:12
RES100481,MUM001,CNF100481,GUEST100481,25-05-2026 00:00,26-05-2026 00:00,STE,PKG,PKG_DLX,BOOKED,3,38823,INR,09-05-2026 04:11,09-05-2026 06:23
RES100482,BLR002,CNF100482,GUEST100482,23-06-2026 00:00,28-06-2026 00:00,DLX,PKG,PKG_STD,CANCELLED,4,0,INR,09-05-2026 01:03,09-05-2026 01:25
RES100483,BLR002,CNF100483,GUEST100483,21-06-2026 00:00,23-06-2026 00:00,KING,PKG,PKG_STD,CANCELLED,2,0,INR,09-05-2026 19:32,09-05-2026 19:47
RES100484,BLR002,CNF100484,GUEST100484,03-07-2026 00:00,07-07-2026 00:00,STD,CORP,CORP_STD,MODIFIED,2,117984,INR,09-05-2026 07:33,09-05-2026 09:17
RES100485,BLR002,CNF100485,GUEST100485,06-07-2026 00:00,08-07-2026 00:00,STE,BAR,BAR_DLX,CANCELLED,1,0,INR,09-05-2026 17:03,09-05-2026 17:04
RES100486,HYD001,CNF100486,GUEST100486,25-06-2026 00:00,30-06-2026 00:00,DLX,PREPAY,PPR_STD,BOOKED,2,43710,INR,09-05-2026 21:59,09-05-2026 23:47
RES100487,BLR001,CNF100487,GUEST100487,04-06-2026 00:00,08-06-2026 00:00,QUEEN,MEMBER,MEM_DLX,MODIFIED,4,159600,INR,09-05-2026 12:24,09-05-2026 12:40
RES100488,MUM001,CNF100488,GUEST100488,12-05-2026 00:00,16-05-2026 00:00,QUEEN,PKG,PKG_STD,MODIFIED,4,146880,INR,09-05-2026 10:24,09-05-2026 11:19
RES100489,DEL001,CNF100489,GUEST100489,29-05-2026 00:00,30-05-2026 00:00,QUEEN,CORP,CORP_STD,MODIFIED,3,32598,INR,09-05-2026 20:18,09-05-2026 20:52
RES100490,BLR001,CNF100490,GUEST100490,17-06-2026 00:00,22-06-2026 00:00,KING,CORP,CORP_STD,BOOKED,2,66060,INR,09-05-2026 13:12,09-05-2026 15:42
RES100491,BLR002,CNF100491,GUEST100491,11-06-2026 00:00,12-06-2026 00:00,DLX,PREPAY,PPR_STD,MODIFIED,2,7338,INR,09-05-2026 14:20,09-05-2026 15:30
RES100492,DEL001,CNF100492,GUEST100492,28-05-2026 00:00,01-06-2026 00:00,DLX,MEMBER,MEM_STD,BOOKED,1,57312,INR,09-05-2026 09:13,09-05-2026 12:08
RES100493,BLR001,CNF100493,GUEST100493,13-05-2026 00:00,17-05-2026 00:00,STD,MEMBER,MEM_DLX,MODIFIED,4,120928,INR,09-05-2026 20:50,09-05-2026 22:22
RES100494,MUM001,CNF100494,GUEST100494,23-06-2026 00:00,25-06-2026 00:00,STE,PKG,PKG_STD,MODIFIED,1,9120,INR,09-05-2026 23:54,10-05-2026 01:10
RES100495,MUM001,CNF100495,GUEST100495,25-06-2026 00:00,28-06-2026 00:00,STE,BAR,BAR_STD,BOOKED,3,102303,INR,09-05-2026 10:36,09-05-2026 12:34
RES100496,DEL001,CNF100496,GUEST100496,23-05-2026 00:00,27-05-2026 00:00,KING,MEMBER,MEM_DLX,BOOKED,4,156576,INR,09-05-2026 07:21,09-05-2026 07:21
RES100497,BLR002,CNF100497,GUEST100497,06-06-2026 00:00,07-06-2026 00:00,QUEEN,BAR,BAR_STD,BOOKED,3,28518,INR,09-05-2026 15:26,09-05-2026 16:05
RES100498,BLR002,CNF100498,GUEST100498,01-07-2026 00:00,03-07-2026 00:00,DLX,PKG,PKG_STD,CANCELLED,3,0,INR,09-05-2026 05:17,09-05-2026 08:17
RES100499,DEL001,CNF100499,GUEST100499,28-05-2026 00:00,01-06-2026 00:00,STD,MEMBER,MEM_DLX,MODIFIED,2,75632,INR,09-05-2026 15:34,09-05-2026 17:03
RES100500,DEL001,CNF100500,GUEST100500,15-06-2026 00:00,19-06-2026 00:00,QUEEN,PKG,PKG_STD,MODIFIED,3,132300,INR,09-05-2026 12:51,09-05-2026 13:19
RES100501,MUM001,CNF100501,GUEST100501,26-06-2026 00:00,28-06-2026 00:00,STD,CORP,CORP_DLX,CANCELLED,1,0,INR,09-05-2026 03:18,09-05-2026 04:44
RES100502,HYD001,CNF100502,GUEST100502,01-06-2026 00:00,06-06-2026 00:00,STE,PREPAY,PPR_STD,BOOKED,3,120240,INR,09-05-2026 20:27,09-05-2026 21:28
RES100503,BLR001,CNF100503,GUEST100503,18-05-2026 00:00,19-05-2026 00:00,STE,CORP,CORP_DLX,MODIFIED,4,17864,INR,09-05-2026 03:59,09-05-2026 05:50
RES100504,BLR001,CNF100504,GUEST100504,10-06-2026 00:00,14-06-2026 00:00,QUEEN,PREPAY,PPR_STD,CANCELLED,2,0,INR,09-05-2026 21:08,09-05-2026 21:15
RES100505,HYD001,CNF100505,GUEST100505,26-05-2026 00:00,28-05-2026 00:00,STD,PKG,PKG_DLX,BOOKED,4,57784,INR,09-05-2026 07:29,09-05-2026 08:43
RES100506,BLR002,CNF100506,GUEST100506,28-05-2026 00:00,29-05-2026 00:00,STE,PKG,PKG_STD,MODIFIED,3,36450,INR,09-05-2026 02:10,09-05-2026 04:15
RES100507,HYD001,CNF100507,GUEST100507,04-06-2026 00:00,05-06-2026 00:00,DLX,PREPAY,PPR_STD,BOOKED,1,9852,INR,09-05-2026 19:45,09-05-2026 21:48
RES100508,MUM001,CNF100508,GUEST100508,15-06-2026 00:00,17-06-2026 00:00,STE,PKG,PKG_DLX,MODIFIED,4,113504,INR,09-05-2026 22:22,09-05-2026 22:46
RES100509,HYD001,CNF100509,GUEST100509,25-05-2026 00:00,28-05-2026 00:00,DLX,PKG,PKG_DLX,BOOKED,3,110439,INR,09-05-2026 14:33,09-05-2026 16:35
RES100510,BLR001,CNF100510,GUEST100510,13-06-2026 00:00,18-06-2026 00:00,DLX,PREPAY,PPR_DLX,MODIFIED,4,274260,INR,09-05-2026 06:59,09-05-2026 09:54
RES100511,HYD001,CNF100511,GUEST100511,19-06-2026 00:00,23-06-2026 00:00,QUEEN,CORP,CORP_DLX,BOOKED,3,77880,INR,09-05-2026 08:28,09-05-2026 11:17
RES100512,HYD001,CNF100512,GUEST100512,03-06-2026 00:00,04-06-2026 00:00,STD,PREPAY,PPR_STD,MODIFIED,4,51700,INR,09-05-2026 01:34,09-05-2026 04:11
RES100513,DEL001,CNF100513,GUEST100513,11-06-2026 00:00,16-06-2026 00:00,QUEEN,PREPAY,PPR_STD,MODIFIED,3,57975,INR,09-05-2026 05:12,09-05-2026 06:18
RES100514,DEL001,CNF100514,GUEST100514,12-05-2026 00:00,15-05-2026 00:00,KING,PKG,PKG_DLX,BOOKED,4,59052,INR,09-05-2026 18:20,09-05-2026 20:19
RES100515,BLR002,CNF100515,GUEST100515,05-07-2026 00:00,09-07-2026 00:00,STE,BAR,BAR_DLX,CANCELLED,2,0,INR,09-05-2026 12:16,09-05-2026 13:14
RES100516,HYD001,CNF100516,GUEST100516,18-05-2026 00:00,20-05-2026 00:00,STD,BAR,BAR_DLX,CANCELLED,1,0,INR,09-05-2026 17:49,09-05-2026 19:26
RES100517,BLR002,CNF100517,GUEST100517,30-06-2026 00:00,04-07-2026 00:00,STE,PREPAY,PPR_STD,BOOKED,1,29912,INR,09-05-2026 21:05,09-05-2026 21:59
RES100518,BLR002,CNF100518,GUEST100518,17-05-2026 00:00,18-05-2026 00:00,STD,BAR,BAR_STD,MODIFIED,4,51560,INR,09-05-2026 17:19,09-05-2026 19:03
RES100519,BLR002,CNF100519,GUEST100519,16-06-2026 00:00,17-06-2026 00:00,DLX,BAR,BAR_STD,BOOKED,3,28716,INR,09-05-2026 11:56,09-05-2026 13:40
RES100520,BLR001,CNF100520,GUEST100520,10-05-2026 00:00,11-05-2026 00:00,STD,PKG,PKG_DLX,MODIFIED,1,14560,INR,09-05-2026 04:51,09-05-2026 07:36
RES100521,BLR002,CNF100521,GUEST100521,03-07-2026 00:00,05-07-2026 00:00,KING,CORP,CORP_STD,MODIFIED,1,21624,INR,09-05-2026 12:55,09-05-2026 15:04
RES100522,BLR001,CNF100522,GUEST100522,30-05-2026 00:00,31-05-2026 00:00,QUEEN,MEMBER,MEM_DLX,CANCELLED,1,0,INR,09-05-2026 08:07,09-05-2026 09:46
RES100523,MUM001,CNF100523,GUEST100523,06-07-2026 00:00,08-07-2026 00:00,KING,MEMBER,MEM_DLX,CANCELLED,2,0,INR,09-05-2026 22:18,10-05-2026 00:48
RES100524,BLR001,CNF100524,GUEST100524,02-06-2026 00:00,03-06-2026 00:00,STD,BAR,BAR_DLX,CANCELLED,2,0,INR,09-05-2026 17:38,09-05-2026 18:24
RES100525,MUM001,CNF100525,GUEST100525,17-06-2026 00:00,22-06-2026 00:00,DLX,BAR,BAR_DLX,MODIFIED,3,53505,INR,09-05-2026 10:11,09-05-2026 10:18
RES100526,HYD001,CNF100526,GUEST100526,28-06-2026 00:00,03-07-2026 00:00,DLX,CORP,CORP_STD,CANCELLED,2,0,INR,09-05-2026 01:29,09-05-2026 03:29
RES100527,BLR001,CNF100527,GUEST100527,07-07-2026 00:00,11-07-2026 00:00,STE,MEMBER,MEM_DLX,BOOKED,4,171168,INR,09-05-2026 03:00,09-05-2026 03:36
RES100528,BLR002,CNF100528,GUEST100528,02-07-2026 00:00,05-07-2026 00:00,DLX,PKG,PKG_STD,BOOKED,4,104652,INR,09-05-2026 11:30,09-05-2026 12:37
RES100529,MUM001,CNF100529,GUEST100529,16-06-2026 00:00,21-06-2026 00:00,DLX,PKG,PKG_DLX,BOOKED,1,65280,INR,09-05-2026 10:55,09-05-2026 13:17
RES100530,BLR002,CNF100530,GUEST100530,06-07-2026 00:00,10-07-2026 00:00,DLX,PREPAY,PPR_STD,BOOKED,1,36940,INR,09-05-2026 05:51,09-05-2026 08:45
RES100531,BLR002,CNF100531,GUEST100531,06-06-2026 00:00,08-06-2026 00:00,DLX,MEMBER,MEM_DLX,CANCELLED,2,0,INR,09-05-2026 04:15,09-05-2026 04:53
RES100532,HYD001,CNF100532,GUEST100532,06-07-2026 00:00,10-07-2026 00:00,STD,PREPAY,PPR_DLX,MODIFIED,1,32300,INR,09-05-2026 11:26,09-05-2026 14:22
RES100533,BLR002,CNF100533,GUEST100533,26-06-2026 00:00,29-06-2026 00:00,STD,BAR,BAR_DLX,CANCELLED,2,0,INR,09-05-2026 10:42,09-05-2026 12:44
RES100534,MUM001,CNF100534,GUEST100534,21-06-2026 00:00,22-06-2026 00:00,DLX,PKG,PKG_STD,CANCELLED,4,0,INR,09-05-2026 09:38,09-05-2026 11:08
RES100535,BLR001,CNF100535,GUEST100535,02-07-2026 00:00,06-07-2026 00:00,STD,PKG,PKG_DLX,MODIFIED,3,62940,INR,09-05-2026 01:54,09-05-2026 02:23
RES100536,HYD001,CNF100536,GUEST100536,10-06-2026 00:00,11-06-2026 00:00,KING,MEMBER,MEM_STD,BOOKED,3,16611,INR,09-05-2026 23:59,10-05-2026 02:11
RES100537,MUM001,CNF100537,GUEST100537,17-05-2026 00:00,20-05-2026 00:00,DLX,BAR,BAR_DLX,MODIFIED,3,65970,INR,09-05-2026 14:34,09-05-2026 14:46
RES100538,HYD001,CNF100538,GUEST100538,11-06-2026 00:00,14-06-2026 00:00,STE,PKG,PKG_STD,MODIFIED,1,35121,INR,09-05-2026 09:50,09-05-2026 10:13
RES100539,MUM001,CNF100539,GUEST100539,26-06-2026 00:00,01-07-2026 00:00,STD,PKG,PKG_STD,CANCELLED,4,0,INR,09-05-2026 22:57,10-05-2026 00:47
RES100540,DEL001,CNF100540,GUEST100540,22-06-2026 00:00,24-06-2026 00:00,KING,PREPAY,PPR_DLX,CANCELLED,2,0,INR,09-05-2026 22:17,09-05-2026 23:39
RES100541,HYD001,CNF100541,GUEST100541,01-06-2026 00:00,05-06-2026 00:00,QUEEN,MEMBER,MEM_STD,MODIFIED,3,47172,INR,09-05-2026 14:17,09-05-2026 16:23
RES100542,MUM001,CNF100542,GUEST100542,21-05-2026 00:00,23-05-2026 00:00,STD,PKG,PKG_STD,MODIFIED,1,15236,INR,09-05-2026 16:59,09-05-2026 19:42
RES100543,BLR002,CNF100543,GUEST100543,21-05-2026 00:00,26-05-2026 00:00,DLX,MEMBER,MEM_STD,CANCELLED,3,0,INR,09-05-2026 20:55,09-05-2026 23:48
RES100544,BLR002,CNF100544,GUEST100544,31-05-2026 00:00,02-06-2026 00:00,KING,BAR,BAR_STD,BOOKED,3,33066,INR,09-05-2026 09:04,09-05-2026 10:24
RES100545,BLR001,CNF100545,GUEST100545,09-06-2026 00:00,10-06-2026 00:00,QUEEN,PKG,PKG_DLX,MODIFIED,4,55844,INR,09-05-2026 13:45,09-05-2026 16:38
RES100546,BLR001,CNF100546,GUEST100546,01-06-2026 00:00,02-06-2026 00:00,STE,BAR,BAR_DLX,BOOKED,4,54264,INR,09-05-2026 09:32,09-05-2026 11:07
RES100547,BLR002,CNF100547,GUEST100547,07-06-2026 00:00,09-06-2026 00:00,KING,MEMBER,MEM_STD,MODIFIED,4,105352,INR,09-05-2026 12:54,09-05-2026 14:31
RES100548,BLR001,CNF100548,GUEST100548,30-05-2026 00:00,31-05-2026 00:00,STE,CORP,CORP_STD,MODIFIED,2,8152,INR,09-05-2026 12:56,09-05-2026 13:27
RES100549,HYD001,CNF100549,GUEST100549,12-05-2026 00:00,16-05-2026 00:00,STE,PREPAY,PPR_STD,BOOKED,4,69424,INR,09-05-2026 21:15,09-05-2026 23:35
RES100550,BLR001,CNF100550,GUEST100550,17-06-2026 00:00,21-06-2026 00:00,QUEEN,MEMBER,MEM_STD,CANCELLED,4,0,INR,09-05-2026 08:37,09-05-2026 11:26
RES100551,BLR001,CNF100551,GUEST100551,23-05-2026 00:00,25-05-2026 00:00,STE,CORP,CORP_DLX,CANCELLED,4,0,INR,09-05-2026 14:05,09-05-2026 16:23
RES100552,BLR002,CNF100552,GUEST100552,01-07-2026 00:00,05-07-2026 00:00,STD,PKG,PKG_STD,CANCELLED,2,0,INR,09-05-2026 08:08,09-05-2026 10:17
RES100553,BLR002,CNF100553,GUEST100553,06-07-2026 00:00,10-07-2026 00:00,STD,MEMBER,MEM_DLX,BOOKED,1,26724,INR,09-05-2026 23:17,10-05-2026 01:43
RES100554,BLR001,CNF100554,GUEST100554,04-06-2026 00:00,06-06-2026 00:00,QUEEN,MEMBER,MEM_DLX,MODIFIED,1,9662,INR,09-05-2026 04:09,09-05-2026 06:42
RES100555,DEL001,CNF100555,GUEST100555,06-07-2026 00:00,07-07-2026 00:00,DLX,PKG,PKG_DLX,CANCELLED,1,0,INR,09-05-2026 01:44,09-05-2026 01:57
RES100556,DEL001,CNF100556,GUEST100556,28-06-2026 00:00,03-07-2026 00:00,QUEEN,PKG,PKG_STD,MODIFIED,1,49805,INR,09-05-2026 05:19,09-05-2026 07:41
RES100557,BLR002,CNF100557,GUEST100557,30-05-2026 00:00,01-06-2026 00:00,DLX,MEMBER,MEM_DLX,CANCELLED,1,0,INR,09-05-2026 04:30,09-05-2026 07:22
RES100558,HYD001,CNF100558,GUEST100558,13-06-2026 00:00,16-06-2026 00:00,KING,PKG,PKG_STD,BOOKED,1,30798,INR,09-05-2026 18:11,09-05-2026 20:37
RES100559,HYD001,CNF100559,GUEST100559,21-05-2026 00:00,23-05-2026 00:00,DLX,PKG,PKG_DLX,BOOKED,3,56940,INR,09-05-2026 01:06,09-05-2026 01:24
RES100560,MUM001,CNF100560,GUEST100560,10-05-2026 00:00,12-05-2026 00:00,STE,PREPAY,PPR_STD,BOOKED,2,37904,INR,09-05-2026 19:03,09-05-2026 19:05
RES100561,MUM001,CNF100561,GUEST100561,01-06-2026 00:00,05-06-2026 00:00,KING,CORP,CORP_DLX,CANCELLED,4,0,INR,09-05-2026 02:15,09-05-2026 03:41
RES100562,MUM001,CNF100562,GUEST100562,06-06-2026 00:00,10-06-2026 00:00,STD,CORP,CORP_STD,BOOKED,2,95824,INR,09-05-2026 02:56,09-05-2026 05:03
RES100563,MUM001,CNF100563,GUEST100563,07-06-2026 00:00,09-06-2026 00:00,DLX,PREPAY,PPR_STD,CANCELLED,2,0,INR,09-05-2026 06:22,09-05-2026 07:38
RES100564,BLR002,CNF100564,GUEST100564,24-05-2026 00:00,28-05-2026 00:00,STD,PKG,PKG_DLX,BOOKED,1,21004,INR,09-05-2026 19:49,09-05-2026 21:12
RES100565,DEL001,CNF100565,GUEST100565,15-06-2026 00:00,19-06-2026 00:00,DLX,MEMBER,MEM_DLX,MODIFIED,4,169600,INR,09-05-2026 19:33,09-05-2026 20:14
RES100566,BLR001,CNF100566,GUEST100566,26-06-2026 00:00,28-06-2026 00:00,STD,BAR,BAR_STD,CANCELLED,2,0,INR,09-05-2026 15:44,09-05-2026 17:14
RES100567,DEL001,CNF100567,GUEST100567,07-06-2026 00:00,12-06-2026 00:00,DLX,PREPAY,PPR_STD,MODIFIED,1,26405,INR,09-05-2026 20:05,09-05-2026 22:14
RES100568,BLR002,CNF100568,GUEST100568,22-06-2026 00:00,23-06-2026 00:00,KING,BAR,BAR_STD,CANCELLED,1,0,INR,09-05-2026 07:01,09-05-2026 07:03
RES100569,DEL001,CNF100569,GUEST100569,03-07-2026 00:00,04-07-2026 00:00,KING,PKG,PKG_STD,MODIFIED,3,11430,INR,09-05-2026 22:25,10-05-2026 01:20
RES100570,DEL001,CNF100570,GUEST100570,17-05-2026 00:00,21-05-2026 00:00,STE,PKG,PKG_STD,BOOKED,3,143892,INR,09-05-2026 11:40,09-05-2026 13:47
RES100571,DEL001,CNF100571,GUEST100571,18-05-2026 00:00,20-05-2026 00:00,DLX,PKG,PKG_STD,BOOKED,1,22546,INR,09-05-2026 23:07,10-05-2026 01:42
RES100572,HYD001,CNF100572,GUEST100572,27-06-2026 00:00,01-07-2026 00:00,QUEEN,PKG,PKG_STD,BOOKED,3,90576,INR,09-05-2026 06:15,09-05-2026 07:08
RES100573,BLR002,CNF100573,GUEST100573,03-07-2026 00:00,05-07-2026 00:00,QUEEN,BAR,BAR_DLX,MODIFIED,1,9282,INR,09-05-2026 00:05,09-05-2026 02:43
RES100574,MUM001,CNF100574,GUEST100574,03-07-2026 00:00,04-07-2026 00:00,DLX,PKG,PKG_STD,CANCELLED,1,0,INR,09-05-2026 04:40,09-05-2026 06:41
RES100575,BLR002,CNF100575,GUEST100575,27-05-2026 00:00,29-05-2026 00:00,QUEEN,BAR,BAR_STD,MODIFIED,4,58880,INR,09-05-2026 21:45,09-05-2026 22:19
RES100576,HYD001,CNF100576,GUEST100576,18-05-2026 00:00,21-05-2026 00:00,STE,PREPAY,PPR_STD,CANCELLED,2,0,INR,09-05-2026 04:18,09-05-2026 05:41
RES100577,BLR002,CNF100577,GUEST100577,18-05-2026 00:00,22-05-2026 00:00,STE,CORP,CORP_STD,CANCELLED,1,0,INR,09-05-2026 08:50,09-05-2026 10:54
RES100578,MUM001,CNF100578,GUEST100578,08-07-2026 00:00,11-07-2026 00:00,KING,BAR,BAR_DLX,MODIFIED,1,36321,INR,09-05-2026 14:28,09-05-2026 15:47
RES100579,DEL001,CNF100579,GUEST100579,16-06-2026 00:00,20-06-2026 00:00,KING,CORP,CORP_STD,BOOKED,1,17280,INR,09-05-2026 08:55,09-05-2026 11:41
RES100580,BLR002,CNF100580,GUEST100580,03-06-2026 00:00,04-06-2026 00:00,DLX,MEMBER,MEM_DLX,BOOKED,1,13626,INR,09-05-2026 01:52,09-05-2026 03:43
RES100581,MUM001,CNF100581,GUEST100581,23-05-2026 00:00,27-05-2026 00:00,QUEEN,CORP,CORP_DLX,CANCELLED,4,0,INR,09-05-2026 08:42,09-05-2026 11:20
RES100582,HYD001,CNF100582,GUEST100582,13-06-2026 00:00,16-06-2026 00:00,QUEEN,MEMBER,MEM_DLX,CANCELLED,2,0,INR,09-05-2026 07:13,09-05-2026 09:16
RES100583,MUM001,CNF100583,GUEST100583,28-06-2026 00:00,30-06-2026 00:00,KING,PREPAY,PPR_DLX,BOOKED,2,25148,INR,09-05-2026 04:22,09-05-2026 06:58
RES100584,DEL001,CNF100584,GUEST100584,07-07-2026 00:00,09-07-2026 00:00,QUEEN,PKG,PKG_STD,CANCELLED,3,0,INR,09-05-2026 01:37,09-05-2026 02:10
RES100585,MUM001,CNF100585,GUEST100585,08-07-2026 00:00,13-07-2026 00:00,DLX,BAR,BAR_DLX,BOOKED,1,62850,INR,09-05-2026 23:10,10-05-2026 00:04
RES100586,BLR001,CNF100586,GUEST100586,17-05-2026 00:00,20-05-2026 00:00,KING,MEMBER,MEM_STD,CANCELLED,2,0,INR,09-05-2026 23:42,10-05-2026 00:00
RES100587,HYD001,CNF100587,GUEST100587,27-05-2026 00:00,28-05-2026 00:00,KING,PKG,PKG_STD,MODIFIED,4,30700,INR,09-05-2026 21:06,09-05-2026 23:56
RES100588,BLR002,CNF100588,GUEST100588,01-07-2026 00:00,06-07-2026 00:00,STD,PREPAY,PPR_DLX,BOOKED,4,122400,INR,09-05-2026 11:49,09-05-2026 12:53
RES100589,BLR001,CNF100589,GUEST100589,10-06-2026 00:00,13-06-2026 00:00,KING,BAR,BAR_DLX,BOOKED,2,43986,INR,09-05-2026 07:41,09-05-2026 07:49
RES100590,MUM001,CNF100590,GUEST100590,09-06-2026 00:00,10-06-2026 00:00,QUEEN,CORP,CORP_DLX,BOOKED,2,22756,INR,09-05-2026 20:40,09-05-2026 23:17
RES100591,HYD001,CNF100591,GUEST100591,16-05-2026 00:00,20-05-2026 00:00,QUEEN,BAR,BAR_STD,MODIFIED,2,91440,INR,09-05-2026 15:25,09-05-2026 17:47
RES100592,DEL001,CNF100592,GUEST100592,10-06-2026 00:00,13-06-2026 00:00,QUEEN,MEMBER,MEM_DLX,CANCELLED,1,0,INR,09-05-2026 22:50,10-05-2026 01:10
RES100593,BLR001,CNF100593,GUEST100593,27-06-2026 00:00,29-06-2026 00:00,KING,MEMBER,MEM_DLX,BOOKED,3,84150,INR,09-05-2026 21:06,09-05-2026 23:18
RES100594,HYD001,CNF100594,GUEST100594,11-06-2026 00:00,12-06-2026 00:00,KING,BAR,BAR_STD,CANCELLED,2,0,INR,09-05-2026 06:17,09-05-2026 06:47
RES100595,DEL001,CNF100595,GUEST100595,01-06-2026 00:00,03-06-2026 00:00,STE,BAR,BAR_STD,MODIFIED,3,64812,INR,09-05-2026 20:24,09-05-2026 21:47
RES100596,BLR001,CNF100596,GUEST100596,25-05-2026 00:00,30-05-2026 00:00,STD,PREPAY,PPR_STD,CANCELLED,2,0,INR,09-05-2026 12:21,09-05-2026 14:17
RES100597,BLR001,CNF100597,GUEST100597,03-07-2026 00:00,04-07-2026 00:00,STE,PKG,PKG_DLX,MODIFIED,3,32382,INR,09-05-2026 06:17,09-05-2026 07:34
RES100598,BLR002,CNF100598,GUEST100598,11-06-2026 00:00,13-06-2026 00:00,DLX,CORP,CORP_DLX,CANCELLED,3,0,INR,09-05-2026 01:01,09-05-2026 01:13
RES100599,BLR002,CNF100599,GUEST100599,19-05-2026 00:00,22-05-2026 00:00,STD,BAR,BAR_STD,CANCELLED,2,0,INR,09-05-2026 03:53,09-05-2026 05:50
RES100600,DEL001,CNF100600,GUEST100600,27-05-2026 00:00,01-06-2026 00:00,QUEEN,MEMBER,MEM_DLX,MODIFIED,2,54200,INR,09-05-2026 09:54,09-05-2026 10:11
RES100601,HYD001,CNF100601,GUEST100601,11-05-2026 00:00,13-05-2026 00:00,KING,CORP,CORP_STD,BOOKED,1,8306,INR,09-05-2026 10:14,09-05-2026 10:47
RES100602,BLR002,CNF100602,GUEST100602,04-06-2026 00:00,05-06-2026 00:00,KING,MEMBER,MEM_DLX,BOOKED,1,7711,INR,09-05-2026 00:21,09-05-2026 01:56
RES100603,DEL001,CNF100603,GUEST100603,08-07-2026 00:00,13-07-2026 00:00,QUEEN,CORP,CORP_DLX,BOOKED,1,45130,INR,09-05-2026 21:12,09-05-2026 22:11
RES100604,HYD001,CNF100604,GUEST100604,10-05-2026 00:00,15-05-2026 00:00,STE,PREPAY,PPR_DLX,CANCELLED,4,0,INR,09-05-2026 08:53,09-05-2026 11:04
RES100605,BLR002,CNF100605,GUEST100605,25-06-2026 00:00,28-06-2026 00:00,STD,MEMBER,MEM_DLX,CANCELLED,3,0,INR,09-05-2026 04:20,09-05-2026 06:03
RES100606,BLR001,CNF100606,GUEST100606,10-06-2026 00:00,12-06-2026 00:00,QUEEN,PREPAY,PPR_STD,CANCELLED,2,0,INR,09-05-2026 22:36,10-05-2026 01:05
RES100607,BLR001,CNF100607,GUEST100607,25-06-2026 00:00,30-06-2026 00:00,QUEEN,MEMBER,MEM_DLX,CANCELLED,1,0,INR,09-05-2026 16:31,09-05-2026 18:40
RES100608,BLR001,CNF100608,GUEST100608,27-06-2026 00:00,02-07-2026 00:00,DLX,PKG,PKG_STD,BOOKED,2,123660,INR,09-05-2026 08:36,09-05-2026 09:23
RES100609,BLR002,CNF100609,GUEST100609,22-05-2026 00:00,26-05-2026 00:00,KING,PREPAY,PPR_DLX,BOOKED,1,55420,INR,09-05-2026 13:17,09-05-2026 15:54
RES100610,HYD001,CNF100610,GUEST100610,15-06-2026 00:00,16-06-2026 00:00,DLX,CORP,CORP_STD,MODIFIED,2,20000,INR,09-05-2026 00:12,09-05-2026 00:16
RES100611,BLR002,CNF100611,GUEST100611,03-07-2026 00:00,08-07-2026 00:00,QUEEN,PKG,PKG_DLX,BOOKED,2,45970,INR,09-05-2026 00:11,09-05-2026 00:39
RES100612,HYD001,CNF100612,GUEST100612,23-05-2026 00:00,27-05-2026 00:00,QUEEN,PREPAY,PPR_STD,CANCELLED,1,0,INR,09-05-2026 17:43,09-05-2026 19:58
RES100613,BLR001,CNF100613,GUEST100613,20-06-2026 00:00,22-06-2026 00:00,STE,CORP,CORP_STD,BOOKED,4,55608,INR,09-05-2026 12:27,09-05-2026 15:27
RES100614,DEL001,CNF100614,GUEST100614,18-06-2026 00:00,19-06-2026 00:00,DLX,PREPAY,PPR_STD,BOOKED,4,16388,INR,09-05-2026 13:11,09-05-2026 13:41
RES100615,DEL001,CNF100615,GUEST100615,09-06-2026 00:00,12-06-2026 00:00,DLX,PREPAY,PPR_STD,CANCELLED,2,0,INR,09-05-2026 18:45,09-05-2026 19:10
RES100616,HYD001,CNF100616,GUEST100616,05-07-2026 00:00,08-07-2026 00:00,DLX,CORP,CORP_STD,MODIFIED,3,103725,INR,09-05-2026 16:00,09-05-2026 18:32
RES100617,DEL001,CNF100617,GUEST100617,24-06-2026 00:00,29-06-2026 00:00,STD,PKG,PKG_DLX,MODIFIED,2,40880,INR,09-05-2026 01:47,09-05-2026 04:07
RES100618,BLR001,CNF100618,GUEST100618,19-06-2026 00:00,23-06-2026 00:00,QUEEN,PREPAY,PPR_DLX,MODIFIED,1,58664,INR,09-05-2026 05:39,09-05-2026 06:53
RES100619,DEL001,CNF100619,GUEST100619,17-05-2026 00:00,22-05-2026 00:00,QUEEN,MEMBER,MEM_DLX,BOOKED,1,70500,INR,09-05-2026 23:28,10-05-2026 01:16
RES100620,DEL001,CNF100620,GUEST100620,31-05-2026 00:00,03-06-2026 00:00,QUEEN,PKG,PKG_STD,CANCELLED,2,0,INR,09-05-2026 07:20,09-05-2026 07:45
RES100621,BLR002,CNF100621,GUEST100621,26-06-2026 00:00,01-07-2026 00:00,KING,PREPAY,PPR_STD,MODIFIED,3,186705,INR,09-05-2026 14:43,09-05-2026 17:35
RES100622,BLR002,CNF100622,GUEST100622,01-06-2026 00:00,03-06-2026 00:00,STD,PKG,PKG_STD,MODIFIED,3,61932,INR,09-05-2026 10:03,09-05-2026 11:11
RES100623,DEL001,CNF100623,GUEST100623,14-05-2026 00:00,16-05-2026 00:00,DLX,BAR,BAR_DLX,CANCELLED,1,0,INR,09-05-2026 09:27,09-05-2026 11:24
RES100624,BLR001,CNF100624,GUEST100624,06-06-2026 00:00,10-06-2026 00:00,QUEEN,PREPAY,PPR_STD,MODIFIED,2,84232,INR,09-05-2026 20:00,09-05-2026 21:50
RES100625,BLR001,CNF100625,GUEST100625,16-05-2026 00:00,18-05-2026 00:00,KING,BAR,BAR_STD,MODIFIED,3,64632,INR,09-05-2026 18:56,09-05-2026 21:13
RES100626,DEL001,CNF100626,GUEST100626,05-06-2026 00:00,08-06-2026 00:00,QUEEN,CORP,CORP_DLX,MODIFIED,1,16581,INR,09-05-2026 00:36,09-05-2026 02:25
RES100627,DEL001,CNF100627,GUEST100627,07-06-2026 00:00,09-06-2026 00:00,DLX,PKG,PKG_STD,BOOKED,3,84090,INR,09-05-2026 04:32,09-05-2026 06:43
RES100628,HYD001,CNF100628,GUEST100628,17-06-2026 00:00,20-06-2026 00:00,QUEEN,MEMBER,MEM_DLX,MODIFIED,4,122304,INR,09-05-2026 23:10,09-05-2026 23:29
RES100629,BLR002,CNF100629,GUEST100629,06-07-2026 00:00,10-07-2026 00:00,STD,CORP,CORP_STD,CANCELLED,3,0,INR,09-05-2026 02:16,09-05-2026 03:38
RES100630,HYD001,CNF100630,GUEST100630,21-06-2026 00:00,22-06-2026 00:00,DLX,PKG,PKG_STD,MODIFIED,2,8604,INR,09-05-2026 05:32,09-05-2026 07:36
RES100631,MUM001,CNF100631,GUEST100631,20-06-2026 00:00,24-06-2026 00:00,KING,MEMBER,MEM_STD,MODIFIED,3,149424,INR,09-05-2026 23:09,09-05-2026 23:20
RES100632,HYD001,CNF100632,GUEST100632,15-05-2026 00:00,17-05-2026 00:00,DLX,CORP,CORP_DLX,MODIFIED,3,31362,INR,09-05-2026 23:25,10-05-2026 01:19
RES100633,DEL001,CNF100633,GUEST100633,04-07-2026 00:00,09-07-2026 00:00,QUEEN,CORP,CORP_STD,MODIFIED,4,172420,INR,09-05-2026 23:48,10-05-2026 02:05
RES100634,BLR002,CNF100634,GUEST100634,03-06-2026 00:00,05-06-2026 00:00,QUEEN,PKG,PKG_DLX,MODIFIED,2,38912,INR,09-05-2026 03:55,09-05-2026 05:08
RES100635,BLR001,CNF100635,GUEST100635,25-05-2026 00:00,28-05-2026 00:00,KING,PKG,PKG_STD,MODIFIED,4,169668,INR,09-05-2026 02:45,09-05-2026 03:04
RES100636,BLR001,CNF100636,GUEST100636,23-06-2026 00:00,28-06-2026 00:00,STE,PKG,PKG_STD,MODIFIED,1,49190,INR,09-05-2026 03:05,09-05-2026 05:32
RES100637,BLR002,CNF100637,GUEST100637,14-05-2026 00:00,18-05-2026 00:00,STE,PREPAY,PPR_DLX,MODIFIED,4,129008,INR,09-05-2026 11:58,09-05-2026 13:15
RES100638,DEL001,CNF100638,GUEST100638,01-07-2026 00:00,05-07-2026 00:00,QUEEN,BAR,BAR_STD,CANCELLED,2,0,INR,09-05-2026 07:43,09-05-2026 08:27
RES100639,BLR002,CNF100639,GUEST100639,18-06-2026 00:00,21-06-2026 00:00,KING,MEMBER,MEM_STD,BOOKED,4,179256,INR,09-05-2026 16:28,09-05-2026 16:54
RES100640,BLR001,CNF100640,GUEST100640,17-06-2026 00:00,18-06-2026 00:00,STD,MEMBER,MEM_STD,CANCELLED,2,0,INR,09-05-2026 16:41,09-05-2026 19:19
RES100641,DEL001,CNF100641,GUEST100641,22-06-2026 00:00,26-06-2026 00:00,STE,MEMBER,MEM_DLX,MODIFIED,2,118112,INR,09-05-2026 05:21,09-05-2026 05:25
RES100642,DEL001,CNF100642,GUEST100642,19-06-2026 00:00,20-06-2026 00:00,STD,PREPAY,PPR_DLX,MODIFIED,4,35840,INR,09-05-2026 11:48,09-05-2026 14:30
RES100643,MUM001,CNF100643,GUEST100643,24-05-2026 00:00,25-05-2026 00:00,DLX,MEMBER,MEM_DLX,MODIFIED,1,6393,INR,09-05-2026 10:06,09-05-2026 11:25
RES100644,MUM001,CNF100644,GUEST100644,14-05-2026 00:00,19-05-2026 00:00,DLX,BAR,BAR_STD,BOOKED,4,102980,INR,09-05-2026 18:59,09-05-2026 20:21
RES100645,HYD001,CNF100645,GUEST100645,18-06-2026 00:00,22-06-2026 00:00,QUEEN,PKG,PKG_DLX,BOOKED,1,30776,INR,09-05-2026 01:38,09-05-2026 03:40
RES100646,DEL001,CNF100646,GUEST100646,20-05-2026 00:00,24-05-2026 00:00,KING,MEMBER,MEM_DLX,BOOKED,3,112428,INR,09-05-2026 00:22,09-05-2026 01:09
RES100647,HYD001,CNF100647,GUEST100647,08-07-2026 00:00,12-07-2026 00:00,KING,PKG,PKG_STD,MODIFIED,2,105360,INR,09-05-2026 22:32,09-05-2026 23:46
RES100648,HYD001,CNF100648,GUEST100648,28-05-2026 00:00,29-05-2026 00:00,QUEEN,PREPAY,PPR_DLX,MODIFIED,3,31110,INR,09-05-2026 17:27,09-05-2026 19:01
RES100649,DEL001,CNF100649,GUEST100649,31-05-2026 00:00,03-06-2026 00:00,DLX,PKG,PKG_STD,BOOKED,3,49284,INR,09-05-2026 20:25,09-05-2026 22:02
RES100650,HYD001,CNF100650,GUEST100650,23-06-2026 00:00,27-06-2026 00:00,KING,CORP,CORP_DLX,BOOKED,2,65296,INR,09-05-2026 03:05,09-05-2026 04:14
RES100651,DEL001,CNF100651,GUEST100651,10-06-2026 00:00,15-06-2026 00:00,STE,BAR,BAR_STD,CANCELLED,3,0,INR,09-05-2026 15:15,09-05-2026 17:48
RES100652,BLR002,CNF100652,GUEST100652,23-06-2026 00:00,25-06-2026 00:00,QUEEN,CORP,CORP_DLX,CANCELLED,3,0,INR,09-05-2026 09:46,09-05-2026 10:06
RES100653,BLR001,CNF100653,GUEST100653,18-05-2026 00:00,19-05-2026 00:00,DLX,PREPAY,PPR_STD,BOOKED,3,42345,INR,09-05-2026 01:00,09-05-2026 01:55
RES100654,HYD001,CNF100654,GUEST100654,01-06-2026 00:00,04-06-2026 00:00,KING,PREPAY,PPR_DLX,MODIFIED,2,67878,INR,09-05-2026 14:48,09-05-2026 17:07
RES100655,MUM001,CNF100655,GUEST100655,27-06-2026 00:00,01-07-2026 00:00,STE,MEMBER,MEM_STD,CANCELLED,2,0,INR,09-05-2026 11:10,09-05-2026 13:54
RES100656,DEL001,CNF100656,GUEST100656,19-05-2026 00:00,21-05-2026 00:00,STD,MEMBER,MEM_DLX,MODIFIED,1,20642,INR,09-05-2026 15:09,09-05-2026 18:05
RES100657,DEL001,CNF100657,GUEST100657,18-05-2026 00:00,20-05-2026 00:00,STD,CORP,CORP_DLX,MODIFIED,3,47682,INR,09-05-2026 17:33,09-05-2026 19:18
RES100658,MUM001,CNF100658,GUEST100658,18-06-2026 00:00,23-06-2026 00:00,KING,CORP,CORP_DLX,BOOKED,1,72165,INR,09-05-2026 03:59,09-05-2026 06:39
RES100659,MUM001,CNF100659,GUEST100659,06-07-2026 00:00,09-07-2026 00:00,STE,BAR,BAR_DLX,CANCELLED,2,0,INR,09-05-2026 17:15,09-05-2026 18:09
RES100660,MUM001,CNF100660,GUEST100660,18-06-2026 00:00,23-06-2026 00:00,STE,CORP,CORP_DLX,MODIFIED,1,48415,INR,09-05-2026 20:47,09-05-2026 21:15
RES100661,BLR001,CNF100661,GUEST100661,01-07-2026 00:00,04-07-2026 00:00,KING,PREPAY,PPR_STD,BOOKED,1,20259,INR,09-05-2026 11:38,09-05-2026 14:34
RES100662,DEL001,CNF100662,GUEST100662,04-07-2026 00:00,06-07-2026 00:00,STE,PKG,PKG_STD,MODIFIED,1,20322,INR,09-05-2026 08:44,09-05-2026 09:30
RES100663,DEL001,CNF100663,GUEST100663,27-05-2026 00:00,28-05-2026 00:00,STD,BAR,BAR_STD,BOOKED,4,17424,INR,09-05-2026 17:29,09-05-2026 19:55
RES100664,BLR002,CNF100664,GUEST100664,02-06-2026 00:00,04-06-2026 00:00,STD,PREPAY,PPR_DLX,BOOKED,3,67674,INR,09-05-2026 08:34,09-05-2026 08:56
RES100665,HYD001,CNF100665,GUEST100665,19-05-2026 00:00,22-05-2026 00:00,STE,PREPAY,PPR_DLX,BOOKED,2,73338,INR,09-05-2026 06:42,09-05-2026 09:12
RES100666,HYD001,CNF100666,GUEST100666,03-07-2026 00:00,06-07-2026 00:00,STE,CORP,CORP_STD,BOOKED,1,22284,INR,09-05-2026 00:41,09-05-2026 01:10
RES100667,DEL001,CNF100667,GUEST100667,02-07-2026 00:00,04-07-2026 00:00,STE,PREPAY,PPR_DLX,BOOKED,2,21500,INR,09-05-2026 11:00,09-05-2026 12:45
RES100668,HYD001,CNF100668,GUEST100668,03-07-2026 00:00,08-07-2026 00:00,STD,CORP,CORP_STD,CANCELLED,1,0,INR,09-05-2026 07:17,09-05-2026 07:28
RES100669,HYD001,CNF100669,GUEST100669,12-06-2026 00:00,17-06-2026 00:00,QUEEN,PKG,PKG_STD,CANCELLED,1,0,INR,09-05-2026 07:30,09-05-2026 09:26
RES100670,MUM001,CNF100670,GUEST100670,23-06-2026 00:00,26-06-2026 00:00,DLX,CORP,CORP_STD,CANCELLED,3,0,INR,09-05-2026 23:41,10-05-2026 01:25
RES100671,MUM001,CNF100671,GUEST100671,24-06-2026 00:00,27-06-2026 00:00,DLX,MEMBER,MEM_STD,MODIFIED,2,68046,INR,09-05-2026 10:12,09-05-2026 13:11
RES100672,DEL001,CNF100672,GUEST100672,31-05-2026 00:00,02-06-2026 00:00,KING,BAR,BAR_STD,BOOKED,2,17472,INR,09-05-2026 00:58,09-05-2026 03:36
RES100673,MUM001,CNF100673,GUEST100673,17-06-2026 00:00,22-06-2026 00:00,STE,PKG,PKG_STD,CANCELLED,4,0,INR,09-05-2026 01:24,09-05-2026 02:39
RES100674,BLR001,CNF100674,GUEST100674,19-05-2026 00:00,22-05-2026 00:00,DLX,BAR,BAR_STD,CANCELLED,4,0,INR,09-05-2026 04:47,09-05-2026 05:58
RES100675,MUM001,CNF100675,GUEST100675,25-06-2026 00:00,27-06-2026 00:00,DLX,PKG,PKG_STD,BOOKED,4,110760,INR,09-05-2026 23:31,09-05-2026 23:47
RES100676,DEL001,CNF100676,GUEST100676,28-05-2026 00:00,02-06-2026 00:00,KING,PKG,PKG_DLX,BOOKED,1,71690,INR,09-05-2026 05:44,09-05-2026 07:33
RES100677,BLR002,CNF100677,GUEST100677,30-06-2026 00:00,02-07-2026 00:00,QUEEN,BAR,BAR_STD,BOOKED,2,42236,INR,09-05-2026 06:16,09-05-2026 09:16
RES100678,MUM001,CNF100678,GUEST100678,30-06-2026 00:00,01-07-2026 00:00,STE,PREPAY,PPR_STD,BOOKED,3,42900,INR,09-05-2026 22:20,10-05-2026 00:05
RES100679,HYD001,CNF100679,GUEST100679,16-06-2026 00:00,18-06-2026 00:00,DLX,PREPAY,PPR_STD,CANCELLED,4,0,INR,09-05-2026 13:00,09-05-2026 14:06
RES100680,MUM001,CNF100680,GUEST100680,13-06-2026 00:00,17-06-2026 00:00,KING,MEMBER,MEM_DLX,BOOKED,1,44524,INR,09-05-2026 05:54,09-05-2026 07:36
RES100681,BLR001,CNF100681,GUEST100681,23-06-2026 00:00,28-06-2026 00:00,STD,BAR,BAR_DLX,BOOKED,2,126320,INR,09-05-2026 01:50,09-05-2026 04:46
RES100682,MUM001,CNF100682,GUEST100682,24-05-2026 00:00,29-05-2026 00:00,QUEEN,CORP,CORP_DLX,MODIFIED,2,100490,INR,09-05-2026 15:33,09-05-2026 17:16
RES100683,DEL001,CNF100683,GUEST100683,09-06-2026 00:00,13-06-2026 00:00,KING,BAR,BAR_DLX,MODIFIED,3,117276,INR,09-05-2026 08:45,09-05-2026 11:38
RES100684,BLR001,CNF100684,GUEST100684,31-05-2026 00:00,03-06-2026 00:00,DLX,PKG,PKG_DLX,MODIFIED,4,156684,INR,09-05-2026 00:02,09-05-2026 02:32
RES100685,HYD001,CNF100685,GUEST100685,30-05-2026 00:00,02-06-2026 00:00,QUEEN,MEMBER,MEM_DLX,CANCELLED,2,0,INR,09-05-2026 01:25,09-05-2026 01:27
RES100686,BLR001,CNF100686,GUEST100686,29-06-2026 00:00,30-06-2026 00:00,KING,CORP,CORP_STD,BOOKED,3,26241,INR,09-05-2026 18:48,09-05-2026 21:24
RES100687,BLR002,CNF100687,GUEST100687,16-06-2026 00:00,20-06-2026 00:00,DLX,PREPAY,PPR_DLX,CANCELLED,3,0,INR,09-05-2026 07:48,09-05-2026 09:46
RES100688,BLR001,CNF100688,GUEST100688,10-05-2026 00:00,14-05-2026 00:00,KING,MEMBER,MEM_DLX,MODIFIED,3,126780,INR,09-05-2026 20:57,09-05-2026 23:34
RES100689,HYD001,CNF100689,GUEST100689,12-05-2026 00:00,17-05-2026 00:00,KING,BAR,BAR_DLX,CANCELLED,3,0,INR,09-05-2026 17:45,09-05-2026 18:43
RES100690,BLR002,CNF100690,GUEST100690,12-05-2026 00:00,14-05-2026 00:00,KING,CORP,CORP_DLX,BOOKED,3,84288,INR,09-05-2026 14:04,09-05-2026 14:05
RES100691,HYD001,CNF100691,GUEST100691,26-05-2026 00:00,28-05-2026 00:00,STE,MEMBER,MEM_DLX,BOOKED,4,95680,INR,09-05-2026 22:05,09-05-2026 23:40
RES100692,MUM001,CNF100692,GUEST100692,31-05-2026 00:00,05-06-2026 00:00,DLX,PKG,PKG_STD,BOOKED,1,46435,INR,09-05-2026 09:27,09-05-2026 09:37
RES100693,HYD001,CNF100693,GUEST100693,14-06-2026 00:00,18-06-2026 00:00,DLX,PREPAY,PPR_STD,CANCELLED,3,0,INR,09-05-2026 17:26,09-05-2026 18:44
RES100694,BLR001,CNF100694,GUEST100694,08-06-2026 00:00,11-06-2026 00:00,QUEEN,BAR,BAR_DLX,BOOKED,4,121596,INR,09-05-2026 01:48,09-05-2026 03:59
RES100695,HYD001,CNF100695,GUEST100695,01-07-2026 00:00,02-07-2026 00:00,KING,MEMBER,MEM_DLX,CANCELLED,4,0,INR,09-05-2026 09:04,09-05-2026 09:30
RES100696,MUM001,CNF100696,GUEST100696,05-06-2026 00:00,06-06-2026 00:00,STE,BAR,BAR_STD,BOOKED,4,39928,INR,09-05-2026 19:05,09-05-2026 21:42
RES100697,DEL001,CNF100697,GUEST100697,12-06-2026 00:00,16-06-2026 00:00,QUEEN,MEMBER,MEM_DLX,BOOKED,2,73392,INR,09-05-2026 15:34,09-05-2026 18:22
RES100698,DEL001,CNF100698,GUEST100698,15-06-2026 00:00,17-06-2026 00:00,STE,PKG,PKG_STD,BOOKED,2,59716,INR,09-05-2026 06:29,09-05-2026 09:20
RES100699,DEL001,CNF100699,GUEST100699,26-05-2026 00:00,28-05-2026 00:00,QUEEN,MEMBER,MEM_STD,MODIFIED,2,41120,INR,09-05-2026 13:25,09-05-2026 15:47
RES100700,DEL001,CNF100700,GUEST100700,07-07-2026 00:00,10-07-2026 00:00,DLX,PKG,PKG_DLX,MODIFIED,3,120762,INR,09-05-2026 01:39,09-05-2026 03:46
RES100701,BLR002,CNF100701,GUEST100701,19-05-2026 00:00,21-05-2026 00:00,QUEEN,PREPAY,PPR_DLX,CANCELLED,2,0,INR,09-05-2026 04:06,09-05-2026 06:09
RES100702,BLR002,CNF100702,GUEST100702,19-05-2026 00:00,22-05-2026 00:00,QUEEN,PREPAY,PPR_DLX,MODIFIED,2,40344,INR,09-05-2026 16:42,09-05-2026 16:54
RES100703,HYD001,CNF100703,GUEST100703,07-06-2026 00:00,10-06-2026 00:00,KING,MEMBER,MEM_STD,BOOKED,4,172440,INR,09-05-2026 23:09,10-05-2026 00:04
RES100704,BLR002,CNF100704,GUEST100704,06-06-2026 00:00,11-06-2026 00:00,STD,PKG,PKG_DLX,BOOKED,3,140640,INR,09-05-2026 23:32,10-05-2026 01:45
RES100705,HYD001,CNF100705,GUEST100705,18-06-2026 00:00,23-06-2026 00:00,STD,MEMBER,MEM_STD,CANCELLED,2,0,INR,09-05-2026 08:35,09-05-2026 10:38
RES100706,HYD001,CNF100706,GUEST100706,02-07-2026 00:00,03-07-2026 00:00,KING,PKG,PKG_DLX,BOOKED,1,10398,INR,09-05-2026 14:52,09-05-2026 15:01
RES100707,BLR001,CNF100707,GUEST100707,11-06-2026 00:00,15-06-2026 00:00,QUEEN,PREPAY,PPR_DLX,BOOKED,2,100552,INR,09-05-2026 07:41,09-05-2026 07:46
RES100708,BLR002,CNF100708,GUEST100708,31-05-2026 00:00,01-06-2026 00:00,KING,CORP,CORP_STD,BOOKED,2,28456,INR,09-05-2026 15:05,09-05-2026 17:13
RES100709,BLR001,CNF100709,GUEST100709,26-05-2026 00:00,29-05-2026 00:00,STD,CORP,CORP_STD,MODIFIED,3,32535,INR,09-05-2026 13:11,09-05-2026 15:25
RES100710,BLR001,CNF100710,GUEST100710,22-05-2026 00:00,26-05-2026 00:00,STD,CORP,CORP_DLX,BOOKED,4,183840,INR,09-05-2026 13:24,09-05-2026 14:20
RES100711,MUM001,CNF100711,GUEST100711,20-06-2026 00:00,23-06-2026 00:00,QUEEN,BAR,BAR_DLX,CANCELLED,1,0,INR,09-05-2026 18:59,09-05-2026 21:59
RES100712,MUM001,CNF100712,GUEST100712,25-05-2026 00:00,27-05-2026 00:00,STE,PKG,PKG_DLX,CANCELLED,2,0,INR,09-05-2026 06:00,09-05-2026 06:49
RES100713,HYD001,CNF100713,GUEST100713,22-05-2026 00:00,27-05-2026 00:00,STE,BAR,BAR_DLX,CANCELLED,1,0,INR,09-05-2026 03:10,09-05-2026 05:21
RES100714,DEL001,CNF100714,GUEST100714,12-06-2026 00:00,15-06-2026 00:00,QUEEN,PKG,PKG_STD,MODIFIED,1,16482,INR,09-05-2026 00:41,09-05-2026 01:29
RES100715,DEL001,CNF100715,GUEST100715,12-06-2026 00:00,13-06-2026 00:00,KING,BAR,BAR_STD,BOOKED,1,3826,INR,09-05-2026 01:26,09-05-2026 03:05
RES100716,MUM001,CNF100716,GUEST100716,13-06-2026 00:00,14-06-2026 00:00,QUEEN,PREPAY,PPR_STD,CANCELLED,3,0,INR,09-05-2026 18:11,09-05-2026 19:37
RES100717,MUM001,CNF100717,GUEST100717,08-06-2026 00:00,13-06-2026 00:00,DLX,BAR,BAR_DLX,MODIFIED,4,194860,INR,09-05-2026 13:59,09-05-2026 15:08
RES100718,MUM001,CNF100718,GUEST100718,07-07-2026 00:00,12-07-2026 00:00,STD,BAR,BAR_DLX,CANCELLED,2,0,INR,09-05-2026 18:27,09-05-2026 21:11
RES100719,MUM001,CNF100719,GUEST100719,02-07-2026 00:00,06-07-2026 00:00,DLX,PKG,PKG_STD,BOOKED,2,55304,INR,09-05-2026 15:54,09-05-2026 18:05
RES100720,HYD001,CNF100720,GUEST100720,20-06-2026 00:00,22-06-2026 00:00,QUEEN,BAR,BAR_STD,CANCELLED,1,0,INR,09-05-2026 10:21,09-05-2026 12:36
RES100721,BLR001,CNF100721,GUEST100721,01-07-2026 00:00,04-07-2026 00:00,STD,PREPAY,PPR_DLX,BOOKED,4,79260,INR,09-05-2026 07:36,09-05-2026 09:04
RES100722,DEL001,CNF100722,GUEST100722,06-07-2026 00:00,07-07-2026 00:00,STD,PREPAY,PPR_STD,BOOKED,1,10299,INR,09-05-2026 09:44,09-05-2026 11:06
RES100723,DEL001,CNF100723,GUEST100723,23-06-2026 00:00,25-06-2026 00:00,STE,PREPAY,PPR_DLX,MODIFIED,4,78056,INR,09-05-2026 14:51,09-05-2026 15:39
RES100724,MUM001,CNF100724,GUEST100724,17-06-2026 00:00,21-06-2026 00:00,STD,PKG,PKG_STD,MODIFIED,4,104128,INR,09-05-2026 23:41,10-05-2026 02:34
RES100725,DEL001,CNF100725,GUEST100725,16-05-2026 00:00,17-05-2026 00:00,KING,BAR,BAR_STD,MODIFIED,3,27363,INR,09-05-2026 11:51,09-05-2026 12:55
RES100726,BLR002,CNF100726,GUEST100726,06-07-2026 00:00,07-07-2026 00:00,QUEEN,PREPAY,PPR_DLX,BOOKED,1,11656,INR,09-05-2026 23:29,10-05-2026 00:24
RES100727,DEL001,CNF100727,GUEST100727,05-06-2026 00:00,07-06-2026 00:00,KING,PREPAY,PPR_STD,CANCELLED,2,0,INR,09-05-2026 05:36,09-05-2026 06:23
RES100728,BLR001,CNF100728,GUEST100728,17-05-2026 00:00,18-05-2026 00:00,QUEEN,MEMBER,MEM_DLX,MODIFIED,1,9280,INR,09-05-2026 21:07,09-05-2026 22:33
RES100729,DEL001,CNF100729,GUEST100729,15-06-2026 00:00,20-06-2026 00:00,STE,CORP,CORP_STD,CANCELLED,2,0,INR,09-05-2026 21:00,09-05-2026 23:24
RES100730,MUM001,CNF100730,GUEST100730,18-05-2026 00:00,22-05-2026 00:00,DLX,MEMBER,MEM_DLX,CANCELLED,2,0,INR,09-05-2026 14:40,09-05-2026 15:52
RES100731,DEL001,CNF100731,GUEST100731,27-06-2026 00:00,28-06-2026 00:00,DLX,PKG,PKG_STD,CANCELLED,4,0,INR,09-05-2026 18:58,09-05-2026 20:59
RES100732,DEL001,CNF100732,GUEST100732,25-06-2026 00:00,26-06-2026 00:00,DLX,MEMBER,MEM_STD,CANCELLED,3,0,INR,09-05-2026 08:16,09-05-2026 08:49
RES100733,MUM001,CNF100733,GUEST100733,21-06-2026 00:00,22-06-2026 00:00,KING,CORP,CORP_STD,CANCELLED,2,0,INR,09-05-2026 04:35,09-05-2026 04:59
RES100734,HYD001,CNF100734,GUEST100734,03-06-2026 00:00,04-06-2026 00:00,STD,PREPAY,PPR_DLX,CANCELLED,2,0,INR,09-05-2026 13:59,09-05-2026 16:37
RES100735,DEL001,CNF100735,GUEST100735,12-06-2026 00:00,17-06-2026 00:00,STD,BAR,BAR_STD,CANCELLED,2,0,INR,09-05-2026 13:32,09-05-2026 16:13
RES100736,BLR002,CNF100736,GUEST100736,13-06-2026 00:00,18-06-2026 00:00,QUEEN,BAR,BAR_DLX,BOOKED,4,253140,INR,09-05-2026 14:38,09-05-2026 15:53
RES100737,HYD001,CNF100737,GUEST100737,17-06-2026 00:00,22-06-2026 00:00,QUEEN,CORP,CORP_DLX,MODIFIED,4,269960,INR,09-05-2026 19:19,09-05-2026 22:02
RES100738,DEL001,CNF100738,GUEST100738,20-05-2026 00:00,22-05-2026 00:00,STD,BAR,BAR_DLX,CANCELLED,4,0,INR,09-05-2026 02:08,09-05-2026 03:49
RES100739,BLR001,CNF100739,GUEST100739,19-05-2026 00:00,22-05-2026 00:00,STD,PKG,PKG_DLX,CANCELLED,4,0,INR,09-05-2026 13:04,09-05-2026 14:00
RES100740,BLR002,CNF100740,GUEST100740,24-05-2026 00:00,26-05-2026 00:00,KING,PKG,PKG_DLX,CANCELLED,2,0,INR,09-05-2026 02:20,09-05-2026 04:33
RES100741,MUM001,CNF100741,GUEST100741,29-05-2026 00:00,30-05-2026 00:00,KING,PREPAY,PPR_STD,BOOKED,4,22256,INR,09-05-2026 12:49,09-05-2026 14:44
RES100742,BLR001,CNF100742,GUEST100742,29-06-2026 00:00,03-07-2026 00:00,STE,CORP,CORP_DLX,BOOKED,4,170080,INR,09-05-2026 23:46,10-05-2026 00:20
RES100743,BLR001,CNF100743,GUEST100743,13-05-2026 00:00,16-05-2026 00:00,STD,BAR,BAR_STD,BOOKED,2,57270,INR,09-05-2026 11:28,09-05-2026 11:37
RES100744,DEL001,CNF100744,GUEST100744,03-06-2026 00:00,04-06-2026 00:00,DLX,CORP,CORP_DLX,MODIFIED,4,49852,INR,09-05-2026 18:38,09-05-2026 18:56
RES100745,MUM001,CNF100745,GUEST100745,17-06-2026 00:00,22-06-2026 00:00,KING,PKG,PKG_DLX,CANCELLED,1,0,INR,09-05-2026 02:34,09-05-2026 04:14
RES100746,DEL001,CNF100746,GUEST100746,23-06-2026 00:00,27-06-2026 00:00,STE,PREPAY,PPR_DLX,MODIFIED,2,58744,INR,09-05-2026 00:33,09-05-2026 00:45
RES100747,HYD001,CNF100747,GUEST100747,14-05-2026 00:00,16-05-2026 00:00,QUEEN,PKG,PKG_DLX,BOOKED,1,17924,INR,09-05-2026 14:50,09-05-2026 15:00
RES100748,MUM001,CNF100748,GUEST100748,16-06-2026 00:00,20-06-2026 00:00,DLX,PKG,PKG_STD,BOOKED,2,44848,INR,09-05-2026 02:11,09-05-2026 02:41
RES100749,MUM001,CNF100749,GUEST100749,13-05-2026 00:00,14-05-2026 00:00,STE,CORP,CORP_DLX,CANCELLED,2,0,INR,09-05-2026 23:22,10-05-2026 00:49
RES100750,BLR002,CNF100750,GUEST100750,08-07-2026 00:00,09-07-2026 00:00,STE,CORP,CORP_STD,BOOKED,3,28608,INR,09-05-2026 05:32,09-05-2026 05:36
RES100751,HYD001,CNF100751,GUEST100751,03-06-2026 00:00,04-06-2026 00:00,STE,MEMBER,MEM_DLX,MODIFIED,2,12034,INR,09-05-2026 17:53,09-05-2026 20:01
RES100752,BLR001,CNF100752,GUEST100752,12-06-2026 00:00,16-06-2026 00:00,QUEEN,PREPAY,PPR_DLX,MODIFIED,4,57344,INR,09-05-2026 02:50,09-05-2026 03:49
RES100753,BLR001,CNF100753,GUEST100753,16-05-2026 00:00,19-05-2026 00:00,STD,PREPAY,PPR_DLX,MODIFIED,1,29022,INR,09-05-2026 20:23,09-05-2026 21:03
RES100754,BLR001,CNF100754,GUEST100754,07-06-2026 00:00,12-06-2026 00:00,STE,PREPAY,PPR_STD,MODIFIED,4,114880,INR,09-05-2026 07:55,09-05-2026 10:33
RES100755,DEL001,CNF100755,GUEST100755,22-06-2026 00:00,25-06-2026 00:00,DLX,CORP,CORP_STD,CANCELLED,4,0,INR,09-05-2026 21:29,09-05-2026 22:57
RES100756,HYD001,CNF100756,GUEST100756,09-06-2026 00:00,12-06-2026 00:00,STD,CORP,CORP_DLX,MODIFIED,3,56943,INR,09-05-2026 13:43,09-05-2026 15:11
RES100757,HYD001,CNF100757,GUEST100757,26-05-2026 00:00,29-05-2026 00:00,STE,PREPAY,PPR_STD,BOOKED,4,49632,INR,09-05-2026 20:44,09-05-2026 21:53
RES100758,BLR002,CNF100758,GUEST100758,01-06-2026 00:00,02-06-2026 00:00,DLX,PKG,PKG_STD,MODIFIED,2,13450,INR,09-05-2026 00:20,09-05-2026 02:19
RES100759,BLR001,CNF100759,GUEST100759,02-06-2026 00:00,07-06-2026 00:00,DLX,CORP,CORP_DLX,MODIFIED,3,150525,INR,09-05-2026 06:51,09-05-2026 09:04
RES100760,DEL001,CNF100760,GUEST100760,25-05-2026 00:00,29-05-2026 00:00,DLX,CORP,CORP_STD,BOOKED,3,95316,INR,09-05-2026 04:29,09-05-2026 07:26
RES100761,MUM001,CNF100761,GUEST100761,11-06-2026 00:00,14-06-2026 00:00,DLX,PKG,PKG_DLX,BOOKED,4,50064,INR,09-05-2026 05:45,09-05-2026 06:19
RES100762,MUM001,CNF100762,GUEST100762,02-07-2026 00:00,04-07-2026 00:00,DLX,MEMBER,MEM_STD,MODIFIED,2,36792,INR,09-05-2026 06:56,09-05-2026 09:11
RES100763,BLR002,CNF100763,GUEST100763,01-07-2026 00:00,04-07-2026 00:00,STD,PKG,PKG_STD,BOOKED,2,79854,INR,09-05-2026 05:08,09-05-2026 07:52
RES100764,BLR002,CNF100764,GUEST100764,15-06-2026 00:00,18-06-2026 00:00,STE,MEMBER,MEM_STD,BOOKED,1,22554,INR,09-05-2026 05:00,09-05-2026 05:11
RES100765,BLR002,CNF100765,GUEST100765,22-05-2026 00:00,27-05-2026 00:00,KING,MEMBER,MEM_STD,CANCELLED,1,0,INR,09-05-2026 23:00,09-05-2026 23:18
RES100766,DEL001,CNF100766,GUEST100766,30-05-2026 00:00,04-06-2026 00:00,STE,BAR,BAR_STD,BOOKED,2,52070,INR,09-05-2026 20:35,09-05-2026 23:23
RES100767,BLR001,CNF100767,GUEST100767,30-05-2026 00:00,01-06-2026 00:00,STE,MEMBER,MEM_STD,MODIFIED,3,88542,INR,09-05-2026 07:29,09-05-2026 09:43
RES100768,BLR001,CNF100768,GUEST100768,03-07-2026 00:00,06-07-2026 00:00,DLX,CORP,CORP_DLX,CANCELLED,2,0,INR,09-05-2026 15:31,09-05-2026 17:17
RES100769,MUM001,CNF100769,GUEST100769,28-06-2026 00:00,01-07-2026 00:00,DLX,PKG,PKG_DLX,CANCELLED,2,0,INR,09-05-2026 04:33,09-05-2026 06:14
RES100770,MUM001,CNF100770,GUEST100770,03-06-2026 00:00,07-06-2026 00:00,DLX,CORP,CORP_STD,MODIFIED,1,33740,INR,09-05-2026 05:18,09-05-2026 08:14
RES100771,MUM001,CNF100771,GUEST100771,01-07-2026 00:00,03-07-2026 00:00,STE,MEMBER,MEM_DLX,CANCELLED,1,0,INR,09-05-2026 19:40,09-05-2026 21:07
RES100772,MUM001,CNF100772,GUEST100772,08-07-2026 00:00,10-07-2026 00:00,DLX,BAR,BAR_STD,BOOKED,4,119352,INR,09-05-2026 00:55,09-05-2026 03:36
RES100773,DEL001,CNF100773,GUEST100773,07-06-2026 00:00,09-06-2026 00:00,DLX,CORP,CORP_DLX,BOOKED,4,34744,INR,09-05-2026 08:52,09-05-2026 11:47
RES100774,DEL001,CNF100774,GUEST100774,25-05-2026 00:00,30-05-2026 00:00,DLX,PKG,PKG_STD,CANCELLED,2,0,INR,09-05-2026 00:26,09-05-2026 02:54
RES100775,DEL001,CNF100775,GUEST100775,27-05-2026 00:00,30-05-2026 00:00,KING,PKG,PKG_DLX,BOOKED,2,85920,INR,09-05-2026 02:02,09-05-2026 02:26
RES100776,HYD001,CNF100776,GUEST100776,26-05-2026 00:00,27-05-2026 00:00,KING,PKG,PKG_STD,BOOKED,2,11762,INR,09-05-2026 07:08,09-05-2026 08:37
RES100777,MUM001,CNF100777,GUEST100777,29-06-2026 00:00,02-07-2026 00:00,DLX,CORP,CORP_DLX,CANCELLED,3,0,INR,09-05-2026 13:07,09-05-2026 13:31
RES100778,HYD001,CNF100778,GUEST100778,20-06-2026 00:00,24-06-2026 00:00,DLX,PKG,PKG_DLX,BOOKED,4,195392,INR,09-05-2026 10:54,09-05-2026 13:34
RES100779,DEL001,CNF100779,GUEST100779,23-05-2026 00:00,27-05-2026 00:00,STE,PREPAY,PPR_DLX,CANCELLED,2,0,INR,09-05-2026 10:10,09-05-2026 13:01
RES100780,HYD001,CNF100780,GUEST100780,25-06-2026 00:00,29-06-2026 00:00,STE,MEMBER,MEM_DLX,CANCELLED,4,0,INR,09-05-2026 09:39,09-05-2026 10:25
RES100781,DEL001,CNF100781,GUEST100781,13-06-2026 00:00,14-06-2026 00:00,QUEEN,CORP,CORP_DLX,CANCELLED,4,0,INR,09-05-2026 03:23,09-05-2026 03:36
RES100782,BLR001,CNF100782,GUEST100782,14-06-2026 00:00,15-06-2026 00:00,DLX,PREPAY,PPR_DLX,CANCELLED,4,0,INR,09-05-2026 04:14,09-05-2026 06:57
RES100783,BLR002,CNF100783,GUEST100783,06-07-2026 00:00,08-07-2026 00:00,STD,BAR,BAR_DLX,CANCELLED,3,0,INR,09-05-2026 05:55,09-05-2026 08:02
RES100784,BLR001,CNF100784,GUEST100784,21-05-2026 00:00,26-05-2026 00:00,STE,PREPAY,PPR_DLX,BOOKED,3,216825,INR,09-05-2026 22:28,10-05-2026 00:13
RES100785,BLR002,CNF100785,GUEST100785,16-06-2026 00:00,17-06-2026 00:00,QUEEN,MEMBER,MEM_STD,MODIFIED,1,12141,INR,09-05-2026 17:24,09-05-2026 17:38
RES100786,MUM001,CNF100786,GUEST100786,12-06-2026 00:00,14-06-2026 00:00,QUEEN,BAR,BAR_DLX,MODIFIED,2,41404,INR,09-05-2026 08:02,09-05-2026 09:52
RES100787,HYD001,CNF100787,GUEST100787,08-07-2026 00:00,13-07-2026 00:00,STD,PKG,PKG_STD,MODIFIED,1,23205,INR,09-05-2026 19:16,09-05-2026 21:20
RES100788,BLR001,CNF100788,GUEST100788,05-07-2026 00:00,06-07-2026 00:00,STD,PREPAY,PPR_DLX,CANCELLED,3,0,INR,09-05-2026 00:08,09-05-2026 01:01
RES100789,BLR002,CNF100789,GUEST100789,28-06-2026 00:00,01-07-2026 00:00,STD,BAR,BAR_STD,BOOKED,3,72819,INR,09-05-2026 07:07,09-05-2026 10:01
RES100790,MUM001,CNF100790,GUEST100790,09-06-2026 00:00,11-06-2026 00:00,STD,PREPAY,PPR_DLX,BOOKED,1,28478,INR,09-05-2026 08:06,09-05-2026 09:52
RES100791,HYD001,CNF100791,GUEST100791,27-06-2026 00:00,29-06-2026 00:00,STD,MEMBER,MEM_DLX,MODIFIED,4,102104,INR,09-05-2026 19:35,09-05-2026 20:43
RES100792,HYD001,CNF100792,GUEST100792,14-05-2026 00:00,18-05-2026 00:00,KING,CORP,CORP_STD,CANCELLED,2,0,INR,09-05-2026 06:43,09-05-2026 09:28
RES100793,BLR002,CNF100793,GUEST100793,25-06-2026 00:00,27-06-2026 00:00,QUEEN,PKG,PKG_DLX,CANCELLED,3,0,INR,09-05-2026 23:54,10-05-2026 01:07
RES100794,DEL001,CNF100794,GUEST100794,11-06-2026 00:00,15-06-2026 00:00,KING,BAR,BAR_STD,MODIFIED,3,58296,INR,09-05-2026 08:18,09-05-2026 10:48
RES100795,DEL001,CNF100795,GUEST100795,18-06-2026 00:00,22-06-2026 00:00,STD,BAR,BAR_DLX,BOOKED,4,175872,INR,09-05-2026 08:59,09-05-2026 09:30
RES100796,DEL001,CNF100796,GUEST100796,30-06-2026 00:00,01-07-2026 00:00,DLX,BAR,BAR_STD,BOOKED,2,29980,INR,09-05-2026 03:07,09-05-2026 06:01
RES100797,BLR001,CNF100797,GUEST100797,05-07-2026 00:00,10-07-2026 00:00,DLX,CORP,CORP_DLX,BOOKED,1,25235,INR,09-05-2026 08:49,09-05-2026 11:18
RES100798,DEL001,CNF100798,GUEST100798,26-06-2026 00:00,30-06-2026 00:00,STD,BAR,BAR_STD,MODIFIED,1,47264,INR,09-05-2026 00:32,09-05-2026 00:45
RES100799,HYD001,CNF100799,GUEST100799,30-06-2026 00:00,05-07-2026 00:00,DLX,PREPAY,PPR_STD,BOOKED,4,234620,INR,09-05-2026 00:45,09-05-2026 01:58
RES100800,BLR001,CNF100800,GUEST100800,16-06-2026 00:00,19-06-2026 00:00,QUEEN,PREPAY,PPR_STD,BOOKED,3,87273,INR,09-05-2026 13:24,09-05-2026 14:49
RES100801,BLR002,CNF100801,GUEST100801,05-06-2026 00:00,10-06-2026 00:00,STD,MEMBER,MEM_DLX,CANCELLED,3,0,INR,09-05-2026 22:55,10-05-2026 00:10
RES100802,MUM001,CNF100802,GUEST100802,08-06-2026 00:00,09-06-2026 00:00,STD,PKG,PKG_STD,CANCELLED,4,0,INR,09-05-2026 16:01,09-05-2026 18:24
RES100803,DEL001,CNF100803,GUEST100803,24-05-2026 00:00,27-05-2026 00:00,DLX,BAR,BAR_DLX,BOOKED,2,36522,INR,09-05-2026 16:50,09-05-2026 17:06
RES100804,BLR002,CNF100804,GUEST100804,13-06-2026 00:00,15-06-2026 00:00,STE,PREPAY,PPR_DLX,MODIFIED,2,39076,INR,09-05-2026 05:43,09-05-2026 07:34
RES100805,BLR002,CNF100805,GUEST100805,04-06-2026 00:00,06-06-2026 00:00,QUEEN,BAR,BAR_STD,BOOKED,2,43152,INR,09-05-2026 22:23,09-05-2026 23:10
RES100806,BLR002,CNF100806,GUEST100806,01-06-2026 00:00,04-06-2026 00:00,STD,BAR,BAR_DLX,BOOKED,2,87810,INR,09-05-2026 02:46,09-05-2026 03:45
RES100807,BLR002,CNF100807,GUEST100807,05-06-2026 00:00,09-06-2026 00:00,STE,CORP,CORP_DLX,BOOKED,1,53276,INR,09-05-2026 10:38,09-05-2026 12:54
RES100808,MUM001,CNF100808,GUEST100808,20-06-2026 00:00,25-06-2026 00:00,STE,PREPAY,PPR_DLX,MODIFIED,4,266300,INR,09-05-2026 20:10,09-05-2026 21:42
RES100809,HYD001,CNF100809,GUEST100809,06-07-2026 00:00,07-07-2026 00:00,QUEEN,PKG,PKG_DLX,MODIFIED,1,7574,INR,09-05-2026 02:56,09-05-2026 05:09
RES100810,HYD001,CNF100810,GUEST100810,13-06-2026 00:00,14-06-2026 00:00,QUEEN,BAR,BAR_DLX,CANCELLED,2,0,INR,09-05-2026 02:35,09-05-2026 03:58
RES100811,BLR001,CNF100811,GUEST100811,16-06-2026 00:00,20-06-2026 00:00,DLX,MEMBER,MEM_STD,MODIFIED,3,94380,INR,09-05-2026 17:50,09-05-2026 18:50
RES100812,HYD001,CNF100812,GUEST100812,16-05-2026 00:00,21-05-2026 00:00,QUEEN,MEMBER,MEM_DLX,CANCELLED,1,0,INR,09-05-2026 09:23,09-05-2026 09:45
RES100813,BLR001,CNF100813,GUEST100813,12-06-2026 00:00,14-06-2026 00:00,STD,PREPAY,PPR_STD,CANCELLED,1,0,INR,09-05-2026 08:28,09-05-2026 09:55
RES100814,MUM001,CNF100814,GUEST100814,16-06-2026 00:00,20-06-2026 00:00,DLX,BAR,BAR_STD,BOOKED,3,57504,INR,09-05-2026 19:11,09-05-2026 21:02
RES100815,DEL001,CNF100815,GUEST100815,13-05-2026 00:00,18-05-2026 00:00,STE,BAR,BAR_STD,CANCELLED,3,0,INR,09-05-2026 08:46,09-05-2026 10:09
RES100816,BLR001,CNF100816,GUEST100816,11-05-2026 00:00,13-05-2026 00:00,DLX,CORP,CORP_STD,MODIFIED,2,28956,INR,09-05-2026 05:50,09-05-2026 08:03
RES100817,BLR002,CNF100817,GUEST100817,23-06-2026 00:00,25-06-2026 00:00,DLX,BAR,BAR_DLX,BOOKED,3,58536,INR,09-05-2026 03:34,09-05-2026 05:59
RES100818,DEL001,CNF100818,GUEST100818,25-06-2026 00:00,27-06-2026 00:00,DLX,MEMBER,MEM_DLX,MODIFIED,3,47652,INR,09-05-2026 00:27,09-05-2026 02:08
RES100819,BLR002,CNF100819,GUEST100819,22-05-2026 00:00,23-05-2026 00:00,QUEEN,CORP,CORP_DLX,MODIFIED,2,8026,INR,09-05-2026 20:57,09-05-2026 22:51
RES100820,HYD001,CNF100820,GUEST100820,19-06-2026 00:00,21-06-2026 00:00,STD,CORP,CORP_STD,CANCELLED,1,0,INR,09-05-2026 07:46,09-05-2026 08:16
RES100821,MUM001,CNF100821,GUEST100821,26-06-2026 00:00,28-06-2026 00:00,STD,PKG,PKG_DLX,BOOKED,1,15600,INR,09-05-2026 00:03,09-05-2026 02:59
RES100822,DEL001,CNF100822,GUEST100822,15-05-2026 00:00,16-05-2026 00:00,STD,PREPAY,PPR_STD,BOOKED,4,53664,INR,09-05-2026 07:57,09-05-2026 09:32
RES100823,MUM001,CNF100823,GUEST100823,10-05-2026 00:00,13-05-2026 00:00,QUEEN,MEMBER,MEM_DLX,MODIFIED,2,56898,INR,09-05-2026 10:31,09-05-2026 11:10
RES100824,MUM001,CNF100824,GUEST100824,16-06-2026 00:00,21-06-2026 00:00,DLX,BAR,BAR_STD,BOOKED,1,68530,INR,09-05-2026 14:45,09-05-2026 17:19
RES100825,MUM001,CNF100825,GUEST100825,30-06-2026 00:00,02-07-2026 00:00,STD,CORP,CORP_DLX,BOOKED,3,88890,INR,09-05-2026 20:01,09-05-2026 20:17
RES100826,DEL001,CNF100826,GUEST100826,04-07-2026 00:00,07-07-2026 00:00,STD,MEMBER,MEM_STD,BOOKED,4,178404,INR,09-05-2026 09:16,09-05-2026 10:12
RES100827,HYD001,CNF100827,GUEST100827,07-06-2026 00:00,10-06-2026 00:00,STD,PREPAY,PPR_STD,CANCELLED,2,0,INR,09-05-2026 10:00,09-05-2026 12:22
RES100828,BLR002,CNF100828,GUEST100828,26-05-2026 00:00,28-05-2026 00:00,STE,PREPAY,PPR_STD,BOOKED,4,72648,INR,09-05-2026 23:36,10-05-2026 02:21
RES100829,HYD001,CNF100829,GUEST100829,21-05-2026 00:00,26-05-2026 00:00,KING,MEMBER,MEM_STD,CANCELLED,1,0,INR,09-05-2026 11:39,09-05-2026 14:39
RES100830,BLR002,CNF100830,GUEST100830,12-05-2026 00:00,16-05-2026 00:00,QUEEN,PKG,PKG_STD,BOOKED,1,49544,INR,09-05-2026 18:24,09-05-2026 19:42
RES100831,MUM001,CNF100831,GUEST100831,10-05-2026 00:00,14-05-2026 00:00,KING,PREPAY,PPR_STD,CANCELLED,4,0,INR,09-05-2026 13:12,09-05-2026 15:27
RES100832,BLR001,CNF100832,GUEST100832,28-06-2026 00:00,02-07-2026 00:00,STE,PKG,PKG_DLX,BOOKED,2,31160,INR,09-05-2026 09:06,09-05-2026 12:05
RES100833,HYD001,CNF100833,GUEST100833,11-05-2026 00:00,13-05-2026 00:00,QUEEN,MEMBER,MEM_DLX,BOOKED,1,11126,INR,09-05-2026 06:57,09-05-2026 08:51
RES100834,BLR002,CNF100834,GUEST100834,18-05-2026 00:00,22-05-2026 00:00,STE,MEMBER,MEM_STD,CANCELLED,2,0,INR,09-05-2026 19:56,09-05-2026 20:44
RES100835,BLR001,CNF100835,GUEST100835,24-05-2026 00:00,28-05-2026 00:00,KING,BAR,BAR_STD,CANCELLED,4,0,INR,09-05-2026 06:10,09-05-2026 08:58
RES100836,BLR001,CNF100836,GUEST100836,21-06-2026 00:00,25-06-2026 00:00,KING,CORP,CORP_STD,BOOKED,1,22300,INR,09-05-2026 13:37,09-05-2026 14:19
RES100837,BLR002,CNF100837,GUEST100837,13-05-2026 00:00,17-05-2026 00:00,DLX,CORP,CORP_DLX,MODIFIED,2,61688,INR,09-05-2026 21:56,09-05-2026 22:42
RES100838,BLR001,CNF100838,GUEST100838,30-05-2026 00:00,03-06-2026 00:00,QUEEN,PKG,PKG_DLX,CANCELLED,2,0,INR,09-05-2026 00:21,09-05-2026 00:52
RES100839,BLR001,CNF100839,GUEST100839,10-05-2026 00:00,14-05-2026 00:00,STD,PREPAY,PPR_STD,CANCELLED,2,0,INR,09-05-2026 22:04,09-05-2026 23:46
RES100840,MUM001,CNF100840,GUEST100840,07-06-2026 00:00,09-06-2026 00:00,QUEEN,MEMBER,MEM_DLX,BOOKED,1,28720,INR,09-05-2026 04:37,09-05-2026 06:30
RES100841,HYD001,CNF100841,GUEST100841,10-06-2026 00:00,12-06-2026 00:00,STD,MEMBER,MEM_STD,BOOKED,2,28248,INR,09-05-2026 13:16,09-05-2026 14:05
RES100842,MUM001,CNF100842,GUEST100842,02-07-2026 00:00,07-07-2026 00:00,QUEEN,PREPAY,PPR_STD,MODIFIED,1,55775,INR,09-05-2026 01:08,09-05-2026 03:13
RES100843,HYD001,CNF100843,GUEST100843,10-06-2026 00:00,13-06-2026 00:00,DLX,PREPAY,PPR_STD,BOOKED,3,59931,INR,09-05-2026 10:21,09-05-2026 11:57
RES100844,BLR002,CNF100844,GUEST100844,13-06-2026 00:00,14-06-2026 00:00,QUEEN,CORP,CORP_DLX,MODIFIED,3,44931,INR,09-05-2026 22:07,09-05-2026 22:19
RES100845,DEL001,CNF100845,GUEST100845,29-05-2026 00:00,01-06-2026 00:00,DLX,PREPAY,PPR_STD,BOOKED,3,76149,INR,09-05-2026 04:52,09-05-2026 05:52
RES100846,DEL001,CNF100846,GUEST100846,22-05-2026 00:00,26-05-2026 00:00,STE,PREPAY,PPR_STD,MODIFIED,2,31400,INR,09-05-2026 00:15,09-05-2026 01:39
RES100847,HYD001,CNF100847,GUEST100847,13-06-2026 00:00,16-06-2026 00:00,STE,BAR,BAR_DLX,BOOKED,4,49476,INR,09-05-2026 14:44,09-05-2026 16:36
RES100848,BLR002,CNF100848,GUEST100848,19-06-2026 00:00,24-06-2026 00:00,DLX,PREPAY,PPR_STD,CANCELLED,4,0,INR,09-05-2026 06:06,09-05-2026 08:42
RES100849,BLR002,CNF100849,GUEST100849,16-05-2026 00:00,17-05-2026 00:00,KING,MEMBER,MEM_STD,CANCELLED,3,0,INR,09-05-2026 15:25,09-05-2026 15:36
RES100850,BLR002,CNF100850,GUEST100850,21-06-2026 00:00,24-06-2026 00:00,STD,PKG,PKG_STD,BOOKED,2,63738,INR,09-05-2026 21:34,10-05-2026 00:32
RES100851,HYD001,CNF100851,GUEST100851,31-05-2026 00:00,02-06-2026 00:00,QUEEN,CORP,CORP_STD,CANCELLED,2,0,INR,09-05-2026 23:59,10-05-2026 00:43
RES100852,DEL001,CNF100852,GUEST100852,03-07-2026 00:00,06-07-2026 00:00,KING,CORP,CORP_STD,MODIFIED,3,34983,INR,09-05-2026 08:12,09-05-2026 08:17
RES100853,DEL001,CNF100853,GUEST100853,11-06-2026 00:00,14-06-2026 00:00,DLX,PKG,PKG_DLX,BOOKED,3,55152,INR,09-05-2026 22:22,10-05-2026 00:49
RES100854,DEL001,CNF100854,GUEST100854,20-05-2026 00:00,24-05-2026 00:00,KING,CORP,CORP_STD,CANCELLED,1,0,INR,09-05-2026 16:10,09-05-2026 17:39
RES100855,HYD001,CNF100855,GUEST100855,23-06-2026 00:00,27-06-2026 00:00,KING,BAR,BAR_DLX,BOOKED,2,57256,INR,09-05-2026 15:11,09-05-2026 17:02
RES100856,BLR001,CNF100856,GUEST100856,30-06-2026 00:00,03-07-2026 00:00,QUEEN,MEMBER,MEM_DLX,CANCELLED,3,0,INR,09-05-2026 05:27,09-05-2026 06:24
RES100857,BLR001,CNF100857,GUEST100857,16-05-2026 00:00,17-05-2026 00:00,KING,CORP,CORP_STD,CANCELLED,4,0,INR,09-05-2026 22:17,09-05-2026 23:01
RES100858,MUM001,CNF100858,GUEST100858,15-06-2026 00:00,19-06-2026 00:00,KING,MEMBER,MEM_DLX,CANCELLED,1,0,INR,09-05-2026 04:45,09-05-2026 05:44
RES100859,BLR002,CNF100859,GUEST100859,06-07-2026 00:00,10-07-2026 00:00,STD,PKG,PKG_DLX,MODIFIED,1,45152,INR,09-05-2026 05:35,09-05-2026 06:16
RES100860,HYD001,CNF100860,GUEST100860,27-06-2026 00:00,01-07-2026 00:00,DLX,PKG,PKG_DLX,MODIFIED,1,17324,INR,09-05-2026 15:47,09-05-2026 16:46
RES100861,HYD001,CNF100861,GUEST100861,06-07-2026 00:00,09-07-2026 00:00,STD,PKG,PKG_STD,BOOKED,3,122418,INR,09-05-2026 07:50,09-05-2026 10:02
RES100862,BLR001,CNF100862,GUEST100862,27-05-2026 00:00,31-05-2026 00:00,QUEEN,BAR,BAR_STD,CANCELLED,3,0,INR,09-05-2026 23:21,10-05-2026 00:57
RES100863,HYD001,CNF100863,GUEST100863,20-06-2026 00:00,24-06-2026 00:00,KING,PREPAY,PPR_STD,MODIFIED,4,62048,INR,09-05-2026 20:55,09-05-2026 23:16
RES100864,MUM001,CNF100864,GUEST100864,12-05-2026 00:00,15-05-2026 00:00,STD,MEMBER,MEM_STD,BOOKED,4,167832,INR,09-05-2026 13:16,09-05-2026 14:26
RES100865,BLR001,CNF100865,GUEST100865,11-06-2026 00:00,12-06-2026 00:00,KING,MEMBER,MEM_DLX,CANCELLED,1,0,INR,09-05-2026 05:27,09-05-2026 05:39
RES100866,DEL001,CNF100866,GUEST100866,25-06-2026 00:00,30-06-2026 00:00,QUEEN,PKG,PKG_STD,BOOKED,1,39580,INR,09-05-2026 19:09,09-05-2026 19:53
RES100867,DEL001,CNF100867,GUEST100867,28-06-2026 00:00,03-07-2026 00:00,STE,MEMBER,MEM_STD,CANCELLED,1,0,INR,09-05-2026 22:57,09-05-2026 23:16
RES100868,BLR002,CNF100868,GUEST100868,07-07-2026 00:00,09-07-2026 00:00,STD,BAR,BAR_DLX,CANCELLED,2,0,INR,09-05-2026 14:35,09-05-2026 14:56
RES100869,DEL001,CNF100869,GUEST100869,13-05-2026 00:00,17-05-2026 00:00,KING,CORP,CORP_STD,CANCELLED,1,0,INR,09-05-2026 01:40,09-05-2026 03:31
RES100870,BLR001,CNF100870,GUEST100870,22-05-2026 00:00,23-05-2026 00:00,KING,CORP,CORP_DLX,BOOKED,4,48964,INR,09-05-2026 02:36,09-05-2026 03:37
RES100871,BLR001,CNF100871,GUEST100871,31-05-2026 00:00,05-06-2026 00:00,DLX,BAR,BAR_STD,CANCELLED,2,0,INR,09-05-2026 20:26,09-05-2026 21:22
RES100872,BLR002,CNF100872,GUEST100872,31-05-2026 00:00,02-06-2026 00:00,STE,PKG,PKG_STD,BOOKED,1,9136,INR,09-05-2026 07:21,09-05-2026 07:23
RES100873,MUM001,CNF100873,GUEST100873,09-06-2026 00:00,11-06-2026 00:00,DLX,CORP,CORP_STD,MODIFIED,4,115184,INR,09-05-2026 12:59,09-05-2026 15:08
RES100874,BLR002,CNF100874,GUEST100874,21-06-2026 00:00,22-06-2026 00:00,DLX,PKG,PKG_STD,BOOKED,1,8132,INR,09-05-2026 07:11,09-05-2026 08:04
RES100875,MUM001,CNF100875,GUEST100875,05-07-2026 00:00,08-07-2026 00:00,KING,CORP,CORP_STD,MODIFIED,1,19707,INR,09-05-2026 02:56,09-05-2026 03:20
RES100876,MUM001,CNF100876,GUEST100876,04-06-2026 00:00,08-06-2026 00:00,KING,PKG,PKG_STD,MODIFIED,4,233840,INR,09-05-2026 09:26,09-05-2026 10:55
RES100877,BLR001,CNF100877,GUEST100877,16-06-2026 00:00,17-06-2026 00:00,STD,MEMBER,MEM_DLX,BOOKED,2,23958,INR,09-05-2026 22:55,10-05-2026 01:29
RES100878,BLR002,CNF100878,GUEST100878,17-06-2026 00:00,22-06-2026 00:00,KING,BAR,BAR_STD,CANCELLED,2,0,INR,09-05-2026 19:56,09-05-2026 21:20
RES100879,BLR001,CNF100879,GUEST100879,15-05-2026 00:00,19-05-2026 00:00,QUEEN,MEMBER,MEM_DLX,CANCELLED,2,0,INR,09-05-2026 10:02,09-05-2026 11:06
RES100880,BLR001,CNF100880,GUEST100880,11-05-2026 00:00,15-05-2026 00:00,QUEEN,BAR,BAR_STD,BOOKED,4,237776,INR,09-05-2026 21:41,09-05-2026 23:51
RES100881,BLR001,CNF100881,GUEST100881,23-06-2026 00:00,26-06-2026 00:00,KING,PREPAY,PPR_STD,CANCELLED,3,0,INR,09-05-2026 17:47,09-05-2026 18:20
RES100882,MUM001,CNF100882,GUEST100882,14-06-2026 00:00,17-06-2026 00:00,QUEEN,BAR,BAR_STD,MODIFIED,1,20358,INR,09-05-2026 15:14,09-05-2026 15:16
RES100883,BLR002,CNF100883,GUEST100883,08-06-2026 00:00,09-06-2026 00:00,DLX,PREPAY,PPR_DLX,BOOKED,2,11796,INR,09-05-2026 05:22,09-05-2026 07:02
RES100884,BLR001,CNF100884,GUEST100884,27-06-2026 00:00,28-06-2026 00:00,QUEEN,BAR,BAR_STD,BOOKED,3,27774,INR,09-05-2026 18:54,09-05-2026 19:36
RES100885,BLR002,CNF100885,GUEST100885,20-06-2026 00:00,22-06-2026 00:00,KING,PREPAY,PPR_STD,MODIFIED,2,53720,INR,09-05-2026 15:13,09-05-2026 16:12
RES100886,DEL001,CNF100886,GUEST100886,16-05-2026 00:00,19-05-2026 00:00,STE,PKG,PKG_DLX,BOOKED,2,48336,INR,09-05-2026 12:00,09-05-2026 13:16
RES100887,BLR001,CNF100887,GUEST100887,10-06-2026 00:00,15-06-2026 00:00,KING,PREPAY,PPR_STD,MODIFIED,3,132585,INR,09-05-2026 04:44,09-05-2026 06:11
RES100888,DEL001,CNF100888,GUEST100888,08-06-2026 00:00,10-06-2026 00:00,STE,MEMBER,MEM_DLX,CANCELLED,1,0,INR,09-05-2026 17:54,09-05-2026 20:47
RES100889,BLR002,CNF100889,GUEST100889,28-06-2026 00:00,02-07-2026 00:00,KING,BAR,BAR_STD,CANCELLED,3,0,INR,09-05-2026 02:18,09-05-2026 03:21
RES100890,BLR001,CNF100890,GUEST100890,01-06-2026 00:00,06-06-2026 00:00,QUEEN,PREPAY,PPR_DLX,BOOKED,2,123820,INR,09-05-2026 05:57,09-05-2026 08:43
RES100891,BLR001,CNF100891,GUEST100891,26-06-2026 00:00,29-06-2026 00:00,DLX,CORP,CORP_DLX,MODIFIED,3,51075,INR,09-05-2026 14:07,09-05-2026 16:42
RES100892,BLR001,CNF100892,GUEST100892,29-06-2026 00:00,03-07-2026 00:00,KING,PKG,PKG_STD,MODIFIED,1,57056,INR,09-05-2026 12:44,09-05-2026 13:16
RES100893,BLR001,CNF100893,GUEST100893,30-06-2026 00:00,04-07-2026 00:00,DLX,BAR,BAR_STD,CANCELLED,2,0,INR,09-05-2026 07:42,09-05-2026 08:43
RES100894,HYD001,CNF100894,GUEST100894,18-05-2026 00:00,21-05-2026 00:00,STD,BAR,BAR_DLX,CANCELLED,2,0,INR,09-05-2026 05:51,09-05-2026 06:11
RES100895,HYD001,CNF100895,GUEST100895,09-06-2026 00:00,12-06-2026 00:00,DLX,PREPAY,PPR_DLX,MODIFIED,1,41733,INR,09-05-2026 04:42,09-05-2026 05:31
RES100896,BLR002,CNF100896,GUEST100896,12-06-2026 00:00,14-06-2026 00:00,STE,PKG,PKG_DLX,MODIFIED,4,47544,INR,09-05-2026 13:27,09-05-2026 13:53
RES100897,DEL001,CNF100897,GUEST100897,22-06-2026 00:00,24-06-2026 00:00,STE,PKG,PKG_DLX,CANCELLED,2,0,INR,09-05-2026 14:09,09-05-2026 16:25
RES100898,BLR002,CNF100898,GUEST100898,16-05-2026 00:00,21-05-2026 00:00,DLX,CORP,CORP_STD,BOOKED,2,128370,INR,09-05-2026 22:53,10-05-2026 00:09
RES100899,MUM001,CNF100899,GUEST100899,07-06-2026 00:00,09-06-2026 00:00,DLX,BAR,BAR_STD,CANCELLED,1,0,INR,09-05-2026 01:38,09-05-2026 03:30
RES100900,BLR002,CNF100900,GUEST100900,09-06-2026 00:00,12-06-2026 00:00,STD,PREPAY,PPR_STD,CANCELLED,4,0,INR,09-05-2026 17:04,09-05-2026 18:50
RES100901,HYD001,CNF100901,GUEST100901,17-05-2026 00:00,22-05-2026 00:00,QUEEN,PKG,PKG_DLX,CANCELLED,3,0,INR,09-05-2026 09:51,09-05-2026 10:56
RES100902,MUM001,CNF100902,GUEST100902,01-06-2026 00:00,06-06-2026 00:00,KING,CORP,CORP_STD,MODIFIED,4,107780,INR,09-05-2026 21:37,09-05-2026 23:36
RES100903,MUM001,CNF100903,GUEST100903,25-05-2026 00:00,26-05-2026 00:00,STD,CORP,CORP_DLX,CANCELLED,2,0,INR,09-05-2026 06:08,09-05-2026 06:24
RES100904,BLR001,CNF100904,GUEST100904,10-06-2026 00:00,15-06-2026 00:00,DLX,CORP,CORP_STD,MODIFIED,2,103480,INR,09-05-2026 02:51,09-05-2026 05:35
RES100905,BLR001,CNF100905,GUEST100905,14-06-2026 00:00,17-06-2026 00:00,STD,PREPAY,PPR_DLX,CANCELLED,4,0,INR,09-05-2026 15:35,09-05-2026 16:28
RES100906,HYD001,CNF100906,GUEST100906,17-06-2026 00:00,18-06-2026 00:00,STD,PKG,PKG_DLX,CANCELLED,2,0,INR,09-05-2026 07:13,09-05-2026 10:02
RES100907,MUM001,CNF100907,GUEST100907,25-05-2026 00:00,27-05-2026 00:00,QUEEN,BAR,BAR_STD,CANCELLED,1,0,INR,09-05-2026 18:09,09-05-2026 20:59
RES100908,DEL001,CNF100908,GUEST100908,01-06-2026 00:00,02-06-2026 00:00,STD,BAR,BAR_DLX,MODIFIED,3,37128,INR,09-05-2026 10:26,09-05-2026 13:04
RES100909,HYD001,CNF100909,GUEST100909,13-05-2026 00:00,16-05-2026 00:00,DLX,CORP,CORP_STD,MODIFIED,2,72066,INR,09-05-2026 07:12,09-05-2026 09:11
RES100910,DEL001,CNF100910,GUEST100910,16-06-2026 00:00,21-06-2026 00:00,STD,CORP,CORP_STD,CANCELLED,1,0,INR,09-05-2026 19:58,09-05-2026 22:10
RES100911,HYD001,CNF100911,GUEST100911,25-06-2026 00:00,26-06-2026 00:00,STE,PKG,PKG_STD,MODIFIED,4,39132,INR,09-05-2026 20:25,09-05-2026 20:29
RES100912,HYD001,CNF100912,GUEST100912,01-07-2026 00:00,06-07-2026 00:00,QUEEN,PREPAY,PPR_STD,CANCELLED,4,0,INR,09-05-2026 02:56,09-05-2026 05:36
RES100913,DEL001,CNF100913,GUEST100913,14-05-2026 00:00,19-05-2026 00:00,STE,PKG,PKG_STD,CANCELLED,3,0,INR,09-05-2026 21:04,09-05-2026 23:29
RES100914,MUM001,CNF100914,GUEST100914,12-06-2026 00:00,17-06-2026 00:00,QUEEN,PKG,PKG_STD,MODIFIED,3,55890,INR,09-05-2026 16:26,09-05-2026 17:42
RES100915,BLR001,CNF100915,GUEST100915,10-06-2026 00:00,13-06-2026 00:00,QUEEN,CORP,CORP_DLX,MODIFIED,3,57510,INR,09-05-2026 08:50,09-05-2026 09:47
RES100916,BLR002,CNF100916,GUEST100916,19-06-2026 00:00,21-06-2026 00:00,QUEEN,PREPAY,PPR_DLX,MODIFIED,4,116152,INR,09-05-2026 06:47,09-05-2026 09:47
RES100917,BLR001,CNF100917,GUEST100917,03-07-2026 00:00,06-07-2026 00:00,DLX,PKG,PKG_STD,MODIFIED,1,24522,INR,09-05-2026 03:10,09-05-2026 05:15
RES100918,MUM001,CNF100918,GUEST100918,12-06-2026 00:00,13-06-2026 00:00,KING,PREPAY,PPR_DLX,MODIFIED,2,15392,INR,09-05-2026 10:33,09-05-2026 11:30
RES100919,BLR002,CNF100919,GUEST100919,21-06-2026 00:00,23-06-2026 00:00,DLX,PKG,PKG_STD,CANCELLED,1,0,INR,09-05-2026 17:32,09-05-2026 20:24
RES100920,BLR002,CNF100920,GUEST100920,10-06-2026 00:00,12-06-2026 00:00,STE,MEMBER,MEM_DLX,CANCELLED,2,0,INR,09-05-2026 20:00,09-05-2026 20:16
RES100921,BLR001,CNF100921,GUEST100921,07-06-2026 00:00,12-06-2026 00:00,KING,PREPAY,PPR_DLX,CANCELLED,1,0,INR,09-05-2026 10:57,09-05-2026 12:28
RES100922,BLR002,CNF100922,GUEST100922,04-07-2026 00:00,09-07-2026 00:00,STE,PKG,PKG_DLX,MODIFIED,4,214500,INR,09-05-2026 17:40,09-05-2026 20:03
RES100923,BLR001,CNF100923,GUEST100923,26-06-2026 00:00,29-06-2026 00:00,STE,PKG,PKG_DLX,MODIFIED,3,60903,INR,09-05-2026 08:42,09-05-2026 10:17
RES100924,BLR001,CNF100924,GUEST100924,08-06-2026 00:00,10-06-2026 00:00,QUEEN,PREPAY,PPR_DLX,MODIFIED,2,19952,INR,09-05-2026 20:58,09-05-2026 23:45
RES100925,BLR002,CNF100925,GUEST100925,13-05-2026 00:00,15-05-2026 00:00,QUEEN,CORP,CORP_DLX,BOOKED,3,22608,INR,09-05-2026 15:51,09-05-2026 17:31
RES100926,BLR002,CNF100926,GUEST100926,14-06-2026 00:00,19-06-2026 00:00,STD,PREPAY,PPR_STD,BOOKED,3,108630,INR,09-05-2026 15:19,09-05-2026 17:33
RES100927,BLR001,CNF100927,GUEST100927,21-05-2026 00:00,22-05-2026 00:00,QUEEN,PKG,PKG_DLX,MODIFIED,4,14724,INR,09-05-2026 08:15,09-05-2026 10:01
RES100928,HYD001,CNF100928,GUEST100928,26-06-2026 00:00,29-06-2026 00:00,KING,CORP,CORP_STD,BOOKED,3,131391,INR,09-05-2026 14:18,09-05-2026 15:39
RES100929,MUM001,CNF100929,GUEST100929,04-06-2026 00:00,09-06-2026 00:00,DLX,CORP,CORP_STD,MODIFIED,1,40040,INR,09-05-2026 19:57,09-05-2026 22:56
RES100930,HYD001,CNF100930,GUEST100930,17-05-2026 00:00,22-05-2026 00:00,DLX,CORP,CORP_DLX,BOOKED,1,54125,INR,09-05-2026 19:58,09-05-2026 22:52
RES100931,BLR002,CNF100931,GUEST100931,25-06-2026 00:00,27-06-2026 00:00,KING,CORP,CORP_STD,CANCELLED,1,0,INR,09-05-2026 06:22,09-05-2026 09:19
RES100932,DEL001,CNF100932,GUEST100932,16-05-2026 00:00,18-05-2026 00:00,STE,BAR,BAR_DLX,BOOKED,1,18270,INR,09-05-2026 15:54,09-05-2026 17:19
RES100933,BLR002,CNF100933,GUEST100933,04-07-2026 00:00,08-07-2026 00:00,DLX,PREPAY,PPR_DLX,CANCELLED,4,0,INR,09-05-2026 05:05,09-05-2026 06:53
RES100934,BLR002,CNF100934,GUEST100934,08-07-2026 00:00,13-07-2026 00:00,QUEEN,PKG,PKG_STD,BOOKED,4,187860,INR,09-05-2026 10:10,09-05-2026 12:18
RES100935,MUM001,CNF100935,GUEST100935,21-06-2026 00:00,23-06-2026 00:00,STE,PKG,PKG_STD,CANCELLED,1,0,INR,09-05-2026 00:00,09-05-2026 00:54
RES100936,HYD001,CNF100936,GUEST100936,23-05-2026 00:00,24-05-2026 00:00,DLX,CORP,CORP_DLX,BOOKED,2,23548,INR,09-05-2026 15:45,09-05-2026 16:10
RES100937,BLR001,CNF100937,GUEST100937,08-07-2026 00:00,11-07-2026 00:00,STE,PREPAY,PPR_DLX,CANCELLED,3,0,INR,09-05-2026 13:30,09-05-2026 14:24
RES100938,HYD001,CNF100938,GUEST100938,18-06-2026 00:00,19-06-2026 00:00,KING,CORP,CORP_STD,BOOKED,3,37767,INR,09-05-2026 07:01,09-05-2026 08:05
RES100939,DEL001,CNF100939,GUEST100939,04-06-2026 00:00,08-06-2026 00:00,DLX,PKG,PKG_DLX,CANCELLED,1,0,INR,09-05-2026 14:13,09-05-2026 17:02
RES100940,BLR002,CNF100940,GUEST100940,23-06-2026 00:00,28-06-2026 00:00,DLX,MEMBER,MEM_STD,CANCELLED,2,0,INR,09-05-2026 13:58,09-05-2026 14:08
RES100941,BLR001,CNF100941,GUEST100941,30-05-2026 00:00,03-06-2026 00:00,STE,PREPAY,PPR_DLX,CANCELLED,4,0,INR,09-05-2026 00:16,09-05-2026 00:27
RES100942,DEL001,CNF100942,GUEST100942,22-06-2026 00:00,26-06-2026 00:00,DLX,MEMBER,MEM_DLX,CANCELLED,3,0,INR,09-05-2026 05:02,09-05-2026 05:42
RES100943,DEL001,CNF100943,GUEST100943,24-05-2026 00:00,29-05-2026 00:00,STD,MEMBER,MEM_STD,CANCELLED,1,0,INR,09-05-2026 08:24,09-05-2026 08:27
RES100944,BLR002,CNF100944,GUEST100944,17-06-2026 00:00,18-06-2026 00:00,STD,PKG,PKG_STD,BOOKED,4,44856,INR,09-05-2026 04:50,09-05-2026 06:49
RES100945,HYD001,CNF100945,GUEST100945,01-06-2026 00:00,03-06-2026 00:00,KING,PREPAY,PPR_DLX,BOOKED,4,47168,INR,09-05-2026 13:03,09-05-2026 13:51
RES100946,MUM001,CNF100946,GUEST100946,28-05-2026 00:00,01-06-2026 00:00,KING,MEMBER,MEM_DLX,BOOKED,2,49968,INR,09-05-2026 13:46,09-05-2026 14:52
RES100947,DEL001,CNF100947,GUEST100947,06-06-2026 00:00,09-06-2026 00:00,DLX,PKG,PKG_STD,MODIFIED,2,34182,INR,09-05-2026 12:41,09-05-2026 14:00
RES100948,DEL001,CNF100948,GUEST100948,08-07-2026 00:00,13-07-2026 00:00,QUEEN,PREPAY,PPR_STD,MODIFIED,2,133610,INR,09-05-2026 17:05,09-05-2026 18:22
RES100949,BLR002,CNF100949,GUEST100949,29-05-2026 00:00,30-05-2026 00:00,DLX,BAR,BAR_STD,CANCELLED,2,0,INR,09-05-2026 09:08,09-05-2026 10:05
RES100950,BLR002,CNF100950,GUEST100950,21-06-2026 00:00,23-06-2026 00:00,STD,CORP,CORP_DLX,BOOKED,2,40744,INR,09-05-2026 15:46,09-05-2026 18:39
RES100951,BLR001,CNF100951,GUEST100951,05-07-2026 00:00,09-07-2026 00:00,QUEEN,PREPAY,PPR_STD,CANCELLED,2,0,INR,09-05-2026 17:08,09-05-2026 17:31
RES100952,HYD001,CNF100952,GUEST100952,18-05-2026 00:00,19-05-2026 00:00,QUEEN,PREPAY,PPR_DLX,CANCELLED,4,0,INR,09-05-2026 02:43,09-05-2026 04:09
RES100953,HYD001,CNF100953,GUEST100953,02-06-2026 00:00,07-06-2026 00:00,KING,BAR,BAR_STD,MODIFIED,3,141465,INR,09-05-2026 02:34,09-05-2026 03:37
RES100954,HYD001,CNF100954,GUEST100954,24-06-2026 00:00,29-06-2026 00:00,DLX,BAR,BAR_STD,MODIFIED,3,72585,INR,09-05-2026 05:43,09-05-2026 08:34
RES100955,BLR001,CNF100955,GUEST100955,26-06-2026 00:00,27-06-2026 00:00,QUEEN,BAR,BAR_DLX,BOOKED,2,17994,INR,09-05-2026 07:07,09-05-2026 09:56
RES100956,BLR001,CNF100956,GUEST100956,01-06-2026 00:00,04-06-2026 00:00,STE,CORP,CORP_DLX,MODIFIED,1,27930,INR,09-05-2026 03:29,09-05-2026 05:47
RES100957,BLR002,CNF100957,GUEST100957,23-06-2026 00:00,25-06-2026 00:00,DLX,BAR,BAR_STD,CANCELLED,2,0,INR,09-05-2026 22:53,10-05-2026 00:15
RES100958,DEL001,CNF100958,GUEST100958,24-06-2026 00:00,28-06-2026 00:00,QUEEN,CORP,CORP_STD,CANCELLED,4,0,INR,09-05-2026 14:05,09-05-2026 14:13
RES100959,BLR001,CNF100959,GUEST100959,30-06-2026 00:00,03-07-2026 00:00,QUEEN,PREPAY,PPR_DLX,CANCELLED,2,0,INR,09-05-2026 11:13,09-05-2026 12:10
RES100960,DEL001,CNF100960,GUEST100960,17-06-2026 00:00,20-06-2026 00:00,STE,PREPAY,PPR_STD,CANCELLED,2,0,INR,09-05-2026 02:41,09-05-2026 04:15
RES100961,MUM001,CNF100961,GUEST100961,20-06-2026 00:00,23-06-2026 00:00,STD,BAR,BAR_DLX,BOOKED,3,114435,INR,09-05-2026 01:53,09-05-2026 02:07
RES100962,HYD001,CNF100962,GUEST100962,16-06-2026 00:00,21-06-2026 00:00,STE,CORP,CORP_STD,BOOKED,2,44920,INR,09-05-2026 04:34,09-05-2026 06:25
RES100963,BLR002,CNF100963,GUEST100963,14-06-2026 00:00,16-06-2026 00:00,KING,MEMBER,MEM_STD,MODIFIED,2,35024,INR,09-05-2026 19:17,09-05-2026 20:01
RES100964,HYD001,CNF100964,GUEST100964,13-05-2026 00:00,16-05-2026 00:00,KING,PKG,PKG_STD,CANCELLED,2,0,INR,09-05-2026 06:51,09-05-2026 08:18
RES100965,DEL001,CNF100965,GUEST100965,12-06-2026 00:00,17-06-2026 00:00,QUEEN,MEMBER,MEM_DLX,BOOKED,3,127170,INR,09-05-2026 07:52,09-05-2026 08:08
RES100966,BLR001,CNF100966,GUEST100966,10-06-2026 00:00,15-06-2026 00:00,STE,BAR,BAR_STD,BOOKED,3,138570,INR,09-05-2026 05:51,09-05-2026 07:59
RES100967,BLR001,CNF100967,GUEST100967,19-05-2026 00:00,24-05-2026 00:00,KING,PREPAY,PPR_STD,BOOKED,1,21590,INR,09-05-2026 21:27,09-05-2026 22:41
RES100968,HYD001,CNF100968,GUEST100968,10-05-2026 00:00,14-05-2026 00:00,STE,PKG,PKG_DLX,BOOKED,4,121520,INR,09-05-2026 02:34,09-05-2026 03:55
RES100969,BLR002,CNF100969,GUEST100969,14-05-2026 00:00,18-05-2026 00:00,KING,CORP,CORP_STD,MODIFIED,2,68928,INR,09-05-2026 03:35,09-05-2026 06:23
RES100970,MUM001,CNF100970,GUEST100970,29-05-2026 00:00,30-05-2026 00:00,STE,PREPAY,PPR_DLX,MODIFIED,1,6621,INR,09-05-2026 22:41,09-05-2026 23:48
RES100971,BLR001,CNF100971,GUEST100971,26-06-2026 00:00,27-06-2026 00:00,DLX,MEMBER,MEM_STD,BOOKED,3,15531,INR,09-05-2026 15:32,09-05-2026 17:22
RES100972,BLR002,CNF100972,GUEST100972,04-06-2026 00:00,05-06-2026 00:00,KING,PKG,PKG_DLX,CANCELLED,1,0,INR,09-05-2026 21:24,09-05-2026 23:21
RES100973,DEL001,CNF100973,GUEST100973,29-06-2026 00:00,01-07-2026 00:00,STE,CORP,CORP_DLX,MODIFIED,3,22368,INR,09-05-2026 02:28,09-05-2026 04:10
RES100974,MUM001,CNF100974,GUEST100974,05-07-2026 00:00,08-07-2026 00:00,KING,BAR,BAR_STD,BOOKED,2,82842,INR,09-05-2026 06:06,09-05-2026 08:27
RES100975,BLR002,CNF100975,GUEST100975,10-06-2026 00:00,12-06-2026 00:00,QUEEN,PREPAY,PPR_DLX,MODIFIED,3,75132,INR,09-05-2026 07:24,09-05-2026 09:53
RES100976,MUM001,CNF100976,GUEST100976,18-06-2026 00:00,21-06-2026 00:00,STD,CORP,CORP_STD,BOOKED,1,16536,INR,09-05-2026 23:13,10-05-2026 00:59
RES100977,DEL001,CNF100977,GUEST100977,25-05-2026 00:00,30-05-2026 00:00,KING,BAR,BAR_DLX,MODIFIED,4,209060,INR,09-05-2026 13:17,09-05-2026 16:10
RES100978,BLR001,CNF100978,GUEST100978,22-06-2026 00:00,27-06-2026 00:00,QUEEN,PREPAY,PPR_DLX,MODIFIED,4,274600,INR,09-05-2026 02:47,09-05-2026 03:05
RES100979,DEL001,CNF100979,GUEST100979,21-06-2026 00:00,22-06-2026 00:00,KING,MEMBER,MEM_DLX,MODIFIED,2,11434,INR,09-05-2026 20:03,09-05-2026 22:33
RES100980,DEL001,CNF100980,GUEST100980,10-05-2026 00:00,14-05-2026 00:00,DLX,BAR,BAR_DLX,MODIFIED,1,23904,INR,09-05-2026 02:16,09-05-2026 05:12
RES100981,BLR001,CNF100981,GUEST100981,04-07-2026 00:00,09-07-2026 00:00,DLX,MEMBER,MEM_DLX,CANCELLED,2,0,INR,09-05-2026 21:09,09-05-2026 21:58
RES100982,DEL001,CNF100982,GUEST100982,20-05-2026 00:00,21-05-2026 00:00,STE,CORP,CORP_STD,CANCELLED,2,0,INR,09-05-2026 17:56,09-05-2026 20:56
RES100983,BLR001,CNF100983,GUEST100983,12-06-2026 00:00,13-06-2026 00:00,DLX,BAR,BAR_STD,BOOKED,1,6863,INR,09-05-2026 21:57,09-05-2026 22:31
RES100984,BLR002,CNF100984,GUEST100984,09-06-2026 00:00,11-06-2026 00:00,DLX,CORP,CORP_STD,BOOKED,3,78882,INR,09-05-2026 23:53,10-05-2026 02:31
RES100985,MUM001,CNF100985,GUEST100985,28-05-2026 00:00,31-05-2026 00:00,STD,PKG,PKG_STD,MODIFIED,1,10725,INR,09-05-2026 05:07,09-05-2026 06:13
RES100986,BLR001,CNF100986,GUEST100986,11-06-2026 00:00,14-06-2026 00:00,DLX,PKG,PKG_STD,CANCELLED,1,0,INR,09-05-2026 20:22,09-05-2026 21:52
RES100987,BLR002,CNF100987,GUEST100987,22-05-2026 00:00,23-05-2026 00:00,STD,CORP,CORP_STD,MODIFIED,4,25352,INR,09-05-2026 07:35,09-05-2026 10:20
RES100988,MUM001,CNF100988,GUEST100988,19-06-2026 00:00,22-06-2026 00:00,KING,PKG,PKG_STD,BOOKED,2,87942,INR,09-05-2026 12:40,09-05-2026 14:45
RES100989,BLR002,CNF100989,GUEST100989,18-06-2026 00:00,23-06-2026 00:00,STE,PREPAY,PPR_DLX,BOOKED,4,225600,INR,09-05-2026 08:41,09-05-2026 08:54
RES100990,BLR002,CNF100990,GUEST100990,05-06-2026 00:00,08-06-2026 00:00,STE,PKG,PKG_DLX,CANCELLED,3,0,INR,09-05-2026 16:03,09-05-2026 17:28
RES100991,BLR002,CNF100991,GUEST100991,25-05-2026 00:00,30-05-2026 00:00,STE,CORP,CORP_DLX,BOOKED,1,37240,INR,09-05-2026 18:50,09-05-2026 20:15
RES100992,BLR001,CNF100992,GUEST100992,10-06-2026 00:00,14-06-2026 00:00,KING,MEMBER,MEM_DLX,MODIFIED,1,29880,INR,09-05-2026 05:33,09-05-2026 06:36
RES100993,MUM001,CNF100993,GUEST100993,02-06-2026 00:00,04-06-2026 00:00,KING,PREPAY,PPR_DLX,CANCELLED,2,0,INR,09-05-2026 14:19,09-05-2026 16:12
RES100994,DEL001,CNF100994,GUEST100994,19-06-2026 00:00,23-06-2026 00:00,QUEEN,BAR,BAR_DLX,BOOKED,2,105936,INR,09-05-2026 12:35,09-05-2026 13:25
RES100995,MUM001,CNF100995,GUEST100995,19-05-2026 00:00,22-05-2026 00:00,STE,PKG,PKG_STD,BOOKED,1,31371,INR,09-05-2026 09:03,09-05-2026 10:58
RES100996,BLR002,CNF100996,GUEST100996,18-05-2026 00:00,20-05-2026 00:00,STE,CORP,CORP_STD,MODIFIED,3,81372,INR,09-05-2026 16:51,09-05-2026 18:15
RES100997,BLR002,CNF100997,GUEST100997,08-06-2026 00:00,11-06-2026 00:00,STE,PKG,PKG_DLX,CANCELLED,1,0,INR,09-05-2026 23:47,10-05-2026 00:33
RES100998,HYD001,CNF100998,GUEST100998,16-06-2026 00:00,20-06-2026 00:00,STE,MEMBER,MEM_DLX,BOOKED,1,36008,INR,09-05-2026 19:29,09-05-2026 20:47
RES100999,HYD001,CNF100999,GUEST100999,19-05-2026 00:00,23-05-2026 00:00,STE,PREPAY,PPR_DLX,BOOKED,3,107772,INR,09-05-2026 19:15,09-05-2026 21:58
RES101000,BLR002,CNF101000,GUEST101000,11-06-2026 00:00,12-06-2026 00:00,STD,PKG,PKG_DLX,BOOKED,3,23301,INR,09-05-2026 00:36,09-05-2026 00:42
